rang_bundesweit,verein,verband,gebiet,ligastufe,spielklasse,staffel,staffel_id,platz_in_staffel,spiele,siege,unentschieden,niederlagen,tore,gegentore,tordifferenz,punkte,punkte_pro_spiel,rangaenderung_vorwoche,quelle
1,ALBA BERLIN,Bundesligen,Bundesligen,1,1. Bundesliga,1. Bundesliga (easyCredit BBL),55802,1,0,0,0,0,0,0,0,0,0.0,,basketball-bund.net
2,BMA365 Bamberg Baskets,Bundesligen,Bundesligen,1,1. Bundesliga,1. Bundesliga (easyCredit BBL),55802,2,0,0,0,0,0,0,0,0,0.0,,basketball-bund.net
3,Basketball Löwen Braunschweig,Bundesligen,Bundesligen,1,1. Bundesliga,1. Bundesliga (easyCredit BBL),55802,3,0,0,0,0,0,0,0,0,0.0,,basketball-bund.net
4,EWE Baskets Oldenburg,Bundesligen,Bundesligen,1,1. Bundesliga,1. Bundesliga (easyCredit BBL),55802,4,0,0,0,0,0,0,0,0,0.0,,basketball-bund.net
5,FC Bayern München Basketball,Bundesligen,Bundesligen,1,1. Bundesliga,1. Bundesliga (easyCredit BBL),55802,5,0,0,0,0,0,0,0,0,0.0,,basketball-bund.net
6,Fitness First Würzburg Baskets,Bundesligen,Bundesligen,1,1. Bundesliga,1. Bundesliga (easyCredit BBL),55802,6,0,0,0,0,0,0,0,0,0.0,,basketball-bund.net
7,MHP RIESEN Ludwigsburg,Bundesligen,Bundesligen,1,1. Bundesliga,1. Bundesliga (easyCredit BBL),55802,7,0,0,0,0,0,0,0,0,0.0,,basketball-bund.net
8,NINERS Chemnitz,Bundesligen,Bundesligen,1,1. Bundesliga,1. Bundesliga (easyCredit BBL),55802,8,0,0,0,0,0,0,0,0,0.0,,basketball-bund.net
9,Phoenix Hagen,Bundesligen,Bundesligen,1,1. Bundesliga,1. Bundesliga (easyCredit BBL),55802,9,0,0,0,0,0,0,0,0,0.0,,basketball-bund.net
10,RASTA Vechta,Bundesligen,Bundesligen,1,1. Bundesliga,1. Bundesliga (easyCredit BBL),55802,10,0,0,0,0,0,0,0,0,0.0,,basketball-bund.net
11,ROSTOCK SEAWOLVES,Bundesligen,Bundesligen,1,1. Bundesliga,1. Bundesliga (easyCredit BBL),55802,11,0,0,0,0,0,0,0,0,0.0,,basketball-bund.net
12,SKYLINERS,Bundesligen,Bundesligen,1,1. Bundesliga,1. Bundesliga (easyCredit BBL),55802,12,0,0,0,0,0,0,0,0,0.0,,basketball-bund.net
13,SYNTAINICS MBC,Bundesligen,Bundesligen,1,1. Bundesliga,1. Bundesliga (easyCredit BBL),55802,13,0,0,0,0,0,0,0,0,0.0,,basketball-bund.net
14,Science City Jena,Bundesligen,Bundesligen,1,1. Bundesliga,1. Bundesliga (easyCredit BBL),55802,14,0,0,0,0,0,0,0,0,0.0,,basketball-bund.net
15,Telekom Baskets Bonn,Bundesligen,Bundesligen,1,1. Bundesliga,1. Bundesliga (easyCredit BBL),55802,15,0,0,0,0,0,0,0,0,0.0,,basketball-bund.net
16,VET-CONCEPT Gladiators Trier,Bundesligen,Bundesligen,1,1. Bundesliga,1. Bundesliga (easyCredit BBL),55802,16,0,0,0,0,0,0,0,0,0.0,,basketball-bund.net
17,Veolia Towers Hamburg,Bundesligen,Bundesligen,1,1. Bundesliga,1. Bundesliga (easyCredit BBL),55802,17,0,0,0,0,0,0,0,0,0.0,,basketball-bund.net
18,ratiopharm ulm,Bundesligen,Bundesligen,1,1. Bundesliga,1. Bundesliga (easyCredit BBL),55802,18,0,0,0,0,0,0,0,0,0.0,,basketball-bund.net
19,Artland Dragons,Bundesligen,Bundesligen,2,2. Bundesliga (ProA),Herren ProA,55811,1,0,0,0,0,0,0,0,0,0.0,,basketball-bund.net
20,BG Göttingen,Bundesligen,Bundesligen,2,2. Bundesliga (ProA),Herren ProA,55811,2,0,0,0,0,0,0,0,0,0.0,,basketball-bund.net
21,EPG Baskets Koblenz,Bundesligen,Bundesligen,2,2. Bundesliga (ProA),Herren ProA,55811,3,0,0,0,0,0,0,0,0,0.0,,basketball-bund.net
22,ETB Miners,Bundesligen,Bundesligen,2,2. Bundesliga (ProA),Herren ProA,55811,4,0,0,0,0,0,0,0,0,0.0,,basketball-bund.net
23,Eisbären Bremerhaven,Bundesligen,Bundesligen,2,2. Bundesliga (ProA),Herren ProA,55811,5,0,0,0,0,0,0,0,0,0.0,,basketball-bund.net
24,GIESSEN 46ers,Bundesligen,Bundesligen,2,2. Bundesliga (ProA),Herren ProA,55811,6,0,0,0,0,0,0,0,0,0.0,,basketball-bund.net
25,HAKRO Merlins Crailsheim,Bundesligen,Bundesligen,2,2. Bundesliga (ProA),Herren ProA,55811,7,0,0,0,0,0,0,0,0,0.0,,basketball-bund.net
26,Kreisbau Kirchheim Knights,Bundesligen,Bundesligen,2,2. Bundesliga (ProA),Herren ProA,55811,8,0,0,0,0,0,0,0,0,0.0,,basketball-bund.net
27,MLP Academics Heidelberg,Bundesligen,Bundesligen,2,2. Bundesliga (ProA),Herren ProA,55811,9,0,0,0,0,0,0,0,0,0.0,,basketball-bund.net
28,Medikamente per Klick Bayreuth,Bundesligen,Bundesligen,2,2. Bundesliga (ProA),Herren ProA,55811,10,0,0,0,0,0,0,0,0,0.0,,basketball-bund.net
29,Nürnberg Falcons,Bundesligen,Bundesligen,2,2. Bundesliga (ProA),Herren ProA,55811,11,0,0,0,0,0,0,0,0,0.0,,basketball-bund.net
30,OrangeAcademy,Bundesligen,Bundesligen,2,2. Bundesliga (ProA),Herren ProA,55811,12,0,0,0,0,0,0,0,0,0.0,,basketball-bund.net
31,PS Karlsruhe LIONS,Bundesligen,Bundesligen,2,2. Bundesliga (ProA),Herren ProA,55811,13,0,0,0,0,0,0,0,0,0.0,,basketball-bund.net
32,Paderborn Baskets,Bundesligen,Bundesligen,2,2. Bundesliga (ProA),Herren ProA,55811,14,0,0,0,0,0,0,0,0,0.0,,basketball-bund.net
33,RheinStars Köln,Bundesligen,Bundesligen,2,2. Bundesliga (ProA),Herren ProA,55811,15,0,0,0,0,0,0,0,0,0.0,,basketball-bund.net
34,SBB Baskets,Bundesligen,Bundesligen,2,2. Bundesliga (ProA),Herren ProA,55811,16,0,0,0,0,0,0,0,0,0.0,,basketball-bund.net
35,SBB Börde Baskets,Bundesligen,Bundesligen,2,2. Bundesliga (ProA),Herren ProA,55811,17,0,0,0,0,0,0,0,0,0.0,,basketball-bund.net
36,Tigers Tübingen,Bundesligen,Bundesligen,2,2. Bundesliga (ProA),Herren ProA,55811,18,0,0,0,0,0,0,0,0,0.0,,basketball-bund.net
37,VfL SparkassenStars Bochum,Bundesligen,Bundesligen,2,2. Bundesliga (ProA),Herren ProA,55811,19,0,0,0,0,0,0,0,0,0.0,,basketball-bund.net
38,ART Giants Düsseldorf,Bundesligen,Bundesligen,3,2. Bundesliga (ProB),Herren ProB Nord,55815,1,0,0,0,0,0,0,0,0,0.0,,basketball-bund.net
39,Ahorn Camp Baskets,Bundesligen,Bundesligen,3,2. Bundesliga (ProB),Herren ProB Süd,55817,1,0,0,0,0,0,0,0,0,0.0,,basketball-bund.net
40,BBA Hagen,Bundesligen,Bundesligen,3,2. Bundesliga (ProB),Herren ProB Nord,55815,2,0,0,0,0,0,0,0,0,0.0,,basketball-bund.net
41,BBC Coburg,Bundesligen,Bundesligen,3,2. Bundesliga (ProB),Herren ProB Süd,55817,2,0,0,0,0,0,0,0,0,0.0,,basketball-bund.net
42,BG Hessing Leitershofen,Bundesligen,Bundesligen,3,2. Bundesliga (ProB),Herren ProB Süd,55817,3,0,0,0,0,0,0,0,0,0.0,,basketball-bund.net
43,BSW Sixers,Bundesligen,Bundesligen,3,2. Bundesliga (ProB),Herren ProB Nord,55815,3,0,0,0,0,0,0,0,0,0.0,,basketball-bund.net
44,Basketball Löwen,Bundesligen,Bundesligen,3,2. Bundesliga (ProB),Herren ProB Süd,55817,4,0,0,0,0,0,0,0,0,0.0,,basketball-bund.net
45,Baskets Juniors TSG Westerstede,Bundesligen,Bundesligen,3,2. Bundesliga (ProB),Herren ProB Nord,55815,4,0,0,0,0,0,0,0,0,0.0,,basketball-bund.net
46,Bayer Giants Leverkusen,Bundesligen,Bundesligen,3,2. Bundesliga (ProB),Herren ProB Süd,55817,5,0,0,0,0,0,0,0,0,0.0,,basketball-bund.net
47,CATL Basketball Löwen,Bundesligen,Bundesligen,3,2. Bundesliga (ProB),Herren ProB Süd,55817,6,0,0,0,0,0,0,0,0,0.0,,basketball-bund.net
48,Culture City Weimar,Bundesligen,Bundesligen,3,2. Bundesliga (ProB),Herren ProB Süd,55817,7,0,0,0,0,0,0,0,0,0.0,,basketball-bund.net
49,Dragons Rhöndorf,Bundesligen,Bundesligen,3,2. Bundesliga (ProB),Herren ProB Süd,55817,8,0,0,0,0,0,0,0,0,0.0,,basketball-bund.net
50,Dresden Titans,Bundesligen,Bundesligen,3,2. Bundesliga (ProB),Herren ProB Süd,55817,9,0,0,0,0,0,0,0,0,0.0,,basketball-bund.net
51,EN BASKETS Schwelm,Bundesligen,Bundesligen,3,2. Bundesliga (ProB),Herren ProB Nord,55815,5,0,0,0,0,0,0,0,0,0.0,,basketball-bund.net
52,FC Bayern Basketball II,Bundesligen,Bundesligen,3,2. Bundesliga (ProB),Herren ProB Süd,55817,10,0,0,0,0,0,0,0,0,0.0,,basketball-bund.net
53,Hertener Löwen,Bundesligen,Bundesligen,3,2. Bundesliga (ProB),Herren ProB Nord,55815,6,0,0,0,0,0,0,0,0,0.0,,basketball-bund.net
54,Iserlohn Kangaroos,Bundesligen,Bundesligen,3,2. Bundesliga (ProB),Herren ProB Nord,55815,7,0,0,0,0,0,0,0,0,0.0,,basketball-bund.net
55,Itzehoe Eagles,Bundesligen,Bundesligen,3,2. Bundesliga (ProB),Herren ProB Nord,55815,8,0,0,0,0,0,0,0,0,0.0,,basketball-bund.net
56,LOK BERNAU,Bundesligen,Bundesligen,3,2. Bundesliga (ProB),Herren ProB Nord,55815,9,0,0,0,0,0,0,0,0,0.0,,basketball-bund.net
57,Porsche BBA Ludwigsburg,Bundesligen,Bundesligen,3,2. Bundesliga (ProB),Herren ProB Süd,55817,11,0,0,0,0,0,0,0,0,0.0,,basketball-bund.net
58,SC Rist Wedel,Bundesligen,Bundesligen,3,2. Bundesliga (ProB),Herren ProB Nord,55815,10,0,0,0,0,0,0,0,0,0.0,,basketball-bund.net
59,SG Braunschweig,Bundesligen,Bundesligen,3,2. Bundesliga (ProB),Herren ProB Nord,55815,11,0,0,0,0,0,0,0,0,0.0,,basketball-bund.net
60,SKYLINERS Juniors,Bundesligen,Bundesligen,3,2. Bundesliga (ProB),Herren ProB Süd,55817,12,0,0,0,0,0,0,0,0,0.0,,basketball-bund.net
61,SV Fellbach Flashers,Bundesligen,Bundesligen,3,2. Bundesliga (ProB),Herren ProB Süd,55817,13,0,0,0,0,0,0,0,0,0.0,,basketball-bund.net
62,Seawolves Academy,Bundesligen,Bundesligen,3,2. Bundesliga (ProB),Herren ProB Nord,55815,12,0,0,0,0,0,0,0,0,0.0,,basketball-bund.net
63,TSG Schöller SI Ravens Reutlingen,Bundesligen,Bundesligen,3,2. Bundesliga (ProB),Herren ProB Süd,55817,14,0,0,0,0,0,0,0,0,0.0,,basketball-bund.net
64,TSG Solcom Ravens Reutlingen,Bundesligen,Bundesligen,3,2. Bundesliga (ProB),Herren ProB Süd,55817,15,0,0,0,0,0,0,0,0,0.0,,basketball-bund.net
65,TSV Neustadt temps Shooters,Bundesligen,Bundesligen,3,2. Bundesliga (ProB),Herren ProB Nord,55815,13,0,0,0,0,0,0,0,0,0.0,,basketball-bund.net
66,TSV Oberhaching Tropics,Bundesligen,Bundesligen,3,2. Bundesliga (ProB),Herren ProB Süd,55817,16,0,0,0,0,0,0,0,0,0.0,,basketball-bund.net
67,TV Langen,Bundesligen,Bundesligen,3,2. Bundesliga (ProB),Herren ProB Süd,55817,17,0,0,0,0,0,0,0,0,0.0,,basketball-bund.net
68,Uni Baskets Münster,Bundesligen,Bundesligen,3,2. Bundesliga (ProB),Herren ProB Nord,55815,14,0,0,0,0,0,0,0,0,0.0,,basketball-bund.net
69,ACCENT BASKETS Salzkotten,Nordrhein-Westfalen,Nordrhein-Westfalen,4,1.Regionalliga,1.Regionalliga Herren (1RLH),54569,1,0,0,0,0,0,0,0,0,0.0,,basketball-bund.net
70,BBG Herford,Nordrhein-Westfalen,Nordrhein-Westfalen,4,1.Regionalliga,1.Regionalliga Herren (1RLH),54569,2,0,0,0,0,0,0,0,0,0.0,,basketball-bund.net
71,BG TVO / TV Jahn,Nordrhein-Westfalen,Nordrhein-Westfalen,4,1.Regionalliga,1.Regionalliga Herren (1RLH),54569,3,0,0,0,0,0,0,0,0,0.0,,basketball-bund.net
72,BSV Münsterland Baskets Wulfen,Nordrhein-Westfalen,Nordrhein-Westfalen,4,1.Regionalliga,1.Regionalliga Herren (1RLH),54569,4,0,0,0,0,0,0,0,0,0.0,,basketball-bund.net
73,BÖRGEL Ballers Ibbenbüren,Nordrhein-Westfalen,Nordrhein-Westfalen,4,1.Regionalliga,1.Regionalliga Herren (1RLH),54569,5,0,0,0,0,0,0,0,0,0.0,,basketball-bund.net
74,Citybasket Recklinghausen,Nordrhein-Westfalen,Nordrhein-Westfalen,4,1.Regionalliga,1.Regionalliga Herren (1RLH),54569,6,0,0,0,0,0,0,0,0,0.0,,basketball-bund.net
75,DTV Basketball Köln,Nordrhein-Westfalen,Nordrhein-Westfalen,4,1.Regionalliga,1.Regionalliga Herren (1RLH),54569,7,0,0,0,0,0,0,0,0,0.0,,basketball-bund.net
76,LippeBaskets Werne,Nordrhein-Westfalen,Nordrhein-Westfalen,4,1.Regionalliga,1.Regionalliga Herren (1RLH),54569,8,0,0,0,0,0,0,0,0,0.0,,basketball-bund.net
77,RheinStars Köln 2,Nordrhein-Westfalen,Nordrhein-Westfalen,4,1.Regionalliga,1.Regionalliga Herren (1RLH),54569,9,0,0,0,0,0,0,0,0,0.0,,basketball-bund.net
78,Rheingas Elephants Grevenbroich,Nordrhein-Westfalen,Nordrhein-Westfalen,4,1.Regionalliga,1.Regionalliga Herren (1RLH),54569,10,0,0,0,0,0,0,0,0,0.0,,basketball-bund.net
79,SV Haspe 70,Nordrhein-Westfalen,Nordrhein-Westfalen,4,1.Regionalliga,1.Regionalliga Herren (1RLH),54569,11,0,0,0,0,0,0,0,0,0.0,,basketball-bund.net
80,TSV Bayer 04 Leverkusen 2,Nordrhein-Westfalen,Nordrhein-Westfalen,4,1.Regionalliga,1.Regionalliga Herren (1RLH),54569,12,0,0,0,0,0,0,0,0,0.0,,basketball-bund.net
81,TV Gerthe,Nordrhein-Westfalen,Nordrhein-Westfalen,4,1.Regionalliga,1.Regionalliga Herren (1RLH),54569,13,0,0,0,0,0,0,0,0,0.0,,basketball-bund.net
82,TuS 59 HammStars,Nordrhein-Westfalen,Nordrhein-Westfalen,4,1.Regionalliga,1.Regionalliga Herren (1RLH),54569,14,0,0,0,0,0,0,0,0,0.0,,basketball-bund.net
83,Eintracht Frankfurt,Regionalliga Südwest,Regionalliga Südwest,5,2. Regionalliga,2. Regionalliga Herren Nord,52859,1,1,1,0,0,105,71,34,2,2.0,,basketball-bund.net
84,1. FCK epsotech Baskets,Regionalliga Südwest,Regionalliga Südwest,5,2. Regionalliga,2. Regionalliga Herren Nord,52859,2,1,1,0,0,102,70,32,2,2.0,,basketball-bund.net
85,SKG Roßdorf,Regionalliga Südwest,Regionalliga Südwest,5,2. Regionalliga,2. Regionalliga Herren Nord,52859,3,1,1,0,0,75,57,18,2,2.0,,basketball-bund.net
86,Bona Baskets Limburg,Regionalliga Südwest,Regionalliga Südwest,5,2. Regionalliga,2. Regionalliga Herren Nord,52859,4,1,1,0,0,80,67,13,2,2.0,,basketball-bund.net
87,TV Langen 2,Regionalliga Südwest,Regionalliga Südwest,5,2. Regionalliga,2. Regionalliga Herren Nord,52859,5,1,1,0,0,79,68,11,2,2.0,,basketball-bund.net
88,TV Babenhausen,Regionalliga Südwest,Regionalliga Südwest,5,2. Regionalliga,2. Regionalliga Herren Nord,52859,6,1,1,0,0,66,62,4,2,2.0,,basketball-bund.net
89,BB Akademie Bayerischer Untermain,Regionalliga Südost,Regionalliga Südost,5,2. Regionalliga,2. Regionalliga Nord (2RLN),52527,1,0,0,0,0,0,0,0,0,0.0,,basketball-bund.net
90,BBG Herford 2,Nordrhein-Westfalen,Nordrhein-Westfalen,5,2.Regionalliga,2.Regionalliga 2 Herren (2RL2H),54571,1,0,0,0,0,0,0,0,0,0.0,,basketball-bund.net
91,BC Soest,Nordrhein-Westfalen,Nordrhein-Westfalen,5,2.Regionalliga,2.Regionalliga 2 Herren (2RL2H),54571,2,0,0,0,0,0,0,0,0,0.0,,basketball-bund.net
92,BG Aachen,Nordrhein-Westfalen,Nordrhein-Westfalen,5,2.Regionalliga,2.Regionalliga 1 Herren (2RL1H),54570,1,0,0,0,0,0,0,0,0,0.0,,basketball-bund.net
93,BG Dorsten,Nordrhein-Westfalen,Nordrhein-Westfalen,5,2.Regionalliga,2.Regionalliga 2 Herren (2RL2H),54571,3,0,0,0,0,0,0,0,0,0.0,,basketball-bund.net
94,BG Remseck,Baden-Württemberg,Baden-Württemberg,5,2. Regionalliga,Regionalliga Baden-Württemberg Männer,53316,1,0,0,0,0,0,0,0,0,0.0,,basketball-bund.net
95,BG Tamm/Bietigheim,Baden-Württemberg,Baden-Württemberg,5,2. Regionalliga,Regionalliga Baden-Württemberg Männer,53316,2,0,0,0,0,0,0,0,0,0.0,,basketball-bund.net
96,BG Viernheim/Weinheim,Baden-Württemberg,Baden-Württemberg,5,2. Regionalliga,Regionalliga Baden-Württemberg Männer,53316,3,0,0,0,0,0,0,0,0,0.0,,basketball-bund.net
97,Barmer TV,Nordrhein-Westfalen,Nordrhein-Westfalen,5,2.Regionalliga,2.Regionalliga 1 Herren (2RL1H),54570,2,0,0,0,0,0,0,0,0,0.0,,basketball-bund.net
98,Basketballclub Zwickau,Regionalliga Südost,Regionalliga Südost,5,2. Regionalliga,2. Regionalliga Nord (2RLN),52527,2,0,0,0,0,0,0,0,0,0.0,,basketball-bund.net
99,Baskets Lüdenscheid,Nordrhein-Westfalen,Nordrhein-Westfalen,5,2.Regionalliga,2.Regionalliga 2 Herren (2RL2H),54571,4,0,0,0,0,0,0,0,0,0.0,,basketball-bund.net
100,Baunach Young Pikes,Regionalliga Südost,Regionalliga Südost,5,2. Regionalliga,2. Regionalliga Nord (2RLN),52527,3,0,0,0,0,0,0,0,0,0.0,,basketball-bund.net
101,Croatia Hawks,Baden-Württemberg,Baden-Württemberg,5,2. Regionalliga,Regionalliga Baden-Württemberg Männer,53316,4,0,0,0,0,0,0,0,0,0.0,,basketball-bund.net
102,DJK Eggolsheim,Regionalliga Südost,Regionalliga Südost,5,2. Regionalliga,2. Regionalliga Nord (2RLN),52527,4,0,0,0,0,0,0,0,0,0.0,,basketball-bund.net
103,DJK Neustadt a. d. Waldnaab,Regionalliga Südost,Regionalliga Südost,5,2. Regionalliga,2. Regionalliga Nord (2RLN),52527,5,0,0,0,0,0,0,0,0,0.0,,basketball-bund.net
104,DJK Südwest Köln,Nordrhein-Westfalen,Nordrhein-Westfalen,5,2.Regionalliga,2.Regionalliga 1 Herren (2RL1H),54570,3,0,0,0,0,0,0,0,0,0.0,,basketball-bund.net
105,DTV Basketball Köln 2,Nordrhein-Westfalen,Nordrhein-Westfalen,5,2.Regionalliga,2.Regionalliga 1 Herren (2RL1H),54570,4,0,0,0,0,0,0,0,0,0.0,,basketball-bund.net
106,Dresden Titans 3,Regionalliga Südost,Regionalliga Südost,5,2. Regionalliga,2. Regionalliga Nord (2RLN),52527,6,0,0,0,0,0,0,0,0,0.0,,basketball-bund.net
107,ETB Miners Essen 2,Nordrhein-Westfalen,Nordrhein-Westfalen,5,2.Regionalliga,2.Regionalliga 2 Herren (2RL2H),54571,5,0,0,0,0,0,0,0,0,0.0,,basketball-bund.net
108,Future Sports Meckenheim,Nordrhein-Westfalen,Nordrhein-Westfalen,5,2.Regionalliga,2.Regionalliga 1 Herren (2RL1H),54570,5,0,0,0,0,0,0,0,0,0.0,,basketball-bund.net
109,HAKRO Merlins Crailsheim 2,Baden-Württemberg,Baden-Württemberg,5,2. Regionalliga,Regionalliga Baden-Württemberg Männer,53316,5,0,0,0,0,0,0,0,0,0.0,,basketball-bund.net
110,KKK Haiterbach,Baden-Württemberg,Baden-Württemberg,5,2. Regionalliga,Regionalliga Baden-Württemberg Männer,53316,6,0,0,0,0,0,0,0,0,0.0,,basketball-bund.net
111,Leipzig Lakers,Regionalliga Südost,Regionalliga Südost,5,2. Regionalliga,2. Regionalliga Nord (2RLN),52527,7,0,0,0,0,0,0,0,0,0.0,,basketball-bund.net
112,Lokomotive TS Göppingen,Baden-Württemberg,Baden-Württemberg,5,2. Regionalliga,Regionalliga Baden-Württemberg Männer,53316,7,0,0,0,0,0,0,0,0,0.0,,basketball-bund.net
113,NINERS Chemnitz 2,Regionalliga Südost,Regionalliga Südost,5,2. Regionalliga,2. Regionalliga Nord (2RLN),52527,8,0,0,0,0,0,0,0,0,0.0,,basketball-bund.net
114,ONLINEPRINTERS Neustadt a.d. Aisch,Regionalliga Südost,Regionalliga Südost,5,2. Regionalliga,2. Regionalliga Nord (2RLN),52527,9,0,0,0,0,0,0,0,0,0.0,,basketball-bund.net
115,Paderborn Baskets 2,Nordrhein-Westfalen,Nordrhein-Westfalen,5,2.Regionalliga,2.Regionalliga 2 Herren (2RL2H),54571,6,0,0,0,0,0,0,0,0,0.0,,basketball-bund.net
116,SC Fast-Break Leverkusen,Nordrhein-Westfalen,Nordrhein-Westfalen,5,2.Regionalliga,2.Regionalliga 1 Herren (2RL1H),54570,6,0,0,0,0,0,0,0,0,0.0,,basketball-bund.net
117,SG Eichenkreuz Karlsruhe,Baden-Württemberg,Baden-Württemberg,5,2. Regionalliga,Regionalliga Baden-Württemberg Männer,53316,8,0,0,0,0,0,0,0,0,0.0,,basketball-bund.net
118,SG Sechtem,Nordrhein-Westfalen,Nordrhein-Westfalen,5,2.Regionalliga,2.Regionalliga 1 Herren (2RL1H),54570,7,0,0,0,0,0,0,0,0,0.0,,basketball-bund.net
119,SV Automation 61 Leipzig,Regionalliga Südost,Regionalliga Südost,5,2. Regionalliga,2. Regionalliga Nord (2RLN),52527,10,0,0,0,0,0,0,0,0,0.0,,basketball-bund.net
120,SV Haspe 70 2,Nordrhein-Westfalen,Nordrhein-Westfalen,5,2.Regionalliga,2.Regionalliga 2 Herren (2RL2H),54571,7,0,0,0,0,0,0,0,0,0.0,,basketball-bund.net
121,SV03 Tigers Tübingen,Baden-Württemberg,Baden-Württemberg,5,2. Regionalliga,Regionalliga Baden-Württemberg Männer,53316,9,0,0,0,0,0,0,0,0,0.0,,basketball-bund.net
122,Science City Jena 3,Regionalliga Südost,Regionalliga Südost,5,2. Regionalliga,2. Regionalliga Nord (2RLN),52527,11,0,0,0,0,0,0,0,0,0.0,,basketball-bund.net
123,Sportclub Krefeld,Nordrhein-Westfalen,Nordrhein-Westfalen,5,2.Regionalliga,2.Regionalliga 1 Herren (2RL1H),54570,8,0,0,0,0,0,0,0,0,0.0,,basketball-bund.net
124,Südwest Baskets Wuppertal,Nordrhein-Westfalen,Nordrhein-Westfalen,5,2.Regionalliga,2.Regionalliga 1 Herren (2RL1H),54570,9,0,0,0,0,0,0,0,0,0.0,,basketball-bund.net
125,TG Düsseldorf,Nordrhein-Westfalen,Nordrhein-Westfalen,5,2.Regionalliga,2.Regionalliga 1 Herren (2RL1H),54570,10,0,0,0,0,0,0,0,0,0.0,,basketball-bund.net
126,TG Pfauen Würzburg,Regionalliga Südost,Regionalliga Südost,5,2. Regionalliga,2. Regionalliga Nord (2RLN),52527,12,0,0,0,0,0,0,0,0,0.0,,basketball-bund.net
127,TSG Heilbronn REDS,Baden-Württemberg,Baden-Württemberg,5,2. Regionalliga,Regionalliga Baden-Württemberg Männer,53316,10,0,0,0,0,0,0,0,0,0.0,,basketball-bund.net
128,TSV Bayer 04 Leverkusen 3,Nordrhein-Westfalen,Nordrhein-Westfalen,5,2.Regionalliga,2.Regionalliga 1 Herren (2RL1H),54570,11,0,0,0,0,0,0,0,0,0.0,,basketball-bund.net
129,TSV Wieblingen Füchse,Baden-Württemberg,Baden-Württemberg,5,2. Regionalliga,Regionalliga Baden-Württemberg Männer,53316,11,0,0,0,0,0,0,0,0,0.0,,basketball-bund.net
130,TSVE 1890 Bielefeld,Nordrhein-Westfalen,Nordrhein-Westfalen,5,2.Regionalliga,2.Regionalliga 2 Herren (2RL2H),54571,8,0,0,0,0,0,0,0,0,0.0,,basketball-bund.net
131,Telekom Baskets Bonn 2,Nordrhein-Westfalen,Nordrhein-Westfalen,5,2.Regionalliga,2.Regionalliga 1 Herren (2RL1H),54570,12,0,0,0,0,0,0,0,0,0.0,,basketball-bund.net
132,TuS Breckerfeld,Nordrhein-Westfalen,Nordrhein-Westfalen,5,2.Regionalliga,2.Regionalliga 2 Herren (2RL2H),54571,9,0,0,0,0,0,0,0,0,0.0,,basketball-bund.net
133,TuS Iserlohn Kangaroos,Nordrhein-Westfalen,Nordrhein-Westfalen,5,2.Regionalliga,2.Regionalliga 2 Herren (2RL2H),54571,10,0,0,0,0,0,0,0,0,0.0,,basketball-bund.net
134,UBC Münster 2,Nordrhein-Westfalen,Nordrhein-Westfalen,5,2.Regionalliga,2.Regionalliga 2 Herren (2RL2H),54571,11,0,0,0,0,0,0,0,0,0.0,,basketball-bund.net
135,USC Freiburg,Baden-Württemberg,Baden-Württemberg,5,2. Regionalliga,Regionalliga Baden-Württemberg Männer,53316,12,0,0,0,0,0,0,0,0,0.0,,basketball-bund.net
136,USC Heidelberg 2,Baden-Württemberg,Baden-Württemberg,5,2. Regionalliga,Regionalliga Baden-Württemberg Männer,53316,13,0,0,0,0,0,0,0,0,0.0,,basketball-bund.net
137,Witten Baskets,Nordrhein-Westfalen,Nordrhein-Westfalen,5,2.Regionalliga,2.Regionalliga 2 Herren (2RL2H),54571,12,0,0,0,0,0,0,0,0,0.0,,basketball-bund.net
138,vamos! TSG Söflingen,Baden-Württemberg,Baden-Württemberg,5,2. Regionalliga,Regionalliga Baden-Württemberg Männer,53316,14,0,0,0,0,0,0,0,0,0.0,,basketball-bund.net
139,BC Neu-Isenburg,Regionalliga Südwest,Regionalliga Südwest,5,2. Regionalliga,2. Regionalliga Herren Nord,52859,7,1,0,0,1,62,66,-4,0,0.0,,basketball-bund.net
140,BBC Horchheim,Regionalliga Südwest,Regionalliga Südwest,5,2. Regionalliga,2. Regionalliga Herren Nord,52859,8,1,0,0,1,68,79,-11,0,0.0,,basketball-bund.net
141,ASC Theresianum Mainz,Regionalliga Südwest,Regionalliga Südwest,5,2. Regionalliga,2. Regionalliga Herren Nord,52859,9,1,0,0,1,67,80,-13,0,0.0,,basketball-bund.net
142,TuS Makkabi Frankfurt,Regionalliga Südwest,Regionalliga Südwest,5,2. Regionalliga,2. Regionalliga Herren Nord,52859,10,1,0,0,1,57,75,-18,0,0.0,,basketball-bund.net
143,TV Bad Bergzabern,Regionalliga Südwest,Regionalliga Südwest,5,2. Regionalliga,2. Regionalliga Herren Nord,52859,11,1,0,0,1,70,102,-32,0,0.0,,basketball-bund.net
144,SG TV Dürkheim-BI Speyer 2,Regionalliga Südwest,Regionalliga Südwest,5,2. Regionalliga,2. Regionalliga Herren Nord,52859,12,1,0,0,1,71,105,-34,0,0.0,,basketball-bund.net
145,TVG Baskets Trier,Rheinland-Pfalz,Rheinland-Pfalz,6,Oberliga,Oberliga Rheinland-Pfalz/Saar Herren,52893,1,1,1,0,0,119,61,58,2,2.0,,basketball-bund.net
146,BBC Osnabrück,Niedersachsen,Niedersachsen,6,Oberliga,Oberliga Herren West,54137,1,1,1,0,0,85,53,32,2,2.0,,basketball-bund.net
147,MTV Kronberg 1,Hessen,Hessen,6,Oberliga,Oberliga Herren,54626,1,2,2,0,0,163,111,52,4,2.0,,basketball-bund.net
148,Völkenrode Dolphins,Niedersachsen,Niedersachsen,6,Oberliga,Oberliga Herren Ost,54136,1,1,1,0,0,87,62,25,2,2.0,,basketball-bund.net
149,TSV Hagen,Nordrhein-Westfalen,Nordrhein-Westfalen,6,Oberliga,Oberliga 3 Herren (OL3H),54576,1,1,1,0,0,83,60,23,2,2.0,,basketball-bund.net
150,TuS Bad Essen I,Niedersachsen,Niedersachsen,6,Oberliga,Oberliga Herren West,54137,2,1,1,0,0,80,57,23,2,2.0,,basketball-bund.net
151,BG Red Dragons KW 1,Brandenburg,Brandenburg,6,Oberliga,Oberliga Herren Hauptrunde,55009,1,1,1,0,0,76,53,23,2,2.0,,basketball-bund.net
152,BBC White Devils Cottbus,Brandenburg,Brandenburg,6,Oberliga,Oberliga Herren Hauptrunde,55009,2,1,1,0,0,71,50,21,2,2.0,,basketball-bund.net
153,Rostock Seawolves IV,Mecklenburg-Vorpommern,Mecklenburg-Vorpommern,6,Oberliga,Oberliga Herren (55541),55541,1,1,1,0,0,20,0,20,2,2.0,,basketball-bund.net
154,TV Illingen I,Rheinland-Pfalz,Rheinland-Pfalz,6,Oberliga,Oberliga Rheinland-Pfalz/Saar Herren,52893,2,1,1,0,0,75,58,17,2,2.0,,basketball-bund.net
155,VfL Löningen I,Niedersachsen,Niedersachsen,6,Oberliga,Oberliga Herren West,54137,3,1,1,0,0,102,87,15,2,2.0,,basketball-bund.net
156,BBC Rendsburg 2,Schleswig-Holstein,Schleswig-Holstein,6,Oberliga,HOL,53844,1,1,1,0,0,80,66,14,2,2.0,,basketball-bund.net
157,WSG Fürstenwalde,Brandenburg,Brandenburg,6,Oberliga,Oberliga Herren Hauptrunde,55009,3,1,1,0,0,72,58,14,2,2.0,,basketball-bund.net
158,TSV Neustadt 2,Niedersachsen,Niedersachsen,6,Oberliga,Oberliga Herren Ost,54136,3,1,1,0,0,85,72,13,2,2.0,,basketball-bund.net
159,TSG Westerstede III,Niedersachsen,Niedersachsen,6,Oberliga,Oberliga Herren West,54137,4,1,1,0,0,79,69,10,2,2.0,,basketball-bund.net
160,SG Greifswald e.V.,Mecklenburg-Vorpommern,Mecklenburg-Vorpommern,6,Oberliga,Oberliga Herren (55541),55541,2,1,1,0,0,84,76,8,2,2.0,,basketball-bund.net
161,MJC Trier,Rheinland-Pfalz,Rheinland-Pfalz,6,Oberliga,Oberliga Rheinland-Pfalz/Saar Herren,52893,3,1,1,0,0,80,72,8,2,2.0,,basketball-bund.net
162,TuS Herrensohr I,Rheinland-Pfalz,Rheinland-Pfalz,6,Oberliga,Oberliga Rheinland-Pfalz/Saar Herren,52893,4,1,1,0,0,80,72,8,2,2.0,,basketball-bund.net
163,TG  Hanau 1,Hessen,Hessen,6,Oberliga,Oberliga Herren,54626,2,2,2,0,0,159,143,16,4,2.0,,basketball-bund.net
164,Hagener SV,Niedersachsen,Niedersachsen,6,Oberliga,Oberliga Herren West,54137,5,1,1,0,0,76,68,8,2,2.0,,basketball-bund.net
165,TSV Giazzo Butzbach 1,Hessen,Hessen,6,Oberliga,Oberliga Herren,54626,4,1,1,0,0,74,68,6,2,2.0,,basketball-bund.net
166,SG Braunschweig II,Niedersachsen,Niedersachsen,6,Oberliga,Oberliga Herren Ost,54136,4,1,1,0,0,75,71,4,2,2.0,,basketball-bund.net
167,MTV/BG Wolfenbüttel II,Niedersachsen,Niedersachsen,6,Oberliga,Oberliga Herren Ost,54136,2,2,1,0,1,164,149,15,2,1.0,,basketball-bund.net
168,TSV Krofdorf/Gleiberg 1,Hessen,Hessen,6,Oberliga,Oberliga Herren,54626,3,2,1,0,1,161,154,7,2,1.0,,basketball-bund.net
169,MTV Gifhorn,Niedersachsen,Niedersachsen,6,Oberliga,Oberliga Herren Ost,54136,5,2,1,0,1,151,150,1,2,1.0,,basketball-bund.net
170,TSG Oberursel 1,Hessen,Hessen,6,Oberliga,Oberliga Herren,54626,5,2,1,0,1,140,150,-10,2,1.0,,basketball-bund.net
171,1. BV Gera 66,Thüringen,Thüringen,6,Oberliga,Oberliga Herren (Vorrunde),54718,1,0,0,0,0,0,0,0,0,0.0,,basketball-bund.net
172,1. FC Kaiserslautern 2,Rheinland-Pfalz,Rheinland-Pfalz,6,Oberliga,Oberliga Rheinland-Pfalz/Saar Herren,52893,5,0,0,0,0,0,0,0,0,0.0,,basketball-bund.net
173,1. SC Norderstedt,Schleswig-Holstein,Schleswig-Holstein,6,Oberliga,HOL,53844,2,0,0,0,0,0,0,0,0,0.0,,basketball-bund.net
174,1. SSV Saalfeld,Thüringen,Thüringen,6,Oberliga,Oberliga Herren (Vorrunde),54718,2,0,0,0,0,0,0,0,0,0.0,,basketball-bund.net
175,ACT Kassel 2,Hessen,Hessen,6,Oberliga,Oberliga Herren,54626,6,0,0,0,0,0,0,0,0,0.0,,basketball-bund.net
176,ALBA Berlin 3,Berlin,Berlin,6,Oberliga,Herren Oberliga A,55040,1,0,0,0,0,0,0,0,0,0.0,,basketball-bund.net
177,BASS Südwest 1,Berlin,Berlin,6,Oberliga,Herren Oberliga A,55040,2,0,0,0,0,0,0,0,0,0.0,,basketball-bund.net
178,BBA Hagen 2,Nordrhein-Westfalen,Nordrhein-Westfalen,6,Oberliga,Oberliga 3 Herren (OL3H),54576,2,0,0,0,0,0,0,0,0,0.0,,basketball-bund.net
179,BBC 90 Köpenick 1,Berlin,Berlin,6,Oberliga,Herren Oberliga B,55041,1,0,0,0,0,0,0,0,0,0.0,,basketball-bund.net
180,BBC Fastbreakers Rockenhausen,Rheinland-Pfalz,Rheinland-Pfalz,6,Oberliga,Oberliga Rheinland-Pfalz/Saar Herren,52893,6,0,0,0,0,0,0,0,0,0.0,,basketball-bund.net
181,BBC Mühlhausen 2010,Thüringen,Thüringen,6,Oberliga,Oberliga Herren (Vorrunde),54718,3,0,0,0,0,0,0,0,0,0.0,,basketball-bund.net
182,BBU'01 2,Baden-Württemberg,Baden-Württemberg,6,Oberliga,Oberliga Württemberg Männer,53322,1,0,0,0,0,0,0,0,0,0.0,,basketball-bund.net
183,BC Erfurt,Thüringen,Thüringen,6,Oberliga,Oberliga Herren (Vorrunde),54718,4,0,0,0,0,0,0,0,0,0.0,,basketball-bund.net
184,BC Hellenen München,Bayern,Bayern,6,Bayernliga,Bayernliga Herren Süd (ByLHS),52532,1,0,0,0,0,0,0,0,0,0.0,,basketball-bund.net
185,BC Langendreer,Nordrhein-Westfalen,Nordrhein-Westfalen,6,Oberliga,Oberliga 3 Herren (OL3H),54576,3,0,0,0,0,0,0,0,0,0.0,,basketball-bund.net
186,BC Lions Moabit 1,Berlin,Berlin,6,Oberliga,Herren Oberliga B,55041,2,0,0,0,0,0,0,0,0,0.0,,basketball-bund.net
187,BG GutsMuths Panthers QLB/HBS I,Sachsen-Anhalt,Sachsen-Anhalt,6,Oberliga,Oberliga Herren (53237),53237,1,0,0,0,0,0,0,0,0,0.0,,basketball-bund.net
188,BG Halstenbek / Pinneberg (1),Hamburg,Hamburg,6,Oberliga,Herren Oberliga,53470,1,0,0,0,0,0,0,0,0,0.0,,basketball-bund.net
189,BG Harburg-Hittfeld (1),Hamburg,Hamburg,6,Oberliga,Herren Oberliga,53470,2,0,0,0,0,0,0,0,0,0.0,,basketball-bund.net
190,BG Ostholstein,Schleswig-Holstein,Schleswig-Holstein,6,Oberliga,HOL,53844,3,0,0,0,0,0,0,0,0,0.0,,basketball-bund.net
191,BG Viernheim/Weinheim 2,Baden-Württemberg,Baden-Württemberg,6,Oberliga,Oberliga Baden Männer,53323,1,0,0,0,0,0,0,0,0,0.0,,basketball-bund.net
192,BG Zehlendorf 2,Berlin,Berlin,6,Oberliga,Herren Oberliga A,55040,3,0,0,0,0,0,0,0,0,0.0,,basketball-bund.net
193,BG Zehlendorf 3,Berlin,Berlin,6,Oberliga,Herren Oberliga B,55041,3,0,0,0,0,0,0,0,0,0.0,,basketball-bund.net
194,BSG Kisdorf Kaltenkirchen,Schleswig-Holstein,Schleswig-Holstein,6,Oberliga,HOL,53844,4,0,0,0,0,0,0,0,0,0.0,,basketball-bund.net
195,Basketball in Gotha II,Thüringen,Thüringen,6,Oberliga,Oberliga Herren (Vorrunde),54718,5,0,0,0,0,0,0,0,0,0.0,,basketball-bund.net
196,Berlin Tiger 1,Berlin,Berlin,6,Oberliga,Herren Oberliga B,55041,4,0,0,0,0,0,0,0,0,0.0,,basketball-bund.net
197,Berliner SC 2,Berlin,Berlin,6,Oberliga,Herren Oberliga A,55040,4,0,0,0,0,0,0,0,0,0.0,,basketball-bund.net
198,Blau-Weiß Ellas von 1981 (1),Hamburg,Hamburg,6,Oberliga,Herren Oberliga,53470,3,0,0,0,0,0,0,0,0,0.0,,basketball-bund.net
199,Börde Bisons Magdeburg,Sachsen-Anhalt,Sachsen-Anhalt,6,Oberliga,Oberliga Herren (53237),53237,2,0,0,0,0,0,0,0,0,0.0,,basketball-bund.net
200,CVJM Lörrach,Baden-Württemberg,Baden-Württemberg,6,Oberliga,Oberliga Baden Männer,53323,2,0,0,0,0,0,0,0,0,0.0,,basketball-bund.net
201,Citybasket Recklinghausen 2,Nordrhein-Westfalen,Nordrhein-Westfalen,6,Oberliga,Oberliga 3 Herren (OL3H),54576,4,0,0,0,0,0,0,0,0,0.0,,basketball-bund.net
202,Culture City Weimar II,Thüringen,Thüringen,6,Oberliga,Oberliga Herren (Vorrunde),54718,6,0,0,0,0,0,0,0,0,0.0,,basketball-bund.net
203,DBV Charlottenburg 3,Berlin,Berlin,6,Oberliga,Herren Oberliga B,55041,5,0,0,0,0,0,0,0,0,0.0,,basketball-bund.net
204,DBV Charlottenburg 4,Berlin,Berlin,6,Oberliga,Herren Oberliga A,55040,5,0,0,0,0,0,0,0,0,0.0,,basketball-bund.net
205,DJK Kaufbeuren,Bayern,Bayern,6,Bayernliga,Bayernliga Herren Süd (ByLHS),52532,2,0,0,0,0,0,0,0,0,0.0,,basketball-bund.net
206,DJK SB München 2,Bayern,Bayern,6,Bayernliga,Bayernliga Herren Süd (ByLHS),52532,3,0,0,0,0,0,0,0,0,0.0,,basketball-bund.net
207,DJK Traunstein,Bayern,Bayern,6,Bayernliga,Bayernliga Herren Süd (ByLHS),52532,4,0,0,0,0,0,0,0,0,0.0,,basketball-bund.net
208,Dukes Dingolfing,Bayern,Bayern,6,Bayernliga,Bayernliga Herren Mitte (ByLHM),52531,1,0,0,0,0,0,0,0,0,0.0,,basketball-bund.net
209,ESV Staffelsee,Bayern,Bayern,6,Bayernliga,Bayernliga Herren Süd (ByLHS),52532,5,0,0,0,0,0,0,0,0,0.0,,basketball-bund.net
210,Eimsbütteler Turnverband (2),Hamburg,Hamburg,6,Oberliga,Herren Oberliga,53470,4,0,0,0,0,0,0,0,0,0.0,,basketball-bund.net
211,Eimsbütteler Turnverband (3),Hamburg,Hamburg,6,Oberliga,Herren Oberliga,53470,5,0,0,0,0,0,0,0,0,0.0,,basketball-bund.net
212,Ellerbeker TV,Schleswig-Holstein,Schleswig-Holstein,6,Oberliga,HOL,53844,5,0,0,0,0,0,0,0,0,0.0,,basketball-bund.net
213,FC Bayern München 3,Bayern,Bayern,6,Bayernliga,Bayernliga Herren Mitte (ByLHM),52531,2,0,0,0,0,0,0,0,0,0.0,,basketball-bund.net
214,FREIBEUTER 2010 2,Berlin,Berlin,6,Oberliga,Herren Oberliga A,55040,6,0,0,0,0,0,0,0,0,0.0,,basketball-bund.net
215,Fibalon Baskets Neumarkt,Bayern,Bayern,6,Bayernliga,Bayernliga Herren Mitte (ByLHM),52531,3,0,0,0,0,0,0,0,0,0.0,,basketball-bund.net
216,Friedenauer TSC 1,Berlin,Berlin,6,Oberliga,Herren Oberliga B,55041,6,0,0,0,0,0,0,0,0,0.0,,basketball-bund.net
217,Grizzlies SSC Karlsruhe,Baden-Württemberg,Baden-Württemberg,6,Oberliga,Oberliga Baden Männer,53323,3,0,0,0,0,0,0,0,0,0.0,,basketball-bund.net
218,HNT Hamburg Bears (1),Hamburg,Hamburg,6,Oberliga,Herren Oberliga,53470,6,0,0,0,0,0,0,0,0,0.0,,basketball-bund.net
219,HTB Halle,Sachsen-Anhalt,Sachsen-Anhalt,6,Oberliga,Oberliga Herren (53237),53237,3,0,0,0,0,0,0,0,0,0.0,,basketball-bund.net
220,Haching Baskets 2,Bayern,Bayern,6,Bayernliga,Bayernliga Herren Süd (ByLHS),52532,6,0,0,0,0,0,0,0,0,0.0,,basketball-bund.net
221,Herdern SKUNKS,Baden-Württemberg,Baden-Württemberg,6,Oberliga,Oberliga Baden Männer,53323,4,0,0,0,0,0,0,0,0,0.0,,basketball-bund.net
222,Justabs Halle I,Sachsen-Anhalt,Sachsen-Anhalt,6,Oberliga,Oberliga Herren (53237),53237,4,0,0,0,0,0,0,0,0,0.0,,basketball-bund.net
223,KINGS&QUEENS Basketball Potsdam 2,Brandenburg,Brandenburg,6,Oberliga,Oberliga Herren Hauptrunde,55009,4,0,0,0,0,0,0,0,0,0.0,,basketball-bund.net
224,Kieler Förde Baskets 2,Schleswig-Holstein,Schleswig-Holstein,6,Oberliga,HOL,53844,6,0,0,0,0,0,0,0,0,0.0,,basketball-bund.net
225,KuSG Leimen,Baden-Württemberg,Baden-Württemberg,6,Oberliga,Oberliga Baden Männer,53323,5,0,0,0,0,0,0,0,0,0.0,,basketball-bund.net
226,Linden Dudes,Niedersachsen,Niedersachsen,6,Oberliga,Oberliga Herren Ost,54136,6,0,0,0,0,0,0,0,0,0.0,,basketball-bund.net
227,LippeBaskets Werne 2,Nordrhein-Westfalen,Nordrhein-Westfalen,6,Oberliga,Oberliga 3 Herren (OL3H),54576,5,0,0,0,0,0,0,0,0,0.0,,basketball-bund.net
228,MTV Stuttgart 2,Baden-Württemberg,Baden-Württemberg,6,Oberliga,Oberliga Württemberg Männer,53322,2,0,0,0,0,0,0,0,0,0.0,,basketball-bund.net
229,MTV Treubund Lüneburg (1),Hamburg,Hamburg,6,Oberliga,Herren Oberliga,53470,7,0,0,0,0,0,0,0,0,0.0,,basketball-bund.net
230,Niendorfer TSV von 1919 (1),Hamburg,Hamburg,6,Oberliga,Herren Oberliga,53470,8,0,0,0,0,0,0,0,0,0.0,,basketball-bund.net
231,Nürnberger Basketball Club,Bayern,Bayern,6,Bayernliga,Bayernliga Herren Mitte (ByLHM),52531,4,0,0,0,0,0,0,0,0,0.0,,basketball-bund.net
232,PSV Ingolstadt,Bayern,Bayern,6,Bayernliga,Bayernliga Herren Mitte (ByLHM),52531,5,0,0,0,0,0,0,0,0,0.0,,basketball-bund.net
233,Rostock Seawolves VI,Mecklenburg-Vorpommern,Mecklenburg-Vorpommern,6,Oberliga,Oberliga Herren (55541),55541,3,0,0,0,0,0,0,0,0,0.0,,basketball-bund.net
234,SC Weende,Niedersachsen,Niedersachsen,6,Oberliga,Oberliga Herren Ost,54136,7,0,0,0,0,0,0,0,0,0.0,,basketball-bund.net
235,SG HD-Kirchheim,Baden-Württemberg,Baden-Württemberg,6,Oberliga,Oberliga Baden Männer,53323,6,0,0,0,0,0,0,0,0,0.0,,basketball-bund.net
236,SG Mannheim,Baden-Württemberg,Baden-Württemberg,6,Oberliga,Oberliga Baden Männer,53323,7,0,0,0,0,0,0,0,0,0.0,,basketball-bund.net
237,SSV Lok Bernau 2,Brandenburg,Brandenburg,6,Oberliga,Oberliga Herren Hauptrunde,55009,5,0,0,0,0,0,0,0,0,0.0,,basketball-bund.net
238,SV Empor Berlin 2,Berlin,Berlin,6,Oberliga,Herren Oberliga B,55041,7,0,0,0,0,0,0,0,0,0.0,,basketball-bund.net
239,SV Fellbach Flashers 2,Baden-Württemberg,Baden-Württemberg,6,Oberliga,Oberliga Württemberg Männer,53322,3,0,0,0,0,0,0,0,0,0.0,,basketball-bund.net
240,SV Haspe 70 3,Nordrhein-Westfalen,Nordrhein-Westfalen,6,Oberliga,Oberliga 3 Herren (OL3H),54576,6,0,0,0,0,0,0,0,0,0.0,,basketball-bund.net
241,SV Wacker Burghausen,Bayern,Bayern,6,Bayernliga,Bayernliga Herren Süd (ByLHS),52532,7,0,0,0,0,0,0,0,0,0.0,,basketball-bund.net
242,Science City Jena IV,Thüringen,Thüringen,6,Oberliga,Oberliga Herren (Vorrunde),54718,7,0,0,0,0,0,0,0,0,0.0,,basketball-bund.net
243,Science City Jena V,Thüringen,Thüringen,6,Oberliga,Oberliga Herren (Vorrunde),54718,8,0,0,0,0,0,0,0,0,0.0,,basketball-bund.net
244,TB Kirchentellinsfurt ECHAZBALLER,Baden-Württemberg,Baden-Württemberg,6,Oberliga,Oberliga Württemberg Männer,53322,4,0,0,0,0,0,0,0,0,0.0,,basketball-bund.net
245,TEAM URSPRING,Baden-Württemberg,Baden-Württemberg,6,Oberliga,Oberliga Württemberg Männer,53322,5,0,0,0,0,0,0,0,0,0.0,,basketball-bund.net
246,TG Landshut,Bayern,Bayern,6,Bayernliga,Bayernliga Herren Mitte (ByLHM),52531,6,0,0,0,0,0,0,0,0,0.0,,basketball-bund.net
247,TG Sandhausen Wild Bees,Baden-Württemberg,Baden-Württemberg,6,Oberliga,Oberliga Baden Männer,53323,8,0,0,0,0,0,0,0,0,0.0,,basketball-bund.net
248,TSB Flensburg,Schleswig-Holstein,Schleswig-Holstein,6,Oberliga,HOL,53844,7,0,0,0,0,0,0,0,0,0.0,,basketball-bund.net
249,TSC Spandau 1,Berlin,Berlin,6,Oberliga,Herren Oberliga A,55040,7,0,0,0,0,0,0,0,0,0.0,,basketball-bund.net
250,TSG Reutlingen Ravens 2,Baden-Württemberg,Baden-Württemberg,6,Oberliga,Oberliga Württemberg Männer,53322,6,0,0,0,0,0,0,0,0,0.0,,basketball-bund.net
251,TSG Schwäbisch Hall Flyers,Baden-Württemberg,Baden-Württemberg,6,Oberliga,Oberliga Württemberg Männer,53322,7,0,0,0,0,0,0,0,0,0.0,,basketball-bund.net
252,TSV 1865 Dachau,Bayern,Bayern,6,Bayernliga,Bayernliga Herren Mitte (ByLHM),52531,7,0,0,0,0,0,0,0,0,0.0,,basketball-bund.net
253,TSV 1884 Wolnzach,Bayern,Bayern,6,Bayernliga,Bayernliga Herren Mitte (ByLHM),52531,8,0,0,0,0,0,0,0,0,0.0,,basketball-bund.net
254,TSV Buchen,Baden-Württemberg,Baden-Württemberg,6,Oberliga,Oberliga Baden Männer,53323,9,0,0,0,0,0,0,0,0,0.0,,basketball-bund.net
255,TSV Ettlingen,Baden-Württemberg,Baden-Württemberg,6,Oberliga,Oberliga Baden Männer,53323,10,0,0,0,0,0,0,0,0,0.0,,basketball-bund.net
256,TSV Jahn Freising,Bayern,Bayern,6,Bayernliga,Bayernliga Herren Mitte (ByLHM),52531,9,0,0,0,0,0,0,0,0,0.0,,basketball-bund.net
257,TSV Malmsheim,Baden-Württemberg,Baden-Württemberg,6,Oberliga,Oberliga Württemberg Männer,53322,8,0,0,0,0,0,0,0,0,0.0,,basketball-bund.net
258,TSV Milbertshofen,Bayern,Bayern,6,Bayernliga,Bayernliga Herren Mitte (ByLHM),52531,10,0,0,0,0,0,0,0,0,0.0,,basketball-bund.net
259,TSV München Ost,Bayern,Bayern,6,Bayernliga,Bayernliga Herren Süd (ByLHS),52532,8,0,0,0,0,0,0,0,0,0.0,,basketball-bund.net
260,TSV Neuötting,Bayern,Bayern,6,Bayernliga,Bayernliga Herren Mitte (ByLHM),52531,11,0,0,0,0,0,0,0,0,0.0,,basketball-bund.net
261,TSV OH Deisenhofen 2,Bayern,Bayern,6,Bayernliga,Bayernliga Herren Süd (ByLHS),52532,9,0,0,0,0,0,0,0,0,0.0,,basketball-bund.net
262,TSV Vaterstetten,Bayern,Bayern,6,Bayernliga,Bayernliga Herren Süd (ByLHS),52532,10,0,0,0,0,0,0,0,0,0.0,,basketball-bund.net
263,TSV Vorhalle,Nordrhein-Westfalen,Nordrhein-Westfalen,6,Oberliga,Oberliga 3 Herren (OL3H),54576,7,0,0,0,0,0,0,0,0,0.0,,basketball-bund.net
264,TSV Weilheim,Bayern,Bayern,6,Bayernliga,Bayernliga Herren Süd (ByLHS),52532,11,0,0,0,0,0,0,0,0,0.0,,basketball-bund.net
265,TV 1881 Altdorf,Bayern,Bayern,6,Bayernliga,Bayernliga Herren Mitte (ByLHM),52531,12,0,0,0,0,0,0,0,0,0.0,,basketball-bund.net
266,TV 46 Heidelberg,Baden-Württemberg,Baden-Württemberg,6,Oberliga,Oberliga Baden Männer,53323,11,0,0,0,0,0,0,0,0,0.0,,basketball-bund.net
267,TV Freudenberg,Nordrhein-Westfalen,Nordrhein-Westfalen,6,Oberliga,Oberliga 3 Herren (OL3H),54576,8,0,0,0,0,0,0,0,0,0.0,,basketball-bund.net
268,TV Konstanz,Baden-Württemberg,Baden-Württemberg,6,Oberliga,Oberliga Württemberg Männer,53322,9,0,0,0,0,0,0,0,0,0.0,,basketball-bund.net
269,TV Nellingen 99ers,Baden-Württemberg,Baden-Württemberg,6,Oberliga,Oberliga Württemberg Männer,53322,10,0,0,0,0,0,0,0,0,0.0,,basketball-bund.net
270,TVE Dortmund Barop,Nordrhein-Westfalen,Nordrhein-Westfalen,6,Oberliga,Oberliga 3 Herren (OL3H),54576,9,0,0,0,0,0,0,0,0,0.0,,basketball-bund.net
271,TVG Kaiserau,Nordrhein-Westfalen,Nordrhein-Westfalen,6,Oberliga,Oberliga 3 Herren (OL3H),54576,10,0,0,0,0,0,0,0,0,0.0,,basketball-bund.net
272,TuRa Harksheide (1),Hamburg,Hamburg,6,Oberliga,Herren Oberliga,53470,9,0,0,0,0,0,0,0,0,0.0,,basketball-bund.net
273,TuS Lichterfelde 2,Berlin,Berlin,6,Oberliga,Herren Oberliga A,55040,8,0,0,0,0,0,0,0,0,0.0,,basketball-bund.net
274,TuS Lübeck,Schleswig-Holstein,Schleswig-Holstein,6,Oberliga,HOL,53844,8,0,0,0,0,0,0,0,0,0.0,,basketball-bund.net
275,TuS Neukölln 1,Berlin,Berlin,6,Oberliga,Herren Oberliga B,55041,8,0,0,0,0,0,0,0,0,0.0,,basketball-bund.net
276,TuS Nortorf,Schleswig-Holstein,Schleswig-Holstein,6,Oberliga,HOL,53844,9,0,0,0,0,0,0,0,0,0.0,,basketball-bund.net
277,Türkiyemspor Berlin 1,Berlin,Berlin,6,Oberliga,Herren Oberliga B,55041,9,0,0,0,0,0,0,0,0,0.0,,basketball-bund.net
278,Türkiyemspor Berlin 2,Berlin,Berlin,6,Oberliga,Herren Oberliga A,55040,9,0,0,0,0,0,0,0,0,0.0,,basketball-bund.net
279,USC Heidelberg 3,Baden-Württemberg,Baden-Württemberg,6,Oberliga,Oberliga Baden Männer,53323,12,0,0,0,0,0,0,0,0,0.0,,basketball-bund.net
280,USC Magdeburg I,Sachsen-Anhalt,Sachsen-Anhalt,6,Oberliga,Oberliga Herren (53237),53237,5,0,0,0,0,0,0,0,0,0.0,,basketball-bund.net
281,USV Erfurt I,Thüringen,Thüringen,6,Oberliga,Oberliga Herren (Vorrunde),54718,9,0,0,0,0,0,0,0,0,0.0,,basketball-bund.net
282,USV Halle II,Sachsen-Anhalt,Sachsen-Anhalt,6,Oberliga,Oberliga Herren (53237),53237,6,0,0,0,0,0,0,0,0,0.0,,basketball-bund.net
283,USV Jena,Thüringen,Thüringen,6,Oberliga,Oberliga Herren (Vorrunde),54718,10,0,0,0,0,0,0,0,0,0.0,,basketball-bund.net
284,Uniqform Baskets Sonthofen,Bayern,Bayern,6,Bayernliga,Bayernliga Herren Süd (ByLHS),52532,12,0,0,0,0,0,0,0,0,0.0,,basketball-bund.net
285,VT Zweibrücken,Rheinland-Pfalz,Rheinland-Pfalz,6,Oberliga,Oberliga Rheinland-Pfalz/Saar Herren,52893,7,0,0,0,0,0,0,0,0,0.0,,basketball-bund.net
286,VfB Hermsdorf 1,Berlin,Berlin,6,Oberliga,Herren Oberliga A,55040,10,0,0,0,0,0,0,0,0,0.0,,basketball-bund.net
287,VfL Kalbe (Milde),Sachsen-Anhalt,Sachsen-Anhalt,6,Oberliga,Oberliga Herren (53237),53237,7,0,0,0,0,0,0,0,0,0.0,,basketball-bund.net
288,VfL Sindelfingen,Baden-Württemberg,Baden-Württemberg,6,Oberliga,Oberliga Württemberg Männer,53322,11,0,0,0,0,0,0,0,0,0.0,,basketball-bund.net
289,Viktoria Mitte 1,Berlin,Berlin,6,Oberliga,Herren Oberliga B,55041,10,0,0,0,0,0,0,0,0,0.0,,basketball-bund.net
290,Walddörfer Sportverein (1),Hamburg,Hamburg,6,Oberliga,Herren Oberliga,53470,10,0,0,0,0,0,0,0,0,0.0,,basketball-bund.net
291,vamos! TSG Söflingen 2,Baden-Württemberg,Baden-Württemberg,6,Oberliga,Oberliga Württemberg Männer,53322,12,0,0,0,0,0,0,0,0,0.0,,basketball-bund.net
292,TS Frankfurt-Griesheim 1,Hessen,Hessen,6,Oberliga,Oberliga Herren,54626,8,2,0,0,2,136,151,-15,0,0.0,,basketball-bund.net
293,PSV Wismar Bulls,Mecklenburg-Vorpommern,Mecklenburg-Vorpommern,6,Oberliga,Oberliga Herren (55541),55541,4,1,0,0,1,76,84,-8,0,0.0,,basketball-bund.net
294,ATSV Saarbrücken I,Rheinland-Pfalz,Rheinland-Pfalz,6,Oberliga,Oberliga Rheinland-Pfalz/Saar Herren,52893,8,1,0,0,1,72,80,-8,0,0.0,,basketball-bund.net
295,BBV Saarbrücken,Rheinland-Pfalz,Rheinland-Pfalz,6,Oberliga,Oberliga Rheinland-Pfalz/Saar Herren,52893,9,1,0,0,1,72,80,-8,0,0.0,,basketball-bund.net
296,BTB Royals Oldenburg,Niedersachsen,Niedersachsen,6,Oberliga,Oberliga Herren West,54137,6,1,0,0,1,68,76,-8,0,0.0,,basketball-bund.net
297,SG  Weiterstadt 1,Hessen,Hessen,6,Oberliga,Oberliga Herren,54626,7,1,0,0,1,63,72,-9,0,0.0,,basketball-bund.net
298,Basketball Lesum Vegesack I,Niedersachsen,Niedersachsen,6,Oberliga,Oberliga Herren West,54137,7,1,0,0,1,69,79,-10,0,0.0,,basketball-bund.net
299,Schapen Sharks,Niedersachsen,Niedersachsen,6,Oberliga,Oberliga Herren Ost,54136,8,1,0,0,1,72,85,-13,0,0.0,,basketball-bund.net
300,TSV Bargteheide 2,Schleswig-Holstein,Schleswig-Holstein,6,Oberliga,HOL,53844,10,1,0,0,1,66,80,-14,0,0.0,,basketball-bund.net
301,SFB Basket Brandenburg,Brandenburg,Brandenburg,6,Oberliga,Oberliga Herren Hauptrunde,55009,6,1,0,0,1,58,72,-14,0,0.0,,basketball-bund.net
302,SG Cleverns-Sandel,Niedersachsen,Niedersachsen,6,Oberliga,Oberliga Herren West,54137,8,1,0,0,1,87,102,-15,0,0.0,,basketball-bund.net
303,TuS Treis-Karden,Rheinland-Pfalz,Rheinland-Pfalz,6,Oberliga,Oberliga Rheinland-Pfalz/Saar Herren,52893,10,1,0,0,1,58,75,-17,0,0.0,,basketball-bund.net
304,TSV Stelingen,Niedersachsen,Niedersachsen,6,Oberliga,Oberliga Herren Ost,54136,9,1,0,0,1,69,89,-20,0,0.0,,basketball-bund.net
305,BV StarWings Glienicke,Brandenburg,Brandenburg,6,Oberliga,Oberliga Herren Hauptrunde,55009,7,1,0,0,1,50,71,-21,0,0.0,,basketball-bund.net
306,GV Waltrop,Nordrhein-Westfalen,Nordrhein-Westfalen,6,Oberliga,Oberliga 3 Herren (OL3H),54576,11,1,0,0,1,60,83,-23,0,0.0,,basketball-bund.net
307,1. BC Bremerhaven,Niedersachsen,Niedersachsen,6,Oberliga,Oberliga Herren West,54137,9,1,0,0,1,57,80,-23,0,0.0,,basketball-bund.net
308,RedHawks Potsdam 2,Brandenburg,Brandenburg,6,Oberliga,Oberliga Herren Hauptrunde,55009,8,1,0,0,1,53,76,-23,0,0.0,,basketball-bund.net
309,MTV Gießen 1,Hessen,Hessen,6,Oberliga,Oberliga Herren,54626,9,2,0,0,2,112,159,-47,0,0.0,,basketball-bund.net
310,Eintracht Braunschweig,Niedersachsen,Niedersachsen,6,Oberliga,Oberliga Herren Ost,54136,10,1,0,0,1,62,87,-25,0,0.0,,basketball-bund.net
311,BTS Neustadt II,Niedersachsen,Niedersachsen,6,Oberliga,Oberliga Herren West,54137,10,1,0,0,1,53,85,-32,0,0.0,,basketball-bund.net
312,VfL Bad Kreuznach,Rheinland-Pfalz,Rheinland-Pfalz,6,Oberliga,Oberliga Rheinland-Pfalz/Saar Herren,52893,11,1,0,0,1,61,119,-58,0,0.0,,basketball-bund.net
313,Rostock Seawolves V,Mecklenburg-Vorpommern,Mecklenburg-Vorpommern,6,Oberliga,Oberliga Herren (55541),55541,5,1,0,0,1,0,20,-20,-1,-1.0,,basketball-bund.net
314,DJK Andernach,Rheinland-Pfalz,Rheinland-Pfalz,7,Landesliga,Landesliga Rheinland Herren,52845,1,1,1,0,0,101,47,54,2,2.0,,basketball-bund.net
315,Eisbären Bremerhaven e.V. 3,Niedersachsen,Niedersachsen,7,Regionsliga,Regionsliga Nord Herren,54165,1,1,1,0,0,117,65,52,2,2.0,,basketball-bund.net
316,TV 1887 Germania Hermsdorf,Thüringen,Thüringen,7,Landesliga,Landesliga Herren Ost,54736,1,1,1,0,0,96,45,51,2,2.0,,basketball-bund.net
317,BG TVO / TV Jahn 2,Nordrhein-Westfalen,Nordrhein-Westfalen,7,Landesliga,Landesliga 06 Herren (LL06H),54583,1,1,1,0,0,89,49,40,2,2.0,,basketball-bund.net
318,TV Bitburg,Rheinland-Pfalz,Rheinland-Pfalz,7,Landesliga,Landesliga Rheinland Herren,52845,2,1,1,0,0,111,77,34,2,2.0,,basketball-bund.net
319,HSG Lokomotive HTW Dresden,Sachsen,Sachsen,7,Landesliga,Landesliga Herren Sachsen Gruppe 2,52794,1,1,1,0,0,86,52,34,2,2.0,,basketball-bund.net
320,TV Kirchheimbolanden,Rheinland-Pfalz,Rheinland-Pfalz,7,Landesliga,Landesliga Rheinhessen-Pfalz Herren,54408,1,1,1,0,0,102,69,33,2,2.0,,basketball-bund.net
321,Pfeffersport 1,Berlin,Berlin,7,Landesliga,Herren Landesliga B,55045,1,1,1,0,0,86,54,32,2,2.0,,basketball-bund.net
322,Saarlouis-Dillingen Sunkings II,Saarland,Saarland,7,Landesliga,Landesliga Saar Herren 2026 2027,54613,1,1,1,0,0,86,55,31,2,2.0,,basketball-bund.net
323,TuRa Braunschweig,Niedersachsen,Niedersachsen,7,Regionsliga,Regionsliga Braunschweig Herren,54674,1,1,1,0,0,93,64,29,2,2.0,,basketball-bund.net
324,USC Leipzig 4.,Sachsen,Sachsen,7,Landesliga,Landesliga Herren Sachsen Gruppe 1,52793,1,1,1,0,0,86,57,29,2,2.0,,basketball-bund.net
325,MTSV Hohenwestedt,Schleswig-Holstein,Schleswig-Holstein,7,Landesliga,HLL,53846,1,1,1,0,0,76,47,29,2,2.0,,basketball-bund.net
326,ASC 46 Göttingen II,Niedersachsen,Niedersachsen,7,Landesliga,Landesliga Herren 1,54140,1,1,1,0,0,106,78,28,2,2.0,,basketball-bund.net
327,Schapen Sharks 2,Niedersachsen,Niedersachsen,7,Regionsliga,Regionsliga Braunschweig Herren,54674,2,1,1,0,0,80,52,28,2,2.0,,basketball-bund.net
328,RSV Heskem 1,Hessen,Hessen,7,Landesliga,Landesliga Nord Herren,54639,1,2,2,0,0,153,97,56,4,2.0,,basketball-bund.net
329,DJK Südwest Köln 4,Nordrhein-Westfalen,Nordrhein-Westfalen,7,Landesliga,Landesliga 03 Herren (LL03H),54580,1,1,1,0,0,74,46,28,2,2.0,,basketball-bund.net
330,TuS Bothfeld 2,Niedersachsen,Niedersachsen,7,Regionsliga,Regionsliga Herren,54527,1,1,1,0,0,84,57,27,2,2.0,,basketball-bund.net
331,TV Falkenberg e.V.,Niedersachsen,Niedersachsen,7,Landesliga,Landesliga Herren 3,54142,1,1,1,0,0,92,69,23,2,2.0,,basketball-bund.net
332,Hardegsen Baskets 07,Niedersachsen,Niedersachsen,7,Regionsliga,Regionsliga Göttingen Herren,54708,1,1,1,0,0,61,38,23,2,2.0,,basketball-bund.net
333,USV Jena  II,Thüringen,Thüringen,7,Landesliga,Landesliga Herren Ost,54736,2,1,1,0,0,76,55,21,2,2.0,,basketball-bund.net
334,MTV Gifhorn  2,Niedersachsen,Niedersachsen,7,Landesliga,Landesliga Herren 1,54140,2,1,1,0,0,75,56,19,2,2.0,,basketball-bund.net
335,MTV Gießen 2,Hessen,Hessen,7,Landesliga,Landesliga Nord Herren,54639,2,2,2,0,0,167,130,37,4,2.0,,basketball-bund.net
336,TKW Nienburg Ravens,Niedersachsen,Niedersachsen,7,Landesliga,Landesliga Herren 2,54141,1,1,1,0,0,72,55,17,2,2.0,,basketball-bund.net
337,Team Ostfriesland U20,Niedersachsen,Niedersachsen,7,Regionsliga,Regionsliga Herren OL/OF,54757,1,1,1,0,0,83,67,16,2,2.0,,basketball-bund.net
338,Z'Airs,Thüringen,Thüringen,7,Landesliga,Landesliga Herren Ost,54736,3,1,1,0,0,61,45,16,2,2.0,,basketball-bund.net
339,TV Delmenhorst II,Niedersachsen,Niedersachsen,7,Regionsliga,Regionsliga Nord Herren,54165,2,1,1,0,0,86,71,15,2,2.0,,basketball-bund.net
340,BBC Montabaur,Rheinland-Pfalz,Rheinland-Pfalz,7,Landesliga,Landesliga Rheinland Herren,52845,3,1,1,0,0,84,69,15,2,2.0,,basketball-bund.net
341,SV Ofenerdiek,Niedersachsen,Niedersachsen,7,Landesliga,Landesliga Herren 3,54142,2,1,1,0,0,81,66,15,2,2.0,,basketball-bund.net
342,Linden Dudes 2,Niedersachsen,Niedersachsen,7,Regionsliga,Regionsliga Herren,54527,2,1,1,0,0,69,54,15,2,2.0,,basketball-bund.net
343,ASC Theresianum Mainz 2,Rheinland-Pfalz,Rheinland-Pfalz,7,Landesliga,Landesliga Rheinhessen-Pfalz Herren,54408,2,1,1,0,0,88,74,14,2,2.0,,basketball-bund.net
344,SG Baskets 98 Völklingen/BBC Bous I,Saarland,Saarland,7,Landesliga,Landesliga Saar Herren 2026 2027,54613,2,1,1,0,0,78,64,14,2,2.0,,basketball-bund.net
345,Heeßeler SV,Niedersachsen,Niedersachsen,7,Regionsliga,Regionsliga Herren,54527,3,1,1,0,0,59,45,14,2,2.0,,basketball-bund.net
346,Dresden Titans 6,Sachsen,Sachsen,7,Landesliga,Landesliga Herren Sachsen Gruppe 1,52793,2,1,1,0,0,83,70,13,2,2.0,,basketball-bund.net
347,BG 74 Göttingen III,Niedersachsen,Niedersachsen,7,Regionsliga,Regionsliga Göttingen Herren,54708,2,1,1,0,0,73,60,13,2,2.0,,basketball-bund.net
348,TuS Petersfehn,Niedersachsen,Niedersachsen,7,Landesliga,Landesliga Herren 4,54143,1,1,1,0,0,67,54,13,2,2.0,,basketball-bund.net
349,Dresden Titans 5,Sachsen,Sachsen,7,Landesliga,Landesliga Herren Sachsen Gruppe 2,52794,2,1,1,0,0,97,85,12,2,2.0,,basketball-bund.net
350,Fortuna Logabirum II,Niedersachsen,Niedersachsen,7,Landesliga,Landesliga Herren 4,54143,2,1,1,0,0,74,62,12,2,2.0,,basketball-bund.net
351,TSV Edemissen,Niedersachsen,Niedersachsen,7,Landesliga,Landesliga Herren 2,54141,2,1,1,0,0,64,52,12,2,2.0,,basketball-bund.net
352,BC Marburg 1,Hessen,Hessen,7,Landesliga,Landesliga Nord Herren,54639,3,2,2,0,0,173,150,23,4,2.0,,basketball-bund.net
353,BTS Neustadt IV,Niedersachsen,Niedersachsen,7,Regionsliga,Regionsliga Nord Herren,54165,3,1,1,0,0,74,63,11,2,2.0,,basketball-bund.net
354,USV TU Dresden,Sachsen,Sachsen,7,Landesliga,Landesliga Herren Sachsen Gruppe 2,52794,3,1,1,0,0,60,49,11,2,2.0,,basketball-bund.net
355,USV Braunschweig,Niedersachsen,Niedersachsen,7,Landesliga,Landesliga Herren 1,54140,3,1,1,0,0,63,53,10,2,2.0,,basketball-bund.net
356,SG TuS Ensdorf/TV Griesborn I,Saarland,Saarland,7,Landesliga,Landesliga Saar Herren 2026 2027,54613,3,1,1,0,0,86,77,9,2,2.0,,basketball-bund.net
357,SC Eintracht Schkeuditz,Sachsen,Sachsen,7,Landesliga,Landesliga Herren Sachsen Gruppe 1,52793,3,1,1,0,0,85,77,8,2,2.0,,basketball-bund.net
358,TSG Markkleeberg v. 1903,Sachsen,Sachsen,7,Landesliga,Landesliga Herren Sachsen Gruppe 1,52793,4,1,1,0,0,82,74,8,2,2.0,,basketball-bund.net
359,Trimmelter SV,Rheinland-Pfalz,Rheinland-Pfalz,7,Landesliga,Landesliga Rheinland Herren,52845,4,1,1,0,0,79,71,8,2,2.0,,basketball-bund.net
360,TuS Makkabi Frankfurt 2,Hessen,Hessen,7,Landesliga,Landesliga Süd Herren,54640,5,1,1,0,0,64,56,8,2,2.0,,basketball-bund.net
361,TV Bergkrug,Niedersachsen,Niedersachsen,7,Landesliga,Landesliga Herren 2,54141,3,1,1,0,0,74,67,7,2,2.0,,basketball-bund.net
362,MJC Trier 2,Rheinland-Pfalz,Rheinland-Pfalz,7,Landesliga,Landesliga Rheinland Herren,52845,5,1,1,0,0,70,63,7,2,2.0,,basketball-bund.net
363,TSV Hagen 2,Nordrhein-Westfalen,Nordrhein-Westfalen,7,Landesliga,Landesliga 06 Herren (LL06H),54583,2,1,1,0,0,62,55,7,2,2.0,,basketball-bund.net
364,TSV Dreieichenhain 1,Hessen,Hessen,7,Landesliga,Landesliga Süd Herren,54640,1,2,2,0,0,145,134,11,4,2.0,,basketball-bund.net
365,Eintracht Braunschweig  2,Niedersachsen,Niedersachsen,7,Regionsliga,Regionsliga Braunschweig Herren,54674,3,1,1,0,0,73,68,5,2,2.0,,basketball-bund.net
366,BTS Neustadt III,Niedersachsen,Niedersachsen,7,Landesliga,Landesliga Herren 3,54142,3,1,1,0,0,64,59,5,2,2.0,,basketball-bund.net
367,Pro Basketball Göttingen II,Niedersachsen,Niedersachsen,7,Landesliga,Landesliga Herren 1,54140,4,1,1,0,0,85,82,3,2,2.0,,basketball-bund.net
368,CVJM Hannover 2,Niedersachsen,Niedersachsen,7,Landesliga,Landesliga Herren 2,54141,4,1,1,0,0,77,74,3,2,2.0,,basketball-bund.net
369,SV Darmstadt 98 1,Hessen,Hessen,7,Landesliga,Landesliga Süd Herren,54640,6,1,1,0,0,65,62,3,2,2.0,,basketball-bund.net
370,BSG Blumenthal / Schwanewede I,Niedersachsen,Niedersachsen,7,Landesliga,Landesliga Herren 3,54142,4,1,1,0,0,64,61,3,2,2.0,,basketball-bund.net
371,SuS Northeim II,Niedersachsen,Niedersachsen,7,Regionsliga,Regionsliga Göttingen Herren,54708,3,1,1,0,0,71,69,2,2,2.0,,basketball-bund.net
372,BBV Saarbrücken II,Saarland,Saarland,7,Landesliga,Landesliga Saar Herren 2026 2027,54613,4,1,1,0,0,68,66,2,2,2.0,,basketball-bund.net
373,SG Ludwigshafen / Frankenthal,Rheinland-Pfalz,Rheinland-Pfalz,7,Landesliga,Landesliga Rheinhessen-Pfalz Herren,54408,3,1,1,0,0,65,63,2,2,2.0,,basketball-bund.net
374,Einheit Pankow 1,Berlin,Berlin,7,Landesliga,Herren Landesliga A,55042,1,1,1,0,0,61,59,2,2,2.0,,basketball-bund.net
375,TK Hannover 2,Niedersachsen,Niedersachsen,7,Regionsliga,Regionsliga Herren,54527,4,1,1,0,0,61,59,2,2,2.0,,basketball-bund.net
376,MTV/BG Wolfenbüttel 4,Niedersachsen,Niedersachsen,7,Regionsliga,Regionsliga Braunschweig Herren,54674,4,1,1,0,0,47,45,2,2,2.0,,basketball-bund.net
377,TSG Wieseck 1,Hessen,Hessen,7,Landesliga,Landesliga Nord Herren,54639,4,2,1,0,1,198,145,53,2,1.0,,basketball-bund.net
378,FTG Frankfurt 1,Hessen,Hessen,7,Landesliga,Landesliga Süd Herren,54640,2,2,1,0,1,172,128,44,2,1.0,,basketball-bund.net
379,Lich Basketball  2,Hessen,Hessen,7,Landesliga,Landesliga Nord Herren,54639,5,2,1,0,1,138,120,18,2,1.0,,basketball-bund.net
380,SC Bergstraße 1,Hessen,Hessen,7,Landesliga,Landesliga Süd Herren,54640,3,2,1,0,1,142,130,12,2,1.0,,basketball-bund.net
381,BC Wiesbaden 1,Hessen,Hessen,7,Landesliga,Landesliga Süd Herren,54640,4,2,1,0,1,89,80,9,2,1.0,,basketball-bund.net
382,BC Gelnhausen 1,Hessen,Hessen,7,Landesliga,Landesliga Süd Herren,54640,7,2,1,0,1,147,146,1,2,1.0,,basketball-bund.net
383,TSG Lollar 1,Hessen,Hessen,7,Landesliga,Landesliga Nord Herren,54639,6,2,1,0,1,133,160,-27,2,1.0,,basketball-bund.net
384,TV Dillenburg 1,Hessen,Hessen,7,Landesliga,Landesliga Nord Herren,54639,7,2,1,0,1,124,172,-48,2,1.0,,basketball-bund.net
385,1. Magdeburger BC I,Sachsen-Anhalt,Sachsen-Anhalt,7,Landesliga,Landesliga Herren St. 1,53261,1,0,0,0,0,0,0,0,0,0.0,,basketball-bund.net
386,ALBA Berlin 4,Berlin,Berlin,7,Landesliga,Herren Landesliga A,55042,2,0,0,0,0,0,0,0,0,0.0,,basketball-bund.net
387,ALBA Berlin 5,Berlin,Berlin,7,Landesliga,Herren Landesliga B,55045,2,0,0,0,0,0,0,0,0,0.0,,basketball-bund.net
388,ATSV Saarbrücken II,Saarland,Saarland,7,Landesliga,Landesliga Saar Herren 2026 2027,54613,5,0,0,0,0,0,0,0,0,0.0,,basketball-bund.net
389,Altonaer TSV von 1899 e.V. (2),Hamburg,Hamburg,7,Stadtliga,Herren Stadtliga West,53480,1,0,0,0,0,0,0,0,0,0.0,,basketball-bund.net
390,Altrahlstedter MTV 1893 (1),Hamburg,Hamburg,7,Stadtliga,Herren Stadtliga Ost,53479,1,0,0,0,0,0,0,0,0,0.0,,basketball-bund.net
391,Aschersleben Tigers BC II,Sachsen-Anhalt,Sachsen-Anhalt,7,Landesliga,Landesliga Herren St. 1,53261,2,0,0,0,0,0,0,0,0,0.0,,basketball-bund.net
392,Athena Porz,Nordrhein-Westfalen,Nordrhein-Westfalen,7,Landesliga,Landesliga 03 Herren (LL03H),54580,2,0,0,0,0,0,0,0,0,0.0,,basketball-bund.net
393,BAC Hockenheim 1,Baden-Württemberg,Baden-Württemberg,7,Landesliga,BBW1 Landesliga Männer,52661,1,0,0,0,0,0,0,0,0,0.0,,basketball-bund.net
394,BASS Südwest 2,Berlin,Berlin,7,Landesliga,Herren Landesliga B,55045,3,0,0,0,0,0,0,0,0,0.0,,basketball-bund.net
395,BBA Hagen 3,Nordrhein-Westfalen,Nordrhein-Westfalen,7,Landesliga,Landesliga 06 Herren (LL06H),54583,3,0,0,0,0,0,0,0,0,0.0,,basketball-bund.net
396,BBA Hagen 4,Nordrhein-Westfalen,Nordrhein-Westfalen,7,Landesliga,Landesliga 06 Herren (LL06H),54583,4,0,0,0,0,0,0,0,0,0.0,,basketball-bund.net
397,BBC Cottbus 2,Brandenburg,Brandenburg,7,Landesliga,Landesliga Herren,55193,1,0,0,0,0,0,0,0,0,0.0,,basketball-bund.net
398,BBC Halle I,Sachsen-Anhalt,Sachsen-Anhalt,7,Landesliga,Landesliga Herren St. 2,53262,1,0,0,0,0,0,0,0,0,0.0,,basketball-bund.net
399,BBC Osnabrück II,Niedersachsen,Niedersachsen,7,Regionsliga,Regionsliga Herren (53663),53663,1,0,0,0,0,0,0,0,0,0.0,,basketball-bund.net
400,BBC Stendal I,Sachsen-Anhalt,Sachsen-Anhalt,7,Landesliga,Landesliga Herren St. 1,53261,3,0,0,0,0,0,0,0,0,0.0,,basketball-bund.net
401,BBU 01 Ulm (3),Baden-Württemberg,Baden-Württemberg,7,Landesliga,BBW4 Landesliga Männer,55014,1,0,0,0,0,0,0,0,0,0.0,,basketball-bund.net
402,BBU 01 Ulm (4),Baden-Württemberg,Baden-Württemberg,7,Landesliga,BBW4 Landesliga Männer,55014,2,0,0,0,0,0,0,0,0,0.0,,basketball-bund.net
403,BBV Köln-Nordwest,Nordrhein-Westfalen,Nordrhein-Westfalen,7,Landesliga,Landesliga 03 Herren (LL03H),54580,3,0,0,0,0,0,0,0,0,0.0,,basketball-bund.net
404,BC Anhalt,Sachsen-Anhalt,Sachsen-Anhalt,7,Landesliga,Landesliga Herren St. 2,53262,2,0,0,0,0,0,0,0,0,0.0,,basketball-bund.net
405,BC Soest 2,Nordrhein-Westfalen,Nordrhein-Westfalen,7,Landesliga,Landesliga 08 Herren (LL08H),54585,1,0,0,0,0,0,0,0,0,0.0,,basketball-bund.net
406,BG 74 Göttingen II,Niedersachsen,Niedersachsen,7,Landesliga,Landesliga Herren 1,54140,5,0,0,0,0,0,0,0,0,0.0,,basketball-bund.net
407,BG 74 Göttingen IV,Niedersachsen,Niedersachsen,7,Regionsliga,Regionsliga Göttingen Herren,54708,4,0,0,0,0,0,0,0,0,0.0,,basketball-bund.net
408,BG 94 Schwedt,Brandenburg,Brandenburg,7,Landesliga,Landesliga Herren,55193,2,0,0,0,0,0,0,0,0,0.0,,basketball-bund.net
409,BG Bierden-Bassen-Achim,Niedersachsen,Niedersachsen,7,Regionsliga,Regionsliga Mixed,54167,1,0,0,0,0,0,0,0,0,0.0,,basketball-bund.net
410,BG Bierden-Bassen-Achim I,Niedersachsen,Niedersachsen,7,Regionsliga,Regionsliga Süd Herren,54166,1,0,0,0,0,0,0,0,0,0.0,,basketball-bund.net
411,BG Delbrück-Westwood,Nordrhein-Westfalen,Nordrhein-Westfalen,7,Landesliga,Landesliga 08 Herren (LL08H),54585,2,0,0,0,0,0,0,0,0,0.0,,basketball-bund.net
412,BG GutsMuths Panthers QLB/HBS II,Sachsen-Anhalt,Sachsen-Anhalt,7,Landesliga,Landesliga Herren St. 2,53262,3,0,0,0,0,0,0,0,0,0.0,,basketball-bund.net
413,BG Halstenbek / Pinneberg (2),Hamburg,Hamburg,7,Stadtliga,Herren Stadtliga West,53480,2,0,0,0,0,0,0,0,0,0.0,,basketball-bund.net
414,BG Hamburg-West (1),Hamburg,Hamburg,7,Stadtliga,Herren Stadtliga West,53480,3,0,0,0,0,0,0,0,0,0.0,,basketball-bund.net
415,BG Viernheim/Weinheim 3,Baden-Württemberg,Baden-Württemberg,7,Landesliga,BBW1 Landesliga Männer,52661,2,0,0,0,0,0,0,0,0,0.0,,basketball-bund.net
416,BIG Rostock,Mecklenburg-Vorpommern,Mecklenburg-Vorpommern,7,Landesliga,Landesliga Herren West,55544,1,0,0,0,0,0,0,0,0,0.0,,basketball-bund.net
417,BSG Kisdorf Kaltenkirchen 2,Schleswig-Holstein,Schleswig-Holstein,7,Landesliga,HLL,53846,2,0,0,0,0,0,0,0,0,0.0,,basketball-bund.net
418,BSG Südheide,Niedersachsen,Niedersachsen,7,Regionsliga,Regionsliga Mixed,54167,2,0,0,0,0,0,0,0,0,0.0,,basketball-bund.net
419,BSW Sixers III,Sachsen-Anhalt,Sachsen-Anhalt,7,Landesliga,Landesliga Herren St. 2,53262,4,0,0,0,0,0,0,0,0,0.0,,basketball-bund.net
420,BTS Neustadt,Niedersachsen,Niedersachsen,7,Regionsliga,Regionsliga Mixed,54167,3,0,0,0,0,0,0,0,0,0.0,,basketball-bund.net
421,BTV Ronsdorf Graben,Nordrhein-Westfalen,Nordrhein-Westfalen,7,Landesliga,Landesliga 03 Herren (LL03H),54580,4,0,0,0,0,0,0,0,0,0.0,,basketball-bund.net
422,BV Eberswalde,Brandenburg,Brandenburg,7,Landesliga,Landesliga Herren,55193,3,0,0,0,0,0,0,0,0,0.0,,basketball-bund.net
423,BV StarWings Glienicke 2,Brandenburg,Brandenburg,7,Landesliga,Landesliga Herren,55193,4,0,0,0,0,0,0,0,0,0.0,,basketball-bund.net
424,Bad Oeynhausen Baskets,Nordrhein-Westfalen,Nordrhein-Westfalen,7,Landesliga,Landesliga 08 Herren (LL08H),54585,3,0,0,0,0,0,0,0,0,0.0,,basketball-bund.net
425,Barmer TV 2,Nordrhein-Westfalen,Nordrhein-Westfalen,7,Landesliga,Landesliga 03 Herren (LL03H),54580,5,0,0,0,0,0,0,0,0,0.0,,basketball-bund.net
426,Basket Dragons Marzahn 1,Berlin,Berlin,7,Landesliga,Herren Landesliga A,55042,3,0,0,0,0,0,0,0,0,0.0,,basketball-bund.net
427,Basketball Lesum Vegesack II,Niedersachsen,Niedersachsen,7,Regionsliga,Regionsliga Nord Herren,54165,4,0,0,0,0,0,0,0,0,0.0,,basketball-bund.net
428,Basketball Lesum Vegesack III,Niedersachsen,Niedersachsen,7,Regionsliga,Regionsliga Süd Herren,54166,2,0,0,0,0,0,0,0,0,0.0,,basketball-bund.net
429,Baskets Lüdenscheid 2,Nordrhein-Westfalen,Nordrhein-Westfalen,7,Landesliga,Landesliga 06 Herren (LL06H),54583,5,0,0,0,0,0,0,0,0,0.0,,basketball-bund.net
430,Baskets Wolmirstedt I,Sachsen-Anhalt,Sachsen-Anhalt,7,Landesliga,Landesliga Herren St. 1,53261,4,0,0,0,0,0,0,0,0,0.0,,basketball-bund.net
431,Berliner TSC 1,Berlin,Berlin,7,Landesliga,Herren Landesliga A,55042,4,0,0,0,0,0,0,0,0,0.0,,basketball-bund.net
432,Blau-Weiss Buchholz (1),Hamburg,Hamburg,7,Stadtliga,Herren Stadtliga Ost,53479,2,0,0,0,0,0,0,0,0,0.0,,basketball-bund.net
433,Bramfelder SV von 1945 (2),Hamburg,Hamburg,7,Stadtliga,Herren Stadtliga Ost,53479,3,0,0,0,0,0,0,0,0,0.0,,basketball-bund.net
434,Bramfelder SV von 1945 (3),Hamburg,Hamburg,7,Stadtliga,Herren Stadtliga West,53480,4,0,0,0,0,0,0,0,0,0.0,,basketball-bund.net
435,Bremen 1860,Niedersachsen,Niedersachsen,7,Landesliga,Landesliga Herren 3,54142,5,0,0,0,0,0,0,0,0,0.0,,basketball-bund.net
436,Bremen 1860 I,Niedersachsen,Niedersachsen,7,Regionsliga,Regionsliga Mixed,54167,4,0,0,0,0,0,0,0,0,0.0,,basketball-bund.net
437,Bremen 1860 II,Niedersachsen,Niedersachsen,7,Regionsliga,Regionsliga Süd Herren,54166,3,0,0,0,0,0,0,0,0,0.0,,basketball-bund.net
438,Bremen 1860 III,Niedersachsen,Niedersachsen,7,Regionsliga,Regionsliga Süd Herren,54166,4,0,0,0,0,0,0,0,0,0.0,,basketball-bund.net
439,Bremer TV Friesen,Niedersachsen,Niedersachsen,7,Regionsliga,Regionsliga Nord Herren,54165,5,0,0,0,0,0,0,0,0,0.0,,basketball-bund.net
440,Bremerhaven United e.V. II,Niedersachsen,Niedersachsen,7,Regionsliga,Regionsliga Nord Herren,54165,6,0,0,0,0,0,0,0,0,0.0,,basketball-bund.net
441,Bürgerfelder TB III,Niedersachsen,Niedersachsen,7,Regionsliga,Regionsliga Herren OL/OF,54757,2,0,0,0,0,0,0,0,0,0.0,,basketball-bund.net
442,DBV Charlottenburg 5,Berlin,Berlin,7,Landesliga,Herren Landesliga A,55042,5,0,0,0,0,0,0,0,0,0.0,,basketball-bund.net
443,DJK Grün-Weiss Rheda,Nordrhein-Westfalen,Nordrhein-Westfalen,7,Landesliga,Landesliga 08 Herren (LL08H),54585,4,0,0,0,0,0,0,0,0,0.0,,basketball-bund.net
444,DJK Nieder-Olm,Rheinland-Pfalz,Rheinland-Pfalz,7,Landesliga,Landesliga Rheinhessen-Pfalz Herren,54408,4,0,0,0,0,0,0,0,0,0.0,,basketball-bund.net
445,DJK Südwest Köln 3,Nordrhein-Westfalen,Nordrhein-Westfalen,7,Landesliga,Landesliga 03 Herren (LL03H),54580,6,0,0,0,0,0,0,0,0,0.0,,basketball-bund.net
446,DTV Basketball Köln 3,Nordrhein-Westfalen,Nordrhein-Westfalen,7,Landesliga,Landesliga 03 Herren (LL03H),54580,7,0,0,0,0,0,0,0,0,0.0,,basketball-bund.net
447,Detmolder SV,Nordrhein-Westfalen,Nordrhein-Westfalen,7,Landesliga,Landesliga 08 Herren (LL08H),54585,5,0,0,0,0,0,0,0,0,0.0,,basketball-bund.net
448,Eimsbütteler Turnverband (4),Hamburg,Hamburg,7,Stadtliga,Herren Stadtliga West,53480,5,0,0,0,0,0,0,0,0,0.0,,basketball-bund.net
449,Eimsbütteler Turnverband (5),Hamburg,Hamburg,7,Stadtliga,Herren Stadtliga Ost,53479,4,0,0,0,0,0,0,0,0,0.0,,basketball-bund.net
450,Eisenhüttenstädter BV,Brandenburg,Brandenburg,7,Landesliga,Landesliga Herren,55193,5,0,0,0,0,0,0,0,0,0.0,,basketball-bund.net
451,Elbe Baskets,Sachsen-Anhalt,Sachsen-Anhalt,7,Landesliga,Landesliga Herren St. 1,53261,5,0,0,0,0,0,0,0,0,0.0,,basketball-bund.net
452,Ellerbeker TV 2,Schleswig-Holstein,Schleswig-Holstein,7,Landesliga,HLL,53846,3,0,0,0,0,0,0,0,0,0.0,,basketball-bund.net
453,Elmshorner MTV (1),Hamburg,Hamburg,7,Stadtliga,Herren Stadtliga West,53480,6,0,0,0,0,0,0,0,0,0.0,,basketball-bund.net
454,Elster Baskets Greiz e.V.,Thüringen,Thüringen,7,Landesliga,Landesliga Herren Ost,54736,4,0,0,0,0,0,0,0,0,0.0,,basketball-bund.net
455,FC St. Pauli von 1910 e.V. (2),Hamburg,Hamburg,7,Stadtliga,Herren Stadtliga West,53480,7,0,0,0,0,0,0,0,0,0.0,,basketball-bund.net
456,FREIBEUTER 2010 3,Berlin,Berlin,7,Landesliga,Herren Landesliga B,55045,4,0,0,0,0,0,0,0,0,0.0,,basketball-bund.net
457,Friedenauer TSC 2,Berlin,Berlin,7,Landesliga,Herren Landesliga B,55045,5,0,0,0,0,0,0,0,0,0.0,,basketball-bund.net
458,Görlitzer BC Squirrels,Sachsen,Sachsen,7,Landesliga,Landesliga Herren Sachsen Gruppe 2,52794,4,0,0,0,0,0,0,0,0,0.0,,basketball-bund.net
459,Güstrow Lizards,Mecklenburg-Vorpommern,Mecklenburg-Vorpommern,7,Landesliga,Landesliga Herren West,55544,2,0,0,0,0,0,0,0,0,0.0,,basketball-bund.net
460,HHT Wolves (1),Hamburg,Hamburg,7,Stadtliga,Herren Stadtliga West,53480,8,0,0,0,0,0,0,0,0,0.0,,basketball-bund.net
461,Heidelberger TV  2,Baden-Württemberg,Baden-Württemberg,7,Landesliga,BBW1 Landesliga Männer,52661,3,0,0,0,0,0,0,0,0,0.0,,basketball-bund.net
462,Jade Giants,Niedersachsen,Niedersachsen,7,Regionsliga,Regionsliga Herren OL/OF,54757,3,0,0,0,0,0,0,0,0,0.0,,basketball-bund.net
463,KKK Haiterbach 2,Baden-Württemberg,Baden-Württemberg,7,Landesliga,BBW4 Landesliga Männer,55014,3,0,0,0,0,0,0,0,0,0.0,,basketball-bund.net
464,Kieler TB 2,Schleswig-Holstein,Schleswig-Holstein,7,Landesliga,HLL,53846,4,0,0,0,0,0,0,0,0,0.0,,basketball-bund.net
465,LSV Ladenburg 1,Baden-Württemberg,Baden-Württemberg,7,Landesliga,BBW1 Landesliga Männer,52661,4,0,0,0,0,0,0,0,0,0.0,,basketball-bund.net
466,LSV Ladenburg 2,Baden-Württemberg,Baden-Württemberg,7,Landesliga,BBW1 Landesliga Männer,52661,5,0,0,0,0,0,0,0,0,0.0,,basketball-bund.net
467,Leichlinger TV,Nordrhein-Westfalen,Nordrhein-Westfalen,7,Landesliga,Landesliga 03 Herren (LL03H),54580,8,0,0,0,0,0,0,0,0,0.0,,basketball-bund.net
468,Leichlinger TV 2,Nordrhein-Westfalen,Nordrhein-Westfalen,7,Landesliga,Landesliga 03 Herren (LL03H),54580,9,0,0,0,0,0,0,0,0,0.0,,basketball-bund.net
469,MBF Berlin 1,Berlin,Berlin,7,Landesliga,Herren Landesliga A,55042,6,0,0,0,0,0,0,0,0,0.0,,basketball-bund.net
470,MTV Herzberg,Niedersachsen,Niedersachsen,7,Regionsliga,Regionsliga Göttingen Herren,54708,5,0,0,0,0,0,0,0,0,0.0,,basketball-bund.net
471,MTV Tostedt,Niedersachsen,Niedersachsen,7,Regionsliga,Regionsliga Süd Herren,54166,5,0,0,0,0,0,0,0,0,0.0,,basketball-bund.net
472,MTV/BG Wolfenbüttel 3,Niedersachsen,Niedersachsen,7,Regionsliga,Regionsliga Braunschweig Herren,54674,5,0,0,0,0,0,0,0,0,0.0,,basketball-bund.net
473,Mellendorfer TV,Niedersachsen,Niedersachsen,7,Regionsliga,Regionsliga Herren,54527,5,0,0,0,0,0,0,0,0,0.0,,basketball-bund.net
474,Mitte SuperSonics 1,Berlin,Berlin,7,Landesliga,Herren Landesliga B,55045,6,0,0,0,0,0,0,0,0,0.0,,basketball-bund.net
475,NBC Baskets Nordhorn I,Niedersachsen,Niedersachsen,7,Regionsliga,Regionsliga Herren (53663),53663,2,0,0,0,0,0,0,0,0,0.0,,basketball-bund.net
476,Neukölln Minotaurs 1,Berlin,Berlin,7,Landesliga,Herren Landesliga A,55042,7,0,0,0,0,0,0,0,0,0.0,,basketball-bund.net
477,OSC Damme,Niedersachsen,Niedersachsen,7,Regionsliga,Regionsliga Herren (53663),53663,3,0,0,0,0,0,0,0,0,0.0,,basketball-bund.net
478,Oldenburger TB 3,Niedersachsen,Niedersachsen,7,Landesliga,Landesliga Herren 3,54142,6,0,0,0,0,0,0,0,0,0.0,,basketball-bund.net
479,Oldenburger TB IV,Niedersachsen,Niedersachsen,7,Regionsliga,Regionsliga Herren OL/OF,54757,4,0,0,0,0,0,0,0,0,0.0,,basketball-bund.net
480,Osnabrücker SC I,Niedersachsen,Niedersachsen,7,Regionsliga,Regionsliga Herren (53663),53663,4,0,0,0,0,0,0,0,0,0.0,,basketball-bund.net
481,PSV Ribnitz-Damgarten e.V.,Mecklenburg-Vorpommern,Mecklenburg-Vorpommern,7,Landesliga,Landesliga Herren West,55544,3,0,0,0,0,0,0,0,0,0.0,,basketball-bund.net
482,Paderborn Baskets 3,Nordrhein-Westfalen,Nordrhein-Westfalen,7,Landesliga,Landesliga 08 Herren (LL08H),54585,6,0,0,0,0,0,0,0,0,0.0,,basketball-bund.net
483,Paderborn Baskets 4,Nordrhein-Westfalen,Nordrhein-Westfalen,7,Landesliga,Landesliga 08 Herren (LL08H),54585,7,0,0,0,0,0,0,0,0,0.0,,basketball-bund.net
484,Panthers Villingen-Schwenningen 2,Baden-Württemberg,Baden-Württemberg,7,Landesliga,BBW4 Landesliga Männer,55014,4,0,0,0,0,0,0,0,0,0.0,,basketball-bund.net
485,RSV Eintracht 1,Berlin,Berlin,7,Landesliga,Herren Landesliga A,55042,8,0,0,0,0,0,0,0,0,0.0,,basketball-bund.net
486,SC Alstertal-Langenhorn (1),Hamburg,Hamburg,7,Stadtliga,Herren Stadtliga Ost,53479,5,0,0,0,0,0,0,0,0,0.0,,basketball-bund.net
487,SC Ottensen (1),Hamburg,Hamburg,7,Stadtliga,Herren Stadtliga West,53480,9,0,0,0,0,0,0,0,0,0.0,,basketball-bund.net
488,SC Ottensen (2),Hamburg,Hamburg,7,Stadtliga,Herren Stadtliga Ost,53479,6,0,0,0,0,0,0,0,0,0.0,,basketball-bund.net
489,SC RASTA Vechta IV,Niedersachsen,Niedersachsen,7,Landesliga,Landesliga Herren 4,54143,3,0,0,0,0,0,0,0,0,0.0,,basketball-bund.net
490,SC RASTA Vechta V,Niedersachsen,Niedersachsen,7,Regionsliga,Regionsliga Herren (53663),53663,5,0,0,0,0,0,0,0,0,0.0,,basketball-bund.net
491,SC Weende III,Niedersachsen,Niedersachsen,7,Regionsliga,Regionsliga Göttingen Herren,54708,6,0,0,0,0,0,0,0,0,0.0,,basketball-bund.net
492,SC Weende-Göttingen II,Niedersachsen,Niedersachsen,7,Landesliga,Landesliga Herren 1,54140,6,0,0,0,0,0,0,0,0,0.0,,basketball-bund.net
493,SFB Basket Brandenburg 2,Brandenburg,Brandenburg,7,Landesliga,Landesliga Herren,55193,6,0,0,0,0,0,0,0,0,0.0,,basketball-bund.net
494,SG Buxtehude-Altkloster,Niedersachsen,Niedersachsen,7,Regionsliga,Regionsliga Süd Herren,54166,6,0,0,0,0,0,0,0,0,0.0,,basketball-bund.net
495,SG Heidelberg/Kirchheim 2,Baden-Württemberg,Baden-Württemberg,7,Landesliga,BBW1 Landesliga Männer,52661,6,0,0,0,0,0,0,0,0,0.0,,basketball-bund.net
496,SG Mannheim 2,Baden-Württemberg,Baden-Württemberg,7,Landesliga,BBW1 Landesliga Männer,52661,7,0,0,0,0,0,0,0,0,0.0,,basketball-bund.net
497,SG Mannheim 3,Baden-Württemberg,Baden-Württemberg,7,Landesliga,BBW1 Landesliga Männer,52661,8,0,0,0,0,0,0,0,0,0.0,,basketball-bund.net
498,SG Rot-Weiß Neuenhagen,Brandenburg,Brandenburg,7,Landesliga,Landesliga Herren,55193,7,0,0,0,0,0,0,0,0,0.0,,basketball-bund.net
499,SG Voerde Schwelm,Nordrhein-Westfalen,Nordrhein-Westfalen,7,Landesliga,Landesliga 06 Herren (LL06H),54583,6,0,0,0,0,0,0,0,0,0.0,,basketball-bund.net
500,SSV Einheit Weißenfels I,Sachsen-Anhalt,Sachsen-Anhalt,7,Landesliga,Landesliga Herren St. 2,53262,5,0,0,0,0,0,0,0,0,0.0,,basketball-bund.net
501,SSV Lok Bernau 3,Brandenburg,Brandenburg,7,Landesliga,Landesliga Herren,55193,8,0,0,0,0,0,0,0,0,0.0,,basketball-bund.net
502,SV 03 Tigers Tübingen 2,Baden-Württemberg,Baden-Württemberg,7,Landesliga,BBW4 Landesliga Männer,55014,5,0,0,0,0,0,0,0,0,0.0,,basketball-bund.net
503,SV 09 Arnsberg,Nordrhein-Westfalen,Nordrhein-Westfalen,7,Landesliga,Landesliga 06 Herren (LL06H),54583,7,0,0,0,0,0,0,0,0,0.0,,basketball-bund.net
504,SV 1919 Woltersdorf,Brandenburg,Brandenburg,7,Landesliga,Landesliga Herren,55193,9,0,0,0,0,0,0,0,0,0.0,,basketball-bund.net
505,SV Blau-Weiß Ramsloh,Niedersachsen,Niedersachsen,7,Regionsliga,Regionsliga Herren OL/OF,54757,5,0,0,0,0,0,0,0,0,0.0,,basketball-bund.net
506,SV Brake,Niedersachsen,Niedersachsen,7,Regionsliga,Regionsliga Herren OL/OF,54757,6,0,0,0,0,0,0,0,0,0.0,,basketball-bund.net
507,SV Empor Berlin 3,Berlin,Berlin,7,Landesliga,Herren Landesliga B,55045,7,0,0,0,0,0,0,0,0,0.0,,basketball-bund.net
508,SV Gehrden,Niedersachsen,Niedersachsen,7,Regionsliga,Regionsliga Herren,54527,6,0,0,0,0,0,0,0,0,0.0,,basketball-bund.net
509,SV Haspe 70 4,Nordrhein-Westfalen,Nordrhein-Westfalen,7,Landesliga,Landesliga 06 Herren (LL06H),54583,8,0,0,0,0,0,0,0,0,0.0,,basketball-bund.net
510,SV Neukölln 09 1,Berlin,Berlin,7,Landesliga,Herren Landesliga A,55042,9,0,0,0,0,0,0,0,0,0.0,,basketball-bund.net
511,SV Ofenerdiek II,Niedersachsen,Niedersachsen,7,Regionsliga,Regionsliga Herren OL/OF,54757,7,0,0,0,0,0,0,0,0,0.0,,basketball-bund.net
512,SV St. Georg (1),Hamburg,Hamburg,7,Stadtliga,Herren Stadtliga Ost,53479,7,0,0,0,0,0,0,0,0,0.0,,basketball-bund.net
513,SV Wasbek,Schleswig-Holstein,Schleswig-Holstein,7,Landesliga,HLL,53846,5,0,0,0,0,0,0,0,0,0.0,,basketball-bund.net
514,SV Zörbig I,Sachsen-Anhalt,Sachsen-Anhalt,7,Landesliga,Landesliga Herren St. 2,53262,6,0,0,0,0,0,0,0,0,0.0,,basketball-bund.net
515,Science City Jena VI,Thüringen,Thüringen,7,Landesliga,Landesliga Herren Ost,54736,5,0,0,0,0,0,0,0,0,0.0,,basketball-bund.net
516,Südwest Baskets Wuppertal 3,Nordrhein-Westfalen,Nordrhein-Westfalen,7,Landesliga,Landesliga 03 Herren (LL03H),54580,10,0,0,0,0,0,0,0,0,0.0,,basketball-bund.net
517,TC 69 Berlin 1,Berlin,Berlin,7,Landesliga,Herren Landesliga B,55045,8,0,0,0,0,0,0,0,0,0.0,,basketball-bund.net
518,TC Bad Rothenfelde I,Niedersachsen,Niedersachsen,7,Regionsliga,Regionsliga Herren (53663),53663,6,0,0,0,0,0,0,0,0,0.0,,basketball-bund.net
519,TG Herford,Nordrhein-Westfalen,Nordrhein-Westfalen,7,Landesliga,Landesliga 08 Herren (LL08H),54585,8,0,0,0,0,0,0,0,0,0.0,,basketball-bund.net
520,TG Sandhausen 2,Baden-Württemberg,Baden-Württemberg,7,Landesliga,BBW1 Landesliga Männer,52661,9,0,0,0,0,0,0,0,0,0.0,,basketball-bund.net
521,TK Hannover,Niedersachsen,Niedersachsen,7,Landesliga,Landesliga Herren 2,54141,5,0,0,0,0,0,0,0,0,0.0,,basketball-bund.net
522,TSG Balingen Falcons,Baden-Württemberg,Baden-Württemberg,7,Landesliga,BBW4 Landesliga Männer,55014,6,0,0,0,0,0,0,0,0,0.0,,basketball-bund.net
523,TSG Bergedorf von 1860 (2),Hamburg,Hamburg,7,Stadtliga,Herren Stadtliga Ost,53479,8,0,0,0,0,0,0,0,0,0.0,,basketball-bund.net
524,TSG Ehingen,Baden-Württemberg,Baden-Württemberg,7,Landesliga,BBW4 Landesliga Männer,55014,7,0,0,0,0,0,0,0,0,0.0,,basketball-bund.net
525,TSG Warin Baskets,Mecklenburg-Vorpommern,Mecklenburg-Vorpommern,7,Landesliga,Landesliga Herren West,55544,4,0,0,0,0,0,0,0,0,0.0,,basketball-bund.net
526,TSG Wiesloch 1,Baden-Württemberg,Baden-Württemberg,7,Landesliga,BBW1 Landesliga Männer,52661,10,0,0,0,0,0,0,0,0,0.0,,basketball-bund.net
527,TSG Ziegelhausen 1,Baden-Württemberg,Baden-Württemberg,7,Landesliga,BBW1 Landesliga Männer,52661,11,0,0,0,0,0,0,0,0,0.0,,basketball-bund.net
528,TSV Dittersbach,Sachsen,Sachsen,7,Landesliga,Landesliga Herren Sachsen Gruppe 2,52794,5,0,0,0,0,0,0,0,0,0.0,,basketball-bund.net
529,TSV Kronshagen,Schleswig-Holstein,Schleswig-Holstein,7,Landesliga,HLL,53846,6,0,0,0,0,0,0,0,0,0.0,,basketball-bund.net
530,TSV Lustnau,Baden-Württemberg,Baden-Württemberg,7,Landesliga,BBW4 Landesliga Männer,55014,8,0,0,0,0,0,0,0,0,0.0,,basketball-bund.net
531,TSV Niederndodeleben,Sachsen-Anhalt,Sachsen-Anhalt,7,Landesliga,Landesliga Herren St. 1,53261,6,0,0,0,0,0,0,0,0,0.0,,basketball-bund.net
532,TSV Quakenbrück II,Niedersachsen,Niedersachsen,7,Landesliga,Landesliga Herren 4,54143,4,0,0,0,0,0,0,0,0,0.0,,basketball-bund.net
533,TSV Rottweil Werewolves,Baden-Württemberg,Baden-Württemberg,7,Landesliga,BBW4 Landesliga Männer,55014,9,0,0,0,0,0,0,0,0,0.0,,basketball-bund.net
534,TSV Sportuniversum 1,Berlin,Berlin,7,Landesliga,Herren Landesliga B,55045,9,0,0,0,0,0,0,0,0,0.0,,basketball-bund.net
535,TSV Wieblingen Füchse 2,Baden-Württemberg,Baden-Württemberg,7,Landesliga,BBW1 Landesliga Männer,52661,12,0,0,0,0,0,0,0,0,0.0,,basketball-bund.net
536,TSVE 1890 Bielefeld 2,Nordrhein-Westfalen,Nordrhein-Westfalen,7,Landesliga,Landesliga 08 Herren (LL08H),54585,9,0,0,0,0,0,0,0,0,0.0,,basketball-bund.net
537,TV 03 Ramstein,Rheinland-Pfalz,Rheinland-Pfalz,7,Landesliga,Landesliga Rheinhessen-Pfalz Herren,54408,5,0,0,0,0,0,0,0,0,0.0,,basketball-bund.net
538,TV Delmenhorst,Niedersachsen,Niedersachsen,7,Landesliga,Landesliga Herren 3,54142,7,0,0,0,0,0,0,0,0,0.0,,basketball-bund.net
539,TV Derendingen,Baden-Württemberg,Baden-Württemberg,7,Landesliga,BBW4 Landesliga Männer,55014,10,0,0,0,0,0,0,0,0,0.0,,basketball-bund.net
540,TV Falkenberg e.V.,Niedersachsen,Niedersachsen,7,Regionsliga,Regionsliga Mixed,54167,5,0,0,0,0,0,0,0,0,0.0,,basketball-bund.net
541,TV Huntlosen,Niedersachsen,Niedersachsen,7,Regionsliga,Regionsliga Herren OL/OF,54757,8,0,0,0,0,0,0,0,0,0.0,,basketball-bund.net
542,TV Jahn Borgholzhausen,Nordrhein-Westfalen,Nordrhein-Westfalen,7,Landesliga,Landesliga 08 Herren (LL08H),54585,10,0,0,0,0,0,0,0,0,0.0,,basketball-bund.net
543,TV Jahn Walsrode,Niedersachsen,Niedersachsen,7,Regionsliga,Regionsliga Süd Herren,54166,7,0,0,0,0,0,0,0,0,0.0,,basketball-bund.net
544,TV Jahn Wolfsburg Honeybadgers,Niedersachsen,Niedersachsen,7,Regionsliga,Regionsliga Braunschweig Herren,54674,6,0,0,0,0,0,0,0,0,0.0,,basketball-bund.net
545,TV Meppen I,Niedersachsen,Niedersachsen,7,Regionsliga,Regionsliga Herren (53663),53663,7,0,0,0,0,0,0,0,0,0.0,,basketball-bund.net
546,TV Oldersum,Niedersachsen,Niedersachsen,7,Landesliga,Landesliga Herren 4,54143,5,0,0,0,0,0,0,0,0,0.0,,basketball-bund.net
547,TV Oppenheim,Rheinland-Pfalz,Rheinland-Pfalz,7,Landesliga,Landesliga Rheinhessen-Pfalz Herren,54408,6,0,0,0,0,0,0,0,0,0.0,,basketball-bund.net
548,TV Salzkotten 3,Nordrhein-Westfalen,Nordrhein-Westfalen,7,Landesliga,Landesliga 08 Herren (LL08H),54585,11,0,0,0,0,0,0,0,0,0.0,,basketball-bund.net
549,TV Sinsheim 1,Baden-Württemberg,Baden-Württemberg,7,Landesliga,BBW1 Landesliga Männer,52661,13,0,0,0,0,0,0,0,0,0.0,,basketball-bund.net
550,TuS Bramsche II,Niedersachsen,Niedersachsen,7,Landesliga,Landesliga Herren 4,54143,6,0,0,0,0,0,0,0,0,0.0,,basketball-bund.net
551,TuS Eintracht Rulle,Niedersachsen,Niedersachsen,7,Regionsliga,Regionsliga Herren (53663),53663,8,0,0,0,0,0,0,0,0,0.0,,basketball-bund.net
552,TuS Hohnstorf/Elbe I,Niedersachsen,Niedersachsen,7,Regionsliga,Regionsliga Süd Herren,54166,8,0,0,0,0,0,0,0,0,0.0,,basketball-bund.net
553,TuS Iserlohn Kangaroos 2,Nordrhein-Westfalen,Nordrhein-Westfalen,7,Landesliga,Landesliga 06 Herren (LL06H),54583,9,0,0,0,0,0,0,0,0,0.0,,basketball-bund.net
554,TuS Jahn Lindhorst,Niedersachsen,Niedersachsen,7,Landesliga,Landesliga Herren 2,54141,6,0,0,0,0,0,0,0,0,0.0,,basketball-bund.net
555,TuS Neukölln 2,Berlin,Berlin,7,Landesliga,Herren Landesliga B,55045,10,0,0,0,0,0,0,0,0,0.0,,basketball-bund.net
556,TuS Zetel,Niedersachsen,Niedersachsen,7,Landesliga,Landesliga Herren 4,54143,7,0,0,0,0,0,0,0,0,0.0,,basketball-bund.net
557,USC Magdeburg II,Sachsen-Anhalt,Sachsen-Anhalt,7,Landesliga,Landesliga Herren St. 1,53261,7,0,0,0,0,0,0,0,0,0.0,,basketball-bund.net
558,USV Halle III,Sachsen-Anhalt,Sachsen-Anhalt,7,Landesliga,Landesliga Herren St. 2,53262,7,0,0,0,0,0,0,0,0,0.0,,basketball-bund.net
559,USV Potsdam 2,Brandenburg,Brandenburg,7,Landesliga,Landesliga Herren,55193,10,0,0,0,0,0,0,0,0,0.0,,basketball-bund.net
560,VfL Edewecht Wattworms,Niedersachsen,Niedersachsen,7,Landesliga,Landesliga Herren 4,54143,8,0,0,0,0,0,0,0,0,0.0,,basketball-bund.net
561,VfL Gummersbach,Nordrhein-Westfalen,Nordrhein-Westfalen,7,Landesliga,Landesliga 03 Herren (LL03H),54580,11,0,0,0,0,0,0,0,0,0.0,,basketball-bund.net
562,VfL Oldesloe,Schleswig-Holstein,Schleswig-Holstein,7,Landesliga,HLL,53846,7,0,0,0,0,0,0,0,0,0.0,,basketball-bund.net
563,VfL Stade,Niedersachsen,Niedersachsen,7,Regionsliga,Regionsliga Mixed,54167,6,0,0,0,0,0,0,0,0,0.0,,basketball-bund.net
564,VfL Stade III,Niedersachsen,Niedersachsen,7,Regionsliga,Regionsliga Süd Herren,54166,9,0,0,0,0,0,0,0,0,0.0,,basketball-bund.net
565,Walddörfer Sportverein (2),Hamburg,Hamburg,7,Stadtliga,Herren Stadtliga Ost,53479,9,0,0,0,0,0,0,0,0,0.0,,basketball-bund.net
566,Weddinger Wiesel 2,Berlin,Berlin,7,Landesliga,Herren Landesliga A,55042,10,0,0,0,0,0,0,0,0,0.0,,basketball-bund.net
567,Wismar Bulls 2,Mecklenburg-Vorpommern,Mecklenburg-Vorpommern,7,Landesliga,Landesliga Herren West,55544,5,0,0,0,0,0,0,0,0,0.0,,basketball-bund.net
568,Witten Baskets 2,Nordrhein-Westfalen,Nordrhein-Westfalen,7,Landesliga,Landesliga 06 Herren (LL06H),54583,10,0,0,0,0,0,0,0,0,0.0,,basketball-bund.net
569,spielfrei,Berlin,Berlin,7,Landesliga,Herren Landesliga A,55042,11,0,0,0,0,0,0,0,0,0.0,,basketball-bund.net
570,spielfrei,Berlin,Berlin,7,Landesliga,Herren Landesliga B,55045,11,0,0,0,0,0,0,0,0,0.0,,basketball-bund.net
571,vamos! TSG Söflingen 4,Baden-Württemberg,Baden-Württemberg,7,Landesliga,BBW4 Landesliga Männer,55014,11,0,0,0,0,0,0,0,0,0.0,,basketball-bund.net
572,FC Hertha Hilkerode,Niedersachsen,Niedersachsen,7,Regionsliga,Regionsliga Göttingen Herren,54708,7,1,0,0,1,69,71,-2,0,0.0,,basketball-bund.net
573,SG TV St.Wendel/TV Ottweiler I,Saarland,Saarland,7,Landesliga,Landesliga Saar Herren 2026 2027,54613,6,1,0,0,1,66,68,-2,0,0.0,,basketball-bund.net
574,TS Germersheim,Rheinland-Pfalz,Rheinland-Pfalz,7,Landesliga,Landesliga Rheinhessen-Pfalz Herren,54408,7,1,0,0,1,63,65,-2,0,0.0,,basketball-bund.net
575,SSV Intercor 1,Berlin,Berlin,7,Landesliga,Herren Landesliga A,55042,12,1,0,0,1,59,61,-2,0,0.0,,basketball-bund.net
576,VfL Hameln,Niedersachsen,Niedersachsen,7,Regionsliga,Regionsliga Herren,54527,7,1,0,0,1,59,61,-2,0,0.0,,basketball-bund.net
577,MTV/BG Wolfenbüttel 5,Niedersachsen,Niedersachsen,7,Regionsliga,Regionsliga Braunschweig Herren,54674,7,1,0,0,1,45,47,-2,0,0.0,,basketball-bund.net
578,SuS Northeim I,Niedersachsen,Niedersachsen,7,Landesliga,Landesliga Herren 1,54140,7,1,0,0,1,82,85,-3,0,0.0,,basketball-bund.net
579,Hanover Basketball Dragons I,Niedersachsen,Niedersachsen,7,Landesliga,Landesliga Herren 2,54141,7,1,0,0,1,74,77,-3,0,0.0,,basketball-bund.net
580,FTSV Jahn Brinkum I,Niedersachsen,Niedersachsen,7,Landesliga,Landesliga Herren 3,54142,8,1,0,0,1,61,64,-3,0,0.0,,basketball-bund.net
581,Eintracht Braunschweig  3,Niedersachsen,Niedersachsen,7,Regionsliga,Regionsliga Braunschweig Herren,54674,8,1,0,0,1,68,73,-5,0,0.0,,basketball-bund.net
582,BG '89 Rotenburg/Scheeßel,Niedersachsen,Niedersachsen,7,Landesliga,Landesliga Herren 3,54142,9,1,0,0,1,59,64,-5,0,0.0,,basketball-bund.net
583,Eintracht Hildesheim,Niedersachsen,Niedersachsen,7,Landesliga,Landesliga Herren 2,54141,8,1,0,0,1,67,74,-7,0,0.0,,basketball-bund.net
584,BSG Rübenach / Urbar,Rheinland-Pfalz,Rheinland-Pfalz,7,Landesliga,Landesliga Rheinland Herren,52845,6,1,0,0,1,63,70,-7,0,0.0,,basketball-bund.net
585,SG Voerde Schwelm 2,Nordrhein-Westfalen,Nordrhein-Westfalen,7,Landesliga,Landesliga 06 Herren (LL06H),54583,11,1,0,0,1,55,62,-7,0,0.0,,basketball-bund.net
586,BBV Leipzig Eagles,Sachsen,Sachsen,7,Landesliga,Landesliga Herren Sachsen Gruppe 1,52793,5,1,0,0,1,77,85,-8,0,0.0,,basketball-bund.net
587,Sport-und Spielverein Chemnitz,Sachsen,Sachsen,7,Landesliga,Landesliga Herren Sachsen Gruppe 1,52793,6,1,0,0,1,74,82,-8,0,0.0,,basketball-bund.net
588,BBC Horchheim 2,Rheinland-Pfalz,Rheinland-Pfalz,7,Landesliga,Landesliga Rheinland Herren,52845,7,1,0,0,1,71,79,-8,0,0.0,,basketball-bund.net
589,Teutonia Hausen 1,Hessen,Hessen,7,Landesliga,Landesliga Süd Herren,54640,8,1,0,0,1,56,64,-8,0,0.0,,basketball-bund.net
590,TuS Herrensohr II,Saarland,Saarland,7,Landesliga,Landesliga Saar Herren 2026 2027,54613,7,1,0,0,1,77,86,-9,0,0.0,,basketball-bund.net
591,TSV Lang-Göns,Hessen,Hessen,7,Landesliga,Landesliga Nord Herren,54639,8,2,0,0,2,123,143,-20,0,0.0,,basketball-bund.net
592,TSC Vahdet,Niedersachsen,Niedersachsen,7,Landesliga,Landesliga Herren 1,54140,8,1,0,0,1,53,63,-10,0,0.0,,basketball-bund.net
593,1. BC Bremerhaven II,Niedersachsen,Niedersachsen,7,Regionsliga,Regionsliga Nord Herren,54165,7,1,0,0,1,63,74,-11,0,0.0,,basketball-bund.net
594,BC Dresden 3,Sachsen,Sachsen,7,Landesliga,Landesliga Herren Sachsen Gruppe 2,52794,6,1,0,0,1,49,60,-11,0,0.0,,basketball-bund.net
595,ATSV Freiberg,Sachsen,Sachsen,7,Landesliga,Landesliga Herren Sachsen Gruppe 2,52794,7,1,0,0,1,85,97,-12,0,0.0,,basketball-bund.net
596,MTV Lingen,Niedersachsen,Niedersachsen,7,Landesliga,Landesliga Herren 4,54143,9,1,0,0,1,62,74,-12,0,0.0,,basketball-bund.net
597,TSV Neustadt III,Niedersachsen,Niedersachsen,7,Landesliga,Landesliga Herren 2,54141,9,1,0,0,1,52,64,-12,0,0.0,,basketball-bund.net
598,Roter Stern Leipzig,Sachsen,Sachsen,7,Landesliga,Landesliga Herren Sachsen Gruppe 1,52793,7,1,0,0,1,70,83,-13,0,0.0,,basketball-bund.net
599,Bovender SV,Niedersachsen,Niedersachsen,7,Regionsliga,Regionsliga Göttingen Herren,54708,8,1,0,0,1,60,73,-13,0,0.0,,basketball-bund.net
600,Bürgerfelder TB II,Niedersachsen,Niedersachsen,7,Landesliga,Landesliga Herren 4,54143,10,1,0,0,1,54,67,-13,0,0.0,,basketball-bund.net
601,SG Towers Speyer/Schifferstadt,Rheinland-Pfalz,Rheinland-Pfalz,7,Landesliga,Landesliga Rheinhessen-Pfalz Herren,54408,8,1,0,0,1,74,88,-14,0,0.0,,basketball-bund.net
602,TV St. Ingbert I,Saarland,Saarland,7,Landesliga,Landesliga Saar Herren 2026 2027,54613,8,1,0,0,1,64,78,-14,0,0.0,,basketball-bund.net
603,TTT Nord Garbsen,Niedersachsen,Niedersachsen,7,Regionsliga,Regionsliga Herren,54527,8,1,0,0,1,45,59,-14,0,0.0,,basketball-bund.net
604,TSV Altenwalde,Niedersachsen,Niedersachsen,7,Regionsliga,Regionsliga Nord Herren,54165,8,1,0,0,1,71,86,-15,0,0.0,,basketball-bund.net
605,Wittlicher TV,Rheinland-Pfalz,Rheinland-Pfalz,7,Landesliga,Landesliga Rheinland Herren,52845,8,1,0,0,1,69,84,-15,0,0.0,,basketball-bund.net
606,VfL Stade II,Niedersachsen,Niedersachsen,7,Landesliga,Landesliga Herren 3,54142,10,1,0,0,1,66,81,-15,0,0.0,,basketball-bund.net
607,CVJM Hannover 3,Niedersachsen,Niedersachsen,7,Regionsliga,Regionsliga Herren,54527,9,1,0,0,1,54,69,-15,0,0.0,,basketball-bund.net
608,TuS Aschendorf,Niedersachsen,Niedersachsen,7,Regionsliga,Regionsliga Herren OL/OF,54757,9,1,0,0,1,67,83,-16,0,0.0,,basketball-bund.net
609,USV Jena III,Thüringen,Thüringen,7,Landesliga,Landesliga Herren Ost,54736,6,1,0,0,1,45,61,-16,0,0.0,,basketball-bund.net
610,Mühlenberger SV,Niedersachsen,Niedersachsen,7,Landesliga,Landesliga Herren 2,54141,10,1,0,0,1,55,72,-17,0,0.0,,basketball-bund.net
611,MTV Salzdahlum,Niedersachsen,Niedersachsen,7,Landesliga,Landesliga Herren 1,54140,9,1,0,0,1,56,75,-19,0,0.0,,basketball-bund.net
612,1. BV Gera 66 II,Thüringen,Thüringen,7,Landesliga,Landesliga Herren Ost,54736,7,1,0,0,1,55,76,-21,0,0.0,,basketball-bund.net
613,SV Treysa Red Caps 1,Hessen,Hessen,7,Landesliga,Landesliga Nord Herren,54639,9,2,0,0,2,108,151,-43,0,0.0,,basketball-bund.net
614,VfL Rastede,Niedersachsen,Niedersachsen,7,Landesliga,Landesliga Herren 3,54142,11,1,0,0,1,69,92,-23,0,0.0,,basketball-bund.net
615,ASC 46 Göttingen III,Niedersachsen,Niedersachsen,7,Regionsliga,Regionsliga Göttingen Herren,54708,9,1,0,0,1,38,61,-23,0,0.0,,basketball-bund.net
616,Gießen Pointers  2,Hessen,Hessen,7,Landesliga,Landesliga Nord Herren,54639,10,2,0,0,2,103,152,-49,0,0.0,,basketball-bund.net
617,VfL Grasdorf,Niedersachsen,Niedersachsen,7,Regionsliga,Regionsliga Herren,54527,10,1,0,0,1,57,84,-27,0,0.0,,basketball-bund.net
618,SG Braunschweig III,Niedersachsen,Niedersachsen,7,Landesliga,Landesliga Herren 1,54140,10,1,0,0,1,78,106,-28,0,0.0,,basketball-bund.net
619,SG Braunschweig 4,Niedersachsen,Niedersachsen,7,Regionsliga,Regionsliga Braunschweig Herren,54674,9,1,0,0,1,52,80,-28,0,0.0,,basketball-bund.net
620,SG Bergische Löwen 2,Nordrhein-Westfalen,Nordrhein-Westfalen,7,Landesliga,Landesliga 03 Herren (LL03H),54580,12,1,0,0,1,46,74,-28,0,0.0,,basketball-bund.net
621,MTV Gifhorn 3,Niedersachsen,Niedersachsen,7,Regionsliga,Regionsliga Braunschweig Herren,54674,10,1,0,0,1,64,93,-29,0,0.0,,basketball-bund.net
622,BC Dresden 4,Sachsen,Sachsen,7,Landesliga,Landesliga Herren Sachsen Gruppe 1,52793,8,1,0,0,1,57,86,-29,0,0.0,,basketball-bund.net
623,Lübecker TS 2,Schleswig-Holstein,Schleswig-Holstein,7,Landesliga,HLL,53846,8,1,0,0,1,47,76,-29,0,0.0,,basketball-bund.net
624,VfL Bensheim 2,Hessen,Hessen,7,Landesliga,Landesliga Süd Herren,54640,9,2,0,0,2,125,185,-60,0,0.0,,basketball-bund.net
625,TV Illingen II,Saarland,Saarland,7,Landesliga,Landesliga Saar Herren 2026 2027,54613,9,1,0,0,1,55,86,-31,0,0.0,,basketball-bund.net
626,DBV Charlottenburg 6,Berlin,Berlin,7,Landesliga,Herren Landesliga B,55045,12,1,0,0,1,54,86,-32,0,0.0,,basketball-bund.net
627,SC Lerchenberg,Rheinland-Pfalz,Rheinland-Pfalz,7,Landesliga,Landesliga Rheinhessen-Pfalz Herren,54408,9,1,0,0,1,69,102,-33,0,0.0,,basketball-bund.net
628,Sportfreunde Neustadt/Wied,Rheinland-Pfalz,Rheinland-Pfalz,7,Landesliga,Landesliga Rheinland Herren,52845,9,1,0,0,1,77,111,-34,0,0.0,,basketball-bund.net
629,Basketballclub Zwickau,Sachsen,Sachsen,7,Landesliga,Landesliga Herren Sachsen Gruppe 2,52794,8,1,0,0,1,52,86,-34,0,0.0,,basketball-bund.net
630,Baskets Lüdenscheid 3,Nordrhein-Westfalen,Nordrhein-Westfalen,7,Landesliga,Landesliga 06 Herren (LL06H),54583,12,1,0,0,1,49,89,-40,0,0.0,,basketball-bund.net
631,Greizer SV Bullets,Thüringen,Thüringen,7,Landesliga,Landesliga Herren Ost,54736,8,1,0,0,1,45,96,-51,0,0.0,,basketball-bund.net
632,FTSV Jahn Brinkum 2,Niedersachsen,Niedersachsen,7,Regionsliga,Regionsliga Nord Herren,54165,9,1,0,0,1,65,117,-52,0,0.0,,basketball-bund.net
633,DJK Bendorf e. V.,Rheinland-Pfalz,Rheinland-Pfalz,7,Landesliga,Landesliga Rheinland Herren,52845,10,1,0,0,1,47,101,-54,0,0.0,,basketball-bund.net
634,FC Gudesding Frankfurt 1,Hessen,Hessen,7,Landesliga,Landesliga Süd Herren,54640,10,1,0,0,1,0,20,-20,-1,-1.0,,basketball-bund.net
635,BC Dresden 5,Sachsen,Sachsen,8,Bezirksoberliga,Bezirksoberliga Dresden Herren,55132,1,0,0,0,0,0,0,0,0,0.0,,basketball-bund.net
636,BC Dresden 6,Sachsen,Sachsen,8,Bezirksoberliga,Bezirksoberliga Dresden Herren,55132,2,0,0,0,0,0,0,0,0,0.0,,basketball-bund.net
637,BG powered by BBA Leitershofen/Stadtbergen 3,Bayern,Bayern,8,Bezirksoberliga,Bezirksoberliga Herren 26/27,54453,1,0,0,0,0,0,0,0,0,0.0,,basketball-bund.net
638,DJK Eichstätt,Bayern,Bayern,8,Bezirksoberliga,Bezirksoberliga Herren 26/27,54453,2,0,0,0,0,0,0,0,0,0.0,,basketball-bund.net
639,DJK Pressath 2,Bayern,Bayern,8,Bezirksoberliga,OPF Bezirksoberliga Herren 2026/27,54755,1,0,0,0,0,0,0,0,0,0.0,,basketball-bund.net
640,Dresden Titans 7,Sachsen,Sachsen,8,Bezirksoberliga,Bezirksoberliga Dresden Herren,55132,3,0,0,0,0,0,0,0,0,0.0,,basketball-bund.net
641,Dresden Urbanics,Sachsen,Sachsen,8,Bezirksoberliga,Bezirksoberliga Dresden Herren,55132,4,0,0,0,0,0,0,0,0,0.0,,basketball-bund.net
642,FC Tegernheim 1,Bayern,Bayern,8,Bezirksoberliga,OPF Bezirksoberliga Herren 2026/27,54755,2,0,0,0,0,0,0,0,0,0.0,,basketball-bund.net
643,Fibalon Baskets Neumarkt 2,Bayern,Bayern,8,Bezirksoberliga,OPF Bezirksoberliga Herren 2026/27,54755,3,0,0,0,0,0,0,0,0,0.0,,basketball-bund.net
644,Green Devils Schrobenhausen,Bayern,Bayern,8,Bezirksoberliga,Bezirksoberliga Herren 26/27,54453,3,0,0,0,0,0,0,0,0,0.0,,basketball-bund.net
645,HSG Lokomotive HTW Dresden 2,Sachsen,Sachsen,8,Bezirksoberliga,Bezirksoberliga Dresden Herren,55132,5,0,0,0,0,0,0,0,0,0.0,,basketball-bund.net
646,HSG Turbine Zittau Falcons,Sachsen,Sachsen,8,Bezirksoberliga,Bezirksoberliga Dresden Herren,55132,6,0,0,0,0,0,0,0,0,0.0,,basketball-bund.net
647,KK Serbischer Club Donau Regensburg,Bayern,Bayern,8,Bezirksoberliga,OPF Bezirksoberliga Herren 2026/27,54755,4,0,0,0,0,0,0,0,0,0.0,,basketball-bund.net
648,MTV Baskets Ingolstadt,Bayern,Bayern,8,Bezirksoberliga,Bezirksoberliga Herren 26/27,54453,4,0,0,0,0,0,0,0,0,0.0,,basketball-bund.net
649,Regensburg Baskets 2,Bayern,Bayern,8,Bezirksoberliga,OPF Bezirksoberliga Herren 2026/27,54755,5,0,0,0,0,0,0,0,0,0.0,,basketball-bund.net
650,Regensburg Baskets 3,Bayern,Bayern,8,Bezirksoberliga,OPF Bezirksoberliga Herren 2026/27,54755,6,0,0,0,0,0,0,0,0,0.0,,basketball-bund.net
651,SV Lokomotive Nossen,Sachsen,Sachsen,8,Bezirksoberliga,Bezirksoberliga Dresden Herren,55132,7,0,0,0,0,0,0,0,0,0.0,,basketball-bund.net
652,Sportfreunde Friedberg,Bayern,Bayern,8,Bezirksoberliga,Bezirksoberliga Herren 26/27,54453,5,0,0,0,0,0,0,0,0,0.0,,basketball-bund.net
653,TSV Gersthofen,Bayern,Bayern,8,Bezirksoberliga,Bezirksoberliga Herren 26/27,54453,6,0,0,0,0,0,0,0,0,0.0,,basketball-bund.net
654,TSV Schwaben Augsburg,Bayern,Bayern,8,Bezirksoberliga,Bezirksoberliga Herren 26/27,54453,7,0,0,0,0,0,0,0,0,0.0,,basketball-bund.net
655,TV Amberg-Sulzbach BSG 1,Bayern,Bayern,8,Bezirksoberliga,OPF Bezirksoberliga Herren 2026/27,54755,7,0,0,0,0,0,0,0,0,0.0,,basketball-bund.net
656,TV Augsburg 2,Bayern,Bayern,8,Bezirksoberliga,Bezirksoberliga Herren 26/27,54453,8,0,0,0,0,0,0,0,0,0.0,,basketball-bund.net
657,TV Memmingen,Bayern,Bayern,8,Bezirksoberliga,Bezirksoberliga Herren 26/27,54453,9,0,0,0,0,0,0,0,0,0.0,,basketball-bund.net
658,USV TU Dresden 2,Sachsen,Sachsen,8,Bezirksoberliga,Bezirksoberliga Dresden Herren,55132,8,0,0,0,0,0,0,0,0,0.0,,basketball-bund.net
659,VSC Donauwörth,Bayern,Bayern,8,Bezirksoberliga,Bezirksoberliga Herren 26/27,54453,10,0,0,0,0,0,0,0,0,0.0,,basketball-bund.net
660,BBC Halle II,Sachsen-Anhalt,Sachsen-Anhalt,9,Bezirksliga,Bezirksliga Herren Süd (53272),53272,1,1,1,0,0,130,38,92,2,2.0,,basketball-bund.net
661,BBC Linz,Rheinland-Pfalz,Rheinland-Pfalz,9,Bezirksliga,Bezirksliga Koblenz Herren,55406,1,1,1,0,0,97,37,60,2,2.0,,basketball-bund.net
662,TV Hofheim 1,Hessen,Hessen,9,Bezirksliga,Bezirksliga Herren (55952),55952,1,2,2,0,0,200,113,87,4,2.0,,basketball-bund.net
663,SG Baskets 98 Völklingen/BBC Bous II,Saarland,Saarland,9,Bezirksliga,Bezirksliga Saar Herren 2026 2027,54614,1,1,1,0,0,90,49,41,2,2.0,,basketball-bund.net
664,TSV 1892 Vellmar 1,Hessen,Hessen,9,Bezirksliga,Bezirksliga Herren (53455),53455,1,2,2,0,0,189,127,62,4,2.0,,basketball-bund.net
665,BG Ober-Ramstadt 1,Hessen,Hessen,9,Bezirksliga,Herren Bezirksliga,52918,1,2,2,0,0,177,117,60,4,2.0,,basketball-bund.net
666,TuS Lübeck 2,Schleswig-Holstein,Schleswig-Holstein,9,Bezirksliga,HBLS,53849,1,1,1,0,0,74,44,30,2,2.0,,basketball-bund.net
667,Leipzig Lakers 3.,Sachsen,Sachsen,9,Bezirksliga,Bezirksliga Leipzig Herren,54955,1,1,1,0,0,79,50,29,2,2.0,,basketball-bund.net
668,Eintracht Lambsheim 2,Rheinland-Pfalz,Rheinland-Pfalz,9,Bezirksliga,Bezirksliga Pfalz Herren,54423,1,1,1,0,0,101,73,28,2,2.0,,basketball-bund.net
669,TSV Kronshagen 2,Schleswig-Holstein,Schleswig-Holstein,9,Bezirksliga,HBLN,53848,1,1,1,0,0,66,40,26,2,2.0,,basketball-bund.net
670,ACT Kassel 3,Hessen,Hessen,9,Bezirksliga,Bezirksliga Herren (53455),53455,3,1,1,0,0,88,64,24,2,2.0,,basketball-bund.net
671,BBC Horchheim 3,Rheinland-Pfalz,Rheinland-Pfalz,9,Bezirksliga,Bezirksliga Koblenz Herren,55406,2,1,1,0,0,73,49,24,2,2.0,,basketball-bund.net
672,SV Goethe Mainz e.V.  1,Rheinland-Pfalz,Rheinland-Pfalz,9,Bezirksliga,Bezirksliga Rheinhessen Herren,52894,1,1,1,0,0,61,41,20,2,2.0,,basketball-bund.net
673,BSG Werra-Meißner 1,Hessen,Hessen,9,Bezirksliga,Bezirksliga Herren (53455),53455,2,2,2,0,0,167,130,37,4,2.0,,basketball-bund.net
674,TuS Esingen Eagles,Schleswig-Holstein,Schleswig-Holstein,9,Bezirksliga,HBLS,53849,2,1,1,0,0,68,50,18,2,2.0,,basketball-bund.net
675,SG TV Dürkheim-BI Speyer 3,Rheinland-Pfalz,Rheinland-Pfalz,9,Bezirksliga,Bezirksliga Pfalz Herren,54423,2,1,1,0,0,82,66,16,2,2.0,,basketball-bund.net
676,SG Weiterstadt 2,Hessen,Hessen,9,Bezirksliga,Herren Bezirksliga,52918,2,2,2,0,0,157,125,32,4,2.0,,basketball-bund.net
677,BC Marburg 2,Hessen,Hessen,9,Bezirksliga,Bezirksliga Herren,54657,4,1,1,0,0,61,46,15,2,2.0,,basketball-bund.net
678,MTV Gießen 3,Hessen,Hessen,9,Bezirksliga,Bezirksliga Herren,54657,1,2,2,0,0,164,139,25,4,2.0,,basketball-bund.net
679,TV Okarben 1,Hessen,Hessen,9,Bezirksliga,Bezirksliga Herren (55952),55952,2,2,2,0,0,160,135,25,4,2.0,,basketball-bund.net
680,Linden Basketball,Hessen,Hessen,9,Bezirksliga,Bezirksliga Herren,54657,2,2,2,0,0,73,48,25,4,2.0,,basketball-bund.net
681,TV Langen 3,Hessen,Hessen,9,Bezirksliga,Herren Bezirksliga,52918,3,2,2,0,0,154,131,23,4,2.0,,basketball-bund.net
682,TSG Oberursel 2,Hessen,Hessen,9,Bezirksliga,Bezirksliga Herren (55952),55952,3,2,2,0,0,150,127,23,4,2.0,,basketball-bund.net
683,Trimmelter SV 2,Rheinland-Pfalz,Rheinland-Pfalz,9,Bezirksliga,Bezirksliga Trier Herren,52847,1,1,1,0,0,78,67,11,2,2.0,,basketball-bund.net
684,SFV Knorke 96 Leipzig,Sachsen,Sachsen,9,Bezirksliga,Bezirksliga Leipzig Herren,54955,2,1,1,0,0,64,54,10,2,2.0,,basketball-bund.net
685,VfL Gummersbach 2,Nordrhein-Westfalen,Nordrhein-Westfalen,9,Bezirksliga,Bezirksliga 04 Herren (BeL04H),54607,1,1,1,0,0,64,54,10,2,2.0,,basketball-bund.net
686,TV Bad Bergzabern 2,Rheinland-Pfalz,Rheinland-Pfalz,9,Bezirksliga,Bezirksliga Pfalz Herren,54423,3,1,1,0,0,95,86,9,2,2.0,,basketball-bund.net
687,SG Lützel-Post Koblenz 2,Rheinland-Pfalz,Rheinland-Pfalz,9,Bezirksliga,Bezirksliga Koblenz Herren,55406,3,1,1,0,0,71,64,7,2,2.0,,basketball-bund.net
688,WSG Fürstenwalde 2,Brandenburg,Brandenburg,9,Bezirksliga,Bezirksliga Herren Süd,55199,1,2,2,0,0,161,149,12,4,2.0,,basketball-bund.net
689,Saarlouis-Dillingen Sunkings III,Saarland,Saarland,9,Bezirksliga,Bezirksliga Saar Herren 2026 2027,54614,2,1,1,0,0,78,72,6,2,2.0,,basketball-bund.net
690,MJC Trier 3,Rheinland-Pfalz,Rheinland-Pfalz,9,Bezirksliga,Bezirksliga Trier Herren,52847,2,1,1,0,0,61,55,6,2,2.0,,basketball-bund.net
691,FT 1848 Fulda 1,Hessen,Hessen,9,Bezirksliga,Bezirksliga Herren (53455),53455,4,1,1,0,0,51,45,6,2,2.0,,basketball-bund.net
692,SG TuS Ensdorf/TV Griesborn II,Saarland,Saarland,9,Bezirksliga,Bezirksliga Saar Herren 2026 2027,54614,3,1,1,0,0,50,44,6,2,2.0,,basketball-bund.net
693,SV Goethe Mainz e.V. 2,Rheinland-Pfalz,Rheinland-Pfalz,9,Bezirksliga,Bezirksliga Rheinhessen Herren,52894,2,1,1,0,0,63,59,4,2,2.0,,basketball-bund.net
694,BBV 'Gorillas' Hassloch,Rheinland-Pfalz,Rheinland-Pfalz,9,Bezirksliga,Bezirksliga Pfalz Herren,54423,4,1,1,0,0,94,91,3,2,2.0,,basketball-bund.net
695,TuS Mosella Schweich,Rheinland-Pfalz,Rheinland-Pfalz,9,Bezirksliga,Bezirksliga Trier Herren,52847,3,1,1,0,0,67,64,3,2,2.0,,basketball-bund.net
696,ASC Theresianum Mainz 4,Rheinland-Pfalz,Rheinland-Pfalz,9,Bezirksliga,Bezirksliga Rheinhessen Herren,52894,3,1,1,0,0,59,56,3,2,2.0,,basketball-bund.net
697,Red Eagles Rathenow,Brandenburg,Brandenburg,9,Bezirksliga,Bezirksliga Herren Nord,55198,1,2,2,0,0,113,108,5,4,2.0,,basketball-bund.net
698,SC Bad Bodendorf,Rheinland-Pfalz,Rheinland-Pfalz,9,Bezirksliga,Bezirksliga Koblenz Herren,55406,4,1,1,0,0,79,77,2,2,2.0,,basketball-bund.net
699,Gießen Pointers e.V. 3,Hessen,Hessen,9,Bezirksliga,Bezirksliga Herren,54657,3,2,1,0,1,148,112,36,2,1.0,,basketball-bund.net
700,FSV Rot-Weiß Prenzlau,Brandenburg,Brandenburg,9,Bezirksliga,Bezirksliga Herren Nord,55198,2,2,1,0,1,123,94,29,2,1.0,,basketball-bund.net
701,BC Neu-Isenburg 2,Hessen,Hessen,9,Bezirksliga,Bezirksliga Herren (55952),55952,4,2,1,0,1,160,134,26,2,1.0,,basketball-bund.net
702,TV Trebur 1,Hessen,Hessen,9,Bezirksliga,Herren Bezirksliga,52918,4,2,1,0,1,154,136,18,2,1.0,,basketball-bund.net
703,EOSC Offenbach 1,Hessen,Hessen,9,Bezirksliga,Bezirksliga Herren (55952),55952,5,2,1,0,1,148,138,10,2,1.0,,basketball-bund.net
704,KINGS&QUEENS Basketball Potsdam 4,Brandenburg,Brandenburg,9,Bezirksliga,Bezirksliga Herren Süd,55199,2,2,1,0,1,143,133,10,2,1.0,,basketball-bund.net
705,FC Asteras Offenbach 1,Hessen,Hessen,9,Bezirksliga,Bezirksliga Herren (55952),55952,6,2,1,0,1,136,133,3,2,1.0,,basketball-bund.net
706,BC Darmstadt,Hessen,Hessen,9,Bezirksliga,Herren Bezirksliga,52918,5,2,1,0,1,126,134,-8,2,1.0,,basketball-bund.net
707,TG 1891 Melbach 1,Hessen,Hessen,9,Bezirksliga,Bezirksliga Herren,54657,5,2,1,0,1,107,116,-9,2,1.0,,basketball-bund.net
708,TSV 1892 Vellmar 2,Hessen,Hessen,9,Bezirksliga,Bezirksliga Herren (53455),53455,5,2,1,0,1,130,143,-13,2,1.0,,basketball-bund.net
709,TSV 1846 Butzbach 2,Hessen,Hessen,9,Bezirksliga,Bezirksliga Herren,54657,6,2,1,0,1,119,138,-19,2,1.0,,basketball-bund.net
710,TSV Dreieichenhain 2,Hessen,Hessen,9,Bezirksliga,Herren Bezirksliga,52918,6,2,1,0,1,129,170,-41,2,1.0,,basketball-bund.net
711,Gießen Pointers e.V. 4,Hessen,Hessen,9,Bezirksliga,Bezirksliga Herren,54657,7,2,1,0,1,90,77,13,1,0.5,,basketball-bund.net
712,Eintracht Frankfurt 2,Hessen,Hessen,9,Bezirksliga,Bezirksliga Herren (55952),55952,7,2,0,1,1,68,86,-18,1,0.5,,basketball-bund.net
713,TV Okarben 2,Hessen,Hessen,9,Bezirksliga,Bezirksliga Herren (55952),55952,8,2,0,1,1,42,99,-57,1,0.5,,basketball-bund.net
714,1. Magdeburger BC II,Sachsen-Anhalt,Sachsen-Anhalt,9,Bezirksliga,Bezirksliga Herren Nord-Harz,53271,1,0,0,0,0,0,0,0,0,0.0,,basketball-bund.net
715,1. Magdeburger Basketballclub III,Sachsen-Anhalt,Sachsen-Anhalt,9,Bezirksliga,Bezirksliga Herren Anhalt,53273,1,0,0,0,0,0,0,0,0,0.0,,basketball-bund.net
716,2. Gruppe A,Sachsen,Sachsen,9,Bezirksliga,Bezirksliga Chemnitz Zwischenrunde A,55074,1,0,0,0,0,0,0,0,0,0.0,,basketball-bund.net
717,2. Gruppe B,Sachsen,Sachsen,9,Bezirksliga,Bezirksliga Chemnitz Zwischenrunde A,55074,2,0,0,0,0,0,0,0,0,0.0,,basketball-bund.net
718,3. Gruppe A,Sachsen,Sachsen,9,Bezirksliga,Bezirksliga Chemnitz Zwischenrunde A,55074,3,0,0,0,0,0,0,0,0,0.0,,basketball-bund.net
719,3. Gruppe B,Sachsen,Sachsen,9,Bezirksliga,Bezirksliga Chemnitz Zwischenrunde A,55074,4,0,0,0,0,0,0,0,0,0.0,,basketball-bund.net
720,ALBA Berlin 6,Berlin,Berlin,9,Bezirksliga,Herren Bezirksliga C,55048,1,0,0,0,0,0,0,0,0,0.0,,basketball-bund.net
721,ASC Theresianum Mainz 3,Rheinland-Pfalz,Rheinland-Pfalz,9,Bezirksliga,Bezirksliga Rheinhessen Herren,52894,4,0,0,0,0,0,0,0,0,0.0,,basketball-bund.net
722,ASG Elsdorf,Nordrhein-Westfalen,Nordrhein-Westfalen,9,Bezirksliga,Bezirksliga 02 Herren (BeL02H),54605,1,0,0,0,0,0,0,0,0,0.0,,basketball-bund.net
723,ASV Mammuts Sangerhausen,Sachsen-Anhalt,Sachsen-Anhalt,9,Bezirksliga,Bezirksliga Herren Süd (53272),53272,2,0,0,0,0,0,0,0,0,0.0,,basketball-bund.net
724,Altenessener TV 2,Nordrhein-Westfalen,Nordrhein-Westfalen,9,Bezirksliga,Bezirksliga 07 Herren (BeL07H),54611,1,0,0,0,0,0,0,0,0,0.0,,basketball-bund.net
725,Altenessener TV 3,Nordrhein-Westfalen,Nordrhein-Westfalen,9,Bezirksliga,Bezirksliga 07 Herren (BeL07H),54611,2,0,0,0,0,0,0,0,0,0.0,,basketball-bund.net
726,Altrahlstedter MTV 1893 (2),Hamburg,Hamburg,9,Bezirksliga,Herren Bezirksliga A (53484),53484,1,0,0,0,0,0,0,0,0,0.0,,basketball-bund.net
727,BASS Südwest 3,Berlin,Berlin,9,Bezirksliga,Herren Bezirksliga C,55048,2,0,0,0,0,0,0,0,0,0.0,,basketball-bund.net
728,BASS Südwest 4,Berlin,Berlin,9,Bezirksliga,Herren Bezirksliga B,55047,1,0,0,0,0,0,0,0,0,0.0,,basketball-bund.net
729,BBC 90 Köpenick 2,Berlin,Berlin,9,Bezirksliga,Herren Bezirksliga B,55047,2,0,0,0,0,0,0,0,0,0.0,,basketball-bund.net
730,BBC Cottbus 3,Brandenburg,Brandenburg,9,Bezirksliga,Bezirksliga Herren Süd,55199,3,0,0,0,0,0,0,0,0,0.0,,basketball-bund.net
731,BBC Halle IV,Sachsen-Anhalt,Sachsen-Anhalt,9,Bezirksliga,Bezirksliga Herren Halle,54654,1,0,0,0,0,0,0,0,0,0.0,,basketball-bund.net
732,BBC Halle V,Sachsen-Anhalt,Sachsen-Anhalt,9,Bezirksliga,Bezirksliga Herren Halle,54654,2,0,0,0,0,0,0,0,0,0.0,,basketball-bund.net
733,BBC Halle VI,Sachsen-Anhalt,Sachsen-Anhalt,9,Bezirksliga,Bezirksliga Herren Halle,54654,3,0,0,0,0,0,0,0,0,0.0,,basketball-bund.net
734,BBC Linz 2,Rheinland-Pfalz,Rheinland-Pfalz,9,Bezirksliga,Bezirksliga Koblenz Herren,55406,5,0,0,0,0,0,0,0,0,0.0,,basketball-bund.net
735,BBC Red Eagles Zerbst e.V.,Sachsen-Anhalt,Sachsen-Anhalt,9,Bezirksliga,Bezirksliga Herren Anhalt,53273,2,0,0,0,0,0,0,0,0,0.0,,basketball-bund.net
736,BBC Rendsburg 3,Schleswig-Holstein,Schleswig-Holstein,9,Bezirksliga,HBLN,53848,2,0,0,0,0,0,0,0,0,0.0,,basketball-bund.net
737,BBC Stendal II,Sachsen-Anhalt,Sachsen-Anhalt,9,Bezirksliga,Bezirksliga Herren Nord-Harz,53271,2,0,0,0,0,0,0,0,0,0.0,,basketball-bund.net
738,BBC Stuttgart,Baden-Württemberg,Baden-Württemberg,9,Bezirksliga,BBW3 Bezirksliga 2 Männer,53915,1,0,0,0,0,0,0,0,0,0.0,,basketball-bund.net
739,BBU 01 Ulm (5),Baden-Württemberg,Baden-Württemberg,9,Bezirksliga,BBW4 Bezirksliga Ost,55018,1,0,0,0,0,0,0,0,0,0.0,,basketball-bund.net
740,BBV Köln-Nordwest 2,Nordrhein-Westfalen,Nordrhein-Westfalen,9,Bezirksliga,Bezirksliga 03 Herren (BeL03H),54606,1,0,0,0,0,0,0,0,0,0.0,,basketball-bund.net
741,BBV Landau,Rheinland-Pfalz,Rheinland-Pfalz,9,Bezirksliga,Bezirksliga Pfalz Herren,54423,5,0,0,0,0,0,0,0,0,0.0,,basketball-bund.net
742,BBV Leipzig Eagles 2,Sachsen,Sachsen,9,Bezirksliga,Bezirksliga Leipzig Herren,54955,3,0,0,0,0,0,0,0,0,0.0,,basketball-bund.net
743,BC ASKA 1,Berlin,Berlin,9,Bezirksliga,Herren Bezirksliga A,55046,1,0,0,0,0,0,0,0,0,0.0,,basketball-bund.net
744,BC Dresden,Sachsen,Sachsen,9,Bezirksliga,Bezirksliga Dresden Herren-Masters 40+,55116,1,0,0,0,0,0,0,0,0,0.0,,basketball-bund.net
745,BC Dresden 7,Sachsen,Sachsen,9,Bezirksliga,Bezirksliga Dresden Herren,55117,1,0,0,0,0,0,0,0,0,0.0,,basketball-bund.net
746,BC Dresden 8,Sachsen,Sachsen,9,Bezirksliga,Bezirksliga Dresden Herren,55117,2,0,0,0,0,0,0,0,0,0.0,,basketball-bund.net
747,BC Hamburg (1),Hamburg,Hamburg,9,Bezirksliga,Herren Bezirksliga A (53484),53484,2,0,0,0,0,0,0,0,0,0.0,,basketball-bund.net
748,BC Hamburg (2),Hamburg,Hamburg,9,Bezirksliga,Herren Bezirksliga B (53485),53485,1,0,0,0,0,0,0,0,0,0.0,,basketball-bund.net
749,BC Hamburg (3),Hamburg,Hamburg,9,Bezirksliga,Herren Bezirksliga C (53486),53486,1,0,0,0,0,0,0,0,0,0.0,,basketball-bund.net
750,BC Lions Moabit 2,Berlin,Berlin,9,Bezirksliga,Herren Bezirksliga B,55047,3,0,0,0,0,0,0,0,0,0.0,,basketball-bund.net
751,BC Lions Moabit 3,Berlin,Berlin,9,Bezirksliga,Herren Bezirksliga C,55048,3,0,0,0,0,0,0,0,0,0.0,,basketball-bund.net
752,BC Lions Moabit 4,Berlin,Berlin,9,Bezirksliga,Herren Bezirksliga A,55046,2,0,0,0,0,0,0,0,0,0.0,,basketball-bund.net
753,BC Ottendorf-Okrilla 2,Sachsen,Sachsen,9,Bezirksliga,Bezirksliga Dresden Herren,55117,3,0,0,0,0,0,0,0,0,0.0,,basketball-bund.net
754,BC Winsen Baskets e.V. (1),Hamburg,Hamburg,9,Bezirksliga,Herren Bezirksliga A (53484),53484,3,0,0,0,0,0,0,0,0,0.0,,basketball-bund.net
755,BG Bodensee,Baden-Württemberg,Baden-Württemberg,9,Bezirksliga,BBW4 Bezirksliga Ost,55018,2,0,0,0,0,0,0,0,0,0.0,,basketball-bund.net
756,BG Harburg-Hittfeld (2),Hamburg,Hamburg,9,Bezirksliga,Herren Bezirksliga B (53485),53485,2,0,0,0,0,0,0,0,0,0.0,,basketball-bund.net
757,BG Illertal 2,Bayern,Bayern,9,Bezirksliga,Bezirksliga Herren Süd 26/27,54484,1,0,0,0,0,0,0,0,0,0.0,,basketball-bund.net
758,BG Köln 2,Nordrhein-Westfalen,Nordrhein-Westfalen,9,Bezirksliga,Bezirksliga 03 Herren (BeL03H),54606,2,0,0,0,0,0,0,0,0,0.0,,basketball-bund.net
759,BG Köln 3,Nordrhein-Westfalen,Nordrhein-Westfalen,9,Bezirksliga,Bezirksliga 03 Herren (BeL03H),54606,3,0,0,0,0,0,0,0,0,0.0,,basketball-bund.net
760,BG Leitershofen/Stadtbergen 4,Bayern,Bayern,9,Bezirksliga,Bezirksliga Herren Süd 26/27,54484,2,0,0,0,0,0,0,0,0,0.0,,basketball-bund.net
761,BG Niederrhein 2,Nordrhein-Westfalen,Nordrhein-Westfalen,9,Bezirksliga,Bezirksliga 07 Herren (BeL07H),54611,3,0,0,0,0,0,0,0,0,0.0,,basketball-bund.net
762,BG Tamm/Bietigheim 2,Baden-Württemberg,Baden-Württemberg,9,Bezirksliga,BBW3 Bezirksliga 1 Männer,53914,1,0,0,0,0,0,0,0,0,0.0,,basketball-bund.net
763,BG Zehlendorf 4,Berlin,Berlin,9,Bezirksliga,Herren Bezirksliga A,55046,3,0,0,0,0,0,0,0,0,0.0,,basketball-bund.net
764,BSG Vaihingen-Sachsenheim,Baden-Württemberg,Baden-Württemberg,9,Bezirksliga,BBW3 Bezirksliga 1 Männer,53914,2,0,0,0,0,0,0,0,0,0.0,,basketball-bund.net
765,BSV Einheit Frohburg,Sachsen,Sachsen,9,Bezirksliga,Bezirksliga Leipzig Herren,54955,4,0,0,0,0,0,0,0,0,0.0,,basketball-bund.net
766,BSW Sixers IV,Sachsen-Anhalt,Sachsen-Anhalt,9,Bezirksliga,Bezirksliga Herren Anhalt,53273,3,0,0,0,0,0,0,0,0,0.0,,basketball-bund.net
767,BTV 1850 1,Berlin,Berlin,9,Bezirksliga,Herren Bezirksliga C,55048,4,0,0,0,0,0,0,0,0,0.0,,basketball-bund.net
768,BTV Basketball Brühl,Nordrhein-Westfalen,Nordrhein-Westfalen,9,Bezirksliga,Bezirksliga 02 Herren (BeL02H),54605,2,0,0,0,0,0,0,0,0,0.0,,basketball-bund.net
769,BTV Basketball Brühl 2,Nordrhein-Westfalen,Nordrhein-Westfalen,9,Bezirksliga,Bezirksliga 02 Herren (BeL02H),54605,3,0,0,0,0,0,0,0,0,0.0,,basketball-bund.net
770,Backnanger Cool Blues,Baden-Württemberg,Baden-Württemberg,9,Bezirksliga,BBW3 Bezirksliga 1 Männer,53914,3,0,0,0,0,0,0,0,0,0.0,,basketball-bund.net
771,Basket Bears Bernburg,Sachsen-Anhalt,Sachsen-Anhalt,9,Bezirksliga,Bezirksliga Herren Anhalt,53273,4,0,0,0,0,0,0,0,0,0.0,,basketball-bund.net
772,Basket Dragons Marzahn 2,Berlin,Berlin,9,Bezirksliga,Herren Bezirksliga B,55047,4,0,0,0,0,0,0,0,0,0.0,,basketball-bund.net
773,Basket Duisburg 2,Nordrhein-Westfalen,Nordrhein-Westfalen,9,Bezirksliga,Bezirksliga 07 Herren (BeL07H),54611,4,0,0,0,0,0,0,0,0,0.0,,basketball-bund.net
774,Basketballverein Ludwigsfelde,Brandenburg,Brandenburg,9,Bezirksliga,Bezirksliga Herren Süd,55199,4,0,0,0,0,0,0,0,0,0.0,,basketball-bund.net
775,Bautzen Tigers 2,Sachsen,Sachsen,9,Bezirksliga,Bezirksliga Dresden Herren,55117,4,0,0,0,0,0,0,0,0,0.0,,basketball-bund.net
776,Berlin Tiger 2,Berlin,Berlin,9,Bezirksliga,Herren Bezirksliga A,55046,4,0,0,0,0,0,0,0,0,0.0,,basketball-bund.net
777,Berliner SC 3,Berlin,Berlin,9,Bezirksliga,Herren Bezirksliga C,55048,5,0,0,0,0,0,0,0,0,0.0,,basketball-bund.net
778,Bramfelder SV von 1945 (4),Hamburg,Hamburg,9,Bezirksliga,Herren Bezirksliga B (53485),53485,3,0,0,0,0,0,0,0,0,0.0,,basketball-bund.net
779,Burg Towers,Sachsen-Anhalt,Sachsen-Anhalt,9,Bezirksliga,Bezirksliga Herren Nord-Harz,53271,3,0,0,0,0,0,0,0,0,0.0,,basketball-bund.net
780,Croatia Stuttgart 2,Baden-Württemberg,Baden-Württemberg,9,Bezirksliga,BBW3 Bezirksliga 2 Männer,53915,2,0,0,0,0,0,0,0,0,0.0,,basketball-bund.net
781,DAFKS  Fulda Basket 1,Hessen,Hessen,9,Bezirksliga,Bezirksliga Herren (53455),53455,6,0,0,0,0,0,0,0,0,0.0,,basketball-bund.net
782,DBV Charlottenburg 7,Berlin,Berlin,9,Bezirksliga,Herren Bezirksliga A,55046,5,0,0,0,0,0,0,0,0,0.0,,basketball-bund.net
783,DBV Charlottenburg 8,Berlin,Berlin,9,Bezirksliga,Herren Bezirksliga B,55047,5,0,0,0,0,0,0,0,0,0.0,,basketball-bund.net
784,DJK Augsburg Nord,Bayern,Bayern,9,Bezirksliga,Bezirksliga Herren Nord 26/27,54485,1,0,0,0,0,0,0,0,0,0.0,,basketball-bund.net
785,DJK Bad Münstereifel 2,Nordrhein-Westfalen,Nordrhein-Westfalen,9,Bezirksliga,Bezirksliga 02 Herren (BeL02H),54605,4,0,0,0,0,0,0,0,0,0.0,,basketball-bund.net
786,DJK Köln-Nord,Nordrhein-Westfalen,Nordrhein-Westfalen,9,Bezirksliga,Bezirksliga 03 Herren (BeL03H),54606,4,0,0,0,0,0,0,0,0,0.0,,basketball-bund.net
787,DJK Löwe Köln,Nordrhein-Westfalen,Nordrhein-Westfalen,9,Bezirksliga,Bezirksliga 03 Herren (BeL03H),54606,5,0,0,0,0,0,0,0,0,0.0,,basketball-bund.net
788,DJK Nieder-Olm 2,Rheinland-Pfalz,Rheinland-Pfalz,9,Bezirksliga,Bezirksliga Rheinhessen Herren,52894,5,0,0,0,0,0,0,0,0,0.0,,basketball-bund.net
789,DJK Schweinfurt 2,Bayern,Bayern,9,Bezirksliga,UFR Bezirksliga Herren,55569,1,0,0,0,0,0,0,0,0,0.0,,basketball-bund.net
790,DJK Südwest Köln 5,Nordrhein-Westfalen,Nordrhein-Westfalen,9,Bezirksliga,Bezirksliga 03 Herren (BeL03H),54606,6,0,0,0,0,0,0,0,0,0.0,,basketball-bund.net
791,Dragons Rhöndorf 4,Nordrhein-Westfalen,Nordrhein-Westfalen,9,Bezirksliga,Bezirksliga 04 Herren (BeL04H),54607,2,0,0,0,0,0,0,0,0,0.0,,basketball-bund.net
792,Dresden Titans 10,Sachsen,Sachsen,9,Bezirksliga,Bezirksliga Dresden Herren,55117,5,0,0,0,0,0,0,0,0,0.0,,basketball-bund.net
793,Dresden Titans 8,Sachsen,Sachsen,9,Bezirksliga,Bezirksliga Dresden Herren,55117,6,0,0,0,0,0,0,0,0,0.0,,basketball-bund.net
794,Dresden Titans 9,Sachsen,Sachsen,9,Bezirksliga,Bezirksliga Dresden Herren,55117,7,0,0,0,0,0,0,0,0,0.0,,basketball-bund.net
795,Dresden Urbanics 2,Sachsen,Sachsen,9,Bezirksliga,Bezirksliga Dresden Herren,55117,8,0,0,0,0,0,0,0,0,0.0,,basketball-bund.net
796,ESV Ingolstadt-Ringsee,Bayern,Bayern,9,Bezirksliga,Bezirksliga Herren Nord 26/27,54485,2,0,0,0,0,0,0,0,0,0.0,,basketball-bund.net
797,ESV Lokomotive Pirna,Sachsen,Sachsen,9,Bezirksliga,Bezirksliga Dresden Herren,55117,9,0,0,0,0,0,0,0,0,0.0,,basketball-bund.net
798,ESV Lokomotive Pirna,Sachsen,Sachsen,9,Bezirksliga,Bezirksliga Dresden Herren-Masters 40+,55116,2,0,0,0,0,0,0,0,0,0.0,,basketball-bund.net
799,Eimsbütteler Turnverband (6),Hamburg,Hamburg,9,Bezirksliga,Herren Bezirksliga C (53486),53486,2,0,0,0,0,0,0,0,0,0.0,,basketball-bund.net
800,Einheit Pankow 2,Berlin,Berlin,9,Bezirksliga,Herren Bezirksliga B,55047,6,0,0,0,0,0,0,0,0,0.0,,basketball-bund.net
801,Elbe Baskets II,Sachsen-Anhalt,Sachsen-Anhalt,9,Bezirksliga,Bezirksliga Herren Nord-Harz,53271,4,0,0,0,0,0,0,0,0,0.0,,basketball-bund.net
802,F.T. Vorwärts Kiel,Schleswig-Holstein,Schleswig-Holstein,9,Bezirksliga,HBLN,53848,3,0,0,0,0,0,0,0,0,0.0,,basketball-bund.net
803,FC Srbija Ulm,Baden-Württemberg,Baden-Württemberg,9,Bezirksliga,BBW4 Bezirksliga Ost,55018,3,0,0,0,0,0,0,0,0,0.0,,basketball-bund.net
804,Füchse Berlin 1,Berlin,Berlin,9,Bezirksliga,Herren Bezirksliga C,55048,6,0,0,0,0,0,0,0,0,0.0,,basketball-bund.net
805,GSV Fröndenberg,Nordrhein-Westfalen,Nordrhein-Westfalen,9,Bezirksliga,Bezirksliga 10 Herren (BeL10H),54634,1,0,0,0,0,0,0,0,0,0.0,,basketball-bund.net
806,Gerbrunn Grizzlies 2,Bayern,Bayern,9,Bezirksliga,UFR Bezirksliga Herren,55569,2,0,0,0,0,0,0,0,0,0.0,,basketball-bund.net
807,Gerbrunn Grizzlies 3,Bayern,Bayern,9,Bezirksliga,UFR Bezirksliga Herren,55569,3,0,0,0,0,0,0,0,0,0.0,,basketball-bund.net
808,Grün-Weiß Eimsbüttel (1),Hamburg,Hamburg,9,Bezirksliga,Herren Bezirksliga C (53486),53486,3,0,0,0,0,0,0,0,0,0.0,,basketball-bund.net
809,HAKRO Merlins Crailsheim 3,Baden-Württemberg,Baden-Württemberg,9,Bezirksliga,BBW3 Bezirksliga 1 Männer,53914,4,0,0,0,0,0,0,0,0,0.0,,basketball-bund.net
810,HHT Wolves (2),Hamburg,Hamburg,9,Bezirksliga,Herren Bezirksliga C (53486),53486,4,0,0,0,0,0,0,0,0,0.0,,basketball-bund.net
811,HNT Hamburg Bears (2),Hamburg,Hamburg,9,Bezirksliga,Herren Bezirksliga B (53485),53485,4,0,0,0,0,0,0,0,0,0.0,,basketball-bund.net
812,Hamburger Turnerbund von 1862 (1),Hamburg,Hamburg,9,Bezirksliga,Herren Bezirksliga B (53485),53485,5,0,0,0,0,0,0,0,0,0.0,,basketball-bund.net
813,Hamburger Turnerbund von 1862 (2),Hamburg,Hamburg,9,Bezirksliga,Herren Bezirksliga A (53484),53484,4,0,0,0,0,0,0,0,0,0.0,,basketball-bund.net
814,HanseBaskets Salzwedel,Sachsen-Anhalt,Sachsen-Anhalt,9,Bezirksliga,Bezirksliga Herren Nord-Harz,53271,5,0,0,0,0,0,0,0,0,0.0,,basketball-bund.net
815,Hellas Basket 1,Berlin,Berlin,9,Bezirksliga,Herren Bezirksliga A,55046,6,0,0,0,0,0,0,0,0,0.0,,basketball-bund.net
816,Holzpfosten Schwerte,Nordrhein-Westfalen,Nordrhein-Westfalen,9,Bezirksliga,Bezirksliga 10 Herren (BeL10H),54634,2,0,0,0,0,0,0,0,0,0.0,,basketball-bund.net
817,Husumer SV,Schleswig-Holstein,Schleswig-Holstein,9,Bezirksliga,HBLN,53848,4,0,0,0,0,0,0,0,0,0.0,,basketball-bund.net
818,Hürther BC 2,Nordrhein-Westfalen,Nordrhein-Westfalen,9,Bezirksliga,Bezirksliga 02 Herren (BeL02H),54605,5,0,0,0,0,0,0,0,0,0.0,,basketball-bund.net
819,Hürther BC 3,Nordrhein-Westfalen,Nordrhein-Westfalen,9,Bezirksliga,Bezirksliga 02 Herren (BeL02H),54605,6,0,0,0,0,0,0,0,0,0.0,,basketball-bund.net
820,Hürther BC 4,Nordrhein-Westfalen,Nordrhein-Westfalen,9,Bezirksliga,Bezirksliga 02 Herren (BeL02H),54605,7,0,0,0,0,0,0,0,0,0.0,,basketball-bund.net
821,Itzehoe Eagles 3,Schleswig-Holstein,Schleswig-Holstein,9,Bezirksliga,HBLS,53849,3,0,0,0,0,0,0,0,0,0.0,,basketball-bund.net
822,Justabs Halle II,Sachsen-Anhalt,Sachsen-Anhalt,9,Bezirksliga,Bezirksliga Herren Halle,54654,4,0,0,0,0,0,0,0,0,0.0,,basketball-bund.net
823,K.K. Nikola Tesla e.V. (2),Hamburg,Hamburg,9,Bezirksliga,Herren Bezirksliga B (53485),53485,6,0,0,0,0,0,0,0,0,0.0,,basketball-bund.net
824,KINGS&QUEENS Basketball Potsdam 3,Brandenburg,Brandenburg,9,Bezirksliga,Bezirksliga Herren Nord,55198,3,0,0,0,0,0,0,0,0,0.0,,basketball-bund.net
825,Kieler Förde Baskets 3,Schleswig-Holstein,Schleswig-Holstein,9,Bezirksliga,HBLN,53848,5,0,0,0,0,0,0,0,0,0.0,,basketball-bund.net
826,Kieler TB 3,Schleswig-Holstein,Schleswig-Holstein,9,Bezirksliga,HBLN,53848,6,0,0,0,0,0,0,0,0,0.0,,basketball-bund.net
827,LTV Lippstadt,Nordrhein-Westfalen,Nordrhein-Westfalen,9,Bezirksliga,Bezirksliga 10 Herren (BeL10H),54634,3,0,0,0,0,0,0,0,0,0.0,,basketball-bund.net
828,LippeBaskets Werne 3,Nordrhein-Westfalen,Nordrhein-Westfalen,9,Bezirksliga,Bezirksliga 10 Herren (BeL10H),54634,4,0,0,0,0,0,0,0,0,0.0,,basketball-bund.net
829,LippeBaskets Werne 4,Nordrhein-Westfalen,Nordrhein-Westfalen,9,Bezirksliga,Bezirksliga 10 Herren (BeL10H),54634,5,0,0,0,0,0,0,0,0,0.0,,basketball-bund.net
830,Lokomotive TS Göppingen 2,Baden-Württemberg,Baden-Württemberg,9,Bezirksliga,BBW4 Bezirksliga Ost,55018,4,0,0,0,0,0,0,0,0,0.0,,basketball-bund.net
831,Lokomotive Templin,Brandenburg,Brandenburg,9,Bezirksliga,Bezirksliga Herren Nord,55198,4,0,0,0,0,0,0,0,0,0.0,,basketball-bund.net
832,MJC Trier 4,Rheinland-Pfalz,Rheinland-Pfalz,9,Bezirksliga,Bezirksliga Trier Herren,52847,4,0,0,0,0,0,0,0,0,0.0,,basketball-bund.net
833,MTG Wangen,Baden-Württemberg,Baden-Württemberg,9,Bezirksliga,BBW4 Bezirksliga Ost,55018,5,0,0,0,0,0,0,0,0,0.0,,basketball-bund.net
834,MTV Lübeck,Schleswig-Holstein,Schleswig-Holstein,9,Bezirksliga,HBLS,53849,4,0,0,0,0,0,0,0,0,0.0,,basketball-bund.net
835,MTV Stuttgart 3,Baden-Württemberg,Baden-Württemberg,9,Bezirksliga,BBW3 Bezirksliga 1 Männer,53914,5,0,0,0,0,0,0,0,0,0.0,,basketball-bund.net
836,MTV Stuttgart 4,Baden-Württemberg,Baden-Württemberg,9,Bezirksliga,BBW3 Bezirksliga 2 Männer,53915,3,0,0,0,0,0,0,0,0,0.0,,basketball-bund.net
837,MTV Treubund Lüneburg (2),Hamburg,Hamburg,9,Bezirksliga,Herren Bezirksliga A (53484),53484,5,0,0,0,0,0,0,0,0,0.0,,basketball-bund.net
838,MTV Wittenberg,Sachsen-Anhalt,Sachsen-Anhalt,9,Bezirksliga,Bezirksliga Herren Anhalt,53273,5,0,0,0,0,0,0,0,0,0.0,,basketball-bund.net
839,Mamo Baskets Freiberg,Baden-Württemberg,Baden-Württemberg,9,Bezirksliga,BBW3 Bezirksliga 1 Männer,53914,6,0,0,0,0,0,0,0,0,0.0,,basketball-bund.net
840,Netz16 Baskets Königsbrunn,Bayern,Bayern,9,Bezirksliga,Bezirksliga Herren Süd 26/27,54484,3,0,0,0,0,0,0,0,0,0.0,,basketball-bund.net
841,PKF Titans Stuttgart 2,Baden-Württemberg,Baden-Württemberg,9,Bezirksliga,BBW3 Bezirksliga 2 Männer,53915,4,0,0,0,0,0,0,0,0,0.0,,basketball-bund.net
842,Pfeffersport 2,Berlin,Berlin,9,Bezirksliga,Herren Bezirksliga A,55046,7,0,0,0,0,0,0,0,0,0.0,,basketball-bund.net
843,Pulheimer SC,Nordrhein-Westfalen,Nordrhein-Westfalen,9,Bezirksliga,Bezirksliga 02 Herren (BeL02H),54605,8,0,0,0,0,0,0,0,0,0.0,,basketball-bund.net
844,RBC Köln 99ers,Nordrhein-Westfalen,Nordrhein-Westfalen,9,Bezirksliga,Bezirksliga 03 Herren (BeL03H),54606,7,0,0,0,0,0,0,0,0,0.0,,basketball-bund.net
845,Radevormwalder TV,Nordrhein-Westfalen,Nordrhein-Westfalen,9,Bezirksliga,Bezirksliga 04 Herren (BeL04H),54607,3,0,0,0,0,0,0,0,0,0.0,,basketball-bund.net
846,RheinStars Köln 4,Nordrhein-Westfalen,Nordrhein-Westfalen,9,Bezirksliga,Bezirksliga 03 Herren (BeL03H),54606,8,0,0,0,0,0,0,0,0,0.0,,basketball-bund.net
847,RheinStars Köln 5,Nordrhein-Westfalen,Nordrhein-Westfalen,9,Bezirksliga,Bezirksliga 03 Herren (BeL03H),54606,9,0,0,0,0,0,0,0,0,0.0,,basketball-bund.net
848,RheinStars Köln 6,Nordrhein-Westfalen,Nordrhein-Westfalen,9,Bezirksliga,Bezirksliga 03 Herren (BeL03H),54606,10,0,0,0,0,0,0,0,0,0.0,,basketball-bund.net
849,Ruhrbaskets Oberhausen,Nordrhein-Westfalen,Nordrhein-Westfalen,9,Bezirksliga,Bezirksliga 07 Herren (BeL07H),54611,5,0,0,0,0,0,0,0,0,0.0,,basketball-bund.net
850,SB Heidenheim,Baden-Württemberg,Baden-Württemberg,9,Bezirksliga,BBW4 Bezirksliga Ost,55018,6,0,0,0,0,0,0,0,0,0.0,,basketball-bund.net
851,SC Fast-Break Leverkusen 2,Nordrhein-Westfalen,Nordrhein-Westfalen,9,Bezirksliga,Bezirksliga 04 Herren (BeL04H),54607,4,0,0,0,0,0,0,0,0,0.0,,basketball-bund.net
852,SC Osterwieck,Sachsen-Anhalt,Sachsen-Anhalt,9,Bezirksliga,Bezirksliga Herren Nord-Harz,53271,6,0,0,0,0,0,0,0,0,0.0,,basketball-bund.net
853,SC Ottensen (3),Hamburg,Hamburg,9,Bezirksliga,Herren Bezirksliga C (53486),53486,5,0,0,0,0,0,0,0,0,0.0,,basketball-bund.net
854,SC Ottensen (4),Hamburg,Hamburg,9,Bezirksliga,Herren Bezirksliga B (53485),53485,7,0,0,0,0,0,0,0,0,0.0,,basketball-bund.net
855,SC Potsdam,Brandenburg,Brandenburg,9,Bezirksliga,Bezirksliga Herren Süd,55199,5,0,0,0,0,0,0,0,0,0.0,,basketball-bund.net
856,SC Rist Wedel (3),Hamburg,Hamburg,9,Bezirksliga,Herren Bezirksliga C (53486),53486,6,0,0,0,0,0,0,0,0,0.0,,basketball-bund.net
857,SC Siemensstadt 1,Berlin,Berlin,9,Bezirksliga,Herren Bezirksliga B,55047,7,0,0,0,0,0,0,0,0,0.0,,basketball-bund.net
858,SG Bergische Löwen 3,Nordrhein-Westfalen,Nordrhein-Westfalen,9,Bezirksliga,Bezirksliga 04 Herren (BeL04H),54607,5,0,0,0,0,0,0,0,0,0.0,,basketball-bund.net
859,SG Chateau Bonn,Nordrhein-Westfalen,Nordrhein-Westfalen,9,Bezirksliga,Bezirksliga 04 Herren (BeL04H),54607,6,0,0,0,0,0,0,0,0,0.0,,basketball-bund.net
860,SG Erftstadt,Nordrhein-Westfalen,Nordrhein-Westfalen,9,Bezirksliga,Bezirksliga 02 Herren (BeL02H),54605,9,0,0,0,0,0,0,0,0,0.0,,basketball-bund.net
861,SG Heising-Kottern,Bayern,Bayern,9,Bezirksliga,Bezirksliga Herren Süd 26/27,54484,4,0,0,0,0,0,0,0,0,0.0,,basketball-bund.net
862,SG Köln-Worringen,Nordrhein-Westfalen,Nordrhein-Westfalen,9,Bezirksliga,Bezirksliga 03 Herren (BeL03H),54606,11,0,0,0,0,0,0,0,0,0.0,,basketball-bund.net
863,SG Oerlenbach/Ebenhausen,Bayern,Bayern,9,Bezirksliga,UFR Bezirksliga Herren,55569,4,0,0,0,0,0,0,0,0,0.0,,basketball-bund.net
864,SSV Einheit Weißenfels II,Sachsen-Anhalt,Sachsen-Anhalt,9,Bezirksliga,Bezirksliga Herren Süd (53272),53272,3,0,0,0,0,0,0,0,0,0.0,,basketball-bund.net
865,SSV Lok Bernau 4,Brandenburg,Brandenburg,9,Bezirksliga,Bezirksliga Herren Nord,55198,5,0,0,0,0,0,0,0,0,0.0,,basketball-bund.net
866,SSV Wellesweiler I,Saarland,Saarland,9,Bezirksliga,Bezirksliga Saar Herren 2026 2027,54614,4,0,0,0,0,0,0,0,0,0.0,,basketball-bund.net
867,SV 1919 Grimma,Sachsen,Sachsen,9,Bezirksliga,Bezirksliga Leipzig Herren,54955,5,0,0,0,0,0,0,0,0,0.0,,basketball-bund.net
868,SV 1919 Woltersdorf 2,Brandenburg,Brandenburg,9,Bezirksliga,Bezirksliga Herren Süd,55199,6,0,0,0,0,0,0,0,0,0.0,,basketball-bund.net
869,SV Automation Leipzig 3,Sachsen,Sachsen,9,Bezirksliga,Bezirksliga Leipzig Herren,54955,6,0,0,0,0,0,0,0,0,0.0,,basketball-bund.net
870,SV Erlenbach Gorillairs,Bayern,Bayern,9,Bezirksliga,UFR Bezirksliga Herren,55569,5,0,0,0,0,0,0,0,0,0.0,,basketball-bund.net
871,SV Fellbach Flashers 3,Baden-Württemberg,Baden-Württemberg,9,Bezirksliga,BBW3 Bezirksliga 2 Männer,53915,5,0,0,0,0,0,0,0,0,0.0,,basketball-bund.net
872,SV Großkayna,Sachsen-Anhalt,Sachsen-Anhalt,9,Bezirksliga,Bezirksliga Herren Süd (53272),53272,4,0,0,0,0,0,0,0,0,0.0,,basketball-bund.net
873,SV Leonardo da Vinci Nauen,Brandenburg,Brandenburg,9,Bezirksliga,Bezirksliga Herren Nord,55198,6,0,0,0,0,0,0,0,0,0.0,,basketball-bund.net
874,SV Motor Großenhain,Sachsen,Sachsen,9,Bezirksliga,Bezirksliga Dresden Herren,55117,10,0,0,0,0,0,0,0,0,0.0,,basketball-bund.net
875,SV Neukölln 09 2,Berlin,Berlin,9,Bezirksliga,Herren Bezirksliga A,55046,8,0,0,0,0,0,0,0,0,0.0,,basketball-bund.net
876,SV Oberelchingen,Baden-Württemberg,Baden-Württemberg,9,Bezirksliga,BBW4 Bezirksliga Ost,55018,7,0,0,0,0,0,0,0,0,0.0,,basketball-bund.net
877,SV St. Georg (2),Hamburg,Hamburg,9,Bezirksliga,Herren Bezirksliga A (53484),53484,6,0,0,0,0,0,0,0,0,0.0,,basketball-bund.net
878,SV St. Georg (3),Hamburg,Hamburg,9,Bezirksliga,Herren Bezirksliga B (53485),53485,8,0,0,0,0,0,0,0,0,0.0,,basketball-bund.net
879,SV Tomerdingen,Baden-Württemberg,Baden-Württemberg,9,Bezirksliga,BBW4 Bezirksliga Ost,55018,8,0,0,0,0,0,0,0,0,0.0,,basketball-bund.net
880,SV Zörbig II,Sachsen-Anhalt,Sachsen-Anhalt,9,Bezirksliga,Bezirksliga Herren Anhalt,53273,6,0,0,0,0,0,0,0,0,0.0,,basketball-bund.net
881,Saarlouis-Dillingen Sunkings IV,Saarland,Saarland,9,Bezirksliga,Bezirksliga Saar Herren 2026 2027,54614,5,0,0,0,0,0,0,0,0,0.0,,basketball-bund.net
882,Schkopau Baskets,Sachsen-Anhalt,Sachsen-Anhalt,9,Bezirksliga,Bezirksliga Herren Süd (53272),53272,5,0,0,0,0,0,0,0,0,0.0,,basketball-bund.net
883,Schwerter TS,Nordrhein-Westfalen,Nordrhein-Westfalen,9,Bezirksliga,Bezirksliga 10 Herren (BeL10H),54634,6,0,0,0,0,0,0,0,0,0.0,,basketball-bund.net
884,Soest Falcons,Nordrhein-Westfalen,Nordrhein-Westfalen,9,Bezirksliga,Bezirksliga 10 Herren (BeL10H),54634,7,0,0,0,0,0,0,0,0,0.0,,basketball-bund.net
885,Sportunion Neckarsulm,Baden-Württemberg,Baden-Württemberg,9,Bezirksliga,BBW3 Bezirksliga 1 Männer,53914,7,0,0,0,0,0,0,0,0,0.0,,basketball-bund.net
886,Sportvg Feuerbach 2,Baden-Württemberg,Baden-Württemberg,9,Bezirksliga,BBW3 Bezirksliga 2 Männer,53915,6,0,0,0,0,0,0,0,0,0.0,,basketball-bund.net
887,Steinenbronn Beasts,Baden-Württemberg,Baden-Württemberg,9,Bezirksliga,BBW3 Bezirksliga 2 Männer,53915,7,0,0,0,0,0,0,0,0,0.0,,basketball-bund.net
888,Sterkrade 69ers,Nordrhein-Westfalen,Nordrhein-Westfalen,9,Bezirksliga,Bezirksliga 07 Herren (BeL07H),54611,6,0,0,0,0,0,0,0,0,0.0,,basketball-bund.net
889,TB Essen-Überruhr,Nordrhein-Westfalen,Nordrhein-Westfalen,9,Bezirksliga,Bezirksliga 07 Herren (BeL07H),54611,7,0,0,0,0,0,0,0,0,0.0,,basketball-bund.net
890,TG 1846 Worms,Rheinland-Pfalz,Rheinland-Pfalz,9,Bezirksliga,Bezirksliga Rheinhessen Herren,52894,6,0,0,0,0,0,0,0,0,0.0,,basketball-bund.net
891,TG 1877 Veitshöchheim,Bayern,Bayern,9,Bezirksliga,UFR Bezirksliga Herren,55569,6,0,0,0,0,0,0,0,0,0.0,,basketball-bund.net
892,TG Landshut 2,Bayern,Bayern,9,Bezirksliga,Bezirksliga Herren (BZLH-O) - Gruppe Ost 2026/27,53728,1,0,0,0,0,0,0,0,0,0.0,,basketball-bund.net
893,TG Schweinfurt,Bayern,Bayern,9,Bezirksliga,UFR Bezirksliga Herren,55569,7,0,0,0,0,0,0,0,0,0.0,,basketball-bund.net
894,TS Einfeld,Schleswig-Holstein,Schleswig-Holstein,9,Bezirksliga,HBLS,53849,5,0,0,0,0,0,0,0,0,0.0,,basketball-bund.net
895,TS Frechen 2,Nordrhein-Westfalen,Nordrhein-Westfalen,9,Bezirksliga,Bezirksliga 02 Herren (BeL02H),54605,10,0,0,0,0,0,0,0,0,0.0,,basketball-bund.net
896,TSB Schwäbisch Gmünd 2,Baden-Württemberg,Baden-Württemberg,9,Bezirksliga,BBW3 Bezirksliga 2 Männer,53915,8,0,0,0,0,0,0,0,0,0.0,,basketball-bund.net
897,TSC Spandau 2,Berlin,Berlin,9,Bezirksliga,Herren Bezirksliga C,55048,7,0,0,0,0,0,0,0,0,0.0,,basketball-bund.net
898,TSG Bergedorf von 1860 (3),Hamburg,Hamburg,9,Bezirksliga,Herren Bezirksliga A (53484),53484,7,0,0,0,0,0,0,0,0,0.0,,basketball-bund.net
899,TSG Heidesheim 2,Rheinland-Pfalz,Rheinland-Pfalz,9,Bezirksliga,Bezirksliga Rheinhessen Herren,52894,7,0,0,0,0,0,0,0,0,0.0,,basketball-bund.net
900,TSV Bad Boll,Baden-Württemberg,Baden-Württemberg,9,Bezirksliga,BBW4 Bezirksliga Ost,55018,9,0,0,0,0,0,0,0,0,0.0,,basketball-bund.net
901,TSV Bayer 04 Leverkusen 4,Nordrhein-Westfalen,Nordrhein-Westfalen,9,Bezirksliga,Bezirksliga 04 Herren (BeL04H),54607,7,0,0,0,0,0,0,0,0,0.0,,basketball-bund.net
902,TSV Diedorf,Bayern,Bayern,9,Bezirksliga,Bezirksliga Herren Nord 26/27,54485,3,0,0,0,0,0,0,0,0,0.0,,basketball-bund.net
903,TSV Ellwangen,Baden-Württemberg,Baden-Württemberg,9,Bezirksliga,BBW3 Bezirksliga 1 Männer,53914,8,0,0,0,0,0,0,0,0,0.0,,basketball-bund.net
904,TSV Essingen,Baden-Württemberg,Baden-Württemberg,9,Bezirksliga,BBW3 Bezirksliga 1 Männer,53914,9,0,0,0,0,0,0,0,0,0.0,,basketball-bund.net
905,TSV Etting-Ingolstadt,Bayern,Bayern,9,Bezirksliga,Bezirksliga Herren Nord 26/27,54485,4,0,0,0,0,0,0,0,0,0.0,,basketball-bund.net
906,TSV Haunstetten,Bayern,Bayern,9,Bezirksliga,Bezirksliga Herren Süd 26/27,54484,5,0,0,0,0,0,0,0,0,0.0,,basketball-bund.net
907,TSV Ismaning,Bayern,Bayern,9,Bezirksliga,Bezirksliga Herren (BZLH-O) - Gruppe Ost 2026/27,53728,2,0,0,0,0,0,0,0,0,0.0,,basketball-bund.net
908,TSV Karlstadt,Bayern,Bayern,9,Bezirksliga,UFR Bezirksliga Herren,55569,8,0,0,0,0,0,0,0,0,0.0,,basketball-bund.net
909,TSV Krofdorf/Gleiberg IV,Hessen,Hessen,9,Bezirksliga,Bezirksliga Herren,54657,8,0,0,0,0,0,0,0,0,0.0,,basketball-bund.net
910,TSV Meitingen,Bayern,Bayern,9,Bezirksliga,Bezirksliga Herren Nord 26/27,54485,5,0,0,0,0,0,0,0,0,0.0,,basketball-bund.net
911,TSV Neuenstadt,Baden-Württemberg,Baden-Württemberg,9,Bezirksliga,BBW3 Bezirksliga 1 Männer,53914,10,0,0,0,0,0,0,0,0,0.0,,basketball-bund.net
912,TSV Nördlingen 2,Bayern,Bayern,9,Bezirksliga,Bezirksliga Herren Nord 26/27,54485,6,0,0,0,0,0,0,0,0,0.0,,basketball-bund.net
913,TSV Ottobeuren,Bayern,Bayern,9,Bezirksliga,Bezirksliga Herren Süd 26/27,54484,6,0,0,0,0,0,0,0,0,0.0,,basketball-bund.net
914,TSV Reinbek 2,Schleswig-Holstein,Schleswig-Holstein,9,Bezirksliga,HBLS,53849,6,0,0,0,0,0,0,0,0,0.0,,basketball-bund.net
915,TSV Rudow 1,Berlin,Berlin,9,Bezirksliga,Herren Bezirksliga B,55047,8,0,0,0,0,0,0,0,0,0.0,,basketball-bund.net
916,TSV Schönberg,Schleswig-Holstein,Schleswig-Holstein,9,Bezirksliga,HBLN,53848,7,0,0,0,0,0,0,0,0,0.0,,basketball-bund.net
917,TSV Uetersen (1),Hamburg,Hamburg,9,Bezirksliga,Herren Bezirksliga C (53486),53486,7,0,0,0,0,0,0,0,0,0.0,,basketball-bund.net
918,TSV Viktoria Mülheim,Nordrhein-Westfalen,Nordrhein-Westfalen,9,Bezirksliga,Bezirksliga 07 Herren (BeL07H),54611,8,0,0,0,0,0,0,0,0,0.0,,basketball-bund.net
919,TUSEM Essen,Nordrhein-Westfalen,Nordrhein-Westfalen,9,Bezirksliga,Bezirksliga 07 Herren (BeL07H),54611,9,0,0,0,0,0,0,0,0,0.0,,basketball-bund.net
920,"TV ""Gut Heil""  Zerbst",Sachsen-Anhalt,Sachsen-Anhalt,9,Bezirksliga,Bezirksliga Herren Anhalt,53273,7,0,0,0,0,0,0,0,0,0.0,,basketball-bund.net
921,TV 1846 Isny,Bayern,Bayern,9,Bezirksliga,Bezirksliga Herren Süd 26/27,54484,7,0,0,0,0,0,0,0,0,0.0,,basketball-bund.net
922,TV 1862 Passau,Bayern,Bayern,9,Bezirksliga,Bezirksliga Herren (BZLH-O) - Gruppe Ost 2026/27,53728,3,0,0,0,0,0,0,0,0,0.0,,basketball-bund.net
923,TV Gerolzhofen,Bayern,Bayern,9,Bezirksliga,UFR Bezirksliga Herren,55569,9,0,0,0,0,0,0,0,0,0.0,,basketball-bund.net
924,TV Großflottbek von 1901 (1),Hamburg,Hamburg,9,Bezirksliga,Herren Bezirksliga C (53486),53486,8,0,0,0,0,0,0,0,0,0.0,,basketball-bund.net
925,TV Nalbach I,Saarland,Saarland,9,Bezirksliga,Bezirksliga Saar Herren 2026 2027,54614,6,0,0,0,0,0,0,0,0,0.0,,basketball-bund.net
926,TV Neunkirchen 2,Nordrhein-Westfalen,Nordrhein-Westfalen,9,Bezirksliga,Bezirksliga 04 Herren (BeL04H),54607,8,0,0,0,0,0,0,0,0,0.0,,basketball-bund.net
927,TV Südkamen,Nordrhein-Westfalen,Nordrhein-Westfalen,9,Bezirksliga,Bezirksliga 10 Herren (BeL10H),54634,8,0,0,0,0,0,0,0,0,0.0,,basketball-bund.net
928,TV Unna,Nordrhein-Westfalen,Nordrhein-Westfalen,9,Bezirksliga,Bezirksliga 10 Herren (BeL10H),54634,9,0,0,0,0,0,0,0,0,0.0,,basketball-bund.net
929,TV Weingarten,Baden-Württemberg,Baden-Württemberg,9,Bezirksliga,BBW4 Bezirksliga Ost,55018,10,0,0,0,0,0,0,0,0,0.0,,basketball-bund.net
930,TV Wiblingen,Baden-Württemberg,Baden-Württemberg,9,Bezirksliga,BBW4 Bezirksliga Ost,55018,11,0,0,0,0,0,0,0,0,0.0,,basketball-bund.net
931,TVG Kaiserau 2,Nordrhein-Westfalen,Nordrhein-Westfalen,9,Bezirksliga,Bezirksliga 10 Herren (BeL10H),54634,10,0,0,0,0,0,0,0,0,0.0,,basketball-bund.net
932,Topnados Halle,Sachsen-Anhalt,Sachsen-Anhalt,9,Bezirksliga,Bezirksliga Herren Halle,54654,5,0,0,0,0,0,0,0,0,0.0,,basketball-bund.net
933,Troisdorfer LG,Nordrhein-Westfalen,Nordrhein-Westfalen,9,Bezirksliga,Bezirksliga 04 Herren (BeL04H),54607,9,0,0,0,0,0,0,0,0,0.0,,basketball-bund.net
934,Troisdorfer LG 2,Nordrhein-Westfalen,Nordrhein-Westfalen,9,Bezirksliga,Bezirksliga 04 Herren (BeL04H),54607,10,0,0,0,0,0,0,0,0,0.0,,basketball-bund.net
935,TuS 59 HammStars 3,Nordrhein-Westfalen,Nordrhein-Westfalen,9,Bezirksliga,Bezirksliga 10 Herren (BeL10H),54634,11,0,0,0,0,0,0,0,0,0.0,,basketball-bund.net
936,TuS BW Königsdorf 2,Nordrhein-Westfalen,Nordrhein-Westfalen,9,Bezirksliga,Bezirksliga 02 Herren (BeL02H),54605,11,0,0,0,0,0,0,0,0,0.0,,basketball-bund.net
937,TuS Lichterfelde 3,Berlin,Berlin,9,Bezirksliga,Herren Bezirksliga C,55048,8,0,0,0,0,0,0,0,0,0.0,,basketball-bund.net
938,TuS Lichterfelde 4,Berlin,Berlin,9,Bezirksliga,Herren Bezirksliga B,55047,9,0,0,0,0,0,0,0,0,0.0,,basketball-bund.net
939,TuS Mondorf,Nordrhein-Westfalen,Nordrhein-Westfalen,9,Bezirksliga,Bezirksliga 04 Herren (BeL04H),54607,11,0,0,0,0,0,0,0,0,0.0,,basketball-bund.net
940,TuS Treis-Karden 2,Rheinland-Pfalz,Rheinland-Pfalz,9,Bezirksliga,Bezirksliga Koblenz Herren,55406,6,0,0,0,0,0,0,0,0,0.0,,basketball-bund.net
941,USC Leipzig 5,Sachsen,Sachsen,9,Bezirksliga,Bezirksliga Leipzig Herren,54955,7,0,0,0,0,0,0,0,0,0.0,,basketball-bund.net
942,USC Leipzig 6,Sachsen,Sachsen,9,Bezirksliga,Bezirksliga Leipzig Herren,54955,8,0,0,0,0,0,0,0,0,0.0,,basketball-bund.net
943,USC Magdeburg III,Sachsen-Anhalt,Sachsen-Anhalt,9,Bezirksliga,Bezirksliga Herren Nord-Harz,53271,7,0,0,0,0,0,0,0,0,0.0,,basketball-bund.net
944,USV Halle IV,Sachsen-Anhalt,Sachsen-Anhalt,9,Bezirksliga,Bezirksliga Herren Süd (53272),53272,6,0,0,0,0,0,0,0,0,0.0,,basketball-bund.net
945,USV Halle V,Sachsen-Anhalt,Sachsen-Anhalt,9,Bezirksliga,Bezirksliga Herren Halle,54654,6,0,0,0,0,0,0,0,0,0.0,,basketball-bund.net
946,USV TU Dresden,Sachsen,Sachsen,9,Bezirksliga,Bezirksliga Dresden Herren-Masters 40+,55116,3,0,0,0,0,0,0,0,0,0.0,,basketball-bund.net
947,USV TU Dresden 3,Sachsen,Sachsen,9,Bezirksliga,Bezirksliga Dresden Herren,55117,11,0,0,0,0,0,0,0,0,0.0,,basketball-bund.net
948,VFL Buchloe,Bayern,Bayern,9,Bezirksliga,Bezirksliga Herren Süd 26/27,54484,8,0,0,0,0,0,0,0,0,0.0,,basketball-bund.net
949,VSC Baskets Donauwörth 2,Bayern,Bayern,9,Bezirksliga,Bezirksliga Herren Nord 26/27,54485,7,0,0,0,0,0,0,0,0,0.0,,basketball-bund.net
950,VfB Hermsdorf 2,Berlin,Berlin,9,Bezirksliga,Herren Bezirksliga C,55048,9,0,0,0,0,0,0,0,0,0.0,,basketball-bund.net
951,VfL Lichtenrade 1,Berlin,Berlin,9,Bezirksliga,Herren Bezirksliga C,55048,10,0,0,0,0,0,0,0,0,0.0,,basketball-bund.net
952,Vgg. Adler 1912 1,Berlin,Berlin,9,Bezirksliga,Herren Bezirksliga A,55046,9,0,0,0,0,0,0,0,0,0.0,,basketball-bund.net
953,Walddörfer Sportverein (3),Hamburg,Hamburg,9,Bezirksliga,Herren Bezirksliga A (53484),53484,8,0,0,0,0,0,0,0,0,0.0,,basketball-bund.net
954,Weddinger Wiesel 3,Berlin,Berlin,9,Bezirksliga,Herren Bezirksliga A,55046,10,0,0,0,0,0,0,0,0,0.0,,basketball-bund.net
955,Weseler TV,Nordrhein-Westfalen,Nordrhein-Westfalen,9,Bezirksliga,Bezirksliga 07 Herren (BeL07H),54611,10,0,0,0,0,0,0,0,0,0.0,,basketball-bund.net
956,vamos! TSG Söflingen 5,Baden-Württemberg,Baden-Württemberg,9,Bezirksliga,BBW4 Bezirksliga Ost,55018,12,0,0,0,0,0,0,0,0,0.0,,basketball-bund.net
957,DJK Andernach 2,Rheinland-Pfalz,Rheinland-Pfalz,9,Bezirksliga,Bezirksliga Koblenz Herren,55406,7,1,0,0,1,77,79,-2,0,0.0,,basketball-bund.net
958,TuS Haardt,Rheinland-Pfalz,Rheinland-Pfalz,9,Bezirksliga,Bezirksliga Pfalz Herren,54423,6,1,0,0,1,91,94,-3,0,0.0,,basketball-bund.net
959,Trimmelter SV 3,Rheinland-Pfalz,Rheinland-Pfalz,9,Bezirksliga,Bezirksliga Trier Herren,52847,5,1,0,0,1,64,67,-3,0,0.0,,basketball-bund.net
960,SC Lerchenberg 2,Rheinland-Pfalz,Rheinland-Pfalz,9,Bezirksliga,Bezirksliga Rheinhessen Herren,52894,8,1,0,0,1,56,59,-3,0,0.0,,basketball-bund.net
961,DJK Nieder-Olm 3,Rheinland-Pfalz,Rheinland-Pfalz,9,Bezirksliga,Bezirksliga Rheinhessen Herren,52894,9,1,0,0,1,59,63,-4,0,0.0,,basketball-bund.net
962,SG Baskets 98 Völklingen/BBC Bous III,Saarland,Saarland,9,Bezirksliga,Bezirksliga Saar Herren 2026 2027,54614,7,1,0,0,1,72,78,-6,0,0.0,,basketball-bund.net
963,Gladiators Trier II,Rheinland-Pfalz,Rheinland-Pfalz,9,Bezirksliga,Bezirksliga Trier Herren,52847,6,1,0,0,1,55,61,-6,0,0.0,,basketball-bund.net
964,TuS Herrensohr III,Saarland,Saarland,9,Bezirksliga,Bezirksliga Saar Herren 2026 2027,54614,8,1,0,0,1,44,50,-6,0,0.0,,basketball-bund.net
965,BBV Lahnstein,Rheinland-Pfalz,Rheinland-Pfalz,9,Bezirksliga,Bezirksliga Koblenz Herren,55406,8,1,0,0,1,64,71,-7,0,0.0,,basketball-bund.net
966,Lich Basketball e.V. 3,Hessen,Hessen,9,Bezirksliga,Bezirksliga Herren,54657,9,1,0,0,1,60,67,-7,0,0.0,,basketball-bund.net
967,Kaiserslautern Thunderbolts,Rheinland-Pfalz,Rheinland-Pfalz,9,Bezirksliga,Bezirksliga Pfalz Herren,54423,7,1,0,0,1,86,95,-9,0,0.0,,basketball-bund.net
968,TG Hochheim  1,Hessen,Hessen,9,Bezirksliga,Herren Bezirksliga,52918,7,1,0,0,1,67,76,-9,0,0.0,,basketball-bund.net
969,BBV 1950 Wurzen,Sachsen,Sachsen,9,Bezirksliga,Bezirksliga Leipzig Herren,54955,9,1,0,0,1,54,64,-10,0,0.0,,basketball-bund.net
970,TuS Opladen,Nordrhein-Westfalen,Nordrhein-Westfalen,9,Bezirksliga,Bezirksliga 04 Herren (BeL04H),54607,12,1,0,0,1,54,64,-10,0,0.0,,basketball-bund.net
971,TSV 1846 Butzbach 3,Hessen,Hessen,9,Bezirksliga,Bezirksliga Herren,54657,10,2,0,0,2,94,114,-20,0,0.0,,basketball-bund.net
972,KSV Baunatal 1,Hessen,Hessen,9,Bezirksliga,Bezirksliga Herren (53455),53455,7,2,0,0,2,125,146,-21,0,0.0,,basketball-bund.net
973,BG Red Dragons KW 2,Brandenburg,Brandenburg,9,Bezirksliga,Bezirksliga Herren Süd,55199,7,2,0,0,2,143,165,-22,0,0.0,,basketball-bund.net
974,TVG Baskets Trier 2,Rheinland-Pfalz,Rheinland-Pfalz,9,Bezirksliga,Bezirksliga Trier Herren,52847,7,1,0,0,1,67,78,-11,0,0.0,,basketball-bund.net
975,TV Langen 4,Hessen,Hessen,9,Bezirksliga,Herren Bezirksliga,52918,9,2,0,0,2,124,148,-24,0,0.0,,basketball-bund.net
976,1. FC Kaiserslautern 3,Rheinland-Pfalz,Rheinland-Pfalz,9,Bezirksliga,Bezirksliga Pfalz Herren,54423,8,1,0,0,1,66,82,-16,0,0.0,,basketball-bund.net
977,MTV Kronberg 2,Hessen,Hessen,9,Bezirksliga,Bezirksliga Herren (55952),55952,9,2,0,0,2,126,158,-32,0,0.0,,basketball-bund.net
978,TSV Gernsheim 1,Hessen,Hessen,9,Bezirksliga,Herren Bezirksliga,52918,8,1,0,0,1,70,87,-17,0,0.0,,basketball-bund.net
979,TV Heppenheim 1,Hessen,Hessen,9,Bezirksliga,Herren Bezirksliga,52918,10,2,0,0,2,123,157,-34,0,0.0,,basketball-bund.net
980,BV StarWings Glienicke 3,Brandenburg,Brandenburg,9,Bezirksliga,Bezirksliga Herren Nord,55198,7,2,0,0,2,99,133,-34,0,0.0,,basketball-bund.net
981,TSV Schwarzenbek,Schleswig-Holstein,Schleswig-Holstein,9,Bezirksliga,HBLS,53849,7,1,0,0,1,50,68,-18,0,0.0,,basketball-bund.net
982,CVJM Kassel 1,Hessen,Hessen,9,Bezirksliga,Bezirksliga Herren (53455),53455,8,2,0,0,2,140,179,-39,0,0.0,,basketball-bund.net
983,TuS 1897 Saulheim,Rheinland-Pfalz,Rheinland-Pfalz,9,Bezirksliga,Bezirksliga Rheinhessen Herren,52894,10,1,0,0,1,41,61,-20,0,0.0,,basketball-bund.net
984,SG Lützel-Post Koblenz 3,Rheinland-Pfalz,Rheinland-Pfalz,9,Bezirksliga,Bezirksliga Koblenz Herren,55406,9,1,0,0,1,49,73,-24,0,0.0,,basketball-bund.net
985,TuS Nortorf 2,Schleswig-Holstein,Schleswig-Holstein,9,Bezirksliga,HBLN,53848,8,1,0,0,1,40,66,-26,0,0.0,,basketball-bund.net
986,TV Clausen,Rheinland-Pfalz,Rheinland-Pfalz,9,Bezirksliga,Bezirksliga Pfalz Herren,54423,9,1,0,0,1,73,101,-28,0,0.0,,basketball-bund.net
987,SV Treysa Red Caps  2,Hessen,Hessen,9,Bezirksliga,Bezirksliga Herren (53455),53455,9,2,0,0,2,92,148,-56,0,0.0,,basketball-bund.net
988,Leipzig Lakers 4,Sachsen,Sachsen,9,Bezirksliga,Bezirksliga Leipzig Herren,54955,10,1,0,0,1,50,79,-29,0,0.0,,basketball-bund.net
989,TSV Kirchhain 1,Hessen,Hessen,9,Bezirksliga,Bezirksliga Herren,54657,11,2,0,0,2,132,191,-59,0,0.0,,basketball-bund.net
990,1. SC Norderstedt 2,Schleswig-Holstein,Schleswig-Holstein,9,Bezirksliga,HBLS,53849,8,1,0,0,1,44,74,-30,0,0.0,,basketball-bund.net
991,BC Gelnhausen 2,Hessen,Hessen,9,Bezirksliga,Bezirksliga Herren (55952),55952,10,2,0,0,2,124,191,-67,0,0.0,,basketball-bund.net
992,TV St. Ingbert II,Saarland,Saarland,9,Bezirksliga,Bezirksliga Saar Herren 2026 2027,54614,9,1,0,0,1,49,90,-41,0,0.0,,basketball-bund.net
993,BSG Rübenach / Urbar 2,Rheinland-Pfalz,Rheinland-Pfalz,9,Bezirksliga,Bezirksliga Koblenz Herren,55406,10,1,0,0,1,37,97,-60,0,0.0,,basketball-bund.net
994,BBC Halle III,Sachsen-Anhalt,Sachsen-Anhalt,9,Bezirksliga,Bezirksliga Herren Süd (53272),53272,7,1,0,0,1,38,130,-92,0,0.0,,basketball-bund.net
995,TKW Nienburg Ravens 2,Niedersachsen,Niedersachsen,10,Regionsklasse,Regionsklasse Herren / West,54541,1,1,1,0,0,99,46,53,2,2.0,,basketball-bund.net
996,Basketball Lesum Vegesack IV,Niedersachsen,Niedersachsen,10,Regionsklasse,Regionsklasse Nord Herren,54198,1,1,1,0,0,87,52,35,2,2.0,,basketball-bund.net
997,FTSV Jahn Brinkum 3,Niedersachsen,Niedersachsen,10,Regionsklasse,Regionsklasse Süd Herren,54197,1,1,1,0,0,83,60,23,2,2.0,,basketball-bund.net
998,TV Bremen 1875,Niedersachsen,Niedersachsen,10,Regionsklasse,Regionsklasse Nord Herren,54198,2,1,1,0,0,20,0,20,2,2.0,,basketball-bund.net
999,TuS Sulingen,Niedersachsen,Niedersachsen,10,Regionsklasse,Regionsklasse Süd Herren,54197,2,1,1,0,0,20,0,20,2,2.0,,basketball-bund.net
1000,TuS Bothfeld 3,Niedersachsen,Niedersachsen,10,Regionsklasse,Regionsklasse Herren / Ost,54540,1,1,1,0,0,61,46,15,2,2.0,,basketball-bund.net
1001,VfL Stade IV,Niedersachsen,Niedersachsen,10,Regionsklasse,Regionsklasse Ost Herren,54910,1,1,1,0,0,59,47,12,2,2.0,,basketball-bund.net
1002,TK Hannover 3,Niedersachsen,Niedersachsen,10,Regionsklasse,Regionsklasse Herren / Ost,54540,2,1,1,0,0,51,39,12,2,2.0,,basketball-bund.net
1003,BC-VSK Osterholz-Scharmbeck,Niedersachsen,Niedersachsen,10,Regionsklasse,Regionsklasse Nord Herren,54198,3,1,1,0,0,64,53,11,2,2.0,,basketball-bund.net
1004,Eintracht Braunschweig 4,Niedersachsen,Niedersachsen,10,Regionsklasse,Regionsklasse Braunschweig Herren,54680,1,1,1,0,0,72,63,9,2,2.0,,basketball-bund.net
1005,TuS Jahn Lindhorst 2,Niedersachsen,Niedersachsen,10,Regionsklasse,Regionsklasse Herren / West,54541,2,1,1,0,0,61,53,8,2,2.0,,basketball-bund.net
1006,SC Lüchow,Niedersachsen,Niedersachsen,10,Regionsklasse,Regionsklasse Ost Herren,54910,2,1,1,0,0,72,67,5,2,2.0,,basketball-bund.net
1007,USV Braunschweig 2,Niedersachsen,Niedersachsen,10,Regionsklasse,Regionsklasse Braunschweig Herren,54680,2,1,1,0,0,69,67,2,2,2.0,,basketball-bund.net
1008,ASC 46 Göttingen IV,Niedersachsen,Niedersachsen,10,Regionsklasse,Regionsklasse Göttingen Herren,55706,1,0,0,0,0,0,0,0,0,0.0,,basketball-bund.net
1009,BBC Bayreuth 4,Bayern,Bayern,10,Bezirksklasse,Bezirksklasse Herren,52810,1,0,0,0,0,0,0,0,0,0.0,,basketball-bund.net
1010,BBC Osnabrück III,Niedersachsen,Niedersachsen,10,Regionsklasse,Regionsklasse Herren,53678,1,0,0,0,0,0,0,0,0,0.0,,basketball-bund.net
1011,BBV 1950 Wurzen 2,Sachsen,Sachsen,10,Bezirksklasse,Bezirksklasse Leipzig Herren,54958,1,0,0,0,0,0,0,0,0,0.0,,basketball-bund.net
1012,BBV Leipzig Eagles 3,Sachsen,Sachsen,10,Bezirksklasse,Bezirksklasse Leipzig Herren,54958,2,0,0,0,0,0,0,0,0,0.0,,basketball-bund.net
1013,BG 74 Göttingen V,Niedersachsen,Niedersachsen,10,Regionsklasse,Regionsklasse Göttingen Herren,55706,2,0,0,0,0,0,0,0,0,0.0,,basketball-bund.net
1014,BG Bamberg 2,Bayern,Bayern,10,Bezirksklasse,Bezirksklasse Herren,52810,2,0,0,0,0,0,0,0,0,0.0,,basketball-bund.net
1015,BG Elsenfeld/Großwallstadt 2,Bayern,Bayern,10,Bezirksklasse,UFR Bezirksklasse Herren West,55571,1,0,0,0,0,0,0,0,0,0.0,,basketball-bund.net
1016,BG Illertal 3,Bayern,Bayern,10,Bezirksklasse,Bezirksklasse Herren Süd 26/27,54509,1,0,0,0,0,0,0,0,0,0.0,,basketball-bund.net
1017,BG Litzendorf 2,Bayern,Bayern,10,Bezirksklasse,Bezirksklasse Herren,52810,3,0,0,0,0,0,0,0,0,0.0,,basketball-bund.net
1018,BG True Lions,Niedersachsen,Niedersachsen,10,Regionsklasse,Regionsklasse Ost Herren,54910,3,0,0,0,0,0,0,0,0,0.0,,basketball-bund.net
1019,Baskets Vilsbiburg 3,Bayern,Bayern,10,Bezirksklasse,Nord - Bezirksklasse Herren 2026/27,53731,1,0,0,0,0,0,0,0,0,0.0,,basketball-bund.net
1020,Blau-Weiß Merzen I,Niedersachsen,Niedersachsen,10,Regionsklasse,Regionsklasse Herren,53678,2,0,0,0,0,0,0,0,0,0.0,,basketball-bund.net
1021,DJK Don Bosco Bamberg 2,Bayern,Bayern,10,Bezirksklasse,Bezirksklasse Herren,52810,4,0,0,0,0,0,0,0,0,0.0,,basketball-bund.net
1022,DJK Eichstätt 2,Bayern,Bayern,10,Bezirksklasse,Bezirksklasse Herren Nord 26/27,54507,1,0,0,0,0,0,0,0,0,0.0,,basketball-bund.net
1023,DJK Kaufbeuren 2,Bayern,Bayern,10,Bezirksklasse,Bezirksklasse Herren Süd 26/27,54509,2,0,0,0,0,0,0,0,0,0.0,,basketball-bund.net
1024,DJK SB Straubing,Bayern,Bayern,10,Bezirksklasse,Nord - Bezirksklasse Herren 2026/27,53731,2,0,0,0,0,0,0,0,0,0.0,,basketball-bund.net
1025,DJK Sonnen,Bayern,Bayern,10,Bezirksklasse,Nord - Bezirksklasse Herren 2026/27,53731,3,0,0,0,0,0,0,0,0,0.0,,basketball-bund.net
1026,Dukes TV Dingolfing 2,Bayern,Bayern,10,Bezirksklasse,Nord - Bezirksklasse Herren 2026/27,53731,4,0,0,0,0,0,0,0,0,0.0,,basketball-bund.net
1027,Gerbrunn Grizzlies 4,Bayern,Bayern,10,Bezirksklasse,UFR Bezirksklasse Herren West,55571,2,0,0,0,0,0,0,0,0,0.0,,basketball-bund.net
1028,HWKT - Hard Work Knox Talent e.V..,Bayern,Bayern,10,Bezirksklasse,West - Bezirksklasse Herren (WE-BKH) 2026/27,53733,1,0,0,0,0,0,0,0,0,0.0,,basketball-bund.net
1029,Hagener SV II,Niedersachsen,Niedersachsen,10,Regionsklasse,Regionsklasse Herren,53678,3,0,0,0,0,0,0,0,0,0.0,,basketball-bund.net
1030,KuSG Laufach,Bayern,Bayern,10,Bezirksklasse,UFR Bezirksklasse Herren West,55571,3,0,0,0,0,0,0,0,0,0.0,,basketball-bund.net
1031,Lechfeld Lakers Untermeitingen,Bayern,Bayern,10,Bezirksklasse,Bezirksklasse Herren Süd 26/27,54509,3,0,0,0,0,0,0,0,0,0.0,,basketball-bund.net
1032,Linden Dudes 3,Niedersachsen,Niedersachsen,10,Regionsklasse,Regionsklasse Herren / Ost,54540,3,0,0,0,0,0,0,0,0,0.0,,basketball-bund.net
1033,MSG TuS Celle / VfL Westercelle,Niedersachsen,Niedersachsen,10,Regionsklasse,Regionsklasse Herren / Ost,54540,4,0,0,0,0,0,0,0,0,0.0,,basketball-bund.net
1034,MTV Baskets Ingolstadt 2,Bayern,Bayern,10,Bezirksklasse,Bezirksklasse Herren Nord 26/27,54507,2,0,0,0,0,0,0,0,0,0.0,,basketball-bund.net
1035,MTV Baskets Ingolstadt 3,Bayern,Bayern,10,Bezirksklasse,Bezirksklasse Herren Mitte 26/27,54508,1,0,0,0,0,0,0,0,0,0.0,,basketball-bund.net
1036,MTV Börßum,Niedersachsen,Niedersachsen,10,Regionsklasse,Regionsklasse Braunschweig Herren,54680,3,0,0,0,0,0,0,0,0,0.0,,basketball-bund.net
1037,MTV Herzberg II,Niedersachsen,Niedersachsen,10,Regionsklasse,Regionsklasse Göttingen Herren,55706,3,0,0,0,0,0,0,0,0,0.0,,basketball-bund.net
1038,MTV Schandelah-Gardessen,Niedersachsen,Niedersachsen,10,Regionsklasse,Regionsklasse Braunschweig Herren,54680,4,0,0,0,0,0,0,0,0,0.0,,basketball-bund.net
1039,MTV Wasbüttel,Niedersachsen,Niedersachsen,10,Regionsklasse,Regionsklasse Braunschweig Herren,54680,5,0,0,0,0,0,0,0,0,0.0,,basketball-bund.net
1040,Netz16 Baskets Königsbrunn 2,Bayern,Bayern,10,Bezirksklasse,Bezirksklasse Herren Mitte 26/27,54508,2,0,0,0,0,0,0,0,0,0.0,,basketball-bund.net
1041,PSV Ingolstadt 2,Bayern,Bayern,10,Bezirksklasse,Bezirksklasse Herren Nord 26/27,54507,3,0,0,0,0,0,0,0,0,0.0,,basketball-bund.net
1042,PocKingS e.V.,Bayern,Bayern,10,Bezirksklasse,Nord - Bezirksklasse Herren 2026/27,53731,5,0,0,0,0,0,0,0,0,0.0,,basketball-bund.net
1043,Puchheim 46ers,Bayern,Bayern,10,Bezirksklasse,West - Bezirksklasse Herren (WE-BKH) 2026/27,53733,2,0,0,0,0,0,0,0,0,0.0,,basketball-bund.net
1044,Regnitztal Baskets 2,Bayern,Bayern,10,Bezirksklasse,Bezirksklasse Herren,52810,5,0,0,0,0,0,0,0,0,0.0,,basketball-bund.net
1045,Roter Stern Leipzig 2,Sachsen,Sachsen,10,Bezirksklasse,Bezirksklasse Leipzig Herren,54958,3,0,0,0,0,0,0,0,0,0.0,,basketball-bund.net
1046,Roter Stern Leipzig 3 (mixed),Sachsen,Sachsen,10,Bezirksklasse,Bezirksklasse Leipzig Herren,54958,4,0,0,0,0,0,0,0,0,0.0,,basketball-bund.net
1047,SC Spelle-Venhaus,Niedersachsen,Niedersachsen,10,Regionsklasse,Regionsklasse Herren,53678,4,0,0,0,0,0,0,0,0,0.0,,basketball-bund.net
1048,SC Weende-Göttingen IV,Niedersachsen,Niedersachsen,10,Regionsklasse,Regionsklasse Göttingen Herren,55706,4,0,0,0,0,0,0,0,0,0.0,,basketball-bund.net
1049,SFK Hannover,Niedersachsen,Niedersachsen,10,Regionsklasse,Regionsklasse Herren / Ost,54540,5,0,0,0,0,0,0,0,0,0.0,,basketball-bund.net
1050,SSV Schrobenhausen 2,Bayern,Bayern,10,Bezirksklasse,Bezirksklasse Herren Mitte 26/27,54508,3,0,0,0,0,0,0,0,0,0.0,,basketball-bund.net
1051,SSV Schrobenhausen 3,Bayern,Bayern,10,Bezirksklasse,Bezirksklasse Herren Nord 26/27,54507,4,0,0,0,0,0,0,0,0,0.0,,basketball-bund.net
1052,"SV ""Spartak"" Grimma 2",Sachsen,Sachsen,10,Bezirksklasse,Bezirksklasse Leipzig Herren,54958,5,0,0,0,0,0,0,0,0,0.0,,basketball-bund.net
1053,SV Automation Leipzig 4,Sachsen,Sachsen,10,Bezirksklasse,Bezirksklasse Leipzig Herren,54958,6,0,0,0,0,0,0,0,0,0.0,,basketball-bund.net
1054,SV Automation Leipzig 5,Sachsen,Sachsen,10,Bezirksklasse,Bezirksklasse Leipzig Herren,54958,7,0,0,0,0,0,0,0,0,0.0,,basketball-bund.net
1055,SV Groitzsch,Sachsen,Sachsen,10,Bezirksklasse,Bezirksklasse Leipzig Herren,54958,8,0,0,0,0,0,0,0,0,0.0,,basketball-bund.net
1056,SV Pettstadt 2,Bayern,Bayern,10,Bezirksklasse,Bezirksklasse Herren,52810,6,0,0,0,0,0,0,0,0,0.0,,basketball-bund.net
1057,SV Weidenberg,Bayern,Bayern,10,Bezirksklasse,Bezirksklasse Herren,52810,7,0,0,0,0,0,0,0,0,0.0,,basketball-bund.net
1058,TG Landshut 3,Bayern,Bayern,10,Bezirksklasse,Nord - Bezirksklasse Herren 2026/27,53731,6,0,0,0,0,0,0,0,0,0.0,,basketball-bund.net
1059,TG Viktoria Augsburg,Bayern,Bayern,10,Bezirksklasse,Bezirksklasse Herren Mitte 26/27,54508,4,0,0,0,0,0,0,0,0,0.0,,basketball-bund.net
1060,TS Lichtenfels,Bayern,Bayern,10,Bezirksklasse,Bezirksklasse Herren,52810,8,0,0,0,0,0,0,0,0,0.0,,basketball-bund.net
1061,TS Rusbend,Niedersachsen,Niedersachsen,10,Regionsklasse,Regionsklasse Herren / West,54541,3,0,0,0,0,0,0,0,0,0.0,,basketball-bund.net
1062,TSG Königslutter,Niedersachsen,Niedersachsen,10,Regionsklasse,Regionsklasse Braunschweig Herren,54680,6,0,0,0,0,0,0,0,0,0.0,,basketball-bund.net
1063,TSV 1862 Neuburg 2,Bayern,Bayern,10,Bezirksklasse,Bezirksklasse Herren Nord 26/27,54507,5,0,0,0,0,0,0,0,0,0.0,,basketball-bund.net
1064,TSV 1865 Dachau 2,Bayern,Bayern,10,Bezirksklasse,West - Bezirksklasse Herren (WE-BKH) 2026/27,53733,3,0,0,0,0,0,0,0,0,0.0,,basketball-bund.net
1065,TSV 1898 Penzberg,Bayern,Bayern,10,Bezirksklasse,West - Bezirksklasse Herren (WE-BKH) 2026/27,53733,4,0,0,0,0,0,0,0,0,0.0,,basketball-bund.net
1066,TSV Aichach,Bayern,Bayern,10,Bezirksklasse,Bezirksklasse Herren Mitte 26/27,54508,5,0,0,0,0,0,0,0,0,0.0,,basketball-bund.net
1067,TSV Amorbach,Bayern,Bayern,10,Bezirksklasse,UFR Bezirksklasse Herren West,55571,4,0,0,0,0,0,0,0,0,0.0,,basketball-bund.net
1068,TSV Bordenau,Niedersachsen,Niedersachsen,10,Regionsklasse,Regionsklasse Herren / West,54541,4,0,0,0,0,0,0,0,0,0.0,,basketball-bund.net
1069,TSV Etting-Ingolstadt 2,Bayern,Bayern,10,Bezirksklasse,Bezirksklasse Herren Nord 26/27,54507,6,0,0,0,0,0,0,0,0,0.0,,basketball-bund.net
1070,TSV Gersthofen 2,Bayern,Bayern,10,Bezirksklasse,Bezirksklasse Herren Mitte 26/27,54508,6,0,0,0,0,0,0,0,0,0.0,,basketball-bund.net
1071,TSV Großheubach,Bayern,Bayern,10,Bezirksklasse,UFR Bezirksklasse Herren West,55571,5,0,0,0,0,0,0,0,0,0.0,,basketball-bund.net
1072,TSV Hechendorf,Bayern,Bayern,10,Bezirksklasse,West - Bezirksklasse Herren (WE-BKH) 2026/27,53733,5,0,0,0,0,0,0,0,0,0.0,,basketball-bund.net
1073,TSV Lamstedt,Niedersachsen,Niedersachsen,10,Regionsklasse,Regionsklasse Ost Herren,54910,4,0,0,0,0,0,0,0,0,0.0,,basketball-bund.net
1074,TSV Lindau,Bayern,Bayern,10,Bezirksklasse,Bezirksklasse Herren Süd 26/27,54509,4,0,0,0,0,0,0,0,0,0.0,,basketball-bund.net
1075,TSV Ludwigsstadt,Bayern,Bayern,10,Bezirksklasse,Bezirksklasse Herren,52810,9,0,0,0,0,0,0,0,0,0.0,,basketball-bund.net
1076,TSV Luthe,Niedersachsen,Niedersachsen,10,Regionsklasse,Regionsklasse Herren / West,54541,5,0,0,0,0,0,0,0,0,0.0,,basketball-bund.net
1077,TSV Milbertshofen 3,Bayern,Bayern,10,Bezirksklasse,West - Bezirksklasse Herren (WE-BKH) 2026/27,53733,6,0,0,0,0,0,0,0,0,0.0,,basketball-bund.net
1078,TSV München-Solln,Bayern,Bayern,10,Bezirksklasse,West - Bezirksklasse Herren (WE-BKH) 2026/27,53733,7,0,0,0,0,0,0,0,0,0.0,,basketball-bund.net
1079,TSV Neustadt 4,Niedersachsen,Niedersachsen,10,Regionsklasse,Regionsklasse Herren / West,54541,6,0,0,0,0,0,0,0,0,0.0,,basketball-bund.net
1080,TSV Osnabrück,Niedersachsen,Niedersachsen,10,Regionsklasse,Regionsklasse Herren,53678,5,0,0,0,0,0,0,0,0,0.0,,basketball-bund.net
1081,TSV Ottobeuren 2,Bayern,Bayern,10,Bezirksklasse,Bezirksklasse Herren Süd 26/27,54509,5,0,0,0,0,0,0,0,0,0.0,,basketball-bund.net
1082,TSV Partenkirchen,Bayern,Bayern,10,Bezirksklasse,West - Bezirksklasse Herren (WE-BKH) 2026/27,53733,8,0,0,0,0,0,0,0,0,0.0,,basketball-bund.net
1083,TSV Quakenbrück III,Niedersachsen,Niedersachsen,10,Regionsklasse,Regionsklasse Herren,53678,6,0,0,0,0,0,0,0,0,0.0,,basketball-bund.net
1084,TSV Simbach,Bayern,Bayern,10,Bezirksklasse,Nord - Bezirksklasse Herren 2026/27,53731,7,0,0,0,0,0,0,0,0,0.0,,basketball-bund.net
1085,TSV Staffelstein,Bayern,Bayern,10,Bezirksklasse,Bezirksklasse Herren,52810,10,0,0,0,0,0,0,0,0,0.0,,basketball-bund.net
1086,TSV Stelingen 2,Niedersachsen,Niedersachsen,10,Regionsklasse,Regionsklasse Herren / West,54541,7,0,0,0,0,0,0,0,0,0.0,,basketball-bund.net
1087,TSV Wasserburg/Günzburg,Bayern,Bayern,10,Bezirksklasse,Bezirksklasse Herren Süd 26/27,54509,6,0,0,0,0,0,0,0,0,0.0,,basketball-bund.net
1088,TV 1847 Augsburg 3,Bayern,Bayern,10,Bezirksklasse,Bezirksklasse Herren Mitte 26/27,54508,7,0,0,0,0,0,0,0,0,0.0,,basketball-bund.net
1089,TV Burgsinn,Bayern,Bayern,10,Bezirksklasse,UFR Bezirksklasse Herren West,55571,6,0,0,0,0,0,0,0,0,0.0,,basketball-bund.net
1090,TV Delmenhorst III,Niedersachsen,Niedersachsen,10,Regionsklasse,Regionsklasse Süd Herren,54197,3,0,0,0,0,0,0,0,0,0.0,,basketball-bund.net
1091,TV Freyung,Bayern,Bayern,10,Bezirksklasse,Nord - Bezirksklasse Herren 2026/27,53731,8,0,0,0,0,0,0,0,0,0.0,,basketball-bund.net
1092,TuS 1860 Pfarrkirchen,Bayern,Bayern,10,Bezirksklasse,Nord - Bezirksklasse Herren 2026/27,53731,9,0,0,0,0,0,0,0,0,0.0,,basketball-bund.net
1093,TuS Aschaffenburg Damm,Bayern,Bayern,10,Bezirksklasse,UFR Bezirksklasse Herren West,55571,7,0,0,0,0,0,0,0,0,0.0,,basketball-bund.net
1094,TuS Bramsche III,Niedersachsen,Niedersachsen,10,Regionsklasse,Regionsklasse Herren,53678,7,0,0,0,0,0,0,0,0,0.0,,basketball-bund.net
1095,TuS Fürstenfeldbruck,Bayern,Bayern,10,Bezirksklasse,West - Bezirksklasse Herren (WE-BKH) 2026/27,53733,9,0,0,0,0,0,0,0,0,0.0,,basketball-bund.net
1096,TuS Hohnstorf/Elbe II,Niedersachsen,Niedersachsen,10,Regionsklasse,Regionsklasse Ost Herren,54910,5,0,0,0,0,0,0,0,0,0.0,,basketball-bund.net
1097,VFL Buchloe 2,Bayern,Bayern,10,Bezirksklasse,Bezirksklasse Herren Süd 26/27,54509,7,0,0,0,0,0,0,0,0,0.0,,basketball-bund.net
1098,VfL Löningen II,Niedersachsen,Niedersachsen,10,Regionsklasse,Regionsklasse Herren,53678,8,0,0,0,0,0,0,0,0,0.0,,basketball-bund.net
1099,VfR Voxtrup I,Niedersachsen,Niedersachsen,10,Regionsklasse,Regionsklasse Herren,53678,9,0,0,0,0,0,0,0,0,0.0,,basketball-bund.net
1100,Schapen Sharks 3,Niedersachsen,Niedersachsen,10,Regionsklasse,Regionsklasse Braunschweig Herren,54680,7,1,0,0,1,67,69,-2,0,0.0,,basketball-bund.net
1101,BSG Südheide,Niedersachsen,Niedersachsen,10,Regionsklasse,Regionsklasse Ost Herren,54910,6,1,0,0,1,67,72,-5,0,0.0,,basketball-bund.net
1102,VfL Hameln 2,Niedersachsen,Niedersachsen,10,Regionsklasse,Regionsklasse Herren / West,54541,8,1,0,0,1,53,61,-8,0,0.0,,basketball-bund.net
1103,MTV Salzdahlum  2,Niedersachsen,Niedersachsen,10,Regionsklasse,Regionsklasse Braunschweig Herren,54680,8,1,0,0,1,63,72,-9,0,0.0,,basketball-bund.net
1104,Bremen 1860 IV,Niedersachsen,Niedersachsen,10,Regionsklasse,Regionsklasse Nord Herren,54198,4,1,0,0,1,53,64,-11,0,0.0,,basketball-bund.net
1105,SG Buxtehude-Altkloster II,Niedersachsen,Niedersachsen,10,Regionsklasse,Regionsklasse Ost Herren,54910,7,1,0,0,1,47,59,-12,0,0.0,,basketball-bund.net
1106,Hanover Basketball Dragons 2,Niedersachsen,Niedersachsen,10,Regionsklasse,Regionsklasse Herren / Ost,54540,6,1,0,0,1,39,51,-12,0,0.0,,basketball-bund.net
1107,TuS Eicklingen Lumberjacks,Niedersachsen,Niedersachsen,10,Regionsklasse,Regionsklasse Herren / Ost,54540,7,1,0,0,1,46,61,-15,0,0.0,,basketball-bund.net
1108,SV Weyhe v. 1913 e.V.,Niedersachsen,Niedersachsen,10,Regionsklasse,Regionsklasse Süd Herren,54197,4,1,0,0,1,60,83,-23,0,0.0,,basketball-bund.net
1109,TV Falkenberg e. V. II,Niedersachsen,Niedersachsen,10,Regionsklasse,Regionsklasse Nord Herren,54198,5,1,0,0,1,52,87,-35,0,0.0,,basketball-bund.net
1110,Mühlenberger SV 2,Niedersachsen,Niedersachsen,10,Regionsklasse,Regionsklasse Herren / West,54541,9,1,0,0,1,46,99,-53,0,0.0,,basketball-bund.net
1111,BTS Neustadt V,Niedersachsen,Niedersachsen,10,Regionsklasse,Regionsklasse Süd Herren,54197,5,1,0,0,1,0,20,-20,-1,-1.0,,basketball-bund.net
1112,Bremerhaven United e.V. III,Niedersachsen,Niedersachsen,10,Regionsklasse,Regionsklasse Nord Herren,54198,6,1,0,0,1,0,20,-20,-1,-1.0,,basketball-bund.net
1113,TuS Müden-Dieckhorst,Niedersachsen,Niedersachsen,11,Kreisliga,Kreisliga Braunschweig Herren Nord,54681,1,1,1,0,0,106,17,89,2,2.0,,basketball-bund.net
1114,Grundschulliga Rhein-Lahn e.V.,Rheinland-Pfalz,Rheinland-Pfalz,11,A-Klasse,A-Klasse Koblenz Herren Gruppe 1,55464,1,2,2,0,0,222,82,140,4,2.0,,basketball-bund.net
1115,TSV Bargteheide 3,Schleswig-Holstein,Schleswig-Holstein,11,Kreisliga,HBKS,53851,1,1,1,0,0,103,43,60,2,2.0,,basketball-bund.net
1116,Fortuna Logabirum III,Niedersachsen,Niedersachsen,11,Kreisliga,Kreisliga Herren West,54774,1,1,1,0,0,104,48,56,2,2.0,,basketball-bund.net
1117,LAV Stommeln,Nordrhein-Westfalen,Nordrhein-Westfalen,11,Kreisliga,Erftliga -Herren- (KLH),53643,1,1,1,0,0,113,60,53,2,2.0,,basketball-bund.net
1118,TSV Atzbach 1,Hessen,Hessen,11,Kreisliga A,Kreisliga Herren A (54668),54668,2,1,1,0,0,98,47,51,2,2.0,,basketball-bund.net
1119,BG Godshorn-Langenhagen,Niedersachsen,Niedersachsen,11,Kreisliga,Kreisliga Herren / Ost,54553,1,1,1,0,0,77,28,49,2,2.0,,basketball-bund.net
1120,BTV Ronsdorf Graben 2,Nordrhein-Westfalen,Nordrhein-Westfalen,11,Kreisliga,Kreisliga Herren BBK Wuppertal 26/27,56440,1,1,1,0,0,97,51,46,2,2.0,,basketball-bund.net
1121,VfL Edewecht Wattworms III,Niedersachsen,Niedersachsen,11,Kreisliga,Kreisliga Herren Ost,54773,1,1,1,0,0,100,58,42,2,2.0,,basketball-bund.net
1122,AC Berlin 1,Berlin,Berlin,11,Kreisliga,Herren Kreisliga C,55051,1,1,1,0,0,76,37,39,2,2.0,,basketball-bund.net
1123,TV 1908 Gladenbach 1,Hessen,Hessen,11,Kreisliga A,Kreisliga Herren A (54668),54668,3,1,1,0,0,98,61,37,2,2.0,,basketball-bund.net
1124,BG Bonn 3,Nordrhein-Westfalen,Nordrhein-Westfalen,11,Kreisliga,1. Kreisliga Herren (1KLH),55407,1,1,1,0,0,68,32,36,2,2.0,,basketball-bund.net
1125,TuS Lindlar,Nordrhein-Westfalen,Nordrhein-Westfalen,11,Kreisliga,RBK Kreisliga Herren,55947,1,1,1,0,0,71,36,35,2,2.0,,basketball-bund.net
1126,TSV Bayer 04 Leverkusen 5,Nordrhein-Westfalen,Nordrhein-Westfalen,11,Kreisliga,RBK Kreisliga Herren,55947,2,1,1,0,0,85,53,32,2,2.0,,basketball-bund.net
1127,Baskets Limburg 2,Hessen,Hessen,11,Kreisliga A,Kreisliga A Herren West,55955,1,2,2,0,0,165,101,64,4,2.0,,basketball-bund.net
1128,Dünnwalder TV,Nordrhein-Westfalen,Nordrhein-Westfalen,11,Kreisliga,1.KLH Köln,56069,1,2,2,0,0,108,47,61,4,2.0,,basketball-bund.net
1129,TV Babenhausen 2,Hessen,Hessen,11,Kreisliga A,Herren Kreisliga A (52946),52946,1,2,2,0,0,168,109,59,4,2.0,,basketball-bund.net
1130,DJK TUSA Düsseldorf 4,Nordrhein-Westfalen,Nordrhein-Westfalen,11,Kreisliga,Kreisliga Vorrunde D/NE,56249,1,1,1,0,0,82,54,28,2,2.0,,basketball-bund.net
1131,Bad Oeynhausen Baskets 2,Nordrhein-Westfalen,Nordrhein-Westfalen,11,Kreisliga,1. Kreisliga Ostwestfalen Ost,55169,1,1,1,0,0,72,45,27,2,2.0,,basketball-bund.net
1132,GSV Porz,Nordrhein-Westfalen,Nordrhein-Westfalen,11,Kreisliga,1.KLH Köln,56069,3,1,1,0,0,86,60,26,2,2.0,,basketball-bund.net
1133,SV 1860 Minden 3,Nordrhein-Westfalen,Nordrhein-Westfalen,11,Kreisliga,1. Kreisliga Ostwestfalen Ost,55169,2,1,1,0,0,79,53,26,2,2.0,,basketball-bund.net
1134,SG Ludwigshafen/Frankenthal 2,Rheinland-Pfalz,Rheinland-Pfalz,11,A-Klasse,A-Klasse Pfalz Herren,54426,1,1,1,0,0,74,48,26,2,2.0,,basketball-bund.net
1135,TV Bitburg 2,Rheinland-Pfalz,Rheinland-Pfalz,11,A-Klasse,A-Klasse Trier Herren,52848,1,1,1,0,0,74,49,25,2,2.0,,basketball-bund.net
1136,Lich Basketball e.V. 4,Hessen,Hessen,11,Kreisliga A,Kreisliga Herren A (54668),54668,4,1,1,0,0,68,43,25,2,2.0,,basketball-bund.net
1137,TV Bergkrug 2,Niedersachsen,Niedersachsen,11,Kreisliga,Kreisliga Herren / West,54554,1,1,1,0,0,70,46,24,2,2.0,,basketball-bund.net
1138,SG Sechtem 2,Nordrhein-Westfalen,Nordrhein-Westfalen,11,Kreisliga,1. Kreisliga Herren (1KLH),55407,2,1,1,0,0,69,45,24,2,2.0,,basketball-bund.net
1139,Altenkirchener SG 1883 e. V.,Rheinland-Pfalz,Rheinland-Pfalz,11,A-Klasse,A-Klasse Koblenz Herren Gruppe 2,55465,2,2,2,0,0,119,76,43,4,2.0,,basketball-bund.net
1140,FC Homberg 1924 e.V.,Hessen,Hessen,11,Kreisliga,Kreisliga Herren,53463,1,2,2,0,0,141,99,42,4,2.0,,basketball-bund.net
1141,TSV Krofdorf/Gleiberg 2,Hessen,Hessen,11,Kreisliga A,Kreisliga Herren A (54668),54668,1,2,2,0,0,127,85,42,4,2.0,,basketball-bund.net
1142,TV Oldersum II,Niedersachsen,Niedersachsen,11,Kreisliga,Kreisliga Herren West,54774,2,1,1,0,0,58,37,21,2,2.0,,basketball-bund.net
1143,TuS Eversten,Niedersachsen,Niedersachsen,11,Kreisliga,Kreisliga Herren Ost,54773,2,1,1,0,0,58,38,20,2,2.0,,basketball-bund.net
1144,VfL Wittingen-Suderwittingen e.V.,Niedersachsen,Niedersachsen,11,Kreisliga,Kreisliga Braunschweig Herren Nord,54681,2,1,1,0,0,20,0,20,2,2.0,,basketball-bund.net
1145,VfL Bad Kreuznach 2,Rheinland-Pfalz,Rheinland-Pfalz,11,A-Klasse,A-Klasse Rheinhessen Herren,55355,1,1,1,0,0,76,57,19,2,2.0,,basketball-bund.net
1146,MTV Aurich,Niedersachsen,Niedersachsen,11,Kreisliga,Kreisliga Herren West,54774,3,1,1,0,0,68,49,19,2,2.0,,basketball-bund.net
1147,VfL Grasdorf 2,Niedersachsen,Niedersachsen,11,Kreisliga,Kreisliga Herren / Ost,54553,2,1,1,0,0,79,62,17,2,2.0,,basketball-bund.net
1148,Jade Giants III Varel,Niedersachsen,Niedersachsen,11,Kreisliga,Kreisliga Herren West,54774,4,1,1,0,0,75,59,16,2,2.0,,basketball-bund.net
1149,SC Borchen 2,Nordrhein-Westfalen,Nordrhein-Westfalen,11,Kreisliga,Kreisliga Paderborn,55439,1,1,1,0,0,69,53,16,2,2.0,,basketball-bund.net
1150,SC Steinberg,Hessen,Hessen,11,Kreisliga A,Kreisliga A Herren Ost,55954,1,2,2,0,0,134,103,31,4,2.0,,basketball-bund.net
1151,ATSV Saarbrücken III,Saarland,Saarland,11,Kreisliga,Kreisliga Saar Herren 2026 2027,54615,1,1,1,0,0,65,50,15,2,2.0,,basketball-bund.net
1152,SV 1860 Minden 2,Nordrhein-Westfalen,Nordrhein-Westfalen,11,Kreisliga,1. Kreisliga Ostwestfalen Ost,55169,3,1,1,0,0,62,47,15,2,2.0,,basketball-bund.net
1153,DJK Bendorf e. V. II,Rheinland-Pfalz,Rheinland-Pfalz,11,A-Klasse,A-Klasse Koblenz Herren Gruppe 2,55465,3,2,2,0,0,126,97,29,4,2.0,,basketball-bund.net
1154,DTV Basketball Köln 5,Nordrhein-Westfalen,Nordrhein-Westfalen,11,Kreisliga,1.KLH Köln,56069,4,1,1,0,0,66,52,14,2,2.0,,basketball-bund.net
1155,TV 1876 Eberstadt 1,Hessen,Hessen,11,Kreisliga A,Herren Kreisliga A (52946),52946,2,2,2,0,0,152,126,26,4,2.0,,basketball-bund.net
1156,TSG Sulzbach,Hessen,Hessen,11,Kreisliga A,Kreisliga A Herren West,55955,2,2,2,0,0,136,111,25,4,2.0,,basketball-bund.net
1157,SV Brake II,Niedersachsen,Niedersachsen,11,Kreisliga,Kreisliga Herren Ost,54773,3,1,1,0,0,79,68,11,2,2.0,,basketball-bund.net
1158,SV Neukölln 09 4,Berlin,Berlin,11,Kreisliga,Herren Kreisliga C,55051,2,1,1,0,0,64,53,11,2,2.0,,basketball-bund.net
1159,TV Kirchheimbolanden 2,Rheinland-Pfalz,Rheinland-Pfalz,11,A-Klasse,A-Klasse Pfalz Herren,54426,2,1,1,0,0,72,62,10,2,2.0,,basketball-bund.net
1160,SC Lerchenberg 3,Rheinland-Pfalz,Rheinland-Pfalz,11,A-Klasse,A-Klasse Rheinhessen Herren,55355,2,1,1,0,0,75,66,9,2,2.0,,basketball-bund.net
1161,MSG VT Union Gr. Ilsede/TB Lengede,Niedersachsen,Niedersachsen,11,Kreisliga,Kreisliga Braunschweig Herren Nord,54681,3,1,1,0,0,67,58,9,2,2.0,,basketball-bund.net
1162,TS Klein-Krotzenburg 1,Hessen,Hessen,11,Kreisliga A,Kreisliga A Herren Ost,55954,2,2,2,0,0,134,116,18,4,2.0,,basketball-bund.net
1163,TV Löhne-Bahnhof 2,Nordrhein-Westfalen,Nordrhein-Westfalen,11,Kreisliga,1. Kreisliga Ostwestfalen Ost,55169,4,1,1,0,0,50,41,9,2,2.0,,basketball-bund.net
1164,TSV Trittau,Schleswig-Holstein,Schleswig-Holstein,11,Kreisliga,HBKS,53851,2,1,1,0,0,86,78,8,2,2.0,,basketball-bund.net
1165,HTG Bad Homburg,Hessen,Hessen,11,Kreisliga A,Kreisliga A Herren West,55955,4,1,1,0,0,62,54,8,2,2.0,,basketball-bund.net
1166,Roter Stern Köln,Nordrhein-Westfalen,Nordrhein-Westfalen,11,Kreisliga,1.KLH Köln,56069,6,1,1,0,0,57,49,8,2,2.0,,basketball-bund.net
1167,Gütersloher TV 4,Nordrhein-Westfalen,Nordrhein-Westfalen,11,Kreisliga,1. Kreisliga Ostwestfalen West,55168,1,1,1,0,0,78,71,7,2,2.0,,basketball-bund.net
1168,TSB Flensburg 2,Schleswig-Holstein,Schleswig-Holstein,11,Kreisliga,HBKN,53850,1,1,1,0,0,56,49,7,2,2.0,,basketball-bund.net
1169,SV Goethe Mainz e.V. 3,Rheinland-Pfalz,Rheinland-Pfalz,11,A-Klasse,A-Klasse Rheinhessen Herren,55355,3,1,1,0,0,69,63,6,2,2.0,,basketball-bund.net
1170,Postsportverein e.V. Mainz,Rheinland-Pfalz,Rheinland-Pfalz,11,A-Klasse,A-Klasse Rheinhessen Herren,55355,4,1,1,0,0,68,62,6,2,2.0,,basketball-bund.net
1171,TuS Kaisersesch,Rheinland-Pfalz,Rheinland-Pfalz,11,A-Klasse,A-Klasse Koblenz Herren Gruppe 1,55464,4,1,1,0,0,54,48,6,2,2.0,,basketball-bund.net
1172,ASV Panthers,Niedersachsen,Niedersachsen,11,Kreisliga,Kreisliga Herren / West,54554,2,1,1,0,0,53,47,6,2,2.0,,basketball-bund.net
1173,BC Neu-Isenburg 3,Hessen,Hessen,11,Kreisliga A,Kreisliga A Herren West,55955,3,2,2,0,0,120,110,10,4,2.0,,basketball-bund.net
1174,SKG Roßdorf 2,Hessen,Hessen,11,Kreisliga A,Herren Kreisliga A (52946),52946,3,2,2,0,0,116,106,10,4,2.0,,basketball-bund.net
1175,DAFKS Fulda  Basket 2,Hessen,Hessen,11,Kreisliga,Kreisliga Herren,53463,2,1,1,0,0,51,46,5,2,2.0,,basketball-bund.net
1176,FC Stukenbrock Wombats,Nordrhein-Westfalen,Nordrhein-Westfalen,11,Kreisliga,1. Kreisliga Ostwestfalen West,55168,2,1,1,0,0,59,55,4,2,2.0,,basketball-bund.net
1177,TSV Klausdorf,Schleswig-Holstein,Schleswig-Holstein,11,Kreisliga,HBKN,53850,2,1,1,0,0,65,63,2,2,2.0,,basketball-bund.net
1178,Davis Sports,Nordrhein-Westfalen,Nordrhein-Westfalen,11,Kreisliga,1.KLH Köln,56069,2,2,2,0,0,121,117,4,4,2.0,,basketball-bund.net
1179,SSV Wellesweiler II,Saarland,Saarland,11,Kreisliga,Kreisliga Saar Herren 2026 2027,54615,2,1,1,0,0,57,55,2,2,2.0,,basketball-bund.net
1180,TuS Petersfehn II,Niedersachsen,Niedersachsen,11,Kreisliga,Kreisliga Herren Ost,54773,4,1,1,0,0,48,46,2,2,2.0,,basketball-bund.net
1181,Post-SV Bonn 2,Nordrhein-Westfalen,Nordrhein-Westfalen,11,Kreisliga,1. Kreisliga Herren (1KLH),55407,3,1,1,0,0,60,59,1,2,2.0,,basketball-bund.net
1182,BBC Anhausen-Thalhausen,Rheinland-Pfalz,Rheinland-Pfalz,11,A-Klasse,A-Klasse Koblenz Herren Gruppe 2,55465,1,3,2,0,1,218,165,53,4,1.33,,basketball-bund.net
1183,TuS Treis-Karden 3,Rheinland-Pfalz,Rheinland-Pfalz,11,A-Klasse,A-Klasse Koblenz Herren Gruppe 1,55464,2,2,1,0,1,120,85,35,2,1.0,,basketball-bund.net
1184,BC Wiesbaden 2,Hessen,Hessen,11,Kreisliga A,Herren Kreisliga A (52946),52946,4,2,1,0,1,159,139,20,2,1.0,,basketball-bund.net
1185,DJK Südwest Köln 7,Nordrhein-Westfalen,Nordrhein-Westfalen,11,Kreisliga,1.KLH Köln,56069,5,2,1,0,1,122,109,13,2,1.0,,basketball-bund.net
1186,VfL Bensheim 3,Hessen,Hessen,11,Kreisliga A,Herren Kreisliga A (52946),52946,5,2,1,0,1,131,125,6,2,1.0,,basketball-bund.net
1187,TSV Emmelshausen,Rheinland-Pfalz,Rheinland-Pfalz,11,A-Klasse,A-Klasse Koblenz Herren Gruppe 1,55464,3,2,1,0,1,99,93,6,2,1.0,,basketball-bund.net
1188,TG Hanau 2,Hessen,Hessen,11,Kreisliga A,Kreisliga A Herren Ost,55954,3,2,1,0,1,171,169,2,2,1.0,,basketball-bund.net
1189,SSV Heilsberg 1,Hessen,Hessen,11,Kreisliga A,Kreisliga A Herren Ost,55954,4,2,1,0,1,141,140,1,2,1.0,,basketball-bund.net
1190,TSV Heusenstamm 1,Hessen,Hessen,11,Kreisliga A,Kreisliga A Herren Ost,55954,5,2,1,0,1,117,119,-2,2,1.0,,basketball-bund.net
1191,TG Friedberg 1,Hessen,Hessen,11,Kreisliga A,Kreisliga A Herren Ost,55954,6,2,1,0,1,160,164,-4,2,1.0,,basketball-bund.net
1192,SG Enkheim,Hessen,Hessen,11,Kreisliga A,Kreisliga A Herren Ost,55954,7,2,1,0,1,129,135,-6,2,1.0,,basketball-bund.net
1193,FTG Frankfurt 2,Hessen,Hessen,11,Kreisliga A,Kreisliga A Herren West,55955,5,2,1,0,1,121,129,-8,2,1.0,,basketball-bund.net
1194,Sportfreunde Neustadt/Wied 2,Rheinland-Pfalz,Rheinland-Pfalz,11,A-Klasse,A-Klasse Koblenz Herren Gruppe 2,55465,4,2,1,0,1,88,103,-15,2,1.0,,basketball-bund.net
1195,Frankfurt Skyliners 3,Hessen,Hessen,11,Kreisliga A,Kreisliga A Herren West,55955,6,2,1,0,1,119,142,-23,2,1.0,,basketball-bund.net
1196,TV  Dieburg 1,Hessen,Hessen,11,Kreisliga A,Herren Kreisliga A (52946),52946,6,2,1,0,1,132,160,-28,2,1.0,,basketball-bund.net
1197,TSV Lang-Göns e. V. 2,Hessen,Hessen,11,Kreisliga A,Kreisliga Herren A (54668),54668,5,2,1,0,1,101,150,-49,2,1.0,,basketball-bund.net
1198,"1. BBC Düren ""The Wizards"" 2",Nordrhein-Westfalen,Nordrhein-Westfalen,11,Kreisliga,Kreisliga Herren A (56286),56286,1,0,0,0,0,0,0,0,0,0.0,,basketball-bund.net
1199,"1. BBC Düren ""The Wizards"" 3",Nordrhein-Westfalen,Nordrhein-Westfalen,11,Kreisliga,Kreisliga Herren B (56287),56287,1,0,0,0,0,0,0,0,0,0.0,,basketball-bund.net
1200,1. FC Baunach 3,Bayern,Bayern,11,Kreisliga,Kreisliga Herren A,52811,1,0,0,0,0,0,0,0,0,0.0,,basketball-bund.net
1201,20HOOP HH-Eppendorf e.V.,Hamburg,Hamburg,11,Kreisliga,Herren Kreisliga C (53493),53493,1,0,0,0,0,0,0,0,0,0.0,,basketball-bund.net
1202,AK Tigers München,Bayern,Bayern,11,Kreisliga,Kreisliga Herren B (MI-KLHB) 2026/27,53736,1,0,0,0,0,0,0,0,0,0.0,,basketball-bund.net
1203,ALBA Berlin 7,Berlin,Berlin,11,Kreisliga,Herren Kreisliga B,55050,1,0,0,0,0,0,0,0,0,0.0,,basketball-bund.net
1204,ATS Kulmbach 2,Bayern,Bayern,11,Kreisliga,Kreisliga Herren B,52812,1,0,0,0,0,0,0,0,0,0.0,,basketball-bund.net
1205,ATSV Nordhalben,Bayern,Bayern,11,Kreisliga,Kreisliga Herren A,52811,2,0,0,0,0,0,0,0,0,0.0,,basketball-bund.net
1206,Aachener Interkultureller FSV,Nordrhein-Westfalen,Nordrhein-Westfalen,11,Kreisliga,Kreisliga Herren A (56286),56286,2,0,0,0,0,0,0,0,0,0.0,,basketball-bund.net
1207,Aachener TG 4,Nordrhein-Westfalen,Nordrhein-Westfalen,11,Kreisliga,Kreisliga Herren A (56286),56286,3,0,0,0,0,0,0,0,0,0.0,,basketball-bund.net
1208,Ahrensburger TSV von 1874 (1),Hamburg,Hamburg,11,Kreisliga,Herren Kreisliga A (53491),53491,1,0,0,0,0,0,0,0,0,0.0,,basketball-bund.net
1209,Ahrensburger TSV von 1874 (2),Hamburg,Hamburg,11,Kreisliga,Herren Kreisliga B (53492),53492,1,0,0,0,0,0,0,0,0,0.0,,basketball-bund.net
1210,Altenessener TV 4,Nordrhein-Westfalen,Nordrhein-Westfalen,11,Kreisliga,1. Kreisliga Essen,55506,1,0,0,0,0,0,0,0,0,0.0,,basketball-bund.net
1211,Altonaer TSV (3),Hamburg,Hamburg,11,Kreisliga,Herren Kreisliga C (53493),53493,2,0,0,0,0,0,0,0,0,0.0,,basketball-bund.net
1212,BBC 90 Köpenick 3,Berlin,Berlin,11,Kreisliga,Herren Kreisliga C,55051,3,0,0,0,0,0,0,0,0,0.0,,basketball-bund.net
1213,BBC Coburg 3,Bayern,Bayern,11,Kreisliga,Kreisliga Herren A,52811,3,0,0,0,0,0,0,0,0,0.0,,basketball-bund.net
1214,BBC Rendsburg 4,Schleswig-Holstein,Schleswig-Holstein,11,Kreisliga,HBKN,53850,3,0,0,0,0,0,0,0,0,0.0,,basketball-bund.net
1215,BC ASKA 2,Berlin,Berlin,11,Kreisliga,Herren Kreisliga B,55050,2,0,0,0,0,0,0,0,0,0.0,,basketball-bund.net
1216,BC Hamburg (4),Hamburg,Hamburg,11,Kreisliga,Herren Kreisliga A (53491),53491,2,0,0,0,0,0,0,0,0,0.0,,basketball-bund.net
1217,BC Langendreer 2 Herren,Nordrhein-Westfalen,Nordrhein-Westfalen,11,Kreisliga,Bochumer Basketballtag,56493,1,0,0,0,0,0,0,0,0,0.0,,basketball-bund.net
1218,BC Langendreer 3,Nordrhein-Westfalen,Nordrhein-Westfalen,11,Kreisliga,1. Kreisliga Herren Bochum,54419,1,0,0,0,0,0,0,0,0,0.0,,basketball-bund.net
1219,BC Langendreer 3 Herren,Nordrhein-Westfalen,Nordrhein-Westfalen,11,Kreisliga,Bochumer Basketballtag,56493,2,0,0,0,0,0,0,0,0,0.0,,basketball-bund.net
1220,BC Langendreer 4,Nordrhein-Westfalen,Nordrhein-Westfalen,11,Kreisliga,1. Kreisliga Herren Bochum,54419,2,0,0,0,0,0,0,0,0,0.0,,basketball-bund.net
1221,BC Langendreer Damen,Nordrhein-Westfalen,Nordrhein-Westfalen,11,Kreisliga,Bochumer Basketballtag,56493,3,0,0,0,0,0,0,0,0,0.0,,basketball-bund.net
1222,BC Langendreer Herren,Nordrhein-Westfalen,Nordrhein-Westfalen,11,Kreisliga,Bochumer Basketballtag,56493,4,0,0,0,0,0,0,0,0,0.0,,basketball-bund.net
1223,BC Leopoldshöhe 2,Nordrhein-Westfalen,Nordrhein-Westfalen,11,Kreisliga,Kreisliga Paderborn,55439,2,0,0,0,0,0,0,0,0,0.0,,basketball-bund.net
1224,BC Lions Moabit 5,Berlin,Berlin,11,Kreisliga,Herren Kreisliga A,55049,1,0,0,0,0,0,0,0,0,0.0,,basketball-bund.net
1225,BC Lions Moabit 6,Berlin,Berlin,11,Kreisliga,Herren Kreisliga B,55050,3,0,0,0,0,0,0,0,0,0.0,,basketball-bund.net
1226,BFC Freiburg 2,Baden-Württemberg,Baden-Württemberg,11,Kreisliga A,BBW2 Kreisliga A Süd Männer,53075,1,0,0,0,0,0,0,0,0,0.0,,basketball-bund.net
1227,BG Aachen 4,Nordrhein-Westfalen,Nordrhein-Westfalen,11,Kreisliga,Kreisliga Herren B (56287),56287,2,0,0,0,0,0,0,0,0,0.0,,basketball-bund.net
1228,BG Aachen 5,Nordrhein-Westfalen,Nordrhein-Westfalen,11,Kreisliga,Kreisliga Herren A (56286),56286,4,0,0,0,0,0,0,0,0,0.0,,basketball-bund.net
1229,BG Bamberg 3,Bayern,Bayern,11,Kreisliga,Kreisliga Herren B,52812,2,0,0,0,0,0,0,0,0,0.0,,basketball-bund.net
1230,BG Delbrück-Westwood 3,Nordrhein-Westfalen,Nordrhein-Westfalen,11,Kreisliga,Kreisliga Paderborn,55439,3,0,0,0,0,0,0,0,0,0.0,,basketball-bund.net
1231,BG Halstenbek / Pinneberg (1),Hamburg,Hamburg,11,Kreisliga,Herren Senioren II West,53490,1,0,0,0,0,0,0,0,0,0.0,,basketball-bund.net
1232,BG Halstenbek / Pinneberg (3),Hamburg,Hamburg,11,Kreisliga,Herren Kreisliga C (53493),53493,3,0,0,0,0,0,0,0,0,0.0,,basketball-bund.net
1233,BG Kamp-Lintfort 4,Nordrhein-Westfalen,Nordrhein-Westfalen,11,Kreisliga,Kreisliga Herren 2026/2027,55702,1,0,0,0,0,0,0,0,0,0.0,,basketball-bund.net
1234,BG Lünen,Nordrhein-Westfalen,Nordrhein-Westfalen,11,Kreisliga,Kreisliga Lippe,55353,1,0,0,0,0,0,0,0,0,0.0,,basketball-bund.net
1235,BG Monheim 2,Nordrhein-Westfalen,Nordrhein-Westfalen,11,Kreisliga,1. Kreisliga Herren (1KLH) (54920),54920,1,0,0,0,0,0,0,0,0,0.0,,basketball-bund.net
1236,BG Niederrhein,Nordrhein-Westfalen,Nordrhein-Westfalen,11,Kreisliga,Bochumer Basketballtag,56493,5,0,0,0,0,0,0,0,0,0.0,,basketball-bund.net
1237,BG TVO / TV Jahn 3,Nordrhein-Westfalen,Nordrhein-Westfalen,11,Kreisliga,RBK Kreisliga Herren,55947,3,0,0,0,0,0,0,0,0,0.0,,basketball-bund.net
1238,BG Viernheim/Weinheim 4,Baden-Württemberg,Baden-Württemberg,11,Kreisliga A,BBW1 Kreisliga A Männer,52665,1,0,0,0,0,0,0,0,0,0.0,,basketball-bund.net
1239,BG Zehlendorf 5,Berlin,Berlin,11,Kreisliga,Herren Kreisliga B,55050,4,0,0,0,0,0,0,0,0,0.0,,basketball-bund.net
1240,BG Zehlendorf 6,Berlin,Berlin,11,Kreisliga,Herren Kreisliga A,55049,2,0,0,0,0,0,0,0,0,0.0,,basketball-bund.net
1241,BSG Kisdorf Kaltenkirchen 3,Schleswig-Holstein,Schleswig-Holstein,11,Kreisliga,HBKS,53851,3,0,0,0,0,0,0,0,0,0.0,,basketball-bund.net
1242,BTV Basketball Brühl 3,Nordrhein-Westfalen,Nordrhein-Westfalen,11,Kreisliga,Erftliga -Herren- (KLH),53643,2,0,0,0,0,0,0,0,0,0.0,,basketball-bund.net
1243,BTV Basketball Brühl 4,Nordrhein-Westfalen,Nordrhein-Westfalen,11,Kreisliga,Erftliga -Herren- (KLH),53643,3,0,0,0,0,0,0,0,0,0.0,,basketball-bund.net
1244,BTV Ronsdorf Graben 3,Nordrhein-Westfalen,Nordrhein-Westfalen,11,Kreisliga,Kreisliga Herren BBK Wuppertal 26/27,56440,2,0,0,0,0,0,0,0,0,0.0,,basketball-bund.net
1245,BV 88 Eschweiler,Nordrhein-Westfalen,Nordrhein-Westfalen,11,Kreisliga,Kreisliga Herren A (56286),56286,5,0,0,0,0,0,0,0,0,0.0,,basketball-bund.net
1246,Barmer TV 3,Nordrhein-Westfalen,Nordrhein-Westfalen,11,Kreisliga,Kreisliga Herren BBK Wuppertal 26/27,56440,3,0,0,0,0,0,0,0,0,0.0,,basketball-bund.net
1247,Barmer TV 4,Nordrhein-Westfalen,Nordrhein-Westfalen,11,Kreisliga,Kreisliga Herren BBK Wuppertal 26/27,56440,4,0,0,0,0,0,0,0,0,0.0,,basketball-bund.net
1248,Basket Duisburg 3,Nordrhein-Westfalen,Nordrhein-Westfalen,11,Kreisliga,Kreisliga Herren 2026/2027,55702,2,0,0,0,0,0,0,0,0,0.0,,basketball-bund.net
1249,Basket Duisburg 4,Nordrhein-Westfalen,Nordrhein-Westfalen,11,Kreisliga,Kreisliga Herren 2026/2027,55702,3,0,0,0,0,0,0,0,0,0.0,,basketball-bund.net
1250,Basket Duisburg 5,Nordrhein-Westfalen,Nordrhein-Westfalen,11,Kreisliga,Kreisliga Herren 2026/2027,55702,4,0,0,0,0,0,0,0,0,0.0,,basketball-bund.net
1251,Basketballclub Quickborn e.V. (1),Hamburg,Hamburg,11,Kreisliga,Herren Senioren II West,53490,2,0,0,0,0,0,0,0,0,0.0,,basketball-bund.net
1252,Berlin Tiger 3,Berlin,Berlin,11,Kreisliga,Herren Kreisliga B,55050,5,0,0,0,0,0,0,0,0,0.0,,basketball-bund.net
1253,Berliner SV 92 1,Berlin,Berlin,11,Kreisliga,Herren Kreisliga B,55050,6,0,0,0,0,0,0,0,0,0.0,,basketball-bund.net
1254,Bischberg Baskets 2,Bayern,Bayern,11,Kreisliga,Kreisliga Herren B,52812,3,0,0,0,0,0,0,0,0,0.0,,basketball-bund.net
1255,Black Eagles Düsseldorf 2,Nordrhein-Westfalen,Nordrhein-Westfalen,11,Kreisliga,Kreisliga Vorrunde D/NE,56249,2,0,0,0,0,0,0,0,0,0.0,,basketball-bund.net
1256,Blau-Weiss Buchholz (2),Hamburg,Hamburg,11,Kreisliga,Herren Kreisliga B (53492),53492,2,0,0,0,0,0,0,0,0,0.0,,basketball-bund.net
1257,Bramfelder SV von 1945 (1),Hamburg,Hamburg,11,Kreisliga,Herren Senioren II Ost,56084,1,0,0,0,0,0,0,0,0,0.0,,basketball-bund.net
1258,Bramfelder SV von 1945 (5),Hamburg,Hamburg,11,Kreisliga,Herren Kreisliga B (53492),53492,3,0,0,0,0,0,0,0,0,0.0,,basketball-bund.net
1259,CITY Basket Berlin 1,Berlin,Berlin,11,Kreisliga,Herren Kreisliga A,55049,3,0,0,0,0,0,0,0,0,0.0,,basketball-bund.net
1260,CVJM Erlangen 3,Bayern,Bayern,11,Kreisliga,MFR Kreisliga Herren Nord,53716,1,0,0,0,0,0,0,0,0,0.0,,basketball-bund.net
1261,CVJM Lörrach U22,Baden-Württemberg,Baden-Württemberg,11,Kreisliga A,BBW2 Kreisliga A Süd Männer,53075,2,0,0,0,0,0,0,0,0,0.0,,basketball-bund.net
1262,Chinesischer SV München,Bayern,Bayern,11,Kreisliga,Kreisliga Herren B (MI-KLHB) 2026/27,53736,2,0,0,0,0,0,0,0,0,0.0,,basketball-bund.net
1263,CroBaskets Essen 2,Nordrhein-Westfalen,Nordrhein-Westfalen,11,Kreisliga,1. Kreisliga Essen,55506,2,0,0,0,0,0,0,0,0,0.0,,basketball-bund.net
1264,DJK Adler Frintrop 3,Nordrhein-Westfalen,Nordrhein-Westfalen,11,Kreisliga,1. Kreisliga Essen,55506,3,0,0,0,0,0,0,0,0,0.0,,basketball-bund.net
1265,DJK Eggolsheim 3,Bayern,Bayern,11,Kreisliga,Kreisliga Herren B,52812,4,0,0,0,0,0,0,0,0,0.0,,basketball-bund.net
1266,DJK Elmar Kohlscheid,Nordrhein-Westfalen,Nordrhein-Westfalen,11,Kreisliga,Kreisliga Herren B (56287),56287,3,0,0,0,0,0,0,0,0,0.0,,basketball-bund.net
1267,DJK Elmar Kohlscheid 2,Nordrhein-Westfalen,Nordrhein-Westfalen,11,Kreisliga,Kreisliga Herren A (56286),56286,6,0,0,0,0,0,0,0,0,0.0,,basketball-bund.net
1268,DJK Frankenberg 3,Nordrhein-Westfalen,Nordrhein-Westfalen,11,Kreisliga,Kreisliga Herren A (56286),56286,7,0,0,0,0,0,0,0,0,0.0,,basketball-bund.net
1269,DJK Nürnberg-Eibach,Bayern,Bayern,11,Kreisliga,MFR Kreisliga Herren Mitte,53718,1,0,0,0,0,0,0,0,0,0.0,,basketball-bund.net
1270,DJK Rabbits Eppelheim,Baden-Württemberg,Baden-Württemberg,11,Kreisliga A,BBW1 Kreisliga A Männer,52665,2,0,0,0,0,0,0,0,0,0.0,,basketball-bund.net
1271,DJK Südwest Köln 6,Nordrhein-Westfalen,Nordrhein-Westfalen,11,Kreisliga,1.KLH Köln,56069,7,0,0,0,0,0,0,0,0,0.0,,basketball-bund.net
1272,Detmolder SV 3,Nordrhein-Westfalen,Nordrhein-Westfalen,11,Kreisliga,Kreisliga Paderborn,55439,4,0,0,0,0,0,0,0,0,0.0,,basketball-bund.net
1273,ESC Höchstadt 1,Bayern,Bayern,11,Kreisliga,MFR Kreisliga Herren Nord,53716,2,0,0,0,0,0,0,0,0,0.0,,basketball-bund.net
1274,ESV Flügelrad Nürnberg 2,Bayern,Bayern,11,Kreisliga,MFR Kreisliga Herren Mitte,53718,2,0,0,0,0,0,0,0,0,0.0,,basketball-bund.net
1275,ETB Miners Essen 4,Nordrhein-Westfalen,Nordrhein-Westfalen,11,Kreisliga,1. Kreisliga Essen,55506,4,0,0,0,0,0,0,0,0,0.0,,basketball-bund.net
1276,Eintracht Braunschweig 5,Niedersachsen,Niedersachsen,11,Kreisliga,Kreisliga Braunschweig Herren Süd,54682,1,0,0,0,0,0,0,0,0,0.0,,basketball-bund.net
1277,Ellerbeker TV 3,Schleswig-Holstein,Schleswig-Holstein,11,Kreisliga,HBKN,53850,4,0,0,0,0,0,0,0,0,0.0,,basketball-bund.net
1278,FC St. Pauli von 1910 e.V. (3),Hamburg,Hamburg,11,Kreisliga,Herren Kreisliga C (53493),53493,4,0,0,0,0,0,0,0,0,0.0,,basketball-bund.net
1279,FREIBEUTER 2010 4,Berlin,Berlin,11,Kreisliga,Herren Kreisliga A,55049,4,0,0,0,0,0,0,0,0,0.0,,basketball-bund.net
1280,FSV Jüchen,Nordrhein-Westfalen,Nordrhein-Westfalen,11,Kreisliga,Kreisliga Vorrunde D/NE,56249,3,0,0,0,0,0,0,0,0,0.0,,basketball-bund.net
1281,FSV Jüchen 2,Nordrhein-Westfalen,Nordrhein-Westfalen,11,Kreisliga,Kreisliga Vorrunde D/NE,56249,4,0,0,0,0,0,0,0,0,0.0,,basketball-bund.net
1282,Fischelner Turnverein 05 a.K.,Nordrhein-Westfalen,Nordrhein-Westfalen,11,Kreisliga,KLH Niers,56045,1,0,0,0,0,0,0,0,0,0.0,,basketball-bund.net
1283,GW Vernum,Nordrhein-Westfalen,Nordrhein-Westfalen,11,Kreisliga,Kreisliga Herren 2026/2027,55702,5,0,0,0,0,0,0,0,0,0.0,,basketball-bund.net
1284,Garbsener SC,Niedersachsen,Niedersachsen,11,Kreisliga,Kreisliga Herren / West,54554,3,0,0,0,0,0,0,0,0,0.0,,basketball-bund.net
1285,Gütersloher TV 3,Nordrhein-Westfalen,Nordrhein-Westfalen,11,Kreisliga,1. Kreisliga Ostwestfalen West,55168,3,0,0,0,0,0,0,0,0,0.0,,basketball-bund.net
1286,HHT Wolves (1),Hamburg,Hamburg,11,Kreisliga,Herren Senioren II West,53490,3,0,0,0,0,0,0,0,0,0.0,,basketball-bund.net
1287,HLC Höxter,Nordrhein-Westfalen,Nordrhein-Westfalen,11,Kreisliga,Kreisliga Paderborn,55439,5,0,0,0,0,0,0,0,0,0.0,,basketball-bund.net
1288,HSV Solingen-Gräfrath 3,Nordrhein-Westfalen,Nordrhein-Westfalen,11,Kreisliga,Kreisliga Herren BBK Wuppertal 26/27,56440,5,0,0,0,0,0,0,0,0,0.0,,basketball-bund.net
1289,HSV Solingen-Gräfrath 4,Nordrhein-Westfalen,Nordrhein-Westfalen,11,Kreisliga,Kreisliga Herren BBK Wuppertal 26/27,56440,6,0,0,0,0,0,0,0,0,0.0,,basketball-bund.net
1290,Haaner TV,Nordrhein-Westfalen,Nordrhein-Westfalen,11,Kreisliga,1. Kreisliga Herren (1KLH) (54920),54920,2,0,0,0,0,0,0,0,0,0.0,,basketball-bund.net
1291,Hamburg Towers e.V. (1),Hamburg,Hamburg,11,Kreisliga,Herren Senioren II Ost,56084,2,0,0,0,0,0,0,0,0,0.0,,basketball-bund.net
1292,Hamburg Towers e.V. (3),Hamburg,Hamburg,11,Kreisliga,Herren Kreisliga B (53492),53492,4,0,0,0,0,0,0,0,0,0.0,,basketball-bund.net
1293,Hamburger Turnerbund von 1862 (1),Hamburg,Hamburg,11,Kreisliga,Herren Senioren II Ost,56084,3,0,0,0,0,0,0,0,0,0.0,,basketball-bund.net
1294,Hamburger Turnerbund von 1862 (3),Hamburg,Hamburg,11,Kreisliga,Herren Kreisliga A (53491),53491,3,0,0,0,0,0,0,0,0,0.0,,basketball-bund.net
1295,Hennefer TV,Nordrhein-Westfalen,Nordrhein-Westfalen,11,Kreisliga,1. Kreisliga Herren (1KLH),55407,4,0,0,0,0,0,0,0,0,0.0,,basketball-bund.net
1296,Herdern SKUNKS 3,Baden-Württemberg,Baden-Württemberg,11,Kreisliga A,BBW2 Kreisliga A Süd Männer,53075,3,0,0,0,0,0,0,0,0,0.0,,basketball-bund.net
1297,Hürther BC 5,Nordrhein-Westfalen,Nordrhein-Westfalen,11,Kreisliga,Erftliga -Herren- (KLH),53643,4,0,0,0,0,0,0,0,0,0.0,,basketball-bund.net
1298,Jade Giants II WHV,Niedersachsen,Niedersachsen,11,Kreisliga,Kreisliga Herren West,54774,5,0,0,0,0,0,0,0,0,0.0,,basketball-bund.net
1299,Jülicher TV 2,Nordrhein-Westfalen,Nordrhein-Westfalen,11,Kreisliga,Kreisliga Herren B (56287),56287,4,0,0,0,0,0,0,0,0,0.0,,basketball-bund.net
1300,K.K. Nikola Tesla e.V. (1),Hamburg,Hamburg,11,Kreisliga,Herren Senioren II West,53490,4,0,0,0,0,0,0,0,0,0.0,,basketball-bund.net
1301,KKK Haiterbach 3,Baden-Württemberg,Baden-Württemberg,11,Kreisliga A,BBW4 Kreisliga West,55025,1,0,0,0,0,0,0,0,0,0.0,,basketball-bund.net
1302,KSG Eislingen,Baden-Württemberg,Baden-Württemberg,11,Kreisliga A,BBW4 Kreisliga Nord,55022,1,0,0,0,0,0,0,0,0,0.0,,basketball-bund.net
1303,KSV Ajax 1,Berlin,Berlin,11,Kreisliga,Herren Kreisliga A,55049,5,0,0,0,0,0,0,0,0,0.0,,basketball-bund.net
1304,Kehler Turnerschaft,Baden-Württemberg,Baden-Württemberg,11,Kreisliga A,BBW2 Kreisliga A Süd Männer,53075,4,0,0,0,0,0,0,0,0,0.0,,basketball-bund.net
1305,Kettwiger SV 2,Nordrhein-Westfalen,Nordrhein-Westfalen,11,Kreisliga,1. Kreisliga Essen,55506,5,0,0,0,0,0,0,0,0,0.0,,basketball-bund.net
1306,Kieler Förde Baskets 4,Schleswig-Holstein,Schleswig-Holstein,11,Kreisliga,HBKN,53850,5,0,0,0,0,0,0,0,0,0.0,,basketball-bund.net
1307,Kieler TB 4,Schleswig-Holstein,Schleswig-Holstein,11,Kreisliga,HBKN,53850,6,0,0,0,0,0,0,0,0,0.0,,basketball-bund.net
1308,Kult-Sport Wuppertal 3,Nordrhein-Westfalen,Nordrhein-Westfalen,11,Kreisliga,Kreisliga Herren BBK Wuppertal 26/27,56440,7,0,0,0,0,0,0,0,0,0.0,,basketball-bund.net
1309,LINDEN DUDES 4,Niedersachsen,Niedersachsen,11,Kreisliga,Kreisliga Herren / West,54554,4,0,0,0,0,0,0,0,0,0.0,,basketball-bund.net
1310,Leichlinger TV 3,Nordrhein-Westfalen,Nordrhein-Westfalen,11,Kreisliga,RBK Kreisliga Herren,55947,4,0,0,0,0,0,0,0,0,0.0,,basketball-bund.net
1311,Lenneper TG,Nordrhein-Westfalen,Nordrhein-Westfalen,11,Kreisliga,Kreisliga Herren BBK Wuppertal 26/27,56440,8,0,0,0,0,0,0,0,0,0.0,,basketball-bund.net
1312,Lions Sports-Club Bonn,Nordrhein-Westfalen,Nordrhein-Westfalen,11,Kreisliga,1. Kreisliga Herren (1KLH),55407,5,0,0,0,0,0,0,0,0,0.0,,basketball-bund.net
1313,LippeBaskets Werne 5,Nordrhein-Westfalen,Nordrhein-Westfalen,11,Kreisliga,Kreisliga Lippe,55353,2,0,0,0,0,0,0,0,0,0.0,,basketball-bund.net
1314,Lokomotive TS Göppingen 3,Baden-Württemberg,Baden-Württemberg,11,Kreisliga A,BBW4 Kreisliga Nord,55022,2,0,0,0,0,0,0,0,0,0.0,,basketball-bund.net
1315,MSG Mellendorfer TV 2 / TS Großburgwedel,Niedersachsen,Niedersachsen,11,Kreisliga,Kreisliga Herren / Ost,54553,3,0,0,0,0,0,0,0,0,0.0,,basketball-bund.net
1316,MTSV Hohenwestedt 2,Schleswig-Holstein,Schleswig-Holstein,11,Kreisliga,HBKS,53851,4,0,0,0,0,0,0,0,0,0.0,,basketball-bund.net
1317,MTV Gifhorn 4,Niedersachsen,Niedersachsen,11,Kreisliga,Kreisliga Braunschweig Herren Nord,54681,4,0,0,0,0,0,0,0,0,0.0,,basketball-bund.net
1318,MTV Lingen II,Niedersachsen,Niedersachsen,11,Kreisliga,Kreisliga Herren (53689),53689,1,0,0,0,0,0,0,0,0,0.0,,basketball-bund.net
1319,MTV München 3,Bayern,Bayern,11,Kreisliga,Kreisliga Herren A (MI-KLHA) 2026/27,53735,1,0,0,0,0,0,0,0,0,0.0,,basketball-bund.net
1320,MTV Treubund Lüneburg (1),Hamburg,Hamburg,11,Kreisliga,Herren Senioren II Ost,56084,4,0,0,0,0,0,0,0,0,0.0,,basketball-bund.net
1321,MTV Treubund Lüneburg (3),Hamburg,Hamburg,11,Kreisliga,Herren Kreisliga A (53491),53491,4,0,0,0,0,0,0,0,0,0.0,,basketball-bund.net
1322,MTV Wasbüttel 2,Niedersachsen,Niedersachsen,11,Kreisliga,Kreisliga Braunschweig Herren Nord,54681,5,0,0,0,0,0,0,0,0,0.0,,basketball-bund.net
1323,Maccabi München,Bayern,Bayern,11,Kreisliga,Kreisliga Herren A (MI-KLHA) 2026/27,53735,2,0,0,0,0,0,0,0,0,0.0,,basketball-bund.net
1324,Maintal Baskets Hassberge 2,Bayern,Bayern,11,Kreisliga,Kreisliga Herren B,52812,5,0,0,0,0,0,0,0,0,0.0,,basketball-bund.net
1325,Meiendorfer SV (1),Hamburg,Hamburg,11,Kreisliga,Herren Kreisliga A (53491),53491,5,0,0,0,0,0,0,0,0,0.0,,basketball-bund.net
1326,Mettmann-Sport 3,Nordrhein-Westfalen,Nordrhein-Westfalen,11,Kreisliga,1. Kreisliga Herren (1KLH) (54920),54920,3,0,0,0,0,0,0,0,0,0.0,,basketball-bund.net
1327,Mönchengladbach Scorpions,Nordrhein-Westfalen,Nordrhein-Westfalen,11,Kreisliga,KLH Niers,56045,2,0,0,0,0,0,0,0,0,0.0,,basketball-bund.net
1328,Mönchengladbacher TV 2,Nordrhein-Westfalen,Nordrhein-Westfalen,11,Kreisliga,KLH Niers,56045,3,0,0,0,0,0,0,0,0,0.0,,basketball-bund.net
1329,Mülheimer TG 56er Bären 2,Nordrhein-Westfalen,Nordrhein-Westfalen,11,Kreisliga,1. Kreisliga Essen,55506,6,0,0,0,0,0,0,0,0,0.0,,basketball-bund.net
1330,München Basket 4,Bayern,Bayern,11,Kreisliga,Kreisliga Herren A (MI-KLHA) 2026/27,53735,3,0,0,0,0,0,0,0,0,0.0,,basketball-bund.net
1331,Nachmeldung 1,Berlin,Berlin,11,Kreisliga,Herren Kreisliga B,55050,7,0,0,0,0,0,0,0,0,0.0,,basketball-bund.net
1332,Nachmeldung 2,Berlin,Berlin,11,Kreisliga,Herren Kreisliga C,55051,4,0,0,0,0,0,0,0,0,0.0,,basketball-bund.net
1333,Nachmeldung 3,Berlin,Berlin,11,Kreisliga,Herren Kreisliga A,55049,6,0,0,0,0,0,0,0,0,0.0,,basketball-bund.net
1334,Niendorfer TSV von 1919 e.V. (2),Hamburg,Hamburg,11,Kreisliga,Herren Kreisliga C (53493),53493,5,0,0,0,0,0,0,0,0,0.0,,basketball-bund.net
1335,Niendorfer TSV von 1919 e.V. (3),Hamburg,Hamburg,11,Kreisliga,Herren Kreisliga B (53492),53492,5,0,0,0,0,0,0,0,0,0.0,,basketball-bund.net
1336,Nonstop Berlin 1,Berlin,Berlin,11,Kreisliga,Herren Kreisliga A,55049,7,0,0,0,0,0,0,0,0,0.0,,basketball-bund.net
1337,Nürnberger Basketball Club e.V. 4,Bayern,Bayern,11,Kreisliga,MFR Kreisliga Herren Mitte,53718,3,0,0,0,0,0,0,0,0,0.0,,basketball-bund.net
1338,ONLINEPRINTERS Neustadt a.d. Aisch 3,Bayern,Bayern,11,Kreisliga,MFR Kreisliga Herren Nord,53716,3,0,0,0,0,0,0,0,0,0.0,,basketball-bund.net
1339,Oldenburger TB VI,Niedersachsen,Niedersachsen,11,Kreisliga,Kreisliga Herren Ost,54773,5,0,0,0,0,0,0,0,0,0.0,,basketball-bund.net
1340,Osnabrücker TB,Niedersachsen,Niedersachsen,11,Kreisliga,Kreisliga Herren (53689),53689,2,0,0,0,0,0,0,0,0,0.0,,basketball-bund.net
1341,Osterather TV 2,Nordrhein-Westfalen,Nordrhein-Westfalen,11,Kreisliga,Kreisliga Vorrunde D/NE,56249,5,0,0,0,0,0,0,0,0,0.0,,basketball-bund.net
1342,PSV Bork 1945 e.V.,Nordrhein-Westfalen,Nordrhein-Westfalen,11,Kreisliga,Kreisliga Lippe,55353,3,0,0,0,0,0,0,0,0,0.0,,basketball-bund.net
1343,PSV Lehrte,Niedersachsen,Niedersachsen,11,Kreisliga,Kreisliga Herren / Ost,54553,4,0,0,0,0,0,0,0,0,0.0,,basketball-bund.net
1344,Panthers Villingen-Schwenningen 3,Baden-Württemberg,Baden-Württemberg,11,Kreisliga A,BBW4 Kreisliga West,55025,2,0,0,0,0,0,0,0,0,0.0,,basketball-bund.net
1345,Pfeffersport 3,Berlin,Berlin,11,Kreisliga,Herren Kreisliga C,55051,5,0,0,0,0,0,0,0,0,0.0,,basketball-bund.net
1346,Pfeffersport 4,Berlin,Berlin,11,Kreisliga,Herren Kreisliga B,55050,8,0,0,0,0,0,0,0,0,0.0,,basketball-bund.net
1347,Platzhalter,Niedersachsen,Niedersachsen,11,Kreisliga,Kreisliga Herren Ost,54773,6,0,0,0,0,0,0,0,0,0.0,,basketball-bund.net
1348,Post SV Nürnberg 4,Bayern,Bayern,11,Kreisliga,MFR Kreisliga Herren Nord,53716,4,0,0,0,0,0,0,0,0,0.0,,basketball-bund.net
1349,Post SV Nürnberg 5,Bayern,Bayern,11,Kreisliga,MFR Kreisliga Herren Mitte,53718,4,0,0,0,0,0,0,0,0,0.0,,basketball-bund.net
1350,RSC Oberhaid 2,Bayern,Bayern,11,Kreisliga,Kreisliga Herren B,52812,6,0,0,0,0,0,0,0,0,0.0,,basketball-bund.net
1351,RSV Borken 2,Nordrhein-Westfalen,Nordrhein-Westfalen,11,Kreisliga,Kreisliga MS Herren Gruppe A,55528,1,0,0,0,0,0,0,0,0,0.0,,basketball-bund.net
1352,RW Sutthausen,Niedersachsen,Niedersachsen,11,Kreisliga,Kreisliga Herren (53689),53689,3,0,0,0,0,0,0,0,0,0.0,,basketball-bund.net
1353,Ratzeburger SV,Schleswig-Holstein,Schleswig-Holstein,11,Kreisliga,HBKS,53851,5,0,0,0,0,0,0,0,0,0.0,,basketball-bund.net
1354,Remscheider SV 2,Nordrhein-Westfalen,Nordrhein-Westfalen,11,Kreisliga,Kreisliga Herren BBK Wuppertal 26/27,56440,9,0,0,0,0,0,0,0,0,0.0,,basketball-bund.net
1355,Rhein-Nahe Baskets,Rheinland-Pfalz,Rheinland-Pfalz,11,A-Klasse,A-Klasse Rheinhessen Herren,55355,5,0,0,0,0,0,0,0,0,0.0,,basketball-bund.net
1356,Rheingas Elephants Grevenbroich 3,Nordrhein-Westfalen,Nordrhein-Westfalen,11,Kreisliga,Kreisliga Vorrunde D/NE,56249,6,0,0,0,0,0,0,0,0,0.0,,basketball-bund.net
1357,Rheingas Elephants Grevenbroich 4,Nordrhein-Westfalen,Nordrhein-Westfalen,11,Kreisliga,Kreisliga Vorrunde D/NE,56249,7,0,0,0,0,0,0,0,0,0.0,,basketball-bund.net
1358,Ruhrbaskets Oberhausen 2,Nordrhein-Westfalen,Nordrhein-Westfalen,11,Kreisliga,1. Kreisliga Essen,55506,7,0,0,0,0,0,0,0,0,0.0,,basketball-bund.net
1359,S.C. Union 08 Lüdinghausen 2,Nordrhein-Westfalen,Nordrhein-Westfalen,11,Kreisliga,Kreisliga MS Herren Gruppe A,55528,2,0,0,0,0,0,0,0,0,0.0,,basketball-bund.net
1360,SB Heidenheim 2,Baden-Württemberg,Baden-Württemberg,11,Kreisliga A,BBW4 Kreisliga Nord,55022,3,0,0,0,0,0,0,0,0,0.0,,basketball-bund.net
1361,SC Alstertal-Langenhorn (1),Hamburg,Hamburg,11,Kreisliga,Herren Senioren II West,53490,5,0,0,0,0,0,0,0,0,0.0,,basketball-bund.net
1362,SC Condor von 1956 (1),Hamburg,Hamburg,11,Kreisliga,Herren Kreisliga A (53491),53491,6,0,0,0,0,0,0,0,0,0.0,,basketball-bund.net
1363,SC Condor von 1956 (1),Hamburg,Hamburg,11,Kreisliga,Herren Senioren II Ost,56084,5,0,0,0,0,0,0,0,0,0.0,,basketball-bund.net
1364,SC Fast-Break Leverkusen 3,Nordrhein-Westfalen,Nordrhein-Westfalen,11,Kreisliga,RBK Kreisliga Herren,55947,5,0,0,0,0,0,0,0,0,0.0,,basketball-bund.net
1365,SC Ottensen (1),Hamburg,Hamburg,11,Kreisliga,Herren Senioren II West,53490,6,0,0,0,0,0,0,0,0,0.0,,basketball-bund.net
1366,SC Ottensen (4),Hamburg,Hamburg,11,Kreisliga,Herren Kreisliga C (53493),53493,6,0,0,0,0,0,0,0,0,0.0,,basketball-bund.net
1367,SC Rist Wedel (1),Hamburg,Hamburg,11,Kreisliga,Herren Senioren II West,53490,7,0,0,0,0,0,0,0,0,0.0,,basketball-bund.net
1368,SC Westfalia Kinderhaus 4,Nordrhein-Westfalen,Nordrhein-Westfalen,11,Kreisliga,Kreisliga MS Herren Gruppe A,55528,3,0,0,0,0,0,0,0,0,0.0,,basketball-bund.net
1369,SCB Friedrichsfelde 1,Berlin,Berlin,11,Kreisliga,Herren Kreisliga B,55050,9,0,0,0,0,0,0,0,0,0.0,,basketball-bund.net
1370,SG ART Giants Düsseldorf 4,Nordrhein-Westfalen,Nordrhein-Westfalen,11,Kreisliga,Kreisliga Vorrunde D/NE,56249,8,0,0,0,0,0,0,0,0,0.0,,basketball-bund.net
1371,SG ART Giants Düsseldorf 5,Nordrhein-Westfalen,Nordrhein-Westfalen,11,Kreisliga,Kreisliga Vorrunde D/NE,56249,9,0,0,0,0,0,0,0,0,0.0,,basketball-bund.net
1372,SG Baskets 98 Völklingen/BBC Bous IV,Saarland,Saarland,11,Kreisliga,Kreisliga Saar Herren 2026 2027,54615,3,0,0,0,0,0,0,0,0,0.0,,basketball-bund.net
1373,SG Bergische Löwen 4,Nordrhein-Westfalen,Nordrhein-Westfalen,11,Kreisliga,RBK Kreisliga Herren,55947,6,0,0,0,0,0,0,0,0,0.0,,basketball-bund.net
1374,SG Bergische Löwen 5,Nordrhein-Westfalen,Nordrhein-Westfalen,11,Kreisliga,RBK Kreisliga Herren,55947,7,0,0,0,0,0,0,0,0,0.0,,basketball-bund.net
1375,SG Bergische Löwen 6,Nordrhein-Westfalen,Nordrhein-Westfalen,11,Kreisliga,RBK Kreisliga Herren,55947,8,0,0,0,0,0,0,0,0,0.0,,basketball-bund.net
1376,SG Braunschweig  6,Niedersachsen,Niedersachsen,11,Kreisliga,Kreisliga Braunschweig Herren Süd,54682,2,0,0,0,0,0,0,0,0,0.0,,basketball-bund.net
1377,SG Erftstadt 2,Nordrhein-Westfalen,Nordrhein-Westfalen,11,Kreisliga,Erftliga -Herren- (KLH),53643,5,0,0,0,0,0,0,0,0,0.0,,basketball-bund.net
1378,SG Harburg Baskets (1),Hamburg,Hamburg,11,Kreisliga,Herren Kreisliga B (53492),53492,6,0,0,0,0,0,0,0,0,0.0,,basketball-bund.net
1379,SG Harburg Baskets (1),Hamburg,Hamburg,11,Kreisliga,Herren Senioren II Ost,56084,6,0,0,0,0,0,0,0,0,0.0,,basketball-bund.net
1380,SG Herzogenrath/Baesweiler 4,Nordrhein-Westfalen,Nordrhein-Westfalen,11,Kreisliga,Kreisliga Herren B (56287),56287,5,0,0,0,0,0,0,0,0,0.0,,basketball-bund.net
1381,SG Langenfeld 2,Nordrhein-Westfalen,Nordrhein-Westfalen,11,Kreisliga,1. Kreisliga Herren (1KLH) (54920),54920,4,0,0,0,0,0,0,0,0,0.0,,basketball-bund.net
1382,SG Mannheim 5,Baden-Württemberg,Baden-Württemberg,11,Kreisliga A,BBW1 Kreisliga A Männer,52665,3,0,0,0,0,0,0,0,0,0.0,,basketball-bund.net
1383,SG Pallotti Rheinbach,Nordrhein-Westfalen,Nordrhein-Westfalen,11,Kreisliga,1. Kreisliga Herren (1KLH),55407,6,0,0,0,0,0,0,0,0,0.0,,basketball-bund.net
1384,SG Poing,Bayern,Bayern,11,Kreisliga,Kreisliga Herren A (MI-KLHA) 2026/27,53735,4,0,0,0,0,0,0,0,0,0.0,,basketball-bund.net
1385,SG Rödental,Bayern,Bayern,11,Kreisliga,Kreisliga Herren A,52811,4,0,0,0,0,0,0,0,0,0.0,,basketball-bund.net
1386,SG Sechtem 3,Nordrhein-Westfalen,Nordrhein-Westfalen,11,Kreisliga,1. Kreisliga Herren (1KLH),55407,7,0,0,0,0,0,0,0,0,0.0,,basketball-bund.net
1387,SG Telgte-Wolbeck Baskets 3,Nordrhein-Westfalen,Nordrhein-Westfalen,11,Kreisliga,Kreisliga MS Herren Gruppe B,55529,1,0,0,0,0,0,0,0,0,0.0,,basketball-bund.net
1388,SG Towers Speyer/Schifferstadt 2,Rheinland-Pfalz,Rheinland-Pfalz,11,A-Klasse,A-Klasse Pfalz Herren,54426,3,0,0,0,0,0,0,0,0,0.0,,basketball-bund.net
1389,SG Voerde Schwelm 4,Nordrhein-Westfalen,Nordrhein-Westfalen,11,Kreisliga,1. Kreisliga Kreis-EN,54843,1,0,0,0,0,0,0,0,0,0.0,,basketball-bund.net
1390,SG Welper 2,Nordrhein-Westfalen,Nordrhein-Westfalen,11,Kreisliga,1. Kreisliga Kreis-EN,54843,2,0,0,0,0,0,0,0,0,0.0,,basketball-bund.net
1391,SSV Buchholz,Rheinland-Pfalz,Rheinland-Pfalz,11,A-Klasse,A-Klasse Koblenz Herren Gruppe 1,55464,5,0,0,0,0,0,0,0,0,0.0,,basketball-bund.net
1392,SV 1930 Rosellen e. V.,Nordrhein-Westfalen,Nordrhein-Westfalen,11,Kreisliga,Kreisliga Vorrunde D/NE,56249,10,0,0,0,0,0,0,0,0,0.0,,basketball-bund.net
1393,SV Alte Freunde 95 Düsseldorf 3,Nordrhein-Westfalen,Nordrhein-Westfalen,11,Kreisliga,Kreisliga Vorrunde D/NE,56249,11,0,0,0,0,0,0,0,0,0.0,,basketball-bund.net
1394,SV Bad Laer,Niedersachsen,Niedersachsen,11,Kreisliga,Kreisliga Herren (53689),53689,4,0,0,0,0,0,0,0,0,0.0,,basketball-bund.net
1395,SV Bayer Wuppertal,Nordrhein-Westfalen,Nordrhein-Westfalen,11,Kreisliga,Kreisliga Herren BBK Wuppertal 26/27,56440,10,0,0,0,0,0,0,0,0,0.0,,basketball-bund.net
1396,SV Blau-Weiß  Dingden 1920 e.V.,Nordrhein-Westfalen,Nordrhein-Westfalen,11,Kreisliga,Kreisliga Herren 2026/2027,55702,6,0,0,0,0,0,0,0,0,0.0,,basketball-bund.net
1397,SV Burggrafenhof,Bayern,Bayern,11,Kreisliga,MFR Kreisliga Herren Mitte,53718,5,0,0,0,0,0,0,0,0,0.0,,basketball-bund.net
1398,SV DJK G-W Nottuln 1919 e.V. 1,Nordrhein-Westfalen,Nordrhein-Westfalen,11,Kreisliga,Kreisliga MS Herren Gruppe A,55528,4,0,0,0,0,0,0,0,0,0.0,,basketball-bund.net
1399,SV Gehrden 2,Niedersachsen,Niedersachsen,11,Kreisliga,Kreisliga Herren / West,54554,5,0,0,0,0,0,0,0,0,0.0,,basketball-bund.net
1400,SV Greven 2,Nordrhein-Westfalen,Nordrhein-Westfalen,11,Kreisliga,Kreisliga MS Herren Gruppe B,55529,2,0,0,0,0,0,0,0,0,0.0,,basketball-bund.net
1401,SV Holzgerlingen,Baden-Württemberg,Baden-Württemberg,11,Kreisliga A,BBW4 Kreisliga West,55025,3,0,0,0,0,0,0,0,0,0.0,,basketball-bund.net
1402,SV Memmelsdorf,Bayern,Bayern,11,Kreisliga,Kreisliga Herren B,52812,7,0,0,0,0,0,0,0,0,0.0,,basketball-bund.net
1403,SV Nettelnburg/Allermöhe (1),Hamburg,Hamburg,11,Kreisliga,Herren Kreisliga A (53491),53491,7,0,0,0,0,0,0,0,0,0.0,,basketball-bund.net
1404,SV Neukölln 09 3,Berlin,Berlin,11,Kreisliga,Herren Kreisliga B,55050,10,0,0,0,0,0,0,0,0,0.0,,basketball-bund.net
1405,SV Polizei Hamburg (1),Hamburg,Hamburg,11,Kreisliga,Herren Kreisliga B (53492),53492,7,0,0,0,0,0,0,0,0,0.0,,basketball-bund.net
1406,SV Union Salzgitter,Niedersachsen,Niedersachsen,11,Kreisliga,Kreisliga Braunschweig Herren Süd,54682,3,0,0,0,0,0,0,0,0,0.0,,basketball-bund.net
1407,SV Vorwärts Gronau 2,Nordrhein-Westfalen,Nordrhein-Westfalen,11,Kreisliga,Kreisliga MS Herren Gruppe B,55529,3,0,0,0,0,0,0,0,0,0.0,,basketball-bund.net
1408,SV Waldkirch,Baden-Württemberg,Baden-Württemberg,11,Kreisliga A,BBW2 Kreisliga A Süd Männer,53075,5,0,0,0,0,0,0,0,0,0.0,,basketball-bund.net
1409,SV Weidenberg 2,Bayern,Bayern,11,Kreisliga,Kreisliga Herren B,52812,8,0,0,0,0,0,0,0,0,0.0,,basketball-bund.net
1410,SV Zapfendorf,Bayern,Bayern,11,Kreisliga,Kreisliga Herren A,52811,5,0,0,0,0,0,0,0,0,0.0,,basketball-bund.net
1411,SVN München,Bayern,Bayern,11,Kreisliga,Kreisliga Herren A (MI-KLHA) 2026/27,53735,5,0,0,0,0,0,0,0,0,0.0,,basketball-bund.net
1412,Saarlouis-Dillingen Sunkings V,Saarland,Saarland,11,Kreisliga,Kreisliga Saar Herren 2026 2027,54615,4,0,0,0,0,0,0,0,0,0.0,,basketball-bund.net
1413,Schaffhausen Sixers,Saarland,Saarland,11,Kreisliga,Kreisliga Saar Herren 2026 2027,54615,5,0,0,0,0,0,0,0,0,0.0,,basketball-bund.net
1414,Sieger Spiel 3,Nordrhein-Westfalen,Nordrhein-Westfalen,11,Kreisliga,Bochumer Basketballtag,56493,6,0,0,0,0,0,0,0,0,0.0,,basketball-bund.net
1415,Sieglarer TV 2,Nordrhein-Westfalen,Nordrhein-Westfalen,11,Kreisliga,1. Kreisliga Herren (1KLH),55407,8,0,0,0,0,0,0,0,0,0.0,,basketball-bund.net
1416,Spielfrei,Nordrhein-Westfalen,Nordrhein-Westfalen,11,Kreisliga,Kreisliga Vorrunde D/NE,56249,12,0,0,0,0,0,0,0,0,0.0,,basketball-bund.net
1417,Sportclub Krefeld 4,Nordrhein-Westfalen,Nordrhein-Westfalen,11,Kreisliga,KLH Niers,56045,4,0,0,0,0,0,0,0,0,0.0,,basketball-bund.net
1418,Sportclub Krefeld 5,Nordrhein-Westfalen,Nordrhein-Westfalen,11,Kreisliga,KLH Niers,56045,5,0,0,0,0,0,0,0,0,0.0,,basketball-bund.net
1419,Sportfreunde BiH München 2021,Bayern,Bayern,11,Kreisliga,Kreisliga Herren A (MI-KLHA) 2026/27,53735,6,0,0,0,0,0,0,0,0,0.0,,basketball-bund.net
1420,Stolberger TG,Nordrhein-Westfalen,Nordrhein-Westfalen,11,Kreisliga,Kreisliga Herren A (56286),56286,8,0,0,0,0,0,0,0,0,0.0,,basketball-bund.net
1421,SuS 09 Dinslaken,Nordrhein-Westfalen,Nordrhein-Westfalen,11,Kreisliga,Kreisliga Herren 2026/2027,55702,7,0,0,0,0,0,0,0,0,0.0,,basketball-bund.net
1422,SuS 09 Dinslaken 2,Nordrhein-Westfalen,Nordrhein-Westfalen,11,Kreisliga,Kreisliga Herren 2026/2027,55702,8,0,0,0,0,0,0,0,0,0.0,,basketball-bund.net
1423,Südwest Baskets Wuppertal 5,Nordrhein-Westfalen,Nordrhein-Westfalen,11,Kreisliga,Kreisliga Herren BBK Wuppertal 26/27,56440,11,0,0,0,0,0,0,0,0,0.0,,basketball-bund.net
1424,Südwest Baskets Wuppertal 6,Nordrhein-Westfalen,Nordrhein-Westfalen,11,Kreisliga,Kreisliga Herren BBK Wuppertal 26/27,56440,12,0,0,0,0,0,0,0,0,0.0,,basketball-bund.net
1425,T.C. Gifhorn e.V.,Niedersachsen,Niedersachsen,11,Kreisliga,Kreisliga Braunschweig Herren Süd,54682,4,0,0,0,0,0,0,0,0,0.0,,basketball-bund.net
1426,TB 1888 Erlangen 3,Bayern,Bayern,11,Kreisliga,MFR Kreisliga Herren Nord,53716,5,0,0,0,0,0,0,0,0,0.0,,basketball-bund.net
1427,TB 1888 Erlangen e. V. 4,Bayern,Bayern,11,Kreisliga,MFR Kreisliga Herren Mitte,53718,6,0,0,0,0,0,0,0,0,0.0,,basketball-bund.net
1428,TB Rohrbach/Boxberg,Baden-Württemberg,Baden-Württemberg,11,Kreisliga A,BBW1 Kreisliga A Männer,52665,4,0,0,0,0,0,0,0,0,0.0,,basketball-bund.net
1429,TG Düsseldorf 6,Nordrhein-Westfalen,Nordrhein-Westfalen,11,Kreisliga,Kreisliga Vorrunde D/NE,56249,13,0,0,0,0,0,0,0,0,0.0,,basketball-bund.net
1430,TG Düsseldorf 7,Nordrhein-Westfalen,Nordrhein-Westfalen,11,Kreisliga,Kreisliga Vorrunde D/NE,56249,14,0,0,0,0,0,0,0,0,0.0,,basketball-bund.net
1431,TS Frechen 3,Nordrhein-Westfalen,Nordrhein-Westfalen,11,Kreisliga,Erftliga -Herren- (KLH),53643,6,0,0,0,0,0,0,0,0,0.0,,basketball-bund.net
1432,TS Herzogenaurach 3,Bayern,Bayern,11,Kreisliga,MFR Kreisliga Herren Nord,53716,6,0,0,0,0,0,0,0,0,0.0,,basketball-bund.net
1433,TSC Berlin 1,Berlin,Berlin,11,Kreisliga,Herren Kreisliga A,55049,8,0,0,0,0,0,0,0,0,0.0,,basketball-bund.net
1434,TSC Spandau 3,Berlin,Berlin,11,Kreisliga,Herren Kreisliga C,55051,6,0,0,0,0,0,0,0,0,0.0,,basketball-bund.net
1435,TSC Spandau 4,Berlin,Berlin,11,Kreisliga,Herren Kreisliga A,55049,9,0,0,0,0,0,0,0,0,0.0,,basketball-bund.net
1436,TSG Balingen Falcons 2,Baden-Württemberg,Baden-Württemberg,11,Kreisliga A,BBW4 Kreisliga West,55025,4,0,0,0,0,0,0,0,0,0.0,,basketball-bund.net
1437,TSG Bergedorf von 1860 (4),Hamburg,Hamburg,11,Kreisliga,Herren Kreisliga A (53491),53491,8,0,0,0,0,0,0,0,0,0.0,,basketball-bund.net
1438,TSG Giengen,Baden-Württemberg,Baden-Württemberg,11,Kreisliga A,BBW4 Kreisliga Nord,55022,4,0,0,0,0,0,0,0,0,0.0,,basketball-bund.net
1439,TSG Jerstedt Blue Devils,Niedersachsen,Niedersachsen,11,Kreisliga,Kreisliga Braunschweig Herren Süd,54682,5,0,0,0,0,0,0,0,0,0.0,,basketball-bund.net
1440,TSG Maxdorf,Rheinland-Pfalz,Rheinland-Pfalz,11,A-Klasse,A-Klasse Pfalz Herren,54426,4,0,0,0,0,0,0,0,0,0.0,,basketball-bund.net
1441,TSG Schopfheim,Baden-Württemberg,Baden-Württemberg,11,Kreisliga A,BBW2 Kreisliga A Süd Männer,53075,6,0,0,0,0,0,0,0,0,0.0,,basketball-bund.net
1442,TSG Sprockhövel 2,Nordrhein-Westfalen,Nordrhein-Westfalen,11,Kreisliga,1. Kreisliga Kreis-EN,54843,3,0,0,0,0,0,0,0,0,0.0,,basketball-bund.net
1443,TSG Wiesloch 2,Baden-Württemberg,Baden-Württemberg,11,Kreisliga A,BBW1 Kreisliga A Männer,52665,5,0,0,0,0,0,0,0,0,0.0,,basketball-bund.net
1444,TSV 1884 Wolnzach 2,Bayern,Bayern,11,Kreisliga,Kreisliga Herren B (MI-KLHB) 2026/27,53736,3,0,0,0,0,0,0,0,0,0.0,,basketball-bund.net
1445,TSV Bad Boll 2,Baden-Württemberg,Baden-Württemberg,11,Kreisliga A,BBW4 Kreisliga Nord,55022,5,0,0,0,0,0,0,0,0,0.0,,basketball-bund.net
1446,TSV Barsinghausen,Niedersachsen,Niedersachsen,11,Kreisliga,Kreisliga Herren / West,54554,6,0,0,0,0,0,0,0,0,0.0,,basketball-bund.net
1447,TSV Bocholt 2,Nordrhein-Westfalen,Nordrhein-Westfalen,11,Kreisliga,Kreisliga MS Herren Gruppe A,55528,5,0,0,0,0,0,0,0,0,0.0,,basketball-bund.net
1448,TSV Calw,Baden-Württemberg,Baden-Württemberg,11,Kreisliga A,BBW4 Kreisliga West,55025,5,0,0,0,0,0,0,0,0,0.0,,basketball-bund.net
1449,TSV Haar,Bayern,Bayern,11,Kreisliga,Kreisliga Herren A (MI-KLHA) 2026/27,53735,7,0,0,0,0,0,0,0,0,0.0,,basketball-bund.net
1450,TSV Hochdahl,Nordrhein-Westfalen,Nordrhein-Westfalen,11,Kreisliga,1. Kreisliga Herren (1KLH) (54920),54920,5,0,0,0,0,0,0,0,0,0.0,,basketball-bund.net
1451,TSV Hof 2,Bayern,Bayern,11,Kreisliga,Kreisliga Herren A,52811,6,0,0,0,0,0,0,0,0,0.0,,basketball-bund.net
1452,TSV Jahn Freising 2,Bayern,Bayern,11,Kreisliga,Kreisliga Herren B (MI-KLHB) 2026/27,53736,4,0,0,0,0,0,0,0,0,0.0,,basketball-bund.net
1453,TSV Luthe 2,Niedersachsen,Niedersachsen,11,Kreisliga,Kreisliga Herren / West,54554,7,0,0,0,0,0,0,0,0,0.0,,basketball-bund.net
1454,TSV München Ost 4,Bayern,Bayern,11,Kreisliga,Kreisliga Herren B (MI-KLHB) 2026/27,53736,5,0,0,0,0,0,0,0,0,0.0,,basketball-bund.net
1455,TSV Schleißheim 2,Bayern,Bayern,11,Kreisliga,Kreisliga Herren A (MI-KLHA) 2026/27,53735,8,0,0,0,0,0,0,0,0,0.0,,basketball-bund.net
1456,TSV Staffelstein 2,Bayern,Bayern,11,Kreisliga,Kreisliga Herren A,52811,7,0,0,0,0,0,0,0,0,0.0,,basketball-bund.net
1457,TSV Tauberbischofsheim,Baden-Württemberg,Baden-Württemberg,11,Kreisliga A,BBW1 Kreisliga A Männer,52665,6,0,0,0,0,0,0,0,0,0.0,,basketball-bund.net
1458,TSV Trudering 2,Bayern,Bayern,11,Kreisliga,Kreisliga Herren A (MI-KLHA) 2026/27,53735,9,0,0,0,0,0,0,0,0,0.0,,basketball-bund.net
1459,TSV Tudorf 1919 e.V.,Nordrhein-Westfalen,Nordrhein-Westfalen,11,Kreisliga,Kreisliga Paderborn,55439,6,0,0,0,0,0,0,0,0,0.0,,basketball-bund.net
1460,TSV Urdenbach,Nordrhein-Westfalen,Nordrhein-Westfalen,11,Kreisliga,Kreisliga Vorrunde D/NE,56249,15,0,0,0,0,0,0,0,0,0.0,,basketball-bund.net
1461,TSV Vaterstetten 2,Bayern,Bayern,11,Kreisliga,Kreisliga Herren B (MI-KLHB) 2026/27,53736,6,0,0,0,0,0,0,0,0,0.0,,basketball-bund.net
1462,TSV Vellmar 3,Hessen,Hessen,11,Kreisliga,Kreisliga Herren,53463,3,0,0,0,0,0,0,0,0,0.0,,basketball-bund.net
1463,TSV Viktoria Mülheim 2,Nordrhein-Westfalen,Nordrhein-Westfalen,11,Kreisliga,1. Kreisliga Essen,55506,8,0,0,0,0,0,0,0,0,0.0,,basketball-bund.net
1464,TSV Viktoria Mülheim 3,Nordrhein-Westfalen,Nordrhein-Westfalen,11,Kreisliga,1. Kreisliga Essen,55506,9,0,0,0,0,0,0,0,0,0.0,,basketball-bund.net
1465,TSVE 5,Nordrhein-Westfalen,Nordrhein-Westfalen,11,Kreisliga,1. Kreisliga Ostwestfalen West,55168,4,0,0,0,0,0,0,0,0,0.0,,basketball-bund.net
1466,TTL Basketball Bamberg 4,Bayern,Bayern,11,Kreisliga,Kreisliga Herren B,52812,9,0,0,0,0,0,0,0,0,0.0,,basketball-bund.net
1467,TUSEM Essen 2,Nordrhein-Westfalen,Nordrhein-Westfalen,11,Kreisliga,1. Kreisliga Essen,55506,10,0,0,0,0,0,0,0,0,0.0,,basketball-bund.net
1468,TUSPO Nürnberg 2,Bayern,Bayern,11,Kreisliga,MFR Kreisliga Herren Nord,53716,7,0,0,0,0,0,0,0,0,0.0,,basketball-bund.net
1469,TUSPO Nürnberg 3,Bayern,Bayern,11,Kreisliga,MFR Kreisliga Herren Mitte,53718,7,0,0,0,0,0,0,0,0,0.0,,basketball-bund.net
1470,TV 03 Wörth,Rheinland-Pfalz,Rheinland-Pfalz,11,A-Klasse,A-Klasse Pfalz Herren,54426,5,0,0,0,0,0,0,0,0,0.0,,basketball-bund.net
1471,TV Altenstadt,Baden-Württemberg,Baden-Württemberg,11,Kreisliga A,BBW4 Kreisliga Nord,55022,6,0,0,0,0,0,0,0,0,0.0,,basketball-bund.net
1472,TV Bad Säckingen 2,Baden-Württemberg,Baden-Württemberg,11,Kreisliga A,BBW2 Kreisliga A Süd Männer,53075,7,0,0,0,0,0,0,0,0,0.0,,basketball-bund.net
1473,TV Blatzheim 2,Nordrhein-Westfalen,Nordrhein-Westfalen,11,Kreisliga,Erftliga -Herren- (KLH),53643,7,0,0,0,0,0,0,0,0,0.0,,basketball-bund.net
1474,TV Donaueschingen,Baden-Württemberg,Baden-Württemberg,11,Kreisliga A,BBW2 Kreisliga A Süd Männer,53075,8,0,0,0,0,0,0,0,0,0.0,,basketball-bund.net
1475,TV Donaueschingen 2,Baden-Württemberg,Baden-Württemberg,11,Kreisliga A,BBW2 Kreisliga A Süd Männer,53075,9,0,0,0,0,0,0,0,0,0.0,,basketball-bund.net
1476,TV Dülmen 1,Nordrhein-Westfalen,Nordrhein-Westfalen,11,Kreisliga,Kreisliga MS Herren Gruppe A,55528,6,0,0,0,0,0,0,0,0,0.0,,basketball-bund.net
1477,TV Emsdetten 2,Nordrhein-Westfalen,Nordrhein-Westfalen,11,Kreisliga,Kreisliga MS Herren Gruppe A,55528,7,0,0,0,0,0,0,0,0,0.0,,basketball-bund.net
1478,TV Eppingen,Baden-Württemberg,Baden-Württemberg,11,Kreisliga A,BBW1 Kreisliga A Männer,52665,7,0,0,0,0,0,0,0,0,0.0,,basketball-bund.net
1479,TV Erkelenz,Nordrhein-Westfalen,Nordrhein-Westfalen,11,Kreisliga,Kreisliga Herren B (56287),56287,6,0,0,0,0,0,0,0,0,0.0,,basketball-bund.net
1480,TV Gerthe 2 Herren,Nordrhein-Westfalen,Nordrhein-Westfalen,11,Kreisliga,Bochumer Basketballtag,56493,7,0,0,0,0,0,0,0,0,0.0,,basketball-bund.net
1481,TV Gerthe 4,Nordrhein-Westfalen,Nordrhein-Westfalen,11,Kreisliga,1. Kreisliga Herren Bochum,54419,3,0,0,0,0,0,0,0,0,0.0,,basketball-bund.net
1482,TV Gerthe 5,Nordrhein-Westfalen,Nordrhein-Westfalen,11,Kreisliga,1. Kreisliga Herren Bochum,54419,4,0,0,0,0,0,0,0,0,0.0,,basketball-bund.net
1483,TV Goch 2,Nordrhein-Westfalen,Nordrhein-Westfalen,11,Kreisliga,Kreisliga Herren 2026/2027,55702,9,0,0,0,0,0,0,0,0,0.0,,basketball-bund.net
1484,TV Grafenberg 1888 e.V. 3,Nordrhein-Westfalen,Nordrhein-Westfalen,11,Kreisliga,Kreisliga Vorrunde D/NE,56249,16,0,0,0,0,0,0,0,0,0.0,,basketball-bund.net
1485,TV Grafenberg 1888 e.V. 4,Nordrhein-Westfalen,Nordrhein-Westfalen,11,Kreisliga,Kreisliga Vorrunde D/NE,56249,17,0,0,0,0,0,0,0,0,0.0,,basketball-bund.net
1486,TV Hitdorf,Nordrhein-Westfalen,Nordrhein-Westfalen,11,Kreisliga,RBK Kreisliga Herren,55947,9,0,0,0,0,0,0,0,0,0.0,,basketball-bund.net
1487,TV Hückelhoven-Ratheim,Nordrhein-Westfalen,Nordrhein-Westfalen,11,Kreisliga,Kreisliga Herren B (56287),56287,7,0,0,0,0,0,0,0,0,0.0,,basketball-bund.net
1488,TV Illingen III,Saarland,Saarland,11,Kreisliga,Kreisliga Saar Herren 2026 2027,54615,6,0,0,0,0,0,0,0,0,0.0,,basketball-bund.net
1489,TV Jahn Königshardt 3,Nordrhein-Westfalen,Nordrhein-Westfalen,11,Kreisliga,1. Kreisliga Essen,55506,11,0,0,0,0,0,0,0,0,0.0,,basketball-bund.net
1490,TV Jahn Königshardt 4,Nordrhein-Westfalen,Nordrhein-Westfalen,11,Kreisliga,1. Kreisliga Essen,55506,12,0,0,0,0,0,0,0,0,0.0,,basketball-bund.net
1491,TV Jahn Tigers,Nordrhein-Westfalen,Nordrhein-Westfalen,11,Kreisliga,Kreisliga MS Herren Gruppe B,55529,4,0,0,0,0,0,0,0,0,0.0,,basketball-bund.net
1492,TV Jahn Tigers 2,Nordrhein-Westfalen,Nordrhein-Westfalen,11,Kreisliga,Kreisliga MS Herren Gruppe A,55528,8,0,0,0,0,0,0,0,0,0.0,,basketball-bund.net
1493,TV Lohmar,Nordrhein-Westfalen,Nordrhein-Westfalen,11,Kreisliga,1. Kreisliga Herren (1KLH),55407,9,0,0,0,0,0,0,0,0,0.0,,basketball-bund.net
1494,TV Neckargemünd,Baden-Württemberg,Baden-Württemberg,11,Kreisliga A,BBW1 Kreisliga A Männer,52665,8,0,0,0,0,0,0,0,0,0.0,,basketball-bund.net
1495,TV Oberndorf,Baden-Württemberg,Baden-Württemberg,11,Kreisliga A,BBW4 Kreisliga West,55025,6,0,0,0,0,0,0,0,0,0.0,,basketball-bund.net
1496,TV Oberstein,Rheinland-Pfalz,Rheinland-Pfalz,11,A-Klasse,A-Klasse Trier Herren,52848,2,0,0,0,0,0,0,0,0,0.0,,basketball-bund.net
1497,TV Rottenburg,Baden-Württemberg,Baden-Württemberg,11,Kreisliga A,BBW4 Kreisliga West,55025,7,0,0,0,0,0,0,0,0,0.0,,basketball-bund.net
1498,TV Salzkotten 5,Nordrhein-Westfalen,Nordrhein-Westfalen,11,Kreisliga,Kreisliga Paderborn,55439,7,0,0,0,0,0,0,0,0,0.0,,basketball-bund.net
1499,TV Schwetzingen,Baden-Württemberg,Baden-Württemberg,11,Kreisliga A,BBW1 Kreisliga A Männer,52665,9,0,0,0,0,0,0,0,0,0.0,,basketball-bund.net
1500,TV St. Ingbert III,Saarland,Saarland,11,Kreisliga,Kreisliga Saar Herren 2026 2027,54615,7,0,0,0,0,0,0,0,0,0.0,,basketball-bund.net
1501,TV Südkamen,Nordrhein-Westfalen,Nordrhein-Westfalen,11,Kreisliga,Kreisliga Lippe,55353,4,0,0,0,0,0,0,0,0,0.0,,basketball-bund.net
1502,TV Vörden,Niedersachsen,Niedersachsen,11,Kreisliga,Kreisliga Herren (53689),53689,5,0,0,0,0,0,0,0,0,0.0,,basketball-bund.net
1503,TV Weismain,Bayern,Bayern,11,Kreisliga,Kreisliga Herren A,52811,8,0,0,0,0,0,0,0,0,0.0,,basketball-bund.net
1504,TV Zell,Rheinland-Pfalz,Rheinland-Pfalz,11,A-Klasse,A-Klasse Trier Herren,52848,3,0,0,0,0,0,0,0,0,0.0,,basketball-bund.net
1505,TV Zell-Weierbach,Baden-Württemberg,Baden-Württemberg,11,Kreisliga A,BBW2 Kreisliga A Süd Männer,53075,10,0,0,0,0,0,0,0,0,0.0,,basketball-bund.net
1506,TV von 1895 Markt Schwaben,Bayern,Bayern,11,Kreisliga,Kreisliga Herren B (MI-KLHB) 2026/27,53736,7,0,0,0,0,0,0,0,0,0.0,,basketball-bund.net
1507,TVG Baskets Trier 3,Rheinland-Pfalz,Rheinland-Pfalz,11,A-Klasse,A-Klasse Trier Herren,52848,4,0,0,0,0,0,0,0,0,0.0,,basketball-bund.net
1508,TVG Flierich-Lenningsen,Nordrhein-Westfalen,Nordrhein-Westfalen,11,Kreisliga,Kreisliga Lippe,55353,5,0,0,0,0,0,0,0,0,0.0,,basketball-bund.net
1509,TVG Kaiserau 3,Nordrhein-Westfalen,Nordrhein-Westfalen,11,Kreisliga,Kreisliga Lippe,55353,6,0,0,0,0,0,0,0,0,0.0,,basketball-bund.net
1510,TuRa Harksheide (2),Hamburg,Hamburg,11,Kreisliga,Herren Kreisliga C (53493),53493,7,0,0,0,0,0,0,0,0,0.0,,basketball-bund.net
1511,TuS 1859 Hamm 4,Nordrhein-Westfalen,Nordrhein-Westfalen,11,Kreisliga,Kreisliga Lippe,55353,7,0,0,0,0,0,0,0,0,0.0,,basketball-bund.net
1512,TuS BW Königsdorf 3,Nordrhein-Westfalen,Nordrhein-Westfalen,11,Kreisliga,Erftliga -Herren- (KLH),53643,8,0,0,0,0,0,0,0,0,0.0,,basketball-bund.net
1513,TuS BW Lohne I,Niedersachsen,Niedersachsen,11,Kreisliga,Kreisliga Herren (53689),53689,6,0,0,0,0,0,0,0,0,0.0,,basketball-bund.net
1514,TuS Bersenbrück,Niedersachsen,Niedersachsen,11,Kreisliga,Kreisliga Herren (53689),53689,7,0,0,0,0,0,0,0,0,0.0,,basketball-bund.net
1515,TuS Bothfeld 4,Niedersachsen,Niedersachsen,11,Kreisliga,Kreisliga Herren / Ost,54553,5,0,0,0,0,0,0,0,0,0.0,,basketball-bund.net
1516,TuS Brauweiler 2,Nordrhein-Westfalen,Nordrhein-Westfalen,11,Kreisliga,Erftliga -Herren- (KLH),53643,9,0,0,0,0,0,0,0,0,0.0,,basketball-bund.net
1517,TuS Fritzlar 1,Hessen,Hessen,11,Kreisliga,Kreisliga Herren,53463,4,0,0,0,0,0,0,0,0,0.0,,basketball-bund.net
1518,TuS Hilden 2,Nordrhein-Westfalen,Nordrhein-Westfalen,11,Kreisliga,1. Kreisliga Herren (1KLH) (54920),54920,6,0,0,0,0,0,0,0,0,0.0,,basketball-bund.net
1519,TuS Hiltrup 4,Nordrhein-Westfalen,Nordrhein-Westfalen,11,Kreisliga,Kreisliga MS Herren Gruppe A,55528,9,0,0,0,0,0,0,0,0,0.0,,basketball-bund.net
1520,TuS Mosella Schweich 2,Rheinland-Pfalz,Rheinland-Pfalz,11,A-Klasse,A-Klasse Trier Herren,52848,5,0,0,0,0,0,0,0,0,0.0,,basketball-bund.net
1521,TuS Opladen 2,Nordrhein-Westfalen,Nordrhein-Westfalen,11,Kreisliga,RBK Kreisliga Herren,55947,10,0,0,0,0,0,0,0,0,0.0,,basketball-bund.net
1522,TuS Rheinberg 2,Nordrhein-Westfalen,Nordrhein-Westfalen,11,Kreisliga,Kreisliga Herren 2026/2027,55702,10,0,0,0,0,0,0,0,0,0.0,,basketball-bund.net
1523,TuS Wannsee 1,Berlin,Berlin,11,Kreisliga,Herren Kreisliga A,55049,10,0,0,0,0,0,0,0,0,0.0,,basketball-bund.net
1524,TuS Weener,Niedersachsen,Niedersachsen,11,Kreisliga,Kreisliga Herren West,54774,6,0,0,0,0,0,0,0,0,0.0,,basketball-bund.net
1525,TuS Wegberg 2,Nordrhein-Westfalen,Nordrhein-Westfalen,11,Kreisliga,Kreisliga Herren B (56287),56287,8,0,0,0,0,0,0,0,0,0.0,,basketball-bund.net
1526,TuSG Augustdorf 2,Nordrhein-Westfalen,Nordrhein-Westfalen,11,Kreisliga,Kreisliga Paderborn,55439,8,0,0,0,0,0,0,0,0,0.0,,basketball-bund.net
1527,TuSpo 09 Rahden,Nordrhein-Westfalen,Nordrhein-Westfalen,11,Kreisliga,1. Kreisliga Ostwestfalen Ost,55169,5,0,0,0,0,0,0,0,0,0.0,,basketball-bund.net
1528,Turnverein Wanne 1885 e.V.,Nordrhein-Westfalen,Nordrhein-Westfalen,11,Kreisliga,1. Kreisliga Herren Bochum,54419,5,0,0,0,0,0,0,0,0,0.0,,basketball-bund.net
1529,USC Freiburg 5,Baden-Württemberg,Baden-Württemberg,11,Kreisliga A,BBW2 Kreisliga A Süd Männer,53075,11,0,0,0,0,0,0,0,0,0.0,,basketball-bund.net
1530,VT Kempen 1859 e.V.,Nordrhein-Westfalen,Nordrhein-Westfalen,11,Kreisliga,KLH Niers,56045,6,0,0,0,0,0,0,0,0,0.0,,basketball-bund.net
1531,VT Kempen 1859 e.V. - 2,Nordrhein-Westfalen,Nordrhein-Westfalen,11,Kreisliga,KLH Niers,56045,7,0,0,0,0,0,0,0,0,0.0,,basketball-bund.net
1532,Velberter SG,Nordrhein-Westfalen,Nordrhein-Westfalen,11,Kreisliga,1. Kreisliga Herren (1KLH) (54920),54920,7,0,0,0,0,0,0,0,0,0.0,,basketball-bund.net
1533,Velberter SG 2.,Nordrhein-Westfalen,Nordrhein-Westfalen,11,Kreisliga,1. Kreisliga Herren (1KLH) (54920),54920,8,0,0,0,0,0,0,0,0,0.0,,basketball-bund.net
1534,Velberter SG 3,Nordrhein-Westfalen,Nordrhein-Westfalen,11,Kreisliga,1. Kreisliga Herren (1KLH) (54920),54920,9,0,0,0,0,0,0,0,0,0.0,,basketball-bund.net
1535,VfB Hermsdorf 3,Berlin,Berlin,11,Kreisliga,Herren Kreisliga C,55051,7,0,0,0,0,0,0,0,0,0.0,,basketball-bund.net
1536,VfL AstroStars 2 Damen,Nordrhein-Westfalen,Nordrhein-Westfalen,11,Kreisliga,Bochumer Basketballtag,56493,8,0,0,0,0,0,0,0,0,0.0,,basketball-bund.net
1537,VfL AstroStars 2 Herren,Nordrhein-Westfalen,Nordrhein-Westfalen,11,Kreisliga,Bochumer Basketballtag,56493,9,0,0,0,0,0,0,0,0,0.0,,basketball-bund.net
1538,VfL AstroStars 3 Herren,Nordrhein-Westfalen,Nordrhein-Westfalen,11,Kreisliga,Bochumer Basketballtag,56493,10,0,0,0,0,0,0,0,0,0.0,,basketball-bund.net
1539,VfL AstroStars Bochum 11,Nordrhein-Westfalen,Nordrhein-Westfalen,11,Kreisliga,Bochumer Basketballtag,56493,11,0,0,0,0,0,0,0,0,0.0,,basketball-bund.net
1540,VfL AstroStars Bochum 7,Nordrhein-Westfalen,Nordrhein-Westfalen,11,Kreisliga,1. Kreisliga Herren Bochum,54419,6,0,0,0,0,0,0,0,0,0.0,,basketball-bund.net
1541,VfL AstroStars Bochum 8,Nordrhein-Westfalen,Nordrhein-Westfalen,11,Kreisliga,1. Kreisliga Herren Bochum,54419,7,0,0,0,0,0,0,0,0,0.0,,basketball-bund.net
1542,VfL Herrenberg,Baden-Württemberg,Baden-Württemberg,11,Kreisliga A,BBW4 Kreisliga West,55025,8,0,0,0,0,0,0,0,0,0.0,,basketball-bund.net
1543,VfL Kirchheim Knights 4,Baden-Württemberg,Baden-Württemberg,11,Kreisliga A,BBW4 Kreisliga Nord,55022,7,0,0,0,0,0,0,0,0,0.0,,basketball-bund.net
1544,VfL Kirchheim Knights 5,Baden-Württemberg,Baden-Württemberg,11,Kreisliga A,BBW4 Kreisliga Nord,55022,8,0,0,0,0,0,0,0,0,0.0,,basketball-bund.net
1545,VfL Lichtenrade 2,Berlin,Berlin,11,Kreisliga,Herren Kreisliga C,55051,8,0,0,0,0,0,0,0,0,0.0,,basketball-bund.net
1546,VfL Merkur Kleve 2,Nordrhein-Westfalen,Nordrhein-Westfalen,11,Kreisliga,Kreisliga Herren 2026/2027,55702,11,0,0,0,0,0,0,0,0,0.0,,basketball-bund.net
1547,VfL Schlangen 2,Nordrhein-Westfalen,Nordrhein-Westfalen,11,Kreisliga,Kreisliga Paderborn,55439,9,0,0,0,0,0,0,0,0,0.0,,basketball-bund.net
1548,VfR Garching 2,Bayern,Bayern,11,Kreisliga,Kreisliga Herren B (MI-KLHB) 2026/27,53736,8,0,0,0,0,0,0,0,0,0.0,,basketball-bund.net
1549,VfR Voxtrup II,Niedersachsen,Niedersachsen,11,Kreisliga,Kreisliga Herren (53689),53689,8,0,0,0,0,0,0,0,0,0.0,,basketball-bund.net
1550,Viactiv AstroLadies,Nordrhein-Westfalen,Nordrhein-Westfalen,11,Kreisliga,Bochumer Basketballtag,56493,12,0,0,0,0,0,0,0,0,0.0,,basketball-bund.net
1551,Viet Bärllers 1,Berlin,Berlin,11,Kreisliga,Herren Kreisliga C,55051,9,0,0,0,0,0,0,0,0,0.0,,basketball-bund.net
1552,Viktoria Mitte 2,Berlin,Berlin,11,Kreisliga,Herren Kreisliga A,55049,11,0,0,0,0,0,0,0,0,0.0,,basketball-bund.net
1553,Warendorfer SU 1,Nordrhein-Westfalen,Nordrhein-Westfalen,11,Kreisliga,Kreisliga MS Herren Gruppe B,55529,5,0,0,0,0,0,0,0,0,0.0,,basketball-bund.net
1554,Weddinger Wiesel 4,Berlin,Berlin,11,Kreisliga,Herren Kreisliga B,55050,11,0,0,0,0,0,0,0,0,0.0,,basketball-bund.net
1555,Weidener TV 2,Nordrhein-Westfalen,Nordrhein-Westfalen,11,Kreisliga,Kreisliga Herren A (56286),56286,9,0,0,0,0,0,0,0,0,0.0,,basketball-bund.net
1556,Weseler TV 2,Nordrhein-Westfalen,Nordrhein-Westfalen,11,Kreisliga,Kreisliga Herren 2026/2027,55702,12,0,0,0,0,0,0,0,0,0.0,,basketball-bund.net
1557,Willicher TV 2,Nordrhein-Westfalen,Nordrhein-Westfalen,11,Kreisliga,KLH Niers,56045,8,0,0,0,0,0,0,0,0,0.0,,basketball-bund.net
1558,Willicher TV 3,Nordrhein-Westfalen,Nordrhein-Westfalen,11,Kreisliga,KLH Niers,56045,9,0,0,0,0,0,0,0,0,0.0,,basketball-bund.net
1559,Witten Baskets 3,Nordrhein-Westfalen,Nordrhein-Westfalen,11,Kreisliga,1. Kreisliga Kreis-EN,54843,4,0,0,0,0,0,0,0,0,0.0,,basketball-bund.net
1560,Witten Baskets 4,Nordrhein-Westfalen,Nordrhein-Westfalen,11,Kreisliga,1. Kreisliga Kreis-EN,54843,5,0,0,0,0,0,0,0,0,0.0,,basketball-bund.net
1561,Xanten Romans,Nordrhein-Westfalen,Nordrhein-Westfalen,11,Kreisliga,Kreisliga Herren 2026/2027,55702,13,0,0,0,0,0,0,0,0,0.0,,basketball-bund.net
1562,DJK Köln-Nord 2,Nordrhein-Westfalen,Nordrhein-Westfalen,11,Kreisliga,1.KLH Köln,56069,8,1,0,0,1,60,61,-1,0,0.0,,basketball-bund.net
1563,Post-SV Bonn 3,Nordrhein-Westfalen,Nordrhein-Westfalen,11,Kreisliga,1. Kreisliga Herren (1KLH),55407,10,1,0,0,1,59,60,-1,0,0.0,,basketball-bund.net
1564,SG Erlensee / Langenselbold 1,Hessen,Hessen,11,Kreisliga A,Kreisliga A Herren Ost,55954,8,1,0,0,1,77,79,-2,0,0.0,,basketball-bund.net
1565,TuS Nortorf 3,Schleswig-Holstein,Schleswig-Holstein,11,Kreisliga,HBKN,53850,7,1,0,0,1,63,65,-2,0,0.0,,basketball-bund.net
1566,SG TV St.Wendel/TV Ottweiler II,Saarland,Saarland,11,Kreisliga,Kreisliga Saar Herren 2026 2027,54615,8,1,0,0,1,55,57,-2,0,0.0,,basketball-bund.net
1567,TSV Atzbach 2,Hessen,Hessen,11,Kreisliga A,Kreisliga Herren A (54668),54668,6,1,0,0,1,52,54,-2,0,0.0,,basketball-bund.net
1568,Bürgerfelder TB IV,Niedersachsen,Niedersachsen,11,Kreisliga,Kreisliga Herren Ost,54773,7,1,0,0,1,46,48,-2,0,0.0,,basketball-bund.net
1569,SW Marienfeld,Nordrhein-Westfalen,Nordrhein-Westfalen,11,Kreisliga,1. Kreisliga Ostwestfalen West,55168,5,1,0,0,1,55,59,-4,0,0.0,,basketball-bund.net
1570,CVJM Kassel 2,Hessen,Hessen,11,Kreisliga,Kreisliga Herren,53463,5,1,0,0,1,46,51,-5,0,0.0,,basketball-bund.net
1571,TuS Makkabi Frankfurt 3,Hessen,Hessen,11,Kreisliga A,Kreisliga A Herren West,55955,7,1,0,0,1,70,76,-6,0,0.0,,basketball-bund.net
1572,TSG Heidesheim 3,Rheinland-Pfalz,Rheinland-Pfalz,11,A-Klasse,A-Klasse Rheinhessen Herren,55355,6,1,0,0,1,63,69,-6,0,0.0,,basketball-bund.net
1573,TV Oppenheim 2,Rheinland-Pfalz,Rheinland-Pfalz,11,A-Klasse,A-Klasse Rheinhessen Herren,55355,7,1,0,0,1,62,68,-6,0,0.0,,basketball-bund.net
1574,TKW Nienburg Ravens 3,Niedersachsen,Niedersachsen,11,Kreisliga,Kreisliga Herren / West,54554,8,1,0,0,1,47,53,-6,0,0.0,,basketball-bund.net
1575,SV Brackwede 2,Nordrhein-Westfalen,Nordrhein-Westfalen,11,Kreisliga,1. Kreisliga Ostwestfalen West,55168,6,1,0,0,1,71,78,-7,0,0.0,,basketball-bund.net
1576,Wiker SV,Schleswig-Holstein,Schleswig-Holstein,11,Kreisliga,HBKN,53850,8,1,0,0,1,49,56,-7,0,0.0,,basketball-bund.net
1577,EOSC Offenbach 2,Hessen,Hessen,11,Kreisliga A,Kreisliga A Herren Ost,55954,9,1,0,0,1,82,90,-8,0,0.0,,basketball-bund.net
1578,MTV Segeberg,Schleswig-Holstein,Schleswig-Holstein,11,Kreisliga,HBKS,53851,6,1,0,0,1,78,86,-8,0,0.0,,basketball-bund.net
1579,BC Pesch 2,Nordrhein-Westfalen,Nordrhein-Westfalen,11,Kreisliga,1.KLH Köln,56069,9,1,0,0,1,49,57,-8,0,0.0,,basketball-bund.net
1580,BC Wiesbaden 3,Hessen,Hessen,11,Kreisliga A,Herren Kreisliga A (52946),52946,8,2,0,0,2,102,119,-17,0,0.0,,basketball-bund.net
1581,TSV Mainz-Ebersheim,Rheinland-Pfalz,Rheinland-Pfalz,11,A-Klasse,A-Klasse Rheinhessen Herren,55355,8,1,0,0,1,66,75,-9,0,0.0,,basketball-bund.net
1582,TSV Edemissen  2,Niedersachsen,Niedersachsen,11,Kreisliga,Kreisliga Braunschweig Herren Nord,54681,6,1,0,0,1,58,67,-9,0,0.0,,basketball-bund.net
1583,Bünder TV Westfalia 2,Nordrhein-Westfalen,Nordrhein-Westfalen,11,Kreisliga,1. Kreisliga Ostwestfalen Ost,55169,6,1,0,0,1,41,50,-9,0,0.0,,basketball-bund.net
1584,VT Zweibrücken 2,Rheinland-Pfalz,Rheinland-Pfalz,11,A-Klasse,A-Klasse Pfalz Herren,54426,6,1,0,0,1,62,72,-10,0,0.0,,basketball-bund.net
1585,TSV Bonames,Hessen,Hessen,11,Kreisliga A,Kreisliga A Herren West,55955,8,2,0,0,2,91,111,-20,0,0.0,,basketball-bund.net
1586,VfL Rastede II,Niedersachsen,Niedersachsen,11,Kreisliga,Kreisliga Herren Ost,54773,8,1,0,0,1,68,79,-11,0,0.0,,basketball-bund.net
1587,SC Riedberg,Hessen,Hessen,11,Kreisliga A,Kreisliga A Herren West,55955,9,2,0,0,2,116,138,-22,0,0.0,,basketball-bund.net
1588,Mitte SuperSonics 2,Berlin,Berlin,11,Kreisliga,Herren Kreisliga C,55051,10,1,0,0,1,53,64,-11,0,0.0,,basketball-bund.net
1589,Sportfreunde Neustadt/Wied 3,Rheinland-Pfalz,Rheinland-Pfalz,11,A-Klasse,A-Klasse Koblenz Herren Gruppe 2,55465,5,2,0,0,2,99,122,-23,0,0.0,,basketball-bund.net
1590,BC Darmstadt 2,Hessen,Hessen,11,Kreisliga A,Herren Kreisliga A (52946),52946,7,1,0,0,1,60,72,-12,0,0.0,,basketball-bund.net
1591,Baskets Limburg 3,Hessen,Hessen,11,Kreisliga A,Kreisliga A Herren West,55955,10,2,0,0,2,104,132,-28,0,0.0,,basketball-bund.net
1592,DTV Basketball Köln 4,Nordrhein-Westfalen,Nordrhein-Westfalen,11,Kreisliga,1.KLH Köln,56069,10,1,0,0,1,52,66,-14,0,0.0,,basketball-bund.net
1593,TGS Seligenstadt,Hessen,Hessen,11,Kreisliga A,Kreisliga A Herren Ost,55954,10,2,0,0,2,105,135,-30,0,0.0,,basketball-bund.net
1594,TV Nalbach II,Saarland,Saarland,11,Kreisliga,Kreisliga Saar Herren 2026 2027,54615,9,1,0,0,1,50,65,-15,0,0.0,,basketball-bund.net
1595,TuS Lübbecke 2,Nordrhein-Westfalen,Nordrhein-Westfalen,11,Kreisliga,1. Kreisliga Ostwestfalen Ost,55169,7,1,0,0,1,47,62,-15,0,0.0,,basketball-bund.net
1596,TuS Esens,Niedersachsen,Niedersachsen,11,Kreisliga,Kreisliga Herren West,54774,7,1,0,0,1,59,75,-16,0,0.0,,basketball-bund.net
1597,SV Treysa Red Caps 3,Hessen,Hessen,11,Kreisliga,Kreisliga Herren,53463,6,1,0,0,1,56,72,-16,0,0.0,,basketball-bund.net
1598,Paderborn Baskets 6,Nordrhein-Westfalen,Nordrhein-Westfalen,11,Kreisliga,Kreisliga Paderborn,55439,10,1,0,0,1,53,69,-16,0,0.0,,basketball-bund.net
1599,BG Rüsselsheim-Taunusstein 1,Hessen,Hessen,11,Kreisliga A,Herren Kreisliga A (52946),52946,10,2,0,0,2,131,165,-34,0,0.0,,basketball-bund.net
1600,TV Garmissen-Ahstedt,Niedersachsen,Niedersachsen,11,Kreisliga,Kreisliga Herren / Ost,54553,6,1,0,0,1,62,79,-17,0,0.0,,basketball-bund.net
1601,Binger Buckets,Rheinland-Pfalz,Rheinland-Pfalz,11,A-Klasse,A-Klasse Rheinhessen Herren,55355,9,1,0,0,1,57,76,-19,0,0.0,,basketball-bund.net
1602,TuS Zetel II,Niedersachsen,Niedersachsen,11,Kreisliga,Kreisliga Herren West,54774,8,1,0,0,1,49,68,-19,0,0.0,,basketball-bund.net
1603,SV Nordenham,Niedersachsen,Niedersachsen,11,Kreisliga,Kreisliga Herren Ost,54773,9,1,0,0,1,38,58,-20,0,0.0,,basketball-bund.net
1604,TSV  Grünberg,Hessen,Hessen,11,Kreisliga A,Kreisliga Herren A (54668),54668,7,2,0,0,2,108,149,-41,0,0.0,,basketball-bund.net
1605,Northern Baskets NTV,Niedersachsen,Niedersachsen,11,Kreisliga,Kreisliga Herren West,54774,9,1,0,0,1,37,58,-21,0,0.0,,basketball-bund.net
1606,BBC Linz 3,Rheinland-Pfalz,Rheinland-Pfalz,11,A-Klasse,A-Klasse Koblenz Herren Gruppe 2,55465,6,1,0,0,1,42,65,-23,0,0.0,,basketball-bund.net
1607,TuS Bothfeld 5,Niedersachsen,Niedersachsen,11,Kreisliga,Kreisliga Herren / West,54554,9,1,0,0,1,46,70,-24,0,0.0,,basketball-bund.net
1608,Hennefer TV 2,Nordrhein-Westfalen,Nordrhein-Westfalen,11,Kreisliga,1. Kreisliga Herren (1KLH),55407,11,1,0,0,1,45,69,-24,0,0.0,,basketball-bund.net
1609,TG Konz 1,Rheinland-Pfalz,Rheinland-Pfalz,11,A-Klasse,A-Klasse Trier Herren,52848,6,1,0,0,1,49,74,-25,0,0.0,,basketball-bund.net
1610,DJK Löwe 2,Nordrhein-Westfalen,Nordrhein-Westfalen,11,Kreisliga,1.KLH Köln,56069,11,1,0,0,1,60,86,-26,0,0.0,,basketball-bund.net
1611,FC Rot-Weiß Kirchlengern,Nordrhein-Westfalen,Nordrhein-Westfalen,11,Kreisliga,1. Kreisliga Ostwestfalen Ost,55169,8,1,0,0,1,53,79,-26,0,0.0,,basketball-bund.net
1612,BBC Mehlingen,Rheinland-Pfalz,Rheinland-Pfalz,11,A-Klasse,A-Klasse Pfalz Herren,54426,7,1,0,0,1,48,74,-26,0,0.0,,basketball-bund.net
1613,CVJM Kassel 3,Hessen,Hessen,11,Kreisliga,Kreisliga Herren,53463,7,1,0,0,1,43,69,-26,0,0.0,,basketball-bund.net
1614,TG Herford 2,Nordrhein-Westfalen,Nordrhein-Westfalen,11,Kreisliga,1. Kreisliga Ostwestfalen Ost,55169,9,1,0,0,1,45,72,-27,0,0.0,,basketball-bund.net
1615,TG Düsseldorf 8,Nordrhein-Westfalen,Nordrhein-Westfalen,11,Kreisliga,Kreisliga Vorrunde D/NE,56249,18,1,0,0,1,54,82,-28,0,0.0,,basketball-bund.net
1616,BC Pesch,Nordrhein-Westfalen,Nordrhein-Westfalen,11,Kreisliga,1.KLH Köln,56069,12,2,0,0,2,96,153,-57,0,0.0,,basketball-bund.net
1617,TGS Walldorf 1,Hessen,Hessen,11,Kreisliga A,Herren Kreisliga A (52946),52946,9,1,0,0,1,54,84,-30,0,0.0,,basketball-bund.net
1618,MTV  Gießen 4,Hessen,Hessen,11,Kreisliga A,Kreisliga Herren A (54668),54668,8,2,0,0,2,81,144,-63,0,0.0,,basketball-bund.net
1619,VfL Gummersbach 3,Nordrhein-Westfalen,Nordrhein-Westfalen,11,Kreisliga,RBK Kreisliga Herren,55947,11,1,0,0,1,53,85,-32,0,0.0,,basketball-bund.net
1620,Sportfreunde Höhr-Grenzhausen,Rheinland-Pfalz,Rheinland-Pfalz,11,A-Klasse,A-Klasse Koblenz Herren Gruppe 2,55465,7,2,0,0,2,90,154,-64,0,0.0,,basketball-bund.net
1621,BBV Lahnstein II,Rheinland-Pfalz,Rheinland-Pfalz,11,A-Klasse,A-Klasse Koblenz Herren Gruppe 1,55464,6,2,0,0,2,87,154,-67,0,0.0,,basketball-bund.net
1622,TuS Waldbröl,Nordrhein-Westfalen,Nordrhein-Westfalen,11,Kreisliga,RBK Kreisliga Herren,55947,12,1,0,0,1,36,71,-35,0,0.0,,basketball-bund.net
1623,TuS Zülpich 2,Nordrhein-Westfalen,Nordrhein-Westfalen,11,Kreisliga,1. Kreisliga Herren (1KLH),55407,12,1,0,0,1,32,68,-36,0,0.0,,basketball-bund.net
1624,SSV Intercor 2,Berlin,Berlin,11,Kreisliga,Herren Kreisliga C,55051,11,1,0,0,1,37,76,-39,0,0.0,,basketball-bund.net
1625,VfL Löningen III,Niedersachsen,Niedersachsen,11,Kreisliga,Kreisliga Herren Ost,54773,10,1,0,0,1,58,100,-42,0,0.0,,basketball-bund.net
1626,Remscheider TV,Nordrhein-Westfalen,Nordrhein-Westfalen,11,Kreisliga,Kreisliga Herren BBK Wuppertal 26/27,56440,13,1,0,0,1,51,97,-46,0,0.0,,basketball-bund.net
1627,SV Adler Hämelerwald,Niedersachsen,Niedersachsen,11,Kreisliga,Kreisliga Herren / Ost,54553,7,1,0,0,1,28,77,-49,0,0.0,,basketball-bund.net
1628,TuS BW Königsdorf 4,Nordrhein-Westfalen,Nordrhein-Westfalen,11,Kreisliga,Erftliga -Herren- (KLH),53643,10,1,0,0,1,60,113,-53,0,0.0,,basketball-bund.net
1629,TuS Augustfehn,Niedersachsen,Niedersachsen,11,Kreisliga,Kreisliga Herren West,54774,10,1,0,0,1,48,104,-56,0,0.0,,basketball-bund.net
1630,SV Wasbek 2,Schleswig-Holstein,Schleswig-Holstein,11,Kreisliga,HBKS,53851,7,1,0,0,1,43,103,-60,0,0.0,,basketball-bund.net
1631,SG Braunschweig 5,Niedersachsen,Niedersachsen,11,Kreisliga,Kreisliga Braunschweig Herren Nord,54681,7,1,0,0,1,17,106,-89,0,0.0,,basketball-bund.net
1632,Lions Adenau e.V.,Rheinland-Pfalz,Rheinland-Pfalz,11,A-Klasse,A-Klasse Koblenz Herren Gruppe 1,55464,7,1,0,0,1,29,149,-120,0,0.0,,basketball-bund.net
1633,Dünnwalder TV 2,Nordrhein-Westfalen,Nordrhein-Westfalen,11,Kreisliga,1.KLH Köln,56069,13,1,0,0,1,0,20,-20,-1,-1.0,,basketball-bund.net
1634,MTV Vechelde,Niedersachsen,Niedersachsen,11,Kreisliga,Kreisliga Braunschweig Herren Nord,54681,8,1,0,0,1,0,20,-20,-1,-1.0,,basketball-bund.net
1635,TuS Mondorf 2,Nordrhein-Westfalen,Nordrhein-Westfalen,12,2.Kreisliga,2. Kreisliga Herren Grp. B (2KLHB),55409,1,1,1,0,0,96,34,62,2,2.0,,basketball-bund.net
1636,BC Pesch 3,Nordrhein-Westfalen,Nordrhein-Westfalen,12,2.Kreisliga,2.Kreisliga Herren Gruppe B,56078,1,1,1,0,0,89,30,59,2,2.0,,basketball-bund.net
1637,RheinStars Köln 7,Nordrhein-Westfalen,Nordrhein-Westfalen,12,2.Kreisliga,2.Kreisliga Herren Gruppe B,56078,2,1,1,0,0,74,29,45,2,2.0,,basketball-bund.net
1638,PSV GW Frankfurt 1,Hessen,Hessen,12,Kreisliga B,Kreisliga B Herren Ost,55957,2,1,1,0,0,100,58,42,2,2.0,,basketball-bund.net
1639,TG Hanau 3,Hessen,Hessen,12,Kreisliga B,Kreisliga B Herren Ost,55957,3,1,1,0,0,67,31,36,2,2.0,,basketball-bund.net
1640,DJK/SCC Pfungstadt 1,Hessen,Hessen,12,Kreisliga B,Herren Kreisliga B Gruppe 1,52947,1,2,2,0,0,151,98,53,4,2.0,,basketball-bund.net
1641,TS Frankfurt-Griesheim 2,Hessen,Hessen,12,Kreisliga B,Kreisliga B Herren West,55958,2,1,1,0,0,81,55,26,2,2.0,,basketball-bund.net
1642,TSG Wieseck 2,Hessen,Hessen,12,Kreisliga B,Kreisliga Herren B (54669),54669,1,2,2,0,0,130,79,51,4,2.0,,basketball-bund.net
1643,TuS Haardt 2,Rheinland-Pfalz,Rheinland-Pfalz,12,B-Klasse,B-Klasse Pfalz Herren,54427,1,1,1,0,0,71,49,22,2,2.0,,basketball-bund.net
1644,DJK-Köln-Ost,Nordrhein-Westfalen,Nordrhein-Westfalen,12,2.Kreisliga,2.Kreisliga Herren Gruppe A,56077,1,1,1,0,0,65,43,22,2,2.0,,basketball-bund.net
1645,BG Köln 5,Nordrhein-Westfalen,Nordrhein-Westfalen,12,2.Kreisliga,2.Kreisliga Herren Gruppe B,56078,3,1,1,0,0,80,59,21,2,2.0,,basketball-bund.net
1646,TV Langen 5,Hessen,Hessen,12,Kreisliga B,"Herren Kreisliga B, Gruppe 2",52948,1,2,2,0,0,106,74,32,4,2.0,,basketball-bund.net
1647,TSG Oberursel 3,Hessen,Hessen,12,Kreisliga B,Kreisliga B Herren West,55958,1,2,2,0,0,134,104,30,4,2.0,,basketball-bund.net
1648,TV Heppenheim 2,Hessen,Hessen,12,Kreisliga B,Herren Kreisliga B Gruppe 1,52947,2,2,2,0,0,133,103,30,4,2.0,,basketball-bund.net
1649,SG Weiterstadt 3,Hessen,Hessen,12,Kreisliga B,"Herren Kreisliga B, Gruppe 2",52948,2,2,2,0,0,141,112,29,4,2.0,,basketball-bund.net
1650,Witten Baskets (2RLH),Nordrhein-Westfalen,Nordrhein-Westfalen,12,Kreisklasse,Test HA 26/27,56554,1,2,2,0,0,152,124,28,4,2.0,,basketball-bund.net
1651,TuS Makkabi Frankfurt 4,Hessen,Hessen,12,Kreisliga B,Kreisliga B Herren West,55958,3,1,1,0,0,67,54,13,2,2.0,,basketball-bund.net
1652,Dortelweil Springs,Hessen,Hessen,12,Kreisliga B,Kreisliga B Herren Ost,55957,1,2,2,0,0,89,63,26,4,2.0,,basketball-bund.net
1653,SV Darmstadt 98 3,Hessen,Hessen,12,Kreisliga B,"Herren Kreisliga B, Gruppe 2",52948,3,2,2,0,0,136,111,25,4,2.0,,basketball-bund.net
1654,RSV Heskem 1926 e.V. 2,Hessen,Hessen,12,Kreisliga B,Kreisliga Herren B (54669),54669,4,1,1,0,0,68,57,11,2,2.0,,basketball-bund.net
1655,SV Haspe 70 (1RLH),Nordrhein-Westfalen,Nordrhein-Westfalen,12,Kreisklasse,Test HA 26/27,56554,2,1,1,0,0,85,76,9,2,2.0,,basketball-bund.net
1656,Davis Sports 2,Nordrhein-Westfalen,Nordrhein-Westfalen,12,2.Kreisliga,2.Kreisliga Herren Gruppe B,56078,4,1,1,0,0,49,40,9,2,2.0,,basketball-bund.net
1657,TV Groß-Umstadt 1,Hessen,Hessen,12,Kreisliga B,Herren Kreisliga B Gruppe 1,52947,3,2,2,0,0,120,104,16,4,2.0,,basketball-bund.net
1658,DJK Köln-Nord 4,Nordrhein-Westfalen,Nordrhein-Westfalen,12,2.Kreisliga,2.Kreisliga Herren Gruppe A,56077,3,1,1,0,0,66,60,6,2,2.0,,basketball-bund.net
1659,MTV Kronberg 3,Hessen,Hessen,12,Kreisliga B,Kreisliga B Herren West,55958,5,1,1,0,0,40,35,5,2,2.0,,basketball-bund.net
1660,BV Büdingen,Hessen,Hessen,12,Kreisliga B,Kreisliga B Herren Ost,55957,4,1,1,0,0,75,71,4,2,2.0,,basketball-bund.net
1661,Bonn Ballers Club 53 e.V.,Nordrhein-Westfalen,Nordrhein-Westfalen,12,2.Kreisliga,2. Kreisliga Herren Grp. A (2KLHA),55408,1,1,1,0,0,55,52,3,2,2.0,,basketball-bund.net
1662,MTV 1846 Gießen 5,Hessen,Hessen,12,Kreisliga B,Kreisliga Herren B (54669),54669,2,2,2,0,0,149,144,5,4,2.0,,basketball-bund.net
1663,BC Helios Darmstadt 1,Hessen,Hessen,12,Kreisliga B,Herren Kreisliga B Gruppe 1,52947,4,1,1,0,0,69,67,2,2,2.0,,basketball-bund.net
1664,FC Gudesding Frankfurt 2,Hessen,Hessen,12,Kreisliga B,Kreisliga B Herren West,55958,6,1,1,0,0,66,64,2,2,2.0,,basketball-bund.net
1665,"Schulsportverein St. Ursula, Geisenheim 1",Hessen,Hessen,12,Kreisliga B,"Herren Kreisliga B, Gruppe 2",52948,4,2,1,0,1,160,137,23,2,1.0,,basketball-bund.net
1666,TV Alsfeld,Hessen,Hessen,12,Kreisliga B,Kreisliga Herren B (54669),54669,3,2,1,0,1,125,106,19,2,1.0,,basketball-bund.net
1667,TV Hofheim 2,Hessen,Hessen,12,Kreisliga B,Kreisliga B Herren West,55958,4,2,1,0,1,138,127,11,2,1.0,,basketball-bund.net
1668,BC Marburg 3,Hessen,Hessen,12,Kreisliga B,Kreisliga Herren B (54669),54669,5,2,1,0,1,124,115,9,2,1.0,,basketball-bund.net
1669,LSV Wiesbaden 1,Hessen,Hessen,12,Kreisliga B,"Herren Kreisliga B, Gruppe 2",52948,5,2,1,0,1,58,50,8,2,1.0,,basketball-bund.net
1670,SG Wallau/Laasphe 1,Hessen,Hessen,12,Kreisliga B,Kreisliga Herren B (54669),54669,6,2,1,0,1,150,144,6,2,1.0,,basketball-bund.net
1671,DTV Basketball Köln 6,Nordrhein-Westfalen,Nordrhein-Westfalen,12,2.Kreisliga,2.Kreisliga Herren Gruppe A,56077,2,2,1,0,1,120,114,6,2,1.0,,basketball-bund.net
1672,SV Darmstadt 98 2,Hessen,Hessen,12,Kreisliga B,"Herren Kreisliga B, Gruppe 2",52948,6,2,1,0,1,132,136,-4,2,1.0,,basketball-bund.net
1673,BC Darmstadt 3,Hessen,Hessen,12,Kreisliga B,"Herren Kreisliga B, Gruppe 2",52948,7,2,1,0,1,140,161,-21,2,1.0,,basketball-bund.net
1674,BC Gelnhausen 3,Hessen,Hessen,12,Kreisliga B,Kreisliga B Herren Ost,55957,5,2,1,0,1,122,145,-23,2,1.0,,basketball-bund.net
1675,TVE Dortmund Barop (OLH),Nordrhein-Westfalen,Nordrhein-Westfalen,12,Kreisklasse,Test HA 26/27,56554,3,3,1,0,2,209,211,-2,2,0.67,,basketball-bund.net
1676,1. FC Kaiserslautern 4,Rheinland-Pfalz,Rheinland-Pfalz,12,B-Klasse,B-Klasse Pfalz Herren,54427,2,0,0,0,0,0,0,0,0,0.0,,basketball-bund.net
1677,AK Tigers München 2,Bayern,Bayern,12,Kreisklasse,Kreisklasse Herren A (MI-KKHA) 2026/27,53739,1,0,0,0,0,0,0,0,0,0.0,,basketball-bund.net
1678,Aalener Sportallianz,Baden-Württemberg,Baden-Württemberg,12,Kreisliga B,BBW3 Kreisliga B 2 Männer,53988,1,0,0,0,0,0,0,0,0,0.0,,basketball-bund.net
1679,Aalener Sportallianz 2,Baden-Württemberg,Baden-Württemberg,12,Kreisliga B,BBW3 Kreisliga B 3 Männer,53990,1,0,0,0,0,0,0,0,0,0.0,,basketball-bund.net
1680,BAC Hockenheim 2,Baden-Württemberg,Baden-Württemberg,12,Kreisliga B,BBW1 Kreisliga B1 Männer,52666,1,0,0,0,0,0,0,0,0,0.0,,basketball-bund.net
1681,BBC Fastbreakers Rockenhausen 2,Rheinland-Pfalz,Rheinland-Pfalz,12,B-Klasse,B-Klasse Pfalz Herren,54427,3,0,0,0,0,0,0,0,0,0.0,,basketball-bund.net
1682,BBC Osnabrück IV,Niedersachsen,Niedersachsen,12,Kreisklasse,"Kreisklasse Herren, Süd",53691,1,0,0,0,0,0,0,0,0,0.0,,basketball-bund.net
1683,BC Darmstadt 4,Hessen,Hessen,12,Kreisliga B,Herren Kreisliga B Gruppe 1,52947,5,0,0,0,0,0,0,0,0,0.0,,basketball-bund.net
1684,BC Hellenen München 4,Bayern,Bayern,12,Kreisklasse,Kreisklasse Herren A (MI-KKHA) 2026/27,53739,2,0,0,0,0,0,0,0,0,0.0,,basketball-bund.net
1685,BG Bonn 4,Nordrhein-Westfalen,Nordrhein-Westfalen,12,2.Kreisliga,2. Kreisliga Herren Grp. A (2KLHA),55408,2,0,0,0,0,0,0,0,0,0.0,,basketball-bund.net
1686,BG Bonn 5,Nordrhein-Westfalen,Nordrhein-Westfalen,12,2.Kreisliga,2. Kreisliga Herren Grp. A (2KLHA),55408,3,0,0,0,0,0,0,0,0,0.0,,basketball-bund.net
1687,BG Köln 4,Nordrhein-Westfalen,Nordrhein-Westfalen,12,2.Kreisliga,2.Kreisliga Herren Gruppe A,56077,4,0,0,0,0,0,0,0,0,0.0,,basketball-bund.net
1688,BG Remseck 4,Baden-Württemberg,Baden-Württemberg,12,Kreisliga B,BBW3 Kreisliga B 2 Männer,53988,2,0,0,0,0,0,0,0,0,0.0,,basketball-bund.net
1689,BG Tamm/Bietigheim 3,Baden-Württemberg,Baden-Württemberg,12,Kreisliga B,BBW3 Kreisliga B 2 Männer,53988,3,0,0,0,0,0,0,0,0,0.0,,basketball-bund.net
1690,BG Tamm/Bietigheim 4,Baden-Württemberg,Baden-Württemberg,12,Kreisliga B,BBW3 Kreisliga B 1 Männer,53987,1,0,0,0,0,0,0,0,0,0.0,,basketball-bund.net
1691,Backnanger Cool Blues 3,Baden-Württemberg,Baden-Württemberg,12,Kreisliga B,BBW3 Kreisliga B 1 Männer,53987,2,0,0,0,0,0,0,0,0,0.0,,basketball-bund.net
1692,Blau-Weiß Merzen II,Niedersachsen,Niedersachsen,12,Kreisklasse,"Kreisklasse Herren, Nord",53690,1,0,0,0,0,0,0,0,0,0.0,,basketball-bund.net
1693,Bonner SV Roleber 2,Nordrhein-Westfalen,Nordrhein-Westfalen,12,2.Kreisliga,2. Kreisliga Herren Grp. A (2KLHA),55408,4,0,0,0,0,0,0,0,0,0.0,,basketball-bund.net
1694,Bonner SV Roleber 3,Nordrhein-Westfalen,Nordrhein-Westfalen,12,2.Kreisliga,2. Kreisliga Herren Grp. B (2KLHB),55409,2,0,0,0,0,0,0,0,0,0.0,,basketball-bund.net
1695,Bonner SV Roleber 4,Nordrhein-Westfalen,Nordrhein-Westfalen,12,2.Kreisliga,2. Kreisliga Herren Grp. B (2KLHB),55409,3,0,0,0,0,0,0,0,0,0.0,,basketball-bund.net
1696,Celtics SB Asperg 2,Baden-Württemberg,Baden-Württemberg,12,Kreisliga B,BBW3 Kreisliga B 4 Männer,53993,1,0,0,0,0,0,0,0,0,0.0,,basketball-bund.net
1697,Chinesischer Sportverein München 2,Bayern,Bayern,12,Kreisklasse,Kreisklasse Herren B Südgruppe (MI-KKHB-S) 2026/27,53741,1,0,0,0,0,0,0,0,0,0.0,,basketball-bund.net
1698,DJK Bad Münstereifel 3,Nordrhein-Westfalen,Nordrhein-Westfalen,12,2.Kreisliga,2. Kreisliga Herren Grp. A (2KLHA),55408,5,0,0,0,0,0,0,0,0,0.0,,basketball-bund.net
1699,Dragons Rhöndorf 5,Nordrhein-Westfalen,Nordrhein-Westfalen,12,2.Kreisliga,2. Kreisliga Herren Grp. A (2KLHA),55408,6,0,0,0,0,0,0,0,0,0.0,,basketball-bund.net
1700,Dragons Rhöndorf 6,Nordrhein-Westfalen,Nordrhein-Westfalen,12,2.Kreisliga,2. Kreisliga Herren Grp. A (2KLHA),55408,7,0,0,0,0,0,0,0,0,0.0,,basketball-bund.net
1701,Dragons Rhöndorf 7,Nordrhein-Westfalen,Nordrhein-Westfalen,12,2.Kreisliga,2. Kreisliga Herren Grp. B (2KLHB),55409,4,0,0,0,0,0,0,0,0,0.0,,basketball-bund.net
1702,ESG Frankonia Karlsruhe 2,Baden-Württemberg,Baden-Württemberg,12,Kreisliga B,BBW2 Kreisliga B Nord Männer,53077,1,0,0,0,0,0,0,0,0,0.0,,basketball-bund.net
1703,ESV Rot-Weiß Stuttgart,Baden-Württemberg,Baden-Württemberg,12,Kreisliga B,BBW3 Kreisliga B 3 Männer,53990,2,0,0,0,0,0,0,0,0,0.0,,basketball-bund.net
1704,ESV Rot-Weiß Stuttgart 2,Baden-Württemberg,Baden-Württemberg,12,Kreisliga B,BBW3 Kreisliga B 4 Männer,53993,2,0,0,0,0,0,0,0,0,0.0,,basketball-bund.net
1705,ETB Miners Essen 5,Nordrhein-Westfalen,Nordrhein-Westfalen,12,2.Kreisliga,2. Kreisliga Essen,55527,1,0,0,0,0,0,0,0,0,0.0,,basketball-bund.net
1706,FC Anadolu,Bayern,Bayern,12,Kreisklasse,Kreisklasse Herren A (MI-KKHA) 2026/27,53739,3,0,0,0,0,0,0,0,0,0.0,,basketball-bund.net
1707,FC Anadolu 2,Bayern,Bayern,12,Kreisklasse,Kreisklasse Herren B Südgruppe (MI-KKHB-S) 2026/27,53741,2,0,0,0,0,0,0,0,0,0.0,,basketball-bund.net
1708,FC Aschheim 2,Bayern,Bayern,12,Kreisklasse,Kreisklasse Herren B Nordgruppe (MI-KKHB-N) 2026/27,53740,1,0,0,0,0,0,0,0,0,0.0,,basketball-bund.net
1709,Future Sports Meckenheim 3,Nordrhein-Westfalen,Nordrhein-Westfalen,12,2.Kreisliga,2. Kreisliga Herren Grp. A (2KLHA),55408,8,0,0,0,0,0,0,0,0,0.0,,basketball-bund.net
1710,Goldstadt United 2,Baden-Württemberg,Baden-Württemberg,12,Kreisliga B,BBW2 Kreisliga B Nord Männer,53077,2,0,0,0,0,0,0,0,0,0.0,,basketball-bund.net
1711,Goldstadt United 3,Baden-Württemberg,Baden-Württemberg,12,Kreisliga B,BBW2 Kreisliga B Nord Männer,53077,3,0,0,0,0,0,0,0,0,0.0,,basketball-bund.net
1712,Grizzlies SSC Karlsruhe 3,Baden-Württemberg,Baden-Württemberg,12,Kreisliga B,BBW2 Kreisliga B Nord Männer,53077,4,0,0,0,0,0,0,0,0,0.0,,basketball-bund.net
1713,HAKRO Merlins Crailsheim 4,Baden-Württemberg,Baden-Württemberg,12,Kreisliga B,BBW3 Kreisliga B 1 Männer,53987,3,0,0,0,0,0,0,0,0,0.0,,basketball-bund.net
1714,Haching Baskets 3,Bayern,Bayern,12,Kreisklasse,Kreisklasse Herren A (MI-KKHA) 2026/27,53739,4,0,0,0,0,0,0,0,0,0.0,,basketball-bund.net
1715,KK Srbija Stuttgart 2,Baden-Württemberg,Baden-Württemberg,12,Kreisliga B,BBW3 Kreisliga B 3 Männer,53990,3,0,0,0,0,0,0,0,0,0.0,,basketball-bund.net
1716,Kettwiger SV 3,Nordrhein-Westfalen,Nordrhein-Westfalen,12,2.Kreisliga,2. Kreisliga Essen,55527,2,0,0,0,0,0,0,0,0,0.0,,basketball-bund.net
1717,KuSG Leimen 3,Baden-Württemberg,Baden-Württemberg,12,Kreisliga B,BBW1 Kreisliga B1 Männer,52666,2,0,0,0,0,0,0,0,0,0.0,,basketball-bund.net
1718,LSV Ladenburg 3,Baden-Württemberg,Baden-Württemberg,12,Kreisliga B,BBW1 Kreisliga B2 Männer,52667,1,0,0,0,0,0,0,0,0,0.0,,basketball-bund.net
1719,MTG Horst,Nordrhein-Westfalen,Nordrhein-Westfalen,12,2.Kreisliga,2. Kreisliga Essen,55527,3,0,0,0,0,0,0,0,0,0.0,,basketball-bund.net
1720,MTSV Schwabing 4,Bayern,Bayern,12,Kreisklasse,Kreisklasse Herren B Nordgruppe (MI-KKHB-N) 2026/27,53740,2,0,0,0,0,0,0,0,0,0.0,,basketball-bund.net
1721,MTV München 4,Bayern,Bayern,12,Kreisklasse,Kreisklasse Herren A (MI-KKHA) 2026/27,53739,5,0,0,0,0,0,0,0,0,0.0,,basketball-bund.net
1722,MTV Pfaffenhofen,Bayern,Bayern,12,Kreisklasse,Kreisklasse Herren B Nordgruppe (MI-KKHB-N) 2026/27,53740,3,0,0,0,0,0,0,0,0,0.0,,basketball-bund.net
1723,Maccabi München 2,Bayern,Bayern,12,Kreisklasse,Kreisklasse Herren B Südgruppe (MI-KKHB-S) 2026/27,53741,3,0,0,0,0,0,0,0,0,0.0,,basketball-bund.net
1724,Mamo Baskets Freiberg 2,Baden-Württemberg,Baden-Württemberg,12,Kreisliga B,BBW3 Kreisliga B 1 Männer,53987,4,0,0,0,0,0,0,0,0,0.0,,basketball-bund.net
1725,Markt Schwaben 2,Bayern,Bayern,12,Kreisklasse,Kreisklasse Herren B Südgruppe (MI-KKHB-S) 2026/27,53741,4,0,0,0,0,0,0,0,0,0.0,,basketball-bund.net
1726,NBC Baskets Nordhorn II,Niedersachsen,Niedersachsen,12,Kreisklasse,"Kreisklasse Herren, Nord",53690,2,0,0,0,0,0,0,0,0,0.0,,basketball-bund.net
1727,Osnabrücker SC II,Niedersachsen,Niedersachsen,12,Kreisklasse,"Kreisklasse Herren, Süd",53691,2,0,0,0,0,0,0,0,0,0.0,,basketball-bund.net
1728,RheinStars Köln 8,Nordrhein-Westfalen,Nordrhein-Westfalen,12,2.Kreisliga,2.Kreisliga Herren Gruppe A,56077,5,0,0,0,0,0,0,0,0,0.0,,basketball-bund.net
1729,Ruhrbaskets Oberhausen 3,Nordrhein-Westfalen,Nordrhein-Westfalen,12,2.Kreisliga,2. Kreisliga Essen,55527,4,0,0,0,0,0,0,0,0,0.0,,basketball-bund.net
1730,Ruhrbaskets Oberhausen 4,Nordrhein-Westfalen,Nordrhein-Westfalen,12,2.Kreisliga,2. Kreisliga Essen,55527,5,0,0,0,0,0,0,0,0,0.0,,basketball-bund.net
1731,Ruhrbaskets Oberhausen 5,Nordrhein-Westfalen,Nordrhein-Westfalen,12,2.Kreisliga,2. Kreisliga Essen,55527,6,0,0,0,0,0,0,0,0,0.0,,basketball-bund.net
1732,S. V. Hellas Troisdorf e.V.,Nordrhein-Westfalen,Nordrhein-Westfalen,12,2.Kreisliga,2. Kreisliga Herren Grp. B (2KLHB),55409,5,0,0,0,0,0,0,0,0,0.0,,basketball-bund.net
1733,SC Melle II,Niedersachsen,Niedersachsen,12,Kreisklasse,"Kreisklasse Herren, Süd",53691,3,0,0,0,0,0,0,0,0,0.0,,basketball-bund.net
1734,SC RASTA Vechta VI,Niedersachsen,Niedersachsen,12,Kreisklasse,"Kreisklasse Herren, Nord",53690,3,0,0,0,0,0,0,0,0,0.0,,basketball-bund.net
1735,SF Oesede,Niedersachsen,Niedersachsen,12,Kreisklasse,"Kreisklasse Herren, Süd",53691,4,0,0,0,0,0,0,0,0,0.0,,basketball-bund.net
1736,SG A'burg - Eiche Offenbach,Hessen,Hessen,12,Kreisliga B,Kreisliga B Herren Ost,55957,6,0,0,0,0,0,0,0,0,0.0,,basketball-bund.net
1737,SG Heidelberg/Kirchheim 3,Baden-Württemberg,Baden-Württemberg,12,Kreisliga B,BBW1 Kreisliga B1 Männer,52666,3,0,0,0,0,0,0,0,0,0.0,,basketball-bund.net
1738,SG Köln-Worringen 2,Nordrhein-Westfalen,Nordrhein-Westfalen,12,2.Kreisliga,2.Kreisliga Herren Gruppe A,56077,6,0,0,0,0,0,0,0,0,0.0,,basketball-bund.net
1739,SG Poing,Bayern,Bayern,12,Kreisklasse,Kreisklasse Herren B Südgruppe (MI-KKHB-S) 2026/27,53741,5,0,0,0,0,0,0,0,0,0.0,,basketball-bund.net
1740,SG TV Dürkheim-BI Speyer 4,Rheinland-Pfalz,Rheinland-Pfalz,12,B-Klasse,B-Klasse Pfalz Herren,54427,4,0,0,0,0,0,0,0,0,0.0,,basketball-bund.net
1741,SG Weinstadt,Baden-Württemberg,Baden-Württemberg,12,Kreisliga B,BBW3 Kreisliga B 3 Männer,53990,4,0,0,0,0,0,0,0,0,0.0,,basketball-bund.net
1742,SV 98/07 Seckenheim,Baden-Württemberg,Baden-Württemberg,12,Kreisliga B,BBW1 Kreisliga B1 Männer,52666,4,0,0,0,0,0,0,0,0,0.0,,basketball-bund.net
1743,SV Fellbach Flashers 4,Baden-Württemberg,Baden-Württemberg,12,Kreisliga B,BBW3 Kreisliga B 3 Männer,53990,5,0,0,0,0,0,0,0,0,0.0,,basketball-bund.net
1744,SV Leonberg/Eltingen 2,Baden-Württemberg,Baden-Württemberg,12,Kreisliga B,BBW3 Kreisliga B 4 Männer,53993,3,0,0,0,0,0,0,0,0,0.0,,basketball-bund.net
1745,SV Möhringen 4,Baden-Württemberg,Baden-Württemberg,12,Kreisliga B,BBW3 Kreisliga B 3 Männer,53990,6,0,0,0,0,0,0,0,0,0.0,,basketball-bund.net
1746,SV Möhringen 5,Baden-Württemberg,Baden-Württemberg,12,Kreisliga B,BBW3 Kreisliga B 4 Männer,53993,4,0,0,0,0,0,0,0,0,0.0,,basketball-bund.net
1747,SV Möhringen 6,Baden-Württemberg,Baden-Württemberg,12,Kreisliga B,BBW3 Kreisliga B 2 Männer,53988,4,0,0,0,0,0,0,0,0,0.0,,basketball-bund.net
1748,SV München West,Bayern,Bayern,12,Kreisklasse,Kreisklasse Herren B Nordgruppe (MI-KKHB-N) 2026/27,53740,4,0,0,0,0,0,0,0,0,0.0,,basketball-bund.net
1749,SV München West,Bayern,Bayern,12,Kreisklasse,Kreisklasse Herren B Südgruppe (MI-KKHB-S) 2026/27,53741,6,0,0,0,0,0,0,0,0,0.0,,basketball-bund.net
1750,SVN München 2,Bayern,Bayern,12,Kreisklasse,Kreisklasse Herren B Südgruppe (MI-KKHB-S) 2026/27,53741,7,0,0,0,0,0,0,0,0,0.0,,basketball-bund.net
1751,SpVgg Altenerding,Bayern,Bayern,12,Kreisklasse,Kreisklasse Herren A (MI-KKHA) 2026/27,53739,6,0,0,0,0,0,0,0,0,0.0,,basketball-bund.net
1752,Sportfreunde BiH München 2021 2,Bayern,Bayern,12,Kreisklasse,Kreisklasse Herren B Nordgruppe (MI-KKHB-N) 2026/27,53740,5,0,0,0,0,0,0,0,0,0.0,,basketball-bund.net
1753,Sportgemeinschaft Karlsruhe,Baden-Württemberg,Baden-Württemberg,12,Kreisliga B,BBW2 Kreisliga B Nord Männer,53077,5,0,0,0,0,0,0,0,0,0.0,,basketball-bund.net
1754,Sportvg Feuerbach 3,Baden-Württemberg,Baden-Württemberg,12,Kreisliga B,BBW3 Kreisliga B 3 Männer,53990,7,0,0,0,0,0,0,0,0,0.0,,basketball-bund.net
1755,Steinenbronn Beasts 2,Baden-Württemberg,Baden-Württemberg,12,Kreisliga B,BBW3 Kreisliga B 4 Männer,53993,5,0,0,0,0,0,0,0,0,0.0,,basketball-bund.net
1756,TC Bad Rothenfelde II,Niedersachsen,Niedersachsen,12,Kreisklasse,"Kreisklasse Herren, Süd",53691,5,0,0,0,0,0,0,0,0,0.0,,basketball-bund.net
1757,TG Nürtingen,Baden-Württemberg,Baden-Württemberg,12,Kreisliga B,BBW3 Kreisliga B 4 Männer,53993,6,0,0,0,0,0,0,0,0,0.0,,basketball-bund.net
1758,TG Sandhausen 3,Baden-Württemberg,Baden-Württemberg,12,Kreisliga B,BBW1 Kreisliga B2 Männer,52667,2,0,0,0,0,0,0,0,0,0.0,,basketball-bund.net
1759,TSB Schwäbisch Gmünd 3,Baden-Württemberg,Baden-Württemberg,12,Kreisliga B,BBW3 Kreisliga B 4 Männer,53993,7,0,0,0,0,0,0,0,0,0.0,,basketball-bund.net
1760,TSG Bruchsal 2,Baden-Württemberg,Baden-Württemberg,12,Kreisliga B,BBW2 Kreisliga B Nord Männer,53077,6,0,0,0,0,0,0,0,0,0.0,,basketball-bund.net
1761,TSG Schwäbisch Hall 2,Baden-Württemberg,Baden-Württemberg,12,Kreisliga B,BBW3 Kreisliga B 1 Männer,53987,5,0,0,0,0,0,0,0,0,0.0,,basketball-bund.net
1762,TSG Wiesloch 3,Baden-Württemberg,Baden-Württemberg,12,Kreisliga B,BBW1 Kreisliga B1 Männer,52666,5,0,0,0,0,0,0,0,0,0.0,,basketball-bund.net
1763,TSG Ziegelhausen 2,Baden-Württemberg,Baden-Württemberg,12,Kreisliga B,BBW1 Kreisliga B2 Männer,52667,3,0,0,0,0,0,0,0,0,0.0,,basketball-bund.net
1764,TSG Öhringen 2,Baden-Württemberg,Baden-Württemberg,12,Kreisliga B,BBW3 Kreisliga B 1 Männer,53987,6,0,0,0,0,0,0,0,0,0.0,,basketball-bund.net
1765,TSV Berghausen 2,Baden-Württemberg,Baden-Württemberg,12,Kreisliga B,BBW2 Kreisliga B Nord Männer,53077,7,0,0,0,0,0,0,0,0,0.0,,basketball-bund.net
1766,TSV Essingen 2,Baden-Württemberg,Baden-Württemberg,12,Kreisliga B,BBW3 Kreisliga B 1 Männer,53987,7,0,0,0,0,0,0,0,0,0.0,,basketball-bund.net
1767,TSV Heumaden,Baden-Württemberg,Baden-Württemberg,12,Kreisliga B,BBW3 Kreisliga B 3 Männer,53990,8,0,0,0,0,0,0,0,0,0.0,,basketball-bund.net
1768,TSV Jahn Freising 3,Bayern,Bayern,12,Kreisklasse,Kreisklasse Herren B Nordgruppe (MI-KKHB-N) 2026/27,53740,6,0,0,0,0,0,0,0,0,0.0,,basketball-bund.net
1769,TSV Ottobrunn,Bayern,Bayern,12,Kreisklasse,Kreisklasse Herren B Südgruppe (MI-KKHB-S) 2026/27,53741,8,0,0,0,0,0,0,0,0,0.0,,basketball-bund.net
1770,TSV Schleißheim 3,Bayern,Bayern,12,Kreisklasse,Kreisklasse Herren B Nordgruppe (MI-KKHB-N) 2026/27,53740,7,0,0,0,0,0,0,0,0,0.0,,basketball-bund.net
1771,TSV Schwaikheim 2,Baden-Württemberg,Baden-Württemberg,12,Kreisliga B,BBW3 Kreisliga B 2 Männer,53988,5,0,0,0,0,0,0,0,0,0.0,,basketball-bund.net
1772,TSV Seelscheid,Nordrhein-Westfalen,Nordrhein-Westfalen,12,2.Kreisliga,2. Kreisliga Herren Grp. B (2KLHB),55409,6,0,0,0,0,0,0,0,0,0.0,,basketball-bund.net
1773,TSV Trudering 3,Bayern,Bayern,12,Kreisklasse,Kreisklasse Herren A (MI-KKHA) 2026/27,53739,7,0,0,0,0,0,0,0,0,0.0,,basketball-bund.net
1774,TSV Vaterstetten 3,Bayern,Bayern,12,Kreisklasse,Kreisklasse Herren B Südgruppe (MI-KKHB-S) 2026/27,53741,9,0,0,0,0,0,0,0,0,0.0,,basketball-bund.net
1775,TSV Wieblingen 4,Baden-Württemberg,Baden-Württemberg,12,Kreisliga B,BBW1 Kreisliga B2 Männer,52667,4,0,0,0,0,0,0,0,0,0.0,,basketball-bund.net
1776,TUSEM Essen 3,Nordrhein-Westfalen,Nordrhein-Westfalen,12,2.Kreisliga,2. Kreisliga Essen,55527,7,0,0,0,0,0,0,0,0,0.0,,basketball-bund.net
1777,TV Bad Bergzabern 3,Rheinland-Pfalz,Rheinland-Pfalz,12,B-Klasse,B-Klasse Pfalz Herren,54427,5,0,0,0,0,0,0,0,0,0.0,,basketball-bund.net
1778,TV Bopfingen,Baden-Württemberg,Baden-Württemberg,12,Kreisliga B,BBW3 Kreisliga B 2 Männer,53988,6,0,0,0,0,0,0,0,0,0.0,,basketball-bund.net
1779,TV Dellbrück,Nordrhein-Westfalen,Nordrhein-Westfalen,12,2.Kreisliga,2.Kreisliga Herren Gruppe A,56077,7,0,0,0,0,0,0,0,0,0.0,,basketball-bund.net
1780,TV Eberbach 2,Baden-Württemberg,Baden-Württemberg,12,Kreisliga B,BBW1 Kreisliga B2 Männer,52667,5,0,0,0,0,0,0,0,0,0.0,,basketball-bund.net
1781,TV Echterdingen,Baden-Württemberg,Baden-Württemberg,12,Kreisliga B,BBW3 Kreisliga B 4 Männer,53993,8,0,0,0,0,0,0,0,0,0.0,,basketball-bund.net
1782,TV Kusel,Rheinland-Pfalz,Rheinland-Pfalz,12,B-Klasse,B-Klasse Pfalz Herren,54427,6,0,0,0,0,0,0,0,0,0.0,,basketball-bund.net
1783,TV Lohmar 2,Nordrhein-Westfalen,Nordrhein-Westfalen,12,2.Kreisliga,2. Kreisliga Herren Grp. B (2KLHB),55409,7,0,0,0,0,0,0,0,0,0.0,,basketball-bund.net
1784,TV Marbach 2,Baden-Württemberg,Baden-Württemberg,12,Kreisliga B,BBW3 Kreisliga B 1 Männer,53987,8,0,0,0,0,0,0,0,0,0.0,,basketball-bund.net
1785,TV Meppen II,Niedersachsen,Niedersachsen,12,Kreisklasse,"Kreisklasse Herren, Nord",53690,4,0,0,0,0,0,0,0,0,0.0,,basketball-bund.net
1786,TV Obertürkheim 2,Baden-Württemberg,Baden-Württemberg,12,Kreisliga B,BBW3 Kreisliga B 4 Männer,53993,9,0,0,0,0,0,0,0,0,0.0,,basketball-bund.net
1787,TV Sinsheim 2,Baden-Württemberg,Baden-Württemberg,12,Kreisliga B,BBW1 Kreisliga B2 Männer,52667,6,0,0,0,0,0,0,0,0,0.0,,basketball-bund.net
1788,TV Sinsheim 3 / TSV Baden Östringen,Baden-Württemberg,Baden-Württemberg,12,Kreisliga B,BBW1 Kreisliga B1 Männer,52666,6,0,0,0,0,0,0,0,0,0.0,,basketball-bund.net
1789,TVG Steele,Nordrhein-Westfalen,Nordrhein-Westfalen,12,2.Kreisliga,2. Kreisliga Essen,55527,8,0,0,0,0,0,0,0,0,0.0,,basketball-bund.net
1790,Telekom Baskets Bonn 6,Nordrhein-Westfalen,Nordrhein-Westfalen,12,2.Kreisliga,2. Kreisliga Herren Grp. A (2KLHA),55408,9,0,0,0,0,0,0,0,0,0.0,,basketball-bund.net
1791,Troisdorfer LG 4,Nordrhein-Westfalen,Nordrhein-Westfalen,12,2.Kreisliga,2. Kreisliga Herren Grp. B (2KLHB),55409,8,0,0,0,0,0,0,0,0,0.0,,basketball-bund.net
1792,TuS BW Lohne II,Niedersachsen,Niedersachsen,12,Kreisklasse,"Kreisklasse Herren, Nord",53690,5,0,0,0,0,0,0,0,0,0.0,,basketball-bund.net
1793,TuS Bad Essen II,Niedersachsen,Niedersachsen,12,Kreisklasse,"Kreisklasse Herren, Süd",53691,6,0,0,0,0,0,0,0,0,0.0,,basketball-bund.net
1794,TuS Durmersheim,Baden-Württemberg,Baden-Württemberg,12,Kreisliga B,BBW2 Kreisliga B Nord Männer,53077,8,0,0,0,0,0,0,0,0,0.0,,basketball-bund.net
1795,TuS Holzkirchen 2,Bayern,Bayern,12,Kreisklasse,Kreisklasse Herren A (MI-KKHA) 2026/27,53739,8,0,0,0,0,0,0,0,0,0.0,,basketball-bund.net
1796,TuS Oberpleis,Nordrhein-Westfalen,Nordrhein-Westfalen,12,2.Kreisliga,2. Kreisliga Herren Grp. B (2KLHB),55409,9,0,0,0,0,0,0,0,0,0.0,,basketball-bund.net
1797,Turnerbund Oberhausen,Nordrhein-Westfalen,Nordrhein-Westfalen,12,2.Kreisliga,2. Kreisliga Essen,55527,9,0,0,0,0,0,0,0,0,0.0,,basketball-bund.net
1798,VfL Löningen IV,Niedersachsen,Niedersachsen,12,Kreisklasse,"Kreisklasse Herren, Nord",53690,6,0,0,0,0,0,0,0,0,0.0,,basketball-bund.net
1799,VfL Waiblingen 2,Baden-Württemberg,Baden-Württemberg,12,Kreisliga B,BBW3 Kreisliga B 2 Männer,53988,7,0,0,0,0,0,0,0,0,0.0,,basketball-bund.net
1800,spielfrei,Nordrhein-Westfalen,Nordrhein-Westfalen,12,2.Kreisliga,2.Kreisliga Herren Gruppe A,56077,8,0,0,0,0,0,0,0,0,0.0,,basketball-bund.net
1801,TV  Wetzlar 1,Hessen,Hessen,12,Kreisliga B,Kreisliga Herren B (54669),54669,7,1,0,0,1,65,67,-2,0,0.0,,basketball-bund.net
1802,TuS Hornau,Hessen,Hessen,12,Kreisliga B,Kreisliga B Herren West,55958,7,1,0,0,1,64,66,-2,0,0.0,,basketball-bund.net
1803,SG Sechtem 4,Nordrhein-Westfalen,Nordrhein-Westfalen,12,2.Kreisliga,2. Kreisliga Herren Grp. A (2KLHA),55408,10,1,0,0,1,52,55,-3,0,0.0,,basketball-bund.net
1804,VFL Altenstadt,Hessen,Hessen,12,Kreisliga B,Kreisliga B Herren Ost,55957,7,2,0,0,2,134,144,-10,0,0.0,,basketball-bund.net
1805,TuS Makkabi Frankfurt 5,Hessen,Hessen,12,Kreisliga B,Kreisliga B Herren West,55958,8,1,0,0,1,35,40,-5,0,0.0,,basketball-bund.net
1806,TG Hochheim 2,Hessen,Hessen,12,Kreisliga B,Herren Kreisliga B Gruppe 1,52947,6,2,0,0,2,129,144,-15,0,0.0,,basketball-bund.net
1807,Citybasket Recklinghausen (1RLH),Nordrhein-Westfalen,Nordrhein-Westfalen,12,Kreisklasse,Test HA 26/27,56554,4,1,0,0,1,76,85,-9,0,0.0,,basketball-bund.net
1808,DJK Köln-Nord 3,Nordrhein-Westfalen,Nordrhein-Westfalen,12,2.Kreisliga,2.Kreisliga Herren Gruppe B,56078,5,1,0,0,1,40,49,-9,0,0.0,,basketball-bund.net
1809,TV Babenhausen 3,Hessen,Hessen,12,Kreisliga B,Herren Kreisliga B Gruppe 1,52947,7,2,0,0,2,90,112,-22,0,0.0,,basketball-bund.net
1810,Dünnwalder TV 3,Nordrhein-Westfalen,Nordrhein-Westfalen,12,2.Kreisliga,2.Kreisliga Herren Gruppe A,56077,9,1,0,0,1,48,60,-12,0,0.0,,basketball-bund.net
1811,BC Wiesbaden 4,Hessen,Hessen,12,Kreisliga B,"Herren Kreisliga B, Gruppe 2",52948,8,2,0,0,2,112,140,-28,0,0.0,,basketball-bund.net
1812,Gießen Pointers e.V. 5,Hessen,Hessen,12,Kreisliga B,Kreisliga Herren B (54669),54669,8,2,0,0,2,101,130,-29,0,0.0,,basketball-bund.net
1813,FTG Frankfurt 3,Hessen,Hessen,12,Kreisliga B,Kreisliga B Herren West,55958,9,2,0,0,2,118,150,-32,0,0.0,,basketball-bund.net
1814,TV Trebur 2,Hessen,Hessen,12,Kreisliga B,"Herren Kreisliga B, Gruppe 2",52948,9,2,0,0,2,89,128,-39,0,0.0,,basketball-bund.net
1815,TSV Gernsheim 2,Hessen,Hessen,12,Kreisliga B,Herren Kreisliga B Gruppe 1,52947,9,2,0,0,2,105,145,-40,0,0.0,,basketball-bund.net
1816,DTV Basketball Köln 7,Nordrhein-Westfalen,Nordrhein-Westfalen,12,2.Kreisliga,2.Kreisliga Herren Gruppe B,56078,6,1,0,0,1,59,80,-21,0,0.0,,basketball-bund.net
1817,TS Rodalben,Rheinland-Pfalz,Rheinland-Pfalz,12,B-Klasse,B-Klasse Pfalz Herren,54427,7,1,0,0,1,49,71,-22,0,0.0,,basketball-bund.net
1818,Athena Porz 2,Nordrhein-Westfalen,Nordrhein-Westfalen,12,2.Kreisliga,2.Kreisliga Herren Gruppe A,56077,10,1,0,0,1,43,65,-22,0,0.0,,basketball-bund.net
1819,TV Okarben 3,Hessen,Hessen,12,Kreisliga B,Kreisliga B Herren West,55958,10,2,0,0,2,101,149,-48,0,0.0,,basketball-bund.net
1820,BG Ober-Ramstadt 2,Hessen,Hessen,12,Kreisliga B,Herren Kreisliga B Gruppe 1,52947,8,1,0,0,1,48,72,-24,0,0.0,,basketball-bund.net
1821,TSV Bocholt (LLH),Nordrhein-Westfalen,Nordrhein-Westfalen,12,Kreisklasse,Test HA 26/27,56554,5,1,0,0,1,59,85,-26,0,0.0,,basketball-bund.net
1822,TG Friedberg 2,Hessen,Hessen,12,Kreisliga B,Kreisliga B Herren Ost,55957,8,2,0,0,2,76,131,-55,0,0.0,,basketball-bund.net
1823,TSV Krofdorf/Gleiberg 3,Hessen,Hessen,12,Kreisliga B,Kreisliga Herren B (54669),54669,9,1,0,0,1,38,68,-30,0,0.0,,basketball-bund.net
1824,TuS Löhnberg 1909 e.V.,Hessen,Hessen,12,Kreisliga B,Kreisliga Herren B (54669),54669,10,1,0,0,1,44,84,-40,0,0.0,,basketball-bund.net
1825,TV Dellbrück 2,Nordrhein-Westfalen,Nordrhein-Westfalen,12,2.Kreisliga,2.Kreisliga Herren Gruppe B,56078,7,1,0,0,1,29,74,-45,0,0.0,,basketball-bund.net
1826,Roter Stern Köln 2,Nordrhein-Westfalen,Nordrhein-Westfalen,12,2.Kreisliga,2.Kreisliga Herren Gruppe B,56078,8,1,0,0,1,30,89,-59,0,0.0,,basketball-bund.net
1827,TV Lohmar 3,Nordrhein-Westfalen,Nordrhein-Westfalen,12,2.Kreisliga,2. Kreisliga Herren Grp. B (2KLHB),55409,10,1,0,0,1,34,96,-62,0,0.0,,basketball-bund.net
1828,VfL Bensheim 4,Hessen,Hessen,12,Kreisliga B,"Herren Kreisliga B, Gruppe 2",52948,10,2,0,0,2,72,97,-25,-1,-0.5,,basketball-bund.net
1829,SG Erlensee / Langenselbold 2,Hessen,Hessen,12,Kreisliga B,Kreisliga B Herren Ost,55957,9,1,0,0,1,0,20,-20,-1,-1.0,,basketball-bund.net
1830,TSG Lollar 2,Hessen,Hessen,13,Kreisliga C,Kreisliga Herren C,54670,1,1,1,0,0,103,65,38,2,2.0,,basketball-bund.net
1831,BG Rüsselsheim-Taunusstein 2,Hessen,Hessen,13,Kreisliga C,"Herren Kreisliga C, Gruppe 2",52950,1,2,2,0,0,157,101,56,4,2.0,,basketball-bund.net
1832,TSV Kirchhain 2,Hessen,Hessen,13,Kreisliga C,Kreisliga Herren C,54670,2,1,1,0,0,99,73,26,2,2.0,,basketball-bund.net
1833,MTV Urberach 1,Hessen,Hessen,13,Kreisliga C,"Herren Kreisliga C, Gruppe 1",52949,1,1,1,0,0,78,53,25,2,2.0,,basketball-bund.net
1834,SG Alzenau/Mühlheim,Hessen,Hessen,13,Kreisliga C,Kreisliga C Herren Ost,55959,2,1,1,0,0,62,37,25,2,2.0,,basketball-bund.net
1835,TV 1888 Reinheim e.V.,Hessen,Hessen,13,Kreisliga C,"Herren Kreisliga C, Gruppe 1",52949,2,1,1,0,0,82,61,21,2,2.0,,basketball-bund.net
1836,Lich Basketball e.V. 5,Hessen,Hessen,13,Kreisliga C,Kreisliga Herren C,54670,3,1,1,0,0,69,49,20,2,2.0,,basketball-bund.net
1837,TS Klein-Krotzenburg 2,Hessen,Hessen,13,Kreisliga C,Kreisliga C Herren Ost,55959,3,1,1,0,0,20,0,20,2,2.0,,basketball-bund.net
1838,TV Ffm - Sindlingen,Hessen,Hessen,13,Kreisliga C,Kreisliga C Herren West,55960,1,2,2,0,0,145,111,34,4,2.0,,basketball-bund.net
1839,TSG Ffm - Oberrad,Hessen,Hessen,13,Kreisliga C,Kreisliga C Herren West,55960,2,2,2,0,0,141,112,29,4,2.0,,basketball-bund.net
1840,FC Asteras Offenbach 2,Hessen,Hessen,13,Kreisliga C,Kreisliga C Herren Ost,55959,1,2,2,0,0,83,54,29,4,2.0,,basketball-bund.net
1841,MTV 1846 Gießen 6,Hessen,Hessen,13,Kreisliga C,Kreisliga Herren C,54670,4,1,1,0,0,53,43,10,2,2.0,,basketball-bund.net
1842,SKG Rodgau,Hessen,Hessen,13,Kreisliga C,Kreisliga C Herren Ost,55959,5,1,1,0,0,65,56,9,2,2.0,,basketball-bund.net
1843,TG Schwalbach,Hessen,Hessen,13,Kreisliga C,Kreisliga C Herren West,55960,4,1,1,0,0,45,42,3,2,2.0,,basketball-bund.net
1844,TG Hochheim 3,Hessen,Hessen,13,Kreisliga C,"Herren Kreisliga C, Gruppe 2",52950,3,1,1,0,0,73,72,1,2,2.0,,basketball-bund.net
1845,Teutonia Hausen 2,Hessen,Hessen,13,Kreisliga C,Kreisliga C Herren Ost,55959,4,2,1,0,1,74,63,11,2,1.0,,basketball-bund.net
1846,TSG Oberursel 4,Hessen,Hessen,13,Kreisliga C,Kreisliga C Herren West,55960,3,2,1,0,1,128,124,4,2,1.0,,basketball-bund.net
1847,DJK/SCC Pfungstadt 2,Hessen,Hessen,13,Kreisliga C,"Herren Kreisliga C, Gruppe 2",52950,2,2,1,0,1,131,128,3,2,1.0,,basketball-bund.net
1848,Basketballverein DAFF 1,Hessen,Hessen,13,Kreisliga C,Kreisliga C Herren West,55960,5,2,1,0,1,96,96,0,2,1.0,,basketball-bund.net
1849,Baskets Limburg 4,Hessen,Hessen,13,Kreisliga C,Kreisliga C Herren West,55960,6,2,1,0,1,106,129,-23,2,1.0,,basketball-bund.net
1850,SV Dietesheim,Hessen,Hessen,13,Kreisliga C,Kreisliga C Herren Ost,55959,6,2,1,0,1,63,67,-4,1,0.5,,basketball-bund.net
1851,BG Rüsselsheim-Taunusstein 3,Hessen,Hessen,13,Kreisliga C,"Herren Kreisliga C, Gruppe 2",52950,4,0,0,0,0,0,0,0,0,0.0,,basketball-bund.net
1852,S.C. Bergstraße 2,Hessen,Hessen,13,Kreisliga C,"Herren Kreisliga C, Gruppe 1",52949,3,0,0,0,0,0,0,0,0,0.0,,basketball-bund.net
1853,TSV Atzbach 3,Hessen,Hessen,13,Kreisliga C,Kreisliga Herren C,54670,5,0,0,0,0,0,0,0,0,0.0,,basketball-bund.net
1854,TSV Dreieichenhain 3,Hessen,Hessen,13,Kreisliga C,"Herren Kreisliga C, Gruppe 2",52950,5,0,0,0,0,0,0,0,0,0.0,,basketball-bund.net
1855,TSV Heusenstamm 2,Hessen,Hessen,13,Kreisliga C,Kreisliga C Herren Ost,55959,7,0,0,0,0,0,0,0,0,0.0,,basketball-bund.net
1856,TSV Klein-Linden 1,Hessen,Hessen,13,Kreisliga C,Kreisliga Herren C,54670,6,0,0,0,0,0,0,0,0,0.0,,basketball-bund.net
1857,TV Münster 1,Hessen,Hessen,13,Kreisliga C,"Herren Kreisliga C, Gruppe 1",52949,4,0,0,0,0,0,0,0,0,0.0,,basketball-bund.net
1858,VfL Bensheim,Hessen,Hessen,13,Kreisliga C,"Herren Kreisliga C, Gruppe 2",52950,6,1,0,0,1,72,73,-1,0,0.0,,basketball-bund.net
1859,TV Ffm -  Niederrad,Hessen,Hessen,13,Kreisliga C,Kreisliga C Herren West,55960,7,2,0,0,2,100,107,-7,0,0.0,,basketball-bund.net
1860,PSV GW Frankfurt 2,Hessen,Hessen,13,Kreisliga C,Kreisliga C Herren Ost,55959,8,1,0,0,1,56,65,-9,0,0.0,,basketball-bund.net
1861,TSV 1846 Butzbach 4,Hessen,Hessen,13,Kreisliga C,Kreisliga Herren C,54670,7,1,0,0,1,43,53,-10,0,0.0,,basketball-bund.net
1862,BC Neu-Isenburg 4,Hessen,Hessen,13,Kreisliga C,Kreisliga C Herren West,55960,8,1,0,0,1,65,77,-12,0,0.0,,basketball-bund.net
1863,BSG Usinger Land,Hessen,Hessen,13,Kreisliga C,Kreisliga C Herren West,55960,9,2,0,0,2,109,137,-28,0,0.0,,basketball-bund.net
1864,TV 1876 Eberstadt 2,Hessen,Hessen,13,Kreisliga C,"Herren Kreisliga C, Gruppe 2",52950,7,1,0,0,1,51,67,-16,0,0.0,,basketball-bund.net
1865,TSV 1846 Butzbach 5,Hessen,Hessen,13,Kreisliga C,Kreisliga Herren C,54670,8,1,0,0,1,49,69,-20,0,0.0,,basketball-bund.net
1866,SG Erlensee / Langenselbold 3,Hessen,Hessen,13,Kreisliga C,Kreisliga C Herren Ost,55959,9,2,0,0,2,84,125,-41,0,0.0,,basketball-bund.net
1867,TV Heppenheim 3,Hessen,Hessen,13,Kreisliga C,"Herren Kreisliga C, Gruppe 1",52949,5,1,0,0,1,61,82,-21,0,0.0,,basketball-bund.net
1868,TG Naurod 1,Hessen,Hessen,13,Kreisliga C,"Herren Kreisliga C, Gruppe 1",52949,6,1,0,0,1,53,78,-25,0,0.0,,basketball-bund.net
1869,TV 1843 Dillenburg 2,Hessen,Hessen,13,Kreisliga C,Kreisliga Herren C,54670,9,1,0,0,1,73,99,-26,0,0.0,,basketball-bund.net
1870,TV 1908 Gladenbach 2,Hessen,Hessen,13,Kreisliga C,Kreisliga Herren C,54670,10,1,0,0,1,65,103,-38,0,0.0,,basketball-bund.net
1871,TV Dieburg 2,Hessen,Hessen,13,Kreisliga C,"Herren Kreisliga C, Gruppe 2",52950,8,1,0,0,1,37,80,-43,0,0.0,,basketball-bund.net
1872,FT Dörnigheim,Hessen,Hessen,13,Kreisliga C,Kreisliga C Herren Ost,55959,10,2,0,0,2,0,40,-40,-2,-1.0,,basketball-bund.net
