rang_bundesweit,verein,verband,gebiet,ligastufe,spielklasse,staffel,staffel_id,platz_in_staffel,spiele,siege,unentschieden,niederlagen,tore,gegentore,tordifferenz,punkte,punkte_pro_spiel,rangaenderung_vorwoche,quelle
1,VfL Wolfsburg Frauen,,,1,Frauen-Bundesliga,Frauen-Bundesliga,ffb1/2026,1,3,3,0,0,13,5,8,9,3.0,0,OpenLigaDB
2,FC Bayern München Frauen,,,1,Frauen-Bundesliga,Frauen-Bundesliga,ffb1/2026,2,3,3,0,0,10,2,8,9,3.0,0,OpenLigaDB
3,Eintracht Frankfurt Frauen,,,1,Frauen-Bundesliga,Frauen-Bundesliga,ffb1/2026,3,3,2,1,0,4,1,3,7,2.33,2,OpenLigaDB
4,VfB Stuttgart Frauen,,,1,Frauen-Bundesliga,Frauen-Bundesliga,ffb1/2026,4,3,2,1,0,7,5,2,7,2.33,0,OpenLigaDB
5,1. FC Köln Frauen,,,1,Frauen-Bundesliga,Frauen-Bundesliga,ffb1/2026,5,3,2,0,1,5,2,3,6,2.0,3,OpenLigaDB
6,SV Werder Bremen Frauen,,,1,Frauen-Bundesliga,Frauen-Bundesliga,ffb1/2026,6,3,2,0,1,6,4,2,6,2.0,-3,OpenLigaDB
7,Bayer 04 Leverkusen Frauen,,,1,Frauen-Bundesliga,Frauen-Bundesliga,ffb1/2026,7,3,2,0,1,5,3,2,6,2.0,0,OpenLigaDB
8,SC Freiburg Frauen,,,1,Frauen-Bundesliga,Frauen-Bundesliga,ffb1/2026,8,3,1,1,1,3,5,-2,4,1.33,-2,OpenLigaDB
9,Hamburger SV Frauen,,,1,Frauen-Bundesliga,Frauen-Bundesliga,ffb1/2026,9,3,0,2,1,3,4,-1,2,0.67,0,OpenLigaDB
10,1. FC Nürnberg Frauen,,,1,Frauen-Bundesliga,Frauen-Bundesliga,ffb1/2026,10,3,0,2,1,6,12,-6,2,0.67,0,OpenLigaDB
11,RB Leipzig Frauen,,,1,Frauen-Bundesliga,Frauen-Bundesliga,ffb1/2026,11,3,0,1,2,1,5,-4,1,0.33,3,OpenLigaDB
12,TSG 1899 Hoffenheim Frauen,,,1,Frauen-Bundesliga,Frauen-Bundesliga,ffb1/2026,12,3,0,0,3,2,5,-3,0,0.0,-1,OpenLigaDB
13,1. FC Union Berlin Frauen,,,1,Frauen-Bundesliga,Frauen-Bundesliga,ffb1/2026,13,3,0,0,3,1,6,-5,0,0.0,0,OpenLigaDB
14,1. FSV Mainz 05 Frauen,,,1,Frauen-Bundesliga,Frauen-Bundesliga,ffb1/2026,14,3,0,0,3,1,8,-7,0,0.0,-2,OpenLigaDB
15,1. FFC Recklinghausen,,,3,Regionalliga West (Frauen),Regionalliga West (Frauen),rlw-frauen/2026,1,1,1,0,0,6,2,4,3,3.0,0,OpenLigaDB
16,Borussia Dortmund,,,3,Regionalliga West (Frauen),Regionalliga West (Frauen),rlw-frauen/2026,2,1,1,0,0,3,0,3,3,3.0,0,OpenLigaDB
17,Bayer 04 Leverkusen II,,,3,Regionalliga West (Frauen),Regionalliga West (Frauen),rlw-frauen/2026,4,1,1,0,0,3,1,2,3,3.0,0,OpenLigaDB
18,FC Schalke 04,,,3,Regionalliga West (Frauen),Regionalliga West (Frauen),rlw-frauen/2026,5,1,1,0,0,3,1,2,3,3.0,0,OpenLigaDB
19,MSV Duisburg,,,3,Regionalliga West (Frauen),Regionalliga West (Frauen),rlw-frauen/2026,6,1,1,0,0,2,1,1,3,3.0,0,OpenLigaDB
20,SC Fortuna Köln,,,3,Regionalliga West (Frauen),Regionalliga West (Frauen),rlw-frauen/2026,7,1,1,0,0,1,0,1,3,3.0,0,OpenLigaDB
21,DSC Arminia Bielefeld,,,3,Regionalliga West (Frauen),Regionalliga West (Frauen),rlw-frauen/2026,3,2,1,0,1,5,3,2,3,1.5,0,OpenLigaDB
22,FSV Gütersloh 2009,,,3,Regionalliga West (Frauen),Regionalliga West (Frauen),rlw-frauen/2026,8,2,1,0,1,3,7,-4,3,1.5,0,OpenLigaDB
23,DJK Wacker Mecklenbeck,,,3,Regionalliga West (Frauen),Regionalliga West (Frauen),rlw-frauen/2026,9,1,0,1,0,0,0,0,1,1.0,0,OpenLigaDB
24,SV Fortuna Freudenberg,,,3,Regionalliga West (Frauen),Regionalliga West (Frauen),rlw-frauen/2026,10,1,0,1,0,0,0,0,1,1.0,0,OpenLigaDB
25,VfR SW Warbeyen 1945 e.V.,,,3,Regionalliga West (Frauen),Regionalliga West (Frauen),rlw-frauen/2026,11,1,0,0,1,2,3,-1,0,0.0,0,OpenLigaDB
26,SSV Rhade,,,3,Regionalliga West (Frauen),Regionalliga West (Frauen),rlw-frauen/2026,12,1,0,0,1,1,2,-1,0,0.0,0,OpenLigaDB
27,SGS Essen II,,,3,Regionalliga West (Frauen),Regionalliga West (Frauen),rlw-frauen/2026,13,1,0,0,1,0,1,-1,0,0.0,0,OpenLigaDB
28,DJK Südwest Köln,,,3,Regionalliga West (Frauen),Regionalliga West (Frauen),rlw-frauen/2026,14,1,0,0,1,1,3,-2,0,0.0,0,OpenLigaDB
29,Vorwärts Spoho Köln,,,3,Regionalliga West (Frauen),Regionalliga West (Frauen),rlw-frauen/2026,15,1,0,0,1,1,3,-2,0,0.0,0,OpenLigaDB
30,Rhenania Bottrop,,,3,Regionalliga West (Frauen),Regionalliga West (Frauen),rlw-frauen/2026,16,1,0,0,1,2,6,-4,0,0.0,0,OpenLigaDB
31,1. FC Magdeburg U23,Sachsen-Anhalt,Sachsen-Anhalt,4,Verbandsliga,Humanas Frauen-Verbandsliga · Sachsen-Anhalt,030BND22OG000004VS5489BTVTJUP7HP-G,1,2,2,0,0,23,0,23,6,3.0,,fussball.de
32,Borussia Dortmund II,Westfalen,Westfalen,4,Verbandsliga,Frauen-Westfalenliga,0314GURVOK000012VS5489BUVSBBVPEU-G,1,3,3,0,0,24,1,23,9,3.0,,fussball.de
33,SG EFC Ruhla 08,Thüringen,Thüringen,4,Verbandsliga,Thüringenliga Staffel 1,031HD07908000004VS5489BTVVG7L386-G,1,2,2,0,0,19,4,15,6,3.0,,fussball.de
34,1. FC Saarbrücken II,Saarland,Saarland,4,Verbandsliga,Verbandsliga · Saarland,031AT6R77O000004VS5489BUVV628VP4-G,1,3,3,0,0,23,2,21,9,3.0,,fussball.de
35,ESV Lok Meiningen,Thüringen,Thüringen,4,Verbandsliga,Thüringenliga Staffel 1,031HD07908000004VS5489BTVVG7L386-G,2,2,2,0,0,15,1,14,6,3.0,,fussball.de
36,1. FC Kaiserslautern,Südwest,Südwest,4,Verbandsliga,Frauen Verbandsliga Südwest,0319RAI0D4000004VS5489BUVV628VP4-G,1,4,4,0,0,28,1,27,12,3.0,,fussball.de
37,Hertha BSC II,Berlin,Berlin,4,Verbandsliga,Frauen Berlin-Liga,0317AJDKH000000HVS5489BUVSBBVPEU-G,1,2,2,0,0,11,0,11,6,3.0,,fussball.de
38,TSV Solingen,Niederrhein,Niederrhein,4,Niederrheinliga,Frauen Niederrheinliga,031EETE59G00000CVS5489BUVUR5FS5A-G,1,2,2,0,0,11,1,10,6,3.0,,fussball.de
39,Greifswalder FC,Mecklenburg-Vorpommern,Mecklenburg-Vorpommern,4,Verbandsliga,Verbandsliga Frauen · Mecklenburg-Vorpommern,031JFG3C6S000005VS5489BUVVKNMR0J-G,1,1,1,0,0,5,0,5,3,3.0,,fussball.de
40,FC Carl Zeiss Jena III,Thüringen,Thüringen,4,Verbandsliga,Thüringenliga Staffel 3,031HD0R2RG000004VS5489BTVVG7L386-G,1,2,2,0,0,12,3,9,6,3.0,,fussball.de
41,FSV Hansa 07,Berlin,Berlin,4,Verbandsliga,Frauen Berlin-Liga,0317AJDKH000000HVS5489BUVSBBVPEU-G,2,2,2,0,0,11,2,9,6,3.0,,fussball.de
42,SFC Stern,Berlin,Berlin,4,Verbandsliga,Frauen Berlin-Liga,0317AJDKH000000HVS5489BUVSBBVPEU-G,3,2,2,0,0,11,2,9,6,3.0,,fussball.de
43,FC Forstern,Bayern,Bayern,4,Bayernliga,Frauen Bayernliga,0319LR9N1K000005VS5489BUVV628VP4-G,1,2,2,0,0,10,1,9,6,3.0,,fussball.de
44,SV Grün-Weiss Brieselang,Brandenburg,Brandenburg,4,Landesliga,Landesliga · Brandenburg,0316J4BA3C000002VS5489BTVU7GTVLE-G,1,2,2,0,0,9,0,9,6,3.0,,fussball.de
45,SV Thülen,Westfalen,Westfalen,4,Verbandsliga,Frauen-Westfalenliga,0314GURVOK000012VS5489BUVSBBVPEU-G,2,3,3,0,0,18,5,13,9,3.0,,fussball.de
46,Victoria 1.Fr.,Hamburg,Hamburg,4,Verbandsliga,FOL Frauen-Oberliga Hamburg,0314C5SDDO00000EVS5489BTVU7GTVLE-G,1,3,3,0,0,13,0,13,9,3.0,,fussball.de
47,SuS Concordia Flaesheim,Westfalen,Westfalen,4,Verbandsliga,Frauen-Westfalenliga,0314GURVOK000012VS5489BUVSBBVPEU-G,3,3,3,0,0,17,5,12,9,3.0,,fussball.de
48,Hallescher FC,Sachsen-Anhalt,Sachsen-Anhalt,4,Verbandsliga,Humanas Frauen-Verbandsliga · Sachsen-Anhalt,030BND22OG000004VS5489BTVTJUP7HP-G,4,1,1,0,0,5,1,4,3,3.0,,fussball.de
49,SG Rodenberg,Niedersachsen,Niedersachsen,4,Oberliga Niedersachsen,AOK-Frauenmeisterschaft Niedersachsen Ost,03132M2LUO000006VS5489BTVU7GTVLE-G,1,4,4,0,0,19,3,16,12,3.0,,fussball.de
50,BW Hollage,Niedersachsen,Niedersachsen,4,Oberliga Niedersachsen,AOK-Frauenmeisterschaft Niedersachsen West,03132M2M74000006VS5489BTVU7GTVLE-G,2,3,3,0,0,13,2,11,9,3.0,,fussball.de
51,FFV Ingelheim,Südwest,Südwest,4,Verbandsliga,Frauen Verbandsliga Südwest,0319RAI0D4000004VS5489BUVV628VP4-G,3,3,3,0,0,13,2,11,9,3.0,,fussball.de
52,SF BG Marburg,Hessen,Hessen,4,Hessenliga,Frauen Hessenliga,031CO14DG400000FVS5489BTVUS470OH-G,2,3,3,0,0,13,2,11,9,3.0,,fussball.de
53,1. FFC Fortuna Dresden,Sachsen,Sachsen,4,Landesliga,Sachsenliga Frauen,031DBH5SVO000000VS5489BUVUR5FS5A-G,1,2,2,0,0,10,3,7,6,3.0,,fussball.de
54,Friedrichshagener SV,Berlin,Berlin,4,Verbandsliga,Frauen Berlin-Liga,0317AJDKH000000HVS5489BUVSBBVPEU-G,4,2,2,0,0,8,1,7,6,3.0,,fussball.de
55,SC Borgfeld,Bremen,Bremen,4,Verbandsliga,Verbandsliga - Hauptrunde · Bremen,031FAGJE34000017VS5489BTVUS470OH-G,2,2,2,0,0,8,1,7,6,3.0,,fussball.de
56,SV Holzbach,Rheinland,Rheinland,4,Rheinlandliga,Rheinlandliga,031CBUK5UG000003VS5489BUVUR5FS5A-G,1,3,3,0,0,11,1,10,9,3.0,,fussball.de
57,1. FC Neubrandenburg 04 (1:8),Mecklenburg-Vorpommern,Mecklenburg-Vorpommern,4,Verbandsliga,Verbandsliga Frauen · Mecklenburg-Vorpommern,031JFG3C6S000005VS5489BUVVKNMR0J-G,2,1,1,0,0,5,2,3,3,3.0,,fussball.de
58,DJK Arminia Ibbenbüren,Westfalen,Westfalen,4,Verbandsliga,Frauen-Westfalenliga,0314GURVOK000012VS5489BUVSBBVPEU-G,4,3,3,0,0,13,4,9,9,3.0,,fussball.de
59,SG Dynamo Dresden,Sachsen,Sachsen,4,Landesliga,Sachsenliga Frauen,031DBH5SVO000000VS5489BUVUR5FS5A-G,2,2,2,0,0,7,1,6,6,3.0,,fussball.de
60,Berolina Mitte,Berlin,Berlin,4,Verbandsliga,Frauen Berlin-Liga,0317AJDKH000000HVS5489BUVSBBVPEU-G,5,2,2,0,0,6,0,6,6,3.0,,fussball.de
61,SV Allemannia 08 Jessen,Sachsen-Anhalt,Sachsen-Anhalt,4,Verbandsliga,Humanas Frauen-Verbandsliga · Sachsen-Anhalt,030BND22OG000004VS5489BTVTJUP7HP-G,5,1,1,0,0,3,0,3,3,3.0,,fussball.de
62,VfL Bochum 1848 II,Westfalen,Westfalen,4,Verbandsliga,Frauen-Westfalenliga,0314GURVOK000012VS5489BUVSBBVPEU-G,5,3,3,0,0,11,3,8,9,3.0,,fussball.de
63,FC Jesteburg-Bendestorf,Niedersachsen,Niedersachsen,4,Oberliga Niedersachsen,AOK-Frauenmeisterschaft Niedersachsen West,03132M2M74000006VS5489BTVU7GTVLE-G,3,3,3,0,0,10,2,8,9,3.0,,fussball.de
64,Union Tornesch 1.Fr.,Hamburg,Hamburg,4,Verbandsliga,FOL Frauen-Oberliga Hamburg,0314C5SDDO00000EVS5489BTVU7GTVLE-G,2,3,3,0,0,10,2,8,9,3.0,,fussball.de
65,CfR Links,Niederrhein,Niederrhein,4,Niederrheinliga,Frauen Niederrheinliga,031EETE59G00000CVS5489BUVUR5FS5A-G,2,2,2,0,0,6,1,5,6,3.0,,fussball.de
66,FC Bierbach,Saarland,Saarland,4,Verbandsliga,Verbandsliga · Saarland,031AT6R77O000004VS5489BUVV628VP4-G,6,2,2,0,0,6,1,5,6,3.0,,fussball.de
67,SG Haitz,Hessen,Hessen,4,Hessenliga,Frauen Hessenliga,031CO14DG400000FVS5489BTVUS470OH-G,3,3,3,0,0,10,3,7,9,3.0,,fussball.de
68,BSG Chemie Leipzig,Sachsen,Sachsen,4,Landesliga,Sachsenliga Frauen,031DBH5SVO000000VS5489BUVUR5FS5A-G,3,2,2,0,0,6,2,4,6,3.0,,fussball.de
69,FC Energie Cottbus,Brandenburg,Brandenburg,4,Landesliga,Landesliga · Brandenburg,0316J4BA3C000002VS5489BTVU7GTVLE-G,2,1,1,0,0,3,1,2,3,3.0,,fussball.de
70,1. FFV Erfurt U23,Thüringen,Thüringen,4,Verbandsliga,Thüringenliga Staffel 2,031HD0I3L4000003VS5489BTVVG7L386-G,2,1,1,0,0,2,0,2,3,3.0,,fussball.de
71,BWS Tündern-Hastenbeck,Niedersachsen,Niedersachsen,4,Oberliga Niedersachsen,AOK-Frauenmeisterschaft Niedersachsen West,03132M2M74000006VS5489BTVU7GTVLE-G,1,4,4,0,0,11,4,7,12,3.0,,fussball.de
72,SV Concordia Emsbüren,Niedersachsen,Niedersachsen,4,Oberliga Niedersachsen,AOK-Frauenmeisterschaft Niedersachsen West,03132M2M74000006VS5489BTVU7GTVLE-G,4,3,3,0,0,8,3,5,9,3.0,,fussball.de
73,1. FC Nürnberg 2,Bayern,Bayern,4,Bayernliga,Frauen Bayernliga,0319LR9N1K000005VS5489BUVV628VP4-G,2,2,2,0,0,4,1,3,6,3.0,,fussball.de
74,Borussia Mönchengladbach II.,Niederrhein,Niederrhein,4,Niederrheinliga,Frauen Niederrheinliga,031EETE59G00000CVS5489BUVUR5FS5A-G,5,1,1,0,0,2,1,1,3,3.0,,fussball.de
75,GW Lankern,Niederrhein,Niederrhein,4,Niederrheinliga,Frauen Niederrheinliga,031EETE59G00000CVS5489BUVUR5FS5A-G,6,1,1,0,0,2,1,1,3,3.0,,fussball.de
76,FFC Wacker München,Bayern,Bayern,4,Bayernliga,Frauen Bayernliga,0319LR9N1K000005VS5489BUVV628VP4-G,3,2,2,0,0,3,1,2,6,3.0,,fussball.de
77,SC Siegelbach,Südwest,Südwest,4,Verbandsliga,Frauen Verbandsliga Südwest,0319RAI0D4000004VS5489BUVV628VP4-G,2,4,3,1,0,11,4,7,10,2.5,,fussball.de
78,SG Bornheim/GW,Hessen,Hessen,4,Hessenliga,Frauen Hessenliga,031CO14DG400000FVS5489BTVUS470OH-G,1,4,3,1,0,9,4,5,10,2.5,,fussball.de
79,Kieler MTV,Schleswig-Holstein,Schleswig-Holstein,4,Oberliga Schleswig-Holstein,VR-Banken Oberliga · Schleswig-Holstein,0311J88R1O000006VS5489BUVVARDA0V-G,2,3,2,1,0,12,4,8,7,2.33,,fussball.de
80,SV Dirmingen,Saarland,Saarland,4,Verbandsliga,Verbandsliga · Saarland,031AT6R77O000004VS5489BUVV628VP4-G,2,3,2,1,0,7,1,6,7,2.33,,fussball.de
81,Concordia 1.Fr.,Hamburg,Hamburg,4,Verbandsliga,FOL Frauen-Oberliga Hamburg,0314C5SDDO00000EVS5489BTVU7GTVLE-G,3,3,2,1,0,8,3,5,7,2.33,,fussball.de
82,SSV Überherrn,Saarland,Saarland,4,Verbandsliga,Verbandsliga · Saarland,031AT6R77O000004VS5489BUVV628VP4-G,3,3,2,1,0,8,3,5,7,2.33,,fussball.de
83,St. Pauli 2.Fr.,Hamburg,Hamburg,4,Verbandsliga,FOL Frauen-Oberliga Hamburg,0314C5SDDO00000EVS5489BTVU7GTVLE-G,4,3,2,1,0,6,1,5,7,2.33,,fussball.de
84,SV 06 Lehrte,Niedersachsen,Niedersachsen,4,Oberliga Niedersachsen,AOK-Frauenmeisterschaft Niedersachsen Ost,03132M2LUO000006VS5489BTVU7GTVLE-G,5,3,2,1,0,9,5,4,7,2.33,,fussball.de
85,KSV Hessen Kassel II,Hessen,Hessen,4,Hessenliga,Frauen Hessenliga,031CO14DG400000FVS5489BTVUS470OH-G,4,3,2,1,0,6,2,4,7,2.33,,fussball.de
86,DJK St. Ingbert,Saarland,Saarland,4,Verbandsliga,Verbandsliga · Saarland,031AT6R77O000004VS5489BUVV628VP4-G,4,3,2,1,0,7,4,3,7,2.33,,fussball.de
87,SV Bretzenheim,Südwest,Südwest,4,Verbandsliga,Frauen Verbandsliga Südwest,0319RAI0D4000004VS5489BUVV628VP4-G,4,4,3,0,1,17,9,8,9,2.25,,fussball.de
88,Eintracht Braunschweig,Niedersachsen,Niedersachsen,4,Oberliga Niedersachsen,AOK-Frauenmeisterschaft Niedersachsen Ost,03132M2LUO000006VS5489BTVU7GTVLE-G,2,4,3,0,1,15,8,7,9,2.25,,fussball.de
89,SC Falscheid,Saarland,Saarland,4,Verbandsliga,Verbandsliga · Saarland,031AT6R77O000004VS5489BUVV628VP4-G,5,3,2,0,1,19,5,14,6,2.0,,fussball.de
90,ESC Geestemünde,Bremen,Bremen,4,Verbandsliga,Verbandsliga - Hauptrunde · Bremen,031FAGJE34000017VS5489BTVUS470OH-G,1,3,2,0,1,21,9,12,6,2.0,,fussball.de
91,SV Meppen 1912 e.V. U20,Niedersachsen,Niedersachsen,4,Oberliga Niedersachsen,AOK-Frauenmeisterschaft Niedersachsen West,03132M2M74000006VS5489BTVU7GTVLE-G,5,3,2,0,1,8,1,7,6,2.0,,fussball.de
92,Fortuna Düsseldorf,Niederrhein,Niederrhein,4,Niederrheinliga,Frauen Niederrheinliga,031EETE59G00000CVS5489BUVUR5FS5A-G,3,2,1,1,0,8,4,4,4,2.0,,fussball.de
93,FC Union 60,Bremen,Bremen,4,Verbandsliga,Verbandsliga - Hauptrunde · Bremen,031FAGJE34000017VS5489BTVUS470OH-G,3,3,2,0,1,11,5,6,6,2.0,,fussball.de
94,Saalfeld Titans,Thüringen,Thüringen,4,Verbandsliga,Thüringenliga Staffel 2,031HD0I3L4000003VS5489BTVVG7L386-G,1,2,1,1,0,7,3,4,4,2.0,,fussball.de
95,Condor 1.Fr.,Hamburg,Hamburg,4,Verbandsliga,FOL Frauen-Oberliga Hamburg,0314C5SDDO00000EVS5489BTVU7GTVLE-G,5,3,2,0,1,8,2,6,6,2.0,,fussball.de
96,SV Rengsdorf,Rheinland,Rheinland,4,Rheinlandliga,Rheinlandliga,031CBUK5UG000003VS5489BUVUR5FS5A-G,2,3,2,0,1,8,4,4,6,2.0,,fussball.de
97,SV Heidekraut Andervenne,Niedersachsen,Niedersachsen,4,Oberliga Niedersachsen,AOK-Frauenmeisterschaft Niedersachsen West,03132M2M74000006VS5489BTVU7GTVLE-G,6,3,2,0,1,10,7,3,6,2.0,,fussball.de
98,FC Kilia Kiel,Schleswig-Holstein,Schleswig-Holstein,4,Oberliga Schleswig-Holstein,VR-Banken Oberliga · Schleswig-Holstein,0311J88R1O000006VS5489BUVVARDA0V-G,3,3,2,0,1,8,5,3,6,2.0,,fussball.de
99,FSV Hessen Wetzlar,Hessen,Hessen,4,Hessenliga,Frauen Hessenliga,031CO14DG400000FVS5489BTVUS470OH-G,5,3,2,0,1,7,4,3,6,2.0,,fussball.de
100,Radefelder SV,Sachsen,Sachsen,4,Landesliga,Sachsenliga Frauen,031DBH5SVO000000VS5489BUVUR5FS5A-G,4,2,1,1,0,3,1,2,4,2.0,,fussball.de
101,SV Frisia 03 Risum-Lindholm,Schleswig-Holstein,Schleswig-Holstein,4,Oberliga Schleswig-Holstein,VR-Banken Oberliga · Schleswig-Holstein,0311J88R1O000006VS5489BUVVARDA0V-G,7,2,1,1,0,3,1,2,4,2.0,,fussball.de
102,Spvgg. Ffm-Oberrad,Hessen,Hessen,4,Hessenliga,Frauen Hessenliga,031CO14DG400000FVS5489BTVUS470OH-G,7,2,1,1,0,5,4,1,4,2.0,,fussball.de
103,1. FFC HOF,Bayern,Bayern,4,Bayernliga,Frauen Bayernliga,0319LR9N1K000005VS5489BUVV628VP4-G,4,2,1,1,0,3,2,1,4,2.0,,fussball.de
104,SG Union Sandersdorf,Sachsen-Anhalt,Sachsen-Anhalt,4,Verbandsliga,Humanas Frauen-Verbandsliga · Sachsen-Anhalt,030BND22OG000004VS5489BTVTJUP7HP-G,2,2,1,1,0,3,2,1,4,2.0,,fussball.de
105,Niendorf 1.Fr.,Hamburg,Hamburg,4,Verbandsliga,FOL Frauen-Oberliga Hamburg,0314C5SDDO00000EVS5489BTVU7GTVLE-G,6,3,2,0,1,11,10,1,6,2.0,,fussball.de
106,IF Stjernen Flensborg,Schleswig-Holstein,Schleswig-Holstein,4,Oberliga Schleswig-Holstein,VR-Banken Oberliga · Schleswig-Holstein,0311J88R1O000006VS5489BUVVARDA0V-G,4,3,2,0,1,5,4,1,6,2.0,,fussball.de
107,OT Bremen,Bremen,Bremen,4,Verbandsliga,Verbandsliga - Hauptrunde · Bremen,031FAGJE34000017VS5489BTVUS470OH-G,4,3,2,0,1,4,3,1,6,2.0,,fussball.de
108,FV Berghausen,Südwest,Südwest,4,Verbandsliga,Frauen Verbandsliga Südwest,0319RAI0D4000004VS5489BUVV628VP4-G,6,3,2,0,1,8,8,0,6,2.0,,fussball.de
109,DSC Arminia Bielefeld U21,Westfalen,Westfalen,4,Verbandsliga,Frauen-Westfalenliga,0314GURVOK000012VS5489BUVSBBVPEU-G,6,3,2,0,1,5,5,0,6,2.0,,fussball.de
110,ATS Buntentor III,Bremen,Bremen,4,Verbandsliga,Verbandsliga - Hauptrunde · Bremen,031FAGJE34000017VS5489BTVUS470OH-G,5,3,2,0,1,6,7,-1,6,2.0,,fussball.de
111,SG NieBar,Schleswig-Holstein,Schleswig-Holstein,4,Oberliga Schleswig-Holstein,VR-Banken Oberliga · Schleswig-Holstein,0311J88R1O000006VS5489BUVVARDA0V-G,1,4,2,1,1,13,4,9,7,1.75,,fussball.de
112,1.FC Wolfsburg,Niedersachsen,Niedersachsen,4,Oberliga Niedersachsen,AOK-Frauenmeisterschaft Niedersachsen Ost,03132M2LUO000006VS5489BTVU7GTVLE-G,3,4,2,1,1,12,6,6,7,1.75,,fussball.de
113,MTV Barum,Niedersachsen,Niedersachsen,4,Oberliga Niedersachsen,AOK-Frauenmeisterschaft Niedersachsen Ost,03132M2LUO000006VS5489BTVU7GTVLE-G,4,4,2,1,1,12,7,5,7,1.75,,fussball.de
114,SG Wilstermarsch,Schleswig-Holstein,Schleswig-Holstein,4,Oberliga Schleswig-Holstein,VR-Banken Oberliga · Schleswig-Holstein,0311J88R1O000006VS5489BUVVARDA0V-G,5,3,1,2,0,6,3,3,5,1.67,,fussball.de
115,SSG Rot-Schwarz Kiel,Schleswig-Holstein,Schleswig-Holstein,4,Oberliga Schleswig-Holstein,VR-Banken Oberliga · Schleswig-Holstein,0311J88R1O000006VS5489BUVVARDA0V-G,6,3,1,2,0,5,3,2,5,1.67,,fussball.de
116,SV Wendessen,Niedersachsen,Niedersachsen,4,Oberliga Niedersachsen,AOK-Frauenmeisterschaft Niedersachsen Ost,03132M2LUO000006VS5489BTVU7GTVLE-G,7,3,1,2,0,4,3,1,5,1.67,,fussball.de
117,DJK TUSA 06 Düsseldorf,Niederrhein,Niederrhein,4,Niederrheinliga,Frauen Niederrheinliga,031EETE59G00000CVS5489BUVUR5FS5A-G,4,2,1,0,1,12,2,10,3,1.5,,fussball.de
118,SV Irxleben 1919,Sachsen-Anhalt,Sachsen-Anhalt,4,Verbandsliga,Humanas Frauen-Verbandsliga · Sachsen-Anhalt,030BND22OG000004VS5489BTVTJUP7HP-G,3,2,1,0,1,11,4,7,3,1.5,,fussball.de
119,FSG Wienau/Freirachdorf/Maischeid,Rheinland,Rheinland,4,Rheinlandliga,Rheinlandliga,031CBUK5UG000003VS5489BUVUR5FS5A-G,5,2,1,0,1,10,4,6,3,1.5,,fussball.de
120,SV Ober-Olm,Südwest,Südwest,4,Verbandsliga,Frauen Verbandsliga Südwest,0319RAI0D4000004VS5489BUVV628VP4-G,5,4,2,0,2,15,7,8,6,1.5,,fussball.de
121,FC Bitburg,Rheinland,Rheinland,4,Rheinlandliga,Rheinlandliga,031CBUK5UG000003VS5489BUVUR5FS5A-G,6,2,1,0,1,7,5,2,3,1.5,,fussball.de
122,TSV Barmke,Niedersachsen,Niedersachsen,4,Oberliga Niedersachsen,AOK-Frauenmeisterschaft Niedersachsen Ost,03132M2LUO000006VS5489BTVU7GTVLE-G,6,4,2,0,2,12,9,3,6,1.5,,fussball.de
123,FC Ingolstadt 04 2,Bayern,Bayern,4,Bayernliga,Frauen Bayernliga,0319LR9N1K000005VS5489BUVV628VP4-G,5,2,1,0,1,4,3,1,3,1.5,,fussball.de
124,SV Elversberg U20 2,Saarland,Saarland,4,Verbandsliga,Verbandsliga · Saarland,031AT6R77O000004VS5489BUVV628VP4-G,7,2,1,0,1,4,3,1,3,1.5,,fussball.de
125,VfB Oberweimar,Thüringen,Thüringen,4,Verbandsliga,Thüringenliga Staffel 2,031HD0I3L4000003VS5489BTVVG7L386-G,3,2,1,0,1,3,2,1,3,1.5,,fussball.de
126,TuS Fortuna Saarburg,Rheinland,Rheinland,4,Rheinlandliga,Rheinlandliga,031CBUK5UG000003VS5489BUVUR5FS5A-G,7,2,1,0,1,5,5,0,3,1.5,,fussball.de
127,TuS Großenenglis,Hessen,Hessen,4,Hessenliga,Frauen Hessenliga,031CO14DG400000FVS5489BTVUS470OH-G,6,4,2,0,2,10,10,0,6,1.5,,fussball.de
128,BSV GW Neukölln,Berlin,Berlin,4,Verbandsliga,Frauen Berlin-Liga,0317AJDKH000000HVS5489BUVSBBVPEU-G,6,2,1,0,1,4,4,0,3,1.5,,fussball.de
129,SV Budberg,Niederrhein,Niederrhein,4,Niederrheinliga,Frauen Niederrheinliga,031EETE59G00000CVS5489BUVUR5FS5A-G,7,2,1,0,1,4,4,0,3,1.5,,fussball.de
130,FC Ezelsdorf,Bayern,Bayern,4,Bayernliga,Frauen Bayernliga,0319LR9N1K000005VS5489BUVV628VP4-G,6,2,1,0,1,2,2,0,3,1.5,,fussball.de
131,Eichholzer SV,Schleswig-Holstein,Schleswig-Holstein,4,Oberliga Schleswig-Holstein,VR-Banken Oberliga · Schleswig-Holstein,0311J88R1O000006VS5489BUVVARDA0V-G,8,2,1,0,1,5,6,-1,3,1.5,,fussball.de
132,DFC Westsachsen Zwickau,Sachsen,Sachsen,4,Landesliga,Sachsenliga Frauen,031DBH5SVO000000VS5489BUVUR5FS5A-G,5,2,1,0,1,4,5,-1,3,1.5,,fussball.de
133,FC Würzburger Kickers,Bayern,Bayern,4,Bayernliga,Frauen Bayernliga,0319LR9N1K000005VS5489BUVV628VP4-G,7,2,1,0,1,4,5,-1,3,1.5,,fussball.de
134,BSG Stahl Brandenburg,Brandenburg,Brandenburg,4,Landesliga,Landesliga · Brandenburg,0316J4BA3C000002VS5489BTVU7GTVLE-G,3,2,1,0,1,3,4,-1,3,1.5,,fussball.de
135,SGS Essen III. U23,Niederrhein,Niederrhein,4,Niederrheinliga,Frauen Niederrheinliga,031EETE59G00000CVS5489BUVUR5FS5A-G,8,2,1,0,1,3,4,-1,3,1.5,,fussball.de
136,SV 08 Rothenstein,Thüringen,Thüringen,4,Verbandsliga,Thüringenliga Staffel 3,031HD0R2RG000004VS5489BTVVG7L386-G,2,2,1,0,1,3,4,-1,3,1.5,,fussball.de
137,TSV Urdenbach,Niederrhein,Niederrhein,4,Niederrheinliga,Frauen Niederrheinliga,031EETE59G00000CVS5489BUVUR5FS5A-G,9,2,1,0,1,3,4,-1,3,1.5,,fussball.de
138,FC Erzgebirge Aue,Sachsen,Sachsen,4,Landesliga,Sachsenliga Frauen,031DBH5SVO000000VS5489BUVUR5FS5A-G,6,2,1,0,1,4,6,-2,3,1.5,,fussball.de
139,SpG SV Eintracht Leipzig-Süd II / SSV Stötteritz,Sachsen,Sachsen,4,Landesliga,Sachsenliga Frauen,031DBH5SVO000000VS5489BUVUR5FS5A-G,7,2,1,0,1,4,6,-2,3,1.5,,fussball.de
140,SC Eintracht Miersdorf/Zeuthen,Brandenburg,Brandenburg,4,Landesliga,Landesliga · Brandenburg,0316J4BA3C000002VS5489BTVU7GTVLE-G,4,2,1,0,1,2,4,-2,3,1.5,,fussball.de
141,TSV Theuern,Bayern,Bayern,4,Bayernliga,Frauen Bayernliga,0319LR9N1K000005VS5489BUVV628VP4-G,8,2,1,0,1,2,4,-2,3,1.5,,fussball.de
142,FV Rübenach,Rheinland,Rheinland,4,Rheinlandliga,Rheinlandliga,031CBUK5UG000003VS5489BUVUR5FS5A-G,8,2,1,0,1,3,6,-3,3,1.5,,fussball.de
143,1. FFC Saalfeld,Thüringen,Thüringen,4,Verbandsliga,Thüringenliga Staffel 3,031HD0R2RG000004VS5489BTVVG7L386-G,3,2,1,0,1,4,8,-4,3,1.5,,fussball.de
144,Türkiyemspor Berlin 1978 U23,Berlin,Berlin,4,Verbandsliga,Frauen Berlin-Liga,0317AJDKH000000HVS5489BUVSBBVPEU-G,7,2,1,0,1,2,6,-4,3,1.5,,fussball.de
145,SG 99 Andernach III (U23),Rheinland,Rheinland,4,Rheinlandliga,Rheinlandliga,031CBUK5UG000003VS5489BUVUR5FS5A-G,3,3,1,1,1,8,6,2,4,1.33,,fussball.de
146,SVG Göttingen,Niedersachsen,Niedersachsen,4,Oberliga Niedersachsen,AOK-Frauenmeisterschaft Niedersachsen Ost,03132M2LUO000006VS5489BTVU7GTVLE-G,8,3,1,1,1,6,6,0,4,1.33,,fussball.de
147,FC Pfeil Broistedt,Niedersachsen,Niedersachsen,4,Oberliga Niedersachsen,AOK-Frauenmeisterschaft Niedersachsen Ost,03132M2LUO000006VS5489BTVU7GTVLE-G,9,3,1,1,1,7,8,-1,4,1.33,,fussball.de
148,SC 13 Bad Neuenahr II (U23),Rheinland,Rheinland,4,Rheinlandliga,Rheinlandliga,031CBUK5UG000003VS5489BUVUR5FS5A-G,4,3,1,1,1,7,9,-2,4,1.33,,fussball.de
149,Hannover 96 II,Niedersachsen,Niedersachsen,4,Oberliga Niedersachsen,AOK-Frauenmeisterschaft Niedersachsen Ost,03132M2LUO000006VS5489BTVU7GTVLE-G,11,3,1,1,1,9,12,-3,4,1.33,,fussball.de
150,HSV 3.Fr.,Hamburg,Hamburg,4,Verbandsliga,FOL Frauen-Oberliga Hamburg,0314C5SDDO00000EVS5489BTVU7GTVLE-G,7,3,1,0,2,11,6,5,3,1.0,,fussball.de
151,VfL Trier,Rheinland,Rheinland,4,Rheinlandliga,Rheinlandliga,031CBUK5UG000003VS5489BUVUR5FS5A-G,12,1,0,1,0,3,3,0,1,1.0,,fussball.de
152,FC Borntal Erfurt,Thüringen,Thüringen,4,Verbandsliga,Thüringenliga Staffel 2,031HD0I3L4000003VS5489BTVVG7L386-G,4,1,0,1,0,2,2,0,1,1.0,,fussball.de
153,SG Egelsbach,Hessen,Hessen,4,Hessenliga,Frauen Hessenliga,031CO14DG400000FVS5489BTVUS470OH-G,9,3,1,0,2,6,6,0,3,1.0,,fussball.de
154,TuS Büppel,Niedersachsen,Niedersachsen,4,Oberliga Niedersachsen,AOK-Frauenmeisterschaft Niedersachsen West,03132M2M74000006VS5489BTVU7GTVLE-G,7,3,1,0,2,5,5,0,3,1.0,,fussball.de
155,Bischofswerdaer FV,Sachsen,Sachsen,4,Landesliga,Sachsenliga Frauen,031DBH5SVO000000VS5489BUVUR5FS5A-G,8,1,0,1,0,1,1,0,1,1.0,,fussball.de
156,SV Weyhe,Niedersachsen,Niedersachsen,4,Oberliga Niedersachsen,AOK-Frauenmeisterschaft Niedersachsen West,03132M2M74000006VS5489BTVU7GTVLE-G,8,3,1,0,2,4,5,-1,3,1.0,,fussball.de
157,TSV Limmer,Niedersachsen,Niedersachsen,4,Oberliga Niedersachsen,AOK-Frauenmeisterschaft Niedersachsen Ost,03132M2LUO000006VS5489BTVU7GTVLE-G,10,4,1,1,2,9,11,-2,4,1.0,,fussball.de
158,TuS Wadersloh,Westfalen,Westfalen,4,Verbandsliga,Frauen-Westfalenliga,0314GURVOK000012VS5489BUVSBBVPEU-G,7,3,1,0,2,6,9,-3,3,1.0,,fussball.de
159,SV Ahlerstedt/Ottendorf,Niedersachsen,Niedersachsen,4,Oberliga Niedersachsen,AOK-Frauenmeisterschaft Niedersachsen West,03132M2M74000006VS5489BTVU7GTVLE-G,9,3,1,0,2,4,7,-3,3,1.0,,fussball.de
160,SV Kottweiler-Schwanden,Südwest,Südwest,4,Verbandsliga,Frauen Verbandsliga Südwest,0319RAI0D4000004VS5489BUVV628VP4-G,7,4,1,1,2,5,10,-5,4,1.0,,fussball.de
161,Eimsbüttel 2.Fr.,Hamburg,Hamburg,4,Verbandsliga,FOL Frauen-Oberliga Hamburg,0314C5SDDO00000EVS5489BTVU7GTVLE-G,8,3,1,0,2,4,8,-4,3,1.0,,fussball.de
162,SV Niederemmel,Rheinland,Rheinland,4,Rheinlandliga,Rheinlandliga,031CBUK5UG000003VS5489BUVUR5FS5A-G,9,3,1,0,2,3,7,-4,3,1.0,,fussball.de
163,SV BW Aasee,Westfalen,Westfalen,4,Verbandsliga,Frauen-Westfalenliga,0314GURVOK000012VS5489BUVSBBVPEU-G,8,3,1,0,2,4,9,-5,3,1.0,,fussball.de
164,SC Spelle-Venhaus I,Niedersachsen,Niedersachsen,4,Oberliga Niedersachsen,AOK-Frauenmeisterschaft Niedersachsen West,03132M2M74000006VS5489BTVU7GTVLE-G,10,3,1,0,2,3,9,-6,3,1.0,,fussball.de
165,Alstertal-Langenhorn 1.Fr.,Hamburg,Hamburg,4,Verbandsliga,FOL Frauen-Oberliga Hamburg,0314C5SDDO00000EVS5489BTVU7GTVLE-G,9,3,1,0,2,5,14,-9,3,1.0,,fussball.de
166,FC Iserlohn,Westfalen,Westfalen,4,Verbandsliga,Frauen-Westfalenliga,0314GURVOK000012VS5489BUVSBBVPEU-G,9,3,1,0,2,5,16,-11,3,1.0,,fussball.de
167,SV Dörbach,Rheinland,Rheinland,4,Rheinlandliga,Rheinlandliga,031CBUK5UG000003VS5489BUVUR5FS5A-G,10,3,1,0,2,1,12,-11,3,1.0,,fussball.de
168,TSG Lütter,Hessen,Hessen,4,Hessenliga,Frauen Hessenliga,031CO14DG400000FVS5489BTVUS470OH-G,8,4,2,0,2,9,9,0,3,0.75,,fussball.de
169,SV Obersülzen,Südwest,Südwest,4,Verbandsliga,Frauen Verbandsliga Südwest,0319RAI0D4000004VS5489BUVV628VP4-G,8,4,1,0,3,6,9,-3,3,0.75,,fussball.de
170,Merkur Hademarschen,Schleswig-Holstein,Schleswig-Holstein,4,Oberliga Schleswig-Holstein,VR-Banken Oberliga · Schleswig-Holstein,0311J88R1O000006VS5489BUVVARDA0V-G,9,4,1,0,3,6,12,-6,3,0.75,,fussball.de
171,DSG Breitenthal,Südwest,Südwest,4,Verbandsliga,Frauen Verbandsliga Südwest,0319RAI0D4000004VS5489BUVV628VP4-G,9,4,1,0,3,3,10,-7,3,0.75,,fussball.de
172,FSG Wasgau,Südwest,Südwest,4,Verbandsliga,Frauen Verbandsliga Südwest,0319RAI0D4000004VS5489BUVV628VP4-G,10,4,1,0,3,10,19,-9,3,0.75,,fussball.de
173,FC Eintracht Northeim,Niedersachsen,Niedersachsen,4,Oberliga Niedersachsen,AOK-Frauenmeisterschaft Niedersachsen Ost,03132M2LUO000006VS5489BTVU7GTVLE-G,12,4,1,0,3,9,20,-11,3,0.75,,fussball.de
174,SG Ingelheim / Drais,Südwest,Südwest,4,Verbandsliga,Frauen Verbandsliga Südwest,0319RAI0D4000004VS5489BUVV628VP4-G,11,4,1,0,3,4,26,-22,3,0.75,,fussball.de
175,SV Diez-Freiendiez,Rheinland,Rheinland,4,Rheinlandliga,Rheinlandliga,031CBUK5UG000003VS5489BUVUR5FS5A-G,11,3,0,2,1,7,8,-1,2,0.67,,fussball.de
176,PSV Grün-Weiß Hildesheim,Niedersachsen,Niedersachsen,4,Oberliga Niedersachsen,AOK-Frauenmeisterschaft Niedersachsen Ost,03132M2LUO000006VS5489BTVU7GTVLE-G,13,3,0,2,1,3,7,-4,2,0.67,,fussball.de
177,Borussia Pankow,Berlin,Berlin,4,Verbandsliga,Frauen Berlin-Liga,0317AJDKH000000HVS5489BUVSBBVPEU-G,8,2,0,1,1,2,3,-1,1,0.5,,fussball.de
178,SV Frauenbiburg,Bayern,Bayern,4,Bayernliga,Frauen Bayernliga,0319LR9N1K000005VS5489BUVV628VP4-G,9,2,0,1,1,2,4,-2,1,0.5,,fussball.de
179,Lichtenberg 47,Berlin,Berlin,4,Verbandsliga,Frauen Berlin-Liga,0317AJDKH000000HVS5489BUVSBBVPEU-G,9,2,0,1,1,0,2,-2,1,0.5,,fussball.de
180,SSV Besiegdas 03 Magdeburg,Sachsen-Anhalt,Sachsen-Anhalt,4,Verbandsliga,Humanas Frauen-Verbandsliga · Sachsen-Anhalt,030BND22OG000004VS5489BTVTJUP7HP-G,6,2,0,1,1,0,2,-2,1,0.5,,fussball.de
181,MFFC Wiesbaden,Hessen,Hessen,4,Hessenliga,Frauen Hessenliga,031CO14DG400000FVS5489BTVUS470OH-G,10,4,0,2,2,3,8,-5,2,0.5,,fussball.de
182,FV Hunsrückhöhe Morbach,Rheinland,Rheinland,4,Rheinlandliga,Rheinlandliga,031CBUK5UG000003VS5489BUVUR5FS5A-G,13,2,0,1,1,3,6,-3,1,0.5,,fussball.de
183,SV Heißen,Niederrhein,Niederrhein,4,Niederrheinliga,Frauen Niederrheinliga,031EETE59G00000CVS5489BUVUR5FS5A-G,10,2,0,1,1,4,8,-4,1,0.5,,fussball.de
184,SG Parr Medelsheim,Saarland,Saarland,4,Verbandsliga,Verbandsliga · Saarland,031AT6R77O000004VS5489BUVV628VP4-G,8,3,0,1,2,3,5,-2,1,0.33,,fussball.de
185,Blumenthaler SV,Bremen,Bremen,4,Verbandsliga,Verbandsliga - Hauptrunde · Bremen,031FAGJE34000017VS5489BTVUS470OH-G,6,3,0,1,2,6,11,-5,1,0.33,,fussball.de
186,SV Fortuna St. Jürgen,Schleswig-Holstein,Schleswig-Holstein,4,Oberliga Schleswig-Holstein,VR-Banken Oberliga · Schleswig-Holstein,0311J88R1O000006VS5489BUVVARDA0V-G,10,3,0,1,2,4,9,-5,1,0.33,,fussball.de
187,SV Wahlstedt,Schleswig-Holstein,Schleswig-Holstein,4,Oberliga Schleswig-Holstein,VR-Banken Oberliga · Schleswig-Holstein,0311J88R1O000006VS5489BUVVARDA0V-G,11,3,0,1,2,4,9,-5,1,0.33,,fussball.de
188,TUS Lutten,Niedersachsen,Niedersachsen,4,Oberliga Niedersachsen,AOK-Frauenmeisterschaft Niedersachsen West,03132M2M74000006VS5489BTVU7GTVLE-G,11,3,0,1,2,2,7,-5,1,0.33,,fussball.de
189,DJK-SV Bunnen,Niedersachsen,Niedersachsen,4,Oberliga Niedersachsen,AOK-Frauenmeisterschaft Niedersachsen West,03132M2M74000006VS5489BTVU7GTVLE-G,12,3,0,1,2,1,6,-5,1,0.33,,fussball.de
190,Holstein Kiel II,Schleswig-Holstein,Schleswig-Holstein,4,Oberliga Schleswig-Holstein,VR-Banken Oberliga · Schleswig-Holstein,0311J88R1O000006VS5489BUVVARDA0V-G,12,3,0,1,2,2,13,-11,1,0.33,,fussball.de
191,FC Union 60 II,Bremen,Bremen,4,Verbandsliga,Verbandsliga - Hauptrunde · Bremen,031FAGJE34000017VS5489BTVUS470OH-G,7,3,0,1,2,3,18,-15,1,0.33,,fussball.de
192,VfL Eintracht Hannover,Niedersachsen,Niedersachsen,4,Oberliga Niedersachsen,AOK-Frauenmeisterschaft Niedersachsen Ost,03132M2LUO000006VS5489BTVU7GTVLE-G,14,4,0,1,3,8,16,-8,1,0.25,,fussball.de
193,SV Phönix Düdelsheim,Hessen,Hessen,4,Hessenliga,Frauen Hessenliga,031CO14DG400000FVS5489BTVUS470OH-G,11,4,0,1,3,2,12,-10,1,0.25,,fussball.de
194,1. FC Donzdorf,Württemberg,Württemberg,4,Verbandsliga,Verbandsliga · Württemberg,031DO1QT3K00000CVS5489BUVUR5FS5A-G,1,0,0,0,0,0,0,0,0,0.0,,fussball.de
195,1. FC Ersingen,Baden,Baden,4,Verbandsliga,bfv-Frauen-Verbandsliga · Baden,03162371BG000006VS5489BTVU7GTVLE-G,1,0,0,0,0,0,0,0,0,0.0,,fussball.de
196,1. FC Köln III,Mittelrhein,Mittelrhein,4,Verbandsliga,Frauen-Mittelrheinliga,031DHDEQ90000003VS5489BUVUR5FS5A-G,1,0,0,0,0,0,0,0,0,0.0,,fussball.de
197,1. FFC Turbine Potsdam 71 III,Brandenburg,Brandenburg,4,Landesliga,Landesliga · Brandenburg,0316J4BA3C000002VS5489BTVU7GTVLE-G,5,0,0,0,0,0,0,0,0,0.0,,fussball.de
198,Alem. Freiburg-Zähringen,Südbaden,Südbaden,4,Verbandsliga,Frauen Verbandsliga Südbaden,031DCM6EKO000005VS5489BTVUS470OH-G,1,0,0,0,0,0,0,0,0,0.0,,fussball.de
199,Burtscheider TV,Mittelrhein,Mittelrhein,4,Verbandsliga,Frauen-Mittelrheinliga,031DHDEQ90000003VS5489BUVUR5FS5A-G,2,0,0,0,0,0,0,0,0,0.0,,fussball.de
200,Deutz 05 I,Mittelrhein,Mittelrhein,4,Verbandsliga,Frauen-Mittelrheinliga,031DHDEQ90000003VS5489BUVUR5FS5A-G,3,0,0,0,0,0,0,0,0,0.0,,fussball.de
201,F.C. Hansa Rostock U23,Mecklenburg-Vorpommern,Mecklenburg-Vorpommern,4,Verbandsliga,Verbandsliga Frauen · Mecklenburg-Vorpommern,031JFG3C6S000005VS5489BUVVKNMR0J-G,3,0,0,0,0,0,0,0,0,0.0,,fussball.de
202,FC Heitersheim,Südbaden,Südbaden,4,Verbandsliga,Frauen Verbandsliga Südbaden,031DCM6EKO000005VS5489BTVUS470OH-G,2,0,0,0,0,0,0,0,0,0.0,,fussball.de
203,FC Viktoria Köln,Mittelrhein,Mittelrhein,4,Verbandsliga,Frauen-Mittelrheinliga,031DHDEQ90000003VS5489BUVUR5FS5A-G,4,0,0,0,0,0,0,0,0,0.0,,fussball.de
204,FC Wertheim-Eichel,Baden,Baden,4,Verbandsliga,bfv-Frauen-Verbandsliga · Baden,03162371BG000006VS5489BTVU7GTVLE-G,2,0,0,0,0,0,0,0,0,0.0,,fussball.de
205,FSV 02 Schwerin,Mecklenburg-Vorpommern,Mecklenburg-Vorpommern,4,Verbandsliga,Verbandsliga Frauen · Mecklenburg-Vorpommern,031JFG3C6S000005VS5489BUVVKNMR0J-G,4,0,0,0,0,0,0,0,0,0.0,,fussball.de
206,FV 09 Niefern,Baden,Baden,4,Verbandsliga,bfv-Frauen-Verbandsliga · Baden,03162371BG000006VS5489BTVU7GTVLE-G,3,0,0,0,0,0,0,0,0,0.0,,fussball.de
207,FV 09 Nürtingen,Württemberg,Württemberg,4,Verbandsliga,Verbandsliga · Württemberg,031DO1QT3K00000CVS5489BUVUR5FS5A-G,2,0,0,0,0,0,0,0,0,0.0,,fussball.de
208,Hegauer FV 2,Südbaden,Südbaden,4,Verbandsliga,Frauen Verbandsliga Südbaden,031DCM6EKO000005VS5489BTVUS470OH-G,3,0,0,0,0,0,0,0,0,0.0,,fussball.de
209,Ideal C.F. Casa de España,Mittelrhein,Mittelrhein,4,Verbandsliga,Frauen-Mittelrheinliga,031DHDEQ90000003VS5489BUVUR5FS5A-G,5,0,0,0,0,0,0,0,0,0.0,,fussball.de
210,KIT Sport-Club,Baden,Baden,4,Verbandsliga,bfv-Frauen-Verbandsliga · Baden,03162371BG000006VS5489BTVU7GTVLE-G,4,0,0,0,0,0,0,0,0,0.0,,fussball.de
211,Post Südstadt Karlsruhe,Baden,Baden,4,Verbandsliga,bfv-Frauen-Verbandsliga · Baden,03162371BG000006VS5489BTVU7GTVLE-G,5,0,0,0,0,0,0,0,0,0.0,,fussball.de
212,Rostocker FC,Mecklenburg-Vorpommern,Mecklenburg-Vorpommern,4,Verbandsliga,Verbandsliga Frauen · Mecklenburg-Vorpommern,031JFG3C6S000005VS5489BUVVKNMR0J-G,5,0,0,0,0,0,0,0,0,0.0,,fussball.de
213,Rot-Weiß Merl,Mittelrhein,Mittelrhein,4,Verbandsliga,Frauen-Mittelrheinliga,031DHDEQ90000003VS5489BUVUR5FS5A-G,6,0,0,0,0,0,0,0,0,0.0,,fussball.de
214,SC Alemannia Straß,Mittelrhein,Mittelrhein,4,Verbandsliga,Frauen-Mittelrheinliga,031DHDEQ90000003VS5489BUVUR5FS5A-G,7,0,0,0,0,0,0,0,0,0.0,,fussball.de
215,SC Hofstetten,Südbaden,Südbaden,4,Verbandsliga,Frauen Verbandsliga Südbaden,031DCM6EKO000005VS5489BTVUS470OH-G,4,0,0,0,0,0,0,0,0,0.0,,fussball.de
216,SC Klinge Seckach,Baden,Baden,4,Verbandsliga,bfv-Frauen-Verbandsliga · Baden,03162371BG000006VS5489BTVU7GTVLE-G,6,0,0,0,0,0,0,0,0,0.0,,fussball.de
217,SC Oberhavel Velten,Brandenburg,Brandenburg,4,Landesliga,Landesliga · Brandenburg,0316J4BA3C000002VS5489BTVU7GTVLE-G,6,0,0,0,0,0,0,0,0,0.0,,fussball.de
218,SC Sand 3,Südbaden,Südbaden,4,Verbandsliga,Frauen Verbandsliga Südbaden,031DCM6EKO000005VS5489BTVUS470OH-G,5,0,0,0,0,0,0,0,0,0.0,,fussball.de
219,SG Aach-Linz/Denkingen,Südbaden,Südbaden,4,Verbandsliga,Frauen Verbandsliga Südbaden,031DCM6EKO000005VS5489BTVUS470OH-G,6,0,0,0,0,0,0,0,0,0.0,,fussball.de
220,SG Altheim,Württemberg,Württemberg,4,Verbandsliga,Verbandsliga · Württemberg,031DO1QT3K00000CVS5489BUVUR5FS5A-G,3,0,0,0,0,0,0,0,0,0.0,,fussball.de
221,SG Buchenbach/Oberried,Südbaden,Südbaden,4,Verbandsliga,Frauen Verbandsliga Südbaden,031DCM6EKO000005VS5489BTVUS470OH-G,7,0,0,0,0,0,0,0,0,0.0,,fussball.de
222,SG ESV/PSV Freiburg,Südbaden,Südbaden,4,Verbandsliga,Frauen Verbandsliga Südbaden,031DCM6EKO000005VS5489BTVUS470OH-G,8,0,0,0,0,0,0,0,0,0.0,,fussball.de
223,SG Ebnet-Kappel,Südbaden,Südbaden,4,Verbandsliga,Frauen Verbandsliga Südbaden,031DCM6EKO000005VS5489BTVUS470OH-G,9,0,0,0,0,0,0,0,0,0.0,,fussball.de
224,SG Gengenbach/Zell/Fischerbach,Südbaden,Südbaden,4,Verbandsliga,Frauen Verbandsliga Südbaden,031DCM6EKO000005VS5489BTVUS470OH-G,10,0,0,0,0,0,0,0,0,0.0,,fussball.de
225,SG HD-Kirchheim,Baden,Baden,4,Verbandsliga,bfv-Frauen-Verbandsliga · Baden,03162371BG000006VS5489BTVU7GTVLE-G,7,0,0,0,0,0,0,0,0,0.0,,fussball.de
226,SG MaFriKa,Südbaden,Südbaden,4,Verbandsliga,Frauen Verbandsliga Südbaden,031DCM6EKO000005VS5489BTVUS470OH-G,11,0,0,0,0,0,0,0,0,0.0,,fussball.de
227,SG Marbach,Südbaden,Südbaden,4,Verbandsliga,Frauen Verbandsliga Südbaden,031DCM6EKO000005VS5489BTVUS470OH-G,12,0,0,0,0,0,0,0,0,0.0,,fussball.de
228,SGM Oppenweiler/Sulzbach,Württemberg,Württemberg,4,Verbandsliga,Verbandsliga · Württemberg,031DO1QT3K00000CVS5489BUVUR5FS5A-G,4,0,0,0,0,0,0,0,0,0.0,,fussball.de
229,SSV Waghäusel,Baden,Baden,4,Verbandsliga,bfv-Frauen-Verbandsliga · Baden,03162371BG000006VS5489BTVU7GTVLE-G,8,0,0,0,0,0,0,0,0,0.0,,fussball.de
230,SV Allner-Bödingen,Mittelrhein,Mittelrhein,4,Verbandsliga,Frauen-Mittelrheinliga,031DHDEQ90000003VS5489BUVUR5FS5A-G,8,0,0,0,0,0,0,0,0,0.0,,fussball.de
231,SV Eutingen,Württemberg,Württemberg,4,Verbandsliga,Verbandsliga · Württemberg,031DO1QT3K00000CVS5489BUVUR5FS5A-G,5,0,0,0,0,0,0,0,0,0.0,,fussball.de
232,SV Gottenheim,Südbaden,Südbaden,4,Verbandsliga,Frauen Verbandsliga Südbaden,031DCM6EKO000005VS5489BTVUS470OH-G,13,0,0,0,0,0,0,0,0,0.0,,fussball.de
233,SV Jungingen,Württemberg,Württemberg,4,Verbandsliga,Verbandsliga · Württemberg,031DO1QT3K00000CVS5489BUVUR5FS5A-G,6,0,0,0,0,0,0,0,0,0.0,,fussball.de
234,SV Menden,Mittelrhein,Mittelrhein,4,Verbandsliga,Frauen-Mittelrheinliga,031DHDEQ90000003VS5489BUVUR5FS5A-G,9,0,0,0,0,0,0,0,0,0.0,,fussball.de
235,SV Rosellen zg.,Niederrhein,Niederrhein,4,Niederrheinliga,Frauen Niederrheinliga,031EETE59G00000CVS5489BUVUR5FS5A-G,11,0,0,0,0,0,0,0,0,0.0,,fussball.de
236,SV Viktoria Rot Weiß Waldenrath/Straeten,Mittelrhein,Mittelrhein,4,Verbandsliga,Frauen-Mittelrheinliga,031DHDEQ90000003VS5489BUVUR5FS5A-G,10,0,0,0,0,0,0,0,0,0.0,,fussball.de
237,TSG Hoffenheim 3,Baden,Baden,4,Verbandsliga,bfv-Frauen-Verbandsliga · Baden,03162371BG000006VS5489BTVU7GTVLE-G,9,0,0,0,0,0,0,0,0,0.0,,fussball.de
238,TSV Alemannia Aachen,Mittelrhein,Mittelrhein,4,Verbandsliga,Frauen-Mittelrheinliga,031DHDEQ90000003VS5489BUVUR5FS5A-G,11,0,0,0,0,0,0,0,0,0.0,,fussball.de
239,TSV Amicitia Viernheim,Baden,Baden,4,Verbandsliga,bfv-Frauen-Verbandsliga · Baden,03162371BG000006VS5489BTVU7GTVLE-G,10,0,0,0,0,0,0,0,0,0.0,,fussball.de
240,TSV Frommern,Württemberg,Württemberg,4,Verbandsliga,Verbandsliga · Württemberg,031DO1QT3K00000CVS5489BUVUR5FS5A-G,7,0,0,0,0,0,0,0,0,0.0,,fussball.de
241,TSV Lustnau,Württemberg,Württemberg,4,Verbandsliga,Verbandsliga · Württemberg,031DO1QT3K00000CVS5489BUVUR5FS5A-G,8,0,0,0,0,0,0,0,0,0.0,,fussball.de
242,TSV Münchingen,Württemberg,Württemberg,4,Verbandsliga,Verbandsliga · Württemberg,031DO1QT3K00000CVS5489BUVUR5FS5A-G,9,0,0,0,0,0,0,0,0,0.0,,fussball.de
243,TSV Neckarau,Baden,Baden,4,Verbandsliga,bfv-Frauen-Verbandsliga · Baden,03162371BG000006VS5489BTVU7GTVLE-G,11,0,0,0,0,0,0,0,0,0.0,,fussball.de
244,TV Derendingen,Württemberg,Württemberg,4,Verbandsliga,Verbandsliga · Württemberg,031DO1QT3K00000CVS5489BUVUR5FS5A-G,10,0,0,0,0,0,0,0,0,0.0,,fussball.de
245,TV Jebenhausen,Württemberg,Württemberg,4,Verbandsliga,Verbandsliga · Württemberg,031DO1QT3K00000CVS5489BUVUR5FS5A-G,11,0,0,0,0,0,0,0,0,0.0,,fussball.de
246,TuS 08 Jüngersdorf-St. I,Mittelrhein,Mittelrhein,4,Verbandsliga,Frauen-Mittelrheinliga,031DHDEQ90000003VS5489BUVUR5FS5A-G,12,0,0,0,0,0,0,0,0,0.0,,fussball.de
247,VfB Bretten,Baden,Baden,4,Verbandsliga,bfv-Frauen-Verbandsliga · Baden,03162371BG000006VS5489BTVU7GTVLE-G,12,0,0,0,0,0,0,0,0,0.0,,fussball.de
248,VfL Sindelfingen Ladies,Württemberg,Württemberg,4,Verbandsliga,Verbandsliga · Württemberg,031DO1QT3K00000CVS5489BUVUR5FS5A-G,12,0,0,0,0,0,0,0,0,0.0,,fussball.de
249,Vorwärts Spoho Köln II,Mittelrhein,Mittelrhein,4,Verbandsliga,Frauen-Mittelrheinliga,031DHDEQ90000003VS5489BUVUR5FS5A-G,13,0,0,0,0,0,0,0,0,0.0,,fussball.de
250,SV Babelsberg 03,Brandenburg,Brandenburg,4,Landesliga,Landesliga · Brandenburg,0316J4BA3C000002VS5489BTVU7GTVLE-G,7,1,0,0,1,1,2,-1,0,0.0,,fussball.de
251,SV Eiche Reichenbrand,Sachsen,Sachsen,4,Landesliga,Sachsenliga Frauen,031DBH5SVO000000VS5489BUVUR5FS5A-G,9,1,0,0,1,1,2,-1,0,0.0,,fussball.de
252,Sportclub Krefeld 1905,Niederrhein,Niederrhein,4,Niederrheinliga,Frauen Niederrheinliga,031EETE59G00000CVS5489BUVUR5FS5A-G,12,2,0,0,2,1,3,-2,0,0.0,,fussball.de
253,SV 67 Weinberg 2,Bayern,Bayern,4,Bayernliga,Frauen Bayernliga,0319LR9N1K000005VS5489BUVV628VP4-G,10,2,0,0,2,0,2,-2,0,0.0,,fussball.de
254,SV SCHOTT Jena,Thüringen,Thüringen,4,Verbandsliga,Thüringenliga Staffel 3,031HD0R2RG000004VS5489BTVVG7L386-G,4,1,0,0,1,0,1,-1,0,0.0,,fussball.de
255,FC Stern München,Bayern,Bayern,4,Bayernliga,Frauen Bayernliga,0319LR9N1K000005VS5489BUVV628VP4-G,11,2,0,0,2,1,4,-3,0,0.0,,fussball.de
256,SV Germania Hauenhorst,Westfalen,Westfalen,4,Verbandsliga,Frauen-Westfalenliga,0314GURVOK000012VS5489BUVSBBVPEU-G,11,3,0,0,3,4,10,-6,0,0.0,,fussball.de
257,DFC Allendorf/Eder,Hessen,Hessen,4,Hessenliga,Frauen Hessenliga,031CO14DG400000FVS5489BTVUS470OH-G,12,4,0,0,4,2,10,-8,0,0.0,,fussball.de
258,SG Rotation Leipzig,Sachsen,Sachsen,4,Landesliga,Sachsenliga Frauen,031DBH5SVO000000VS5489BUVUR5FS5A-G,10,2,0,0,2,1,5,-4,0,0.0,,fussball.de
259,SVKT 07 Minden,Westfalen,Westfalen,4,Verbandsliga,Frauen-Westfalenliga,0314GURVOK000012VS5489BUVSBBVPEU-G,10,2,0,0,2,1,5,-4,0,0.0,,fussball.de
260,SpVgg. Dresden-Löbtau,Sachsen,Sachsen,4,Landesliga,Sachsenliga Frauen,031DBH5SVO000000VS5489BUVUR5FS5A-G,11,2,0,0,2,1,5,-4,0,0.0,,fussball.de
261,DJK GW Amelsbüren,Westfalen,Westfalen,4,Verbandsliga,Frauen-Westfalenliga,0314GURVOK000012VS5489BUVSBBVPEU-G,12,3,0,0,3,6,13,-7,0,0.0,,fussball.de
262,Harksheide 1.Fr.,Hamburg,Hamburg,4,Verbandsliga,FOL Frauen-Oberliga Hamburg,0314C5SDDO00000EVS5489BTVU7GTVLE-G,10,3,0,0,3,3,10,-7,0,0.0,,fussball.de
263,Chemnitzer FC II,Sachsen,Sachsen,4,Landesliga,Sachsenliga Frauen,031DBH5SVO000000VS5489BUVUR5FS5A-G,12,2,0,0,2,2,7,-5,0,0.0,,fussball.de
264,SV Askania Coepenick,Berlin,Berlin,4,Verbandsliga,Frauen Berlin-Liga,0317AJDKH000000HVS5489BUVSBBVPEU-G,11,2,0,0,2,1,6,-5,0,0.0,,fussball.de
265,ATS Buntentor II,Bremen,Bremen,4,Verbandsliga,Verbandsliga - Hauptrunde · Bremen,031FAGJE34000017VS5489BTVUS470OH-G,8,2,0,0,2,0,5,-5,0,0.0,,fussball.de
266,1. FC Riegelsberg 2,Saarland,Saarland,4,Verbandsliga,Verbandsliga · Saarland,031AT6R77O000004VS5489BUVV628VP4-G,10,3,0,0,3,6,14,-8,0,0.0,,fussball.de
267,TSV Klein-Linden,Hessen,Hessen,4,Hessenliga,Frauen Hessenliga,031CO14DG400000FVS5489BTVUS470OH-G,13,3,0,0,3,1,9,-8,0,0.0,,fussball.de
268,HSG Warnemünde,Mecklenburg-Vorpommern,Mecklenburg-Vorpommern,4,Verbandsliga,Verbandsliga Frauen · Mecklenburg-Vorpommern,031JFG3C6S000005VS5489BUVVKNMR0J-G,6,1,0,0,1,2,5,-3,0,0.0,,fussball.de
269,TV Jahn Delmenhorst,Niedersachsen,Niedersachsen,4,Oberliga Niedersachsen,AOK-Frauenmeisterschaft Niedersachsen West,03132M2M74000006VS5489BTVU7GTVLE-G,13,3,0,0,3,3,12,-9,0,0.0,,fussball.de
270,SV Bardenbach,Saarland,Saarland,4,Verbandsliga,Verbandsliga · Saarland,031AT6R77O000004VS5489BUVV628VP4-G,11,3,0,0,3,2,11,-9,0,0.0,,fussball.de
271,SC Regensburg,Bayern,Bayern,4,Bayernliga,Frauen Bayernliga,0319LR9N1K000005VS5489BUVV628VP4-G,12,2,0,0,2,1,7,-6,0,0.0,,fussball.de
272,SG Kaarst,Niederrhein,Niederrhein,4,Niederrheinliga,Frauen Niederrheinliga,031EETE59G00000CVS5489BUVUR5FS5A-G,13,2,0,0,2,1,7,-6,0,0.0,,fussball.de
273,TSG Burg Gretesch/ Osnabrücker SC,Niedersachsen,Niedersachsen,4,Oberliga Niedersachsen,AOK-Frauenmeisterschaft Niedersachsen West,03132M2M74000006VS5489BTVU7GTVLE-G,14,4,0,0,4,1,13,-12,0,0.0,,fussball.de
274,FC Thüringen Weida,Thüringen,Thüringen,4,Verbandsliga,Thüringenliga Staffel 3,031HD0R2RG000004VS5489BTVVG7L386-G,5,1,0,0,1,0,3,-3,0,0.0,,fussball.de
275,HSC Hannover,Niedersachsen,Niedersachsen,4,Oberliga Niedersachsen,AOK-Frauenmeisterschaft Niedersachsen Ost,03132M2LUO000006VS5489BTVU7GTVLE-G,15,4,0,0,4,2,15,-13,0,0.0,,fussball.de
276,FC Einheit Bad Berka,Thüringen,Thüringen,4,Verbandsliga,Thüringenliga Staffel 2,031HD0I3L4000003VS5489BTVVG7L386-G,5,2,0,0,2,1,8,-7,0,0.0,,fussball.de
277,SG Blau-Weiß Beelitz,Brandenburg,Brandenburg,4,Landesliga,Landesliga · Brandenburg,0316J4BA3C000002VS5489BTVU7GTVLE-G,8,2,0,0,2,1,8,-7,0,0.0,,fussball.de
278,SG Nahe,Saarland,Saarland,4,Verbandsliga,Verbandsliga · Saarland,031AT6R77O000004VS5489BUVV628VP4-G,9,2,0,0,2,1,8,-7,0,0.0,,fussball.de
279,Eilbek 1.Fr.,Hamburg,Hamburg,4,Verbandsliga,FOL Frauen-Oberliga Hamburg,0314C5SDDO00000EVS5489BTVU7GTVLE-G,11,3,0,0,3,2,13,-11,0,0.0,,fussball.de
280,FFV Fortuna Göcklingen,Südwest,Südwest,4,Verbandsliga,Frauen Verbandsliga Südwest,0319RAI0D4000004VS5489BUVV628VP4-G,12,4,0,0,4,5,20,-15,0,0.0,,fussball.de
281,SG Einheit Halle,Sachsen-Anhalt,Sachsen-Anhalt,4,Verbandsliga,Humanas Frauen-Verbandsliga · Sachsen-Anhalt,030BND22OG000004VS5489BTVTJUP7HP-G,7,1,0,0,1,1,5,-4,0,0.0,,fussball.de
282,Viktoria Berlin II (U23W),Berlin,Berlin,4,Verbandsliga,Frauen Berlin-Liga,0317AJDKH000000HVS5489BUVSBBVPEU-G,10,1,0,0,1,1,5,-4,0,0.0,,fussball.de
283,DJK VfL Billerbeck,Westfalen,Westfalen,4,Verbandsliga,Frauen-Westfalenliga,0314GURVOK000012VS5489BUVSBBVPEU-G,13,2,0,0,2,1,9,-8,0,0.0,,fussball.de
284,Sternschanze 1.Fr.,Hamburg,Hamburg,4,Verbandsliga,FOL Frauen-Oberliga Hamburg,0314C5SDDO00000EVS5489BTVU7GTVLE-G,12,3,0,0,3,1,13,-12,0,0.0,,fussball.de
285,FC Internationale Berlin,Berlin,Berlin,4,Verbandsliga,Frauen Berlin-Liga,0317AJDKH000000HVS5489BUVSBBVPEU-G,12,2,0,0,2,1,10,-9,0,0.0,,fussball.de
286,TSV 1860 Stralsund (1:8),Mecklenburg-Vorpommern,Mecklenburg-Vorpommern,4,Verbandsliga,Verbandsliga Frauen · Mecklenburg-Vorpommern,031JFG3C6S000005VS5489BUVVKNMR0J-G,7,1,0,0,1,0,5,-5,0,0.0,,fussball.de
287,TSV Sundhausen 1869,Thüringen,Thüringen,4,Verbandsliga,Thüringenliga Staffel 1,031HD07908000004VS5489BTVVG7L386-G,3,1,0,0,1,0,5,-5,0,0.0,,fussball.de
288,SV Oesbern,Westfalen,Westfalen,4,Verbandsliga,Frauen-Westfalenliga,0314GURVOK000012VS5489BUVSBBVPEU-G,14,3,0,0,3,2,23,-21,0,0.0,,fussball.de
289,SV 1911 Dingelstädt,Thüringen,Thüringen,4,Verbandsliga,Thüringenliga Staffel 1,031HD07908000004VS5489BTVVG7L386-G,5,2,0,0,2,4,19,-15,0,0.0,,fussball.de
290,Moabiter FSV,Berlin,Berlin,4,Verbandsliga,Frauen Berlin-Liga,0317AJDKH000000HVS5489BUVSBBVPEU-G,13,2,0,0,2,0,15,-15,0,0.0,,fussball.de
291,SV Germania Hergisdorf,Sachsen-Anhalt,Sachsen-Anhalt,4,Verbandsliga,Humanas Frauen-Verbandsliga · Sachsen-Anhalt,030BND22OG000004VS5489BTVTJUP7HP-G,8,1,0,0,1,1,9,-8,0,0.0,,fussball.de
292,GSV 1910 Moers,Niederrhein,Niederrhein,4,Niederrheinliga,Frauen Niederrheinliga,031EETE59G00000CVS5489BUVUR5FS5A-G,14,2,0,0,2,0,17,-17,0,0.0,,fussball.de
293,FSV Waltershausen,Thüringen,Thüringen,4,Verbandsliga,Thüringenliga Staffel 1,031HD07908000004VS5489BTVVG7L386-G,4,1,0,0,1,1,10,-9,0,0.0,,fussball.de
294,SV Blau Weiß Dölau,Sachsen-Anhalt,Sachsen-Anhalt,4,Verbandsliga,Humanas Frauen-Verbandsliga · Sachsen-Anhalt,030BND22OG000004VS5489BTVTJUP7HP-G,9,2,0,0,2,0,24,-24,0,0.0,,fussball.de
295,SV 19 Bübingen,Saarland,Saarland,4,Verbandsliga,Verbandsliga · Saarland,031AT6R77O000004VS5489BUVV628VP4-G,12,2,0,0,2,0,29,-29,0,0.0,,fussball.de
296,Wittenauer SC Concordia,Berlin,Berlin,4,Verbandsliga,Frauen Berlin-Liga,0317AJDKH000000HVS5489BUVSBBVPEU-G,14,1,0,0,1,1,3,-2,-3,-3.0,,fussball.de
297,SG FSV Einheit Eisenberg,Thüringen,Kreis Erfurt-Sömmerda,5,Kreisoberliga,Frauen KOL St.2 · Kreis Erfurt-Sömmerda,031DS5KIMK000004VS5489BUVUR5FS5A-G,1,1,1,0,0,24,0,24,3,3.0,,fussball.de
298,FV 1946 Hanhofen,Südwest,Südwest,5,Landesliga,Frauen Landesliga Süd · Südwest,031CH7VJNG000004VS5489BTVUS470OH-G,7,1,1,0,0,16,0,16,3,3.0,,fussball.de
299,Fischbacher SV,Thüringen,Kreis Westthüringen,5,Kreisoberliga,KREISOBERLIGA FRAUEN · Kreis Westthüringen,031CG84VVO000006VS5489BTVUS470OH-G,1,1,1,0,0,12,0,12,3,3.0,,fussball.de
300,PSV Röbel-Müritz,Mecklenburg-Vorpommern,Kreis Schwerin-Nordwestmeckl.,5,Kreisoberliga,Frauen Kreisoberliga · Kreis Schwerin-Nordwestmeckl.,031A8QCF10000008VS5489BTVSK8S3O6-G,1,2,2,0,0,25,2,23,6,3.0,,fussball.de
301,FSV Silvester 91 Bad Salzungen,Thüringen,Kreis Westthüringen,5,Kreisoberliga,KREISOBERLIGA FRAUEN · Kreis Westthüringen,031CG84VVO000006VS5489BTVUS470OH-G,2,1,1,0,0,12,1,11,3,3.0,,fussball.de
302,SC 1919 Heudeber (flex),Sachsen-Anhalt,Sachsen-Anhalt,5,Landesliga,Landesliga Nord · Sachsen-Anhalt,030BNDVH1C000000VS5489BTVTJUP7HP-G,1,1,1,0,0,12,2,10,3,3.0,,fussball.de
303,1. Eintracht Spandau,Berlin,Berlin,5,Landesliga,Frauen Landesliga · Berlin,0317AJEGF800000JVS5489BUVSBBVPEU-G,5,1,1,0,0,10,0,10,3,3.0,,fussball.de
304,1. FFC Chemnitz,Sachsen,Sachsen,5,Landesklasse,Sachsenklasse Frauen Süd/West,031DBL3A1G000004VS5489BTVUS470OH-G,4,1,1,0,0,9,0,9,3,3.0,,fussball.de
305,Gostorfer SV,Mecklenburg-Vorpommern,Kreis Schwerin-Nordwestmeckl.,5,Kreisoberliga,Frauen Kreisoberliga · Kreis Schwerin-Nordwestmeckl.,031A8QCF10000008VS5489BTVSK8S3O6-G,2,2,2,0,0,18,1,17,6,3.0,,fussball.de
306,Lübzer SV,Mecklenburg-Vorpommern,Kreis Schwerin-Nordwestmeckl.,5,Kreisoberliga,Frauen Kreisoberliga · Kreis Schwerin-Nordwestmeckl.,031A8QCF10000008VS5489BTVSK8S3O6-G,3,2,2,0,0,18,1,17,6,3.0,,fussball.de
307,SC Dortelweil II,Hessen,Hessen,5,Verbandsliga,Frauen VL Gr.Süd · Hessen,031CO20P7C00000DVS5489BTVUS470OH-G,5,1,1,0,0,8,0,8,3,3.0,,fussball.de
308,Germania Olvenstedt e.V. (flex),Sachsen-Anhalt,Sachsen-Anhalt,5,Landesliga,Landesliga Nord · Sachsen-Anhalt,030BNDVH1C000000VS5489BTVTJUP7HP-G,3,1,1,0,0,8,1,7,3,3.0,,fussball.de
309,Roter Stern Leipzig 99 II,Sachsen,Sachsen,5,Landesklasse,Sachsenklasse Frauen Nord,031DBKN7HK000004VS5489BTVUS470OH-G,3,1,1,0,0,8,1,7,3,3.0,,fussball.de
310,FFV Ingelheim II,Südwest,Südwest,5,Landesliga,Frauen Landesliga Nord · Südwest,031B53B82C000004VS5489BUVV628VP4-G,5,1,1,0,0,7,0,7,3,3.0,,fussball.de
311,SV Frohndorf/Orlishausen,Thüringen,Kreis Erfurt-Sömmerda,5,Kreisoberliga,Frauen KOL St.1 · Kreis Erfurt-Sömmerda,031DS4P7V8000007VS5489BUVUR5FS5A-G,1,1,1,0,0,7,0,7,3,3.0,,fussball.de
312,Delbrücker SC,Westfalen,Westfalen,5,Landesliga,IGA 2027 Frauen Landesliga Staffel 1 · Westfalen,0314GV0PE000000TVS5489BUVSBBVPEU-G,1,3,3,0,0,20,3,17,9,3.0,,fussball.de
313,VfL Wahrenholz,Niedersachsen,Bezirk Braunschweig,5,Landesliga,Frauen Landesliga Braunschweig,031AHIK0EC000009VS5489BUVV628VP4-G,1,2,2,0,0,12,1,11,6,3.0,,fussball.de
314,BSV Schönau 1983,Sachsen,Sachsen,5,Landesklasse,Sachsenklasse Frauen Nord,031DBKN7HK000004VS5489BTVUS470OH-G,1,2,2,0,0,11,0,11,6,3.0,,fussball.de
315,Eintracht Braunschweig II,Niedersachsen,Bezirk Braunschweig,5,Landesliga,Frauen Landesliga Braunschweig,031AHIK0EC000009VS5489BUVV628VP4-G,2,2,2,0,0,14,4,10,6,3.0,,fussball.de
316,SV Göttelborn,Saarland,Saarland,5,Landesliga,Landesliga · Saarland,031BSNK0K0000005VS5489BTVUS470OH-G,1,2,2,0,0,13,3,10,6,3.0,,fussball.de
317,SGV Nürnberg-Fürth,Bayern,Bayern,5,Landesliga,Frauen Landesliga Nord · Bayern,0319LIUD18000005VS5489BUVV628VP4-G,1,2,2,0,0,12,2,10,6,3.0,,fussball.de
318,SG LVB,Sachsen,Sachsen,5,Landesklasse,Sachsenklasse Frauen Nord,031DBKN7HK000004VS5489BTVUS470OH-G,2,2,2,0,0,11,1,10,6,3.0,,fussball.de
319,SV Conc. Riethnordhausen,Thüringen,Kreis Erfurt-Sömmerda,5,Kreisoberliga,Frauen KOL St.1 · Kreis Erfurt-Sömmerda,031DS4P7V8000007VS5489BUVUR5FS5A-G,2,1,1,0,0,5,0,5,3,3.0,,fussball.de
320,SV Boostedt,Schleswig-Holstein,Schleswig-Holstein,5,Landesliga,Landesliga Holstein · Schleswig-Holstein,0311JA61C4000007VS5489BUVVARDA0V-G,1,3,3,0,0,14,0,14,9,3.0,,fussball.de
321,FSV Wacker 90 Nordhausen,Thüringen,Kreis Nordthüringen,5,Kreisoberliga,Teamsport NDH Kreisoberliga · Kreis Nordthüringen,0319T83L38000006VS5489BTVSK8S3O6-G,1,2,2,0,0,11,2,9,6,3.0,,fussball.de
322,SG Denkershausen/Lagersh.,Niedersachsen,Bezirk Braunschweig,5,Landesliga,Frauen Landesliga Braunschweig,031AHIK0EC000009VS5489BUVV628VP4-G,3,2,2,0,0,11,2,9,6,3.0,,fussball.de
323,SFC Stern 1900 II,Berlin,Berlin,5,Landesliga,Frauen Landesliga · Berlin,0317AJEGF800000JVS5489BUVSBBVPEU-G,1,2,2,0,0,10,1,9,6,3.0,,fussball.de
324,SG Barockstadt Fulda-Lehnerz,Hessen,Hessen,5,Verbandsliga,Frauen VL Gr.Nord · Hessen,031CO20PGG00000FVS5489BTVUS470OH-G,4,2,2,0,0,9,0,9,6,3.0,,fussball.de
325,1. FC Nackenheim,Südwest,Südwest,5,Landesliga,Frauen Landesliga Nord · Südwest,031B53B82C000004VS5489BUVV628VP4-G,1,3,3,0,0,14,1,13,9,3.0,,fussball.de
326,SV Olympia Uelsen,Niedersachsen,Bezirk Weser-Ems,5,Landesliga,Frauen Landesliga Weser-Ems,0318B33UGK00000CVS5489BTVU7GTVLE-G,1,3,3,0,0,14,1,13,9,3.0,,fussball.de
327,FSV Forst Borgsdorf I,Brandenburg,Brandenburg,5,Landesklasse,Landesklasse West · Brandenburg,031DE2C0NO000003VS5489BTVUS470OH-G,1,1,1,0,0,6,2,4,3,3.0,,fussball.de
328,SV Babelsberg 03 II,Brandenburg,Brandenburg,5,Landesklasse,Landesklasse West · Brandenburg,031DE2C0NO000003VS5489BTVUS470OH-G,2,1,1,0,0,6,2,4,3,3.0,,fussball.de
329,SV Kottweiler-Schwanden II,Südwest,Südwest,5,Landesliga,Frauen Landesliga West · Südwest,031CDUVGJO000007VS5489BUVUR5FS5A-G,5,1,1,0,0,5,1,4,3,3.0,,fussball.de
330,FSV Preußen Bad Langensalza,Thüringen,Kreis Nordthüringen,5,Kreisoberliga,Teamsport NDH Kreisoberliga · Kreis Nordthüringen,0319T83L38000006VS5489BTVSK8S3O6-G,2,2,2,0,0,9,1,8,6,3.0,,fussball.de
331,SC Amicitia München,Bayern,Bayern,5,Landesliga,Frauen Landesliga Süd · Bayern,0319LIUD90000005VS5489BUVV628VP4-G,1,2,2,0,0,8,0,8,6,3.0,,fussball.de
332,Spg. Rotation Halle Neustadt 96 (flex),Sachsen-Anhalt,Sachsen-Anhalt,5,Landesliga,Landesliga Süd · Sachsen-Anhalt,030BNE372O000003VS5489BTVTJUP7HP-G,2,1,1,0,0,4,0,4,3,3.0,,fussball.de
333,SpVgg Horsthausen,Westfalen,Westfalen,5,Landesliga,IGA 2027 Frauen Landesliga Staffel 2 · Westfalen,0314GV0PQ8000012VS5489BUVSBBVPEU-G,1,3,3,0,0,14,3,11,9,3.0,,fussball.de
334,FC Schalke 04 II,Westfalen,Westfalen,5,Landesliga,IGA 2027 Frauen Landesliga Staffel 2 · Westfalen,0314GV0PQ8000012VS5489BUVSBBVPEU-G,2,3,3,0,0,12,1,11,9,3.0,,fussball.de
335,NFV Gelb-Weiß Görlitz 09,Sachsen,Sachsen,5,Landesklasse,Sachsenklasse Frauen Ost,031DBKCDVK000004VS5489BTVUS470OH-G,1,2,2,0,0,10,3,7,6,3.0,,fussball.de
336,FSG Schwalbach/Niederhöchstadt,Hessen,Hessen,5,Verbandsliga,Frauen VL Gr.Süd · Hessen,031CO20P7C00000DVS5489BTVUS470OH-G,1,4,4,0,0,18,4,14,12,3.0,,fussball.de
337,TSV Zarpen,Schleswig-Holstein,Schleswig-Holstein,5,Landesliga,Landesliga Holstein · Schleswig-Holstein,0311JA61C4000007VS5489BUVVARDA0V-G,3,2,2,0,0,9,2,7,6,3.0,,fussball.de
338,DJK Arminia Klosterhardt,Niederrhein,Niederrhein,5,Landesliga,Landesliga Gruppe 1 · Niederrhein,031EEUBQEO00000JVS5489BUVUR5FS5A-G,1,2,2,0,0,8,1,7,6,3.0,,fussball.de
339,SV Thenried,Bayern,Bayern,5,Landesliga,Frauen Landesliga Nord · Bayern,0319LIUD18000005VS5489BUVV628VP4-G,2,2,2,0,0,8,1,7,6,3.0,,fussball.de
340,TSV Limmer II,Niedersachsen,Bezirk Hannover,5,Landesliga,Frauen Landesliga Hannover,031DQ9GU3O000005VS5489BTVUS470OH-G,1,2,2,0,0,8,1,7,6,3.0,,fussball.de
341,FSG Niedergrafschaft I,Niedersachsen,Bezirk Weser-Ems,5,Landesliga,Frauen Landesliga Weser-Ems,0318B33UGK00000CVS5489BTVU7GTVLE-G,2,3,3,0,0,12,2,10,9,3.0,,fussball.de
342,Probsteier SG 2012,Schleswig-Holstein,Schleswig-Holstein,5,Landesliga,Landesliga Holstein · Schleswig-Holstein,0311JA61C4000007VS5489BUVVARDA0V-G,2,3,3,0,0,12,2,10,9,3.0,,fussball.de
343,Berolina Mitte II,Berlin,Berlin,5,Landesliga,Frauen Landesliga · Berlin,0317AJEGF800000JVS5489BUVSBBVPEU-G,2,2,2,0,0,10,4,6,6,3.0,,fussball.de
344,SG Scheidt-Rentrisch,Saarland,Saarland,5,Landesliga,Landesliga · Saarland,031BSNK0K0000005VS5489BTVUS470OH-G,5,1,1,0,0,4,1,3,3,3.0,,fussball.de
345,SV Langenhorst Welbergen,Westfalen,Westfalen,5,Landesliga,IGA 2027 Frauen Landesliga Staffel 3 · Westfalen,0314GV0Q5G00000RVS5489BUVSBBVPEU-G,1,3,3,0,0,12,3,9,9,3.0,,fussball.de
346,SpVg Aurich U23,Niedersachsen,Bezirk Weser-Ems,5,Landesliga,Frauen Landesliga Weser-Ems,0318B33UGK00000CVS5489BTVU7GTVLE-G,4,2,2,0,0,8,2,6,6,3.0,,fussball.de
347,UH-Adler 1.Fr.,Hamburg,Hamburg,5,Landesliga,FLL Landesliga Frauen · Hamburg,0314C6O8LC00000FVS5489BTVU7GTVLE-G,1,3,3,0,0,12,4,8,9,3.0,,fussball.de
348,FC Phönix 21 Bellheim,Südwest,Südwest,5,Landesliga,Frauen Landesliga Süd · Südwest,031CH7VJNG000004VS5489BTVUS470OH-G,1,3,3,0,0,11,3,8,9,3.0,,fussball.de
349,VfR Baumholder,Südwest,Südwest,5,Landesliga,Frauen Landesliga West · Südwest,031CDUVGJO000007VS5489BUVUR5FS5A-G,1,3,3,0,0,11,3,8,9,3.0,,fussball.de
350,SV Eintracht Lüneburg,Niedersachsen,Bezirk Lüneburg,5,Landesliga,Frauen Landesliga Lüneburg,0316TBGAE8000008VS5489BTVU7GTVLE-G,1,3,3,0,0,10,2,8,9,3.0,,fussball.de
351,SC Biberbach,Bayern,Bayern,5,Landesliga,Frauen Landesliga Süd · Bayern,0319LIUD90000005VS5489BUVV628VP4-G,2,2,2,0,0,8,3,5,6,3.0,,fussball.de
352,SV Borussia Emsdetten,Westfalen,Westfalen,5,Landesliga,IGA 2027 Frauen Landesliga Staffel 3 · Westfalen,0314GV0Q5G00000RVS5489BUVSBBVPEU-G,4,2,2,0,0,8,3,5,6,3.0,,fussball.de
353,SV 1913 Walbeck,Niederrhein,Niederrhein,5,Landesliga,Landesliga Gruppe 1 · Niederrhein,031EEUBQEO00000JVS5489BUVUR5FS5A-G,2,2,2,0,0,7,2,5,6,3.0,,fussball.de
354,MSV Duisburg II. U23,Niederrhein,Niederrhein,5,Landesliga,Landesliga Gruppe 2 · Niederrhein,031EEUBQO400000KVS5489BUVUR5FS5A-G,1,2,2,0,0,6,1,5,6,3.0,,fussball.de
355,SG Langenhorn/Enge-Sande,Schleswig-Holstein,Schleswig-Holstein,5,Landesliga,Landesliga Schleswig · Schleswig-Holstein,0311JA6138000007VS5489BUVVARDA0V-G,3,2,2,0,0,6,1,5,6,3.0,,fussball.de
356,SV Empor Berlin,Berlin,Berlin,5,Landesliga,Frauen Landesliga · Berlin,0317AJEGF800000JVS5489BUVSBBVPEU-G,3,2,2,0,0,6,1,5,6,3.0,,fussball.de
357,TSV Turnerbund München,Bayern,Bayern,5,Landesliga,Frauen Landesliga Süd · Bayern,0319LIUD90000005VS5489BUVV628VP4-G,3,2,2,0,0,6,1,5,6,3.0,,fussball.de
358,TUS Schwachhausen,Bremen,Bremen,5,Landesliga,Landesliga - Hauptrunde · Bremen,031FAQL8I000000AVS5489BTVUS470OH-G,1,2,2,0,0,6,1,5,6,3.0,,fussball.de
359,TSB Flensburg,Schleswig-Holstein,Schleswig-Holstein,5,Landesliga,Landesliga Schleswig · Schleswig-Holstein,0311JA6138000007VS5489BUVVARDA0V-G,1,3,3,0,0,13,6,7,9,3.0,,fussball.de
360,FC Viktoria Schaafheim,Hessen,Hessen,5,Verbandsliga,Frauen VL Gr.Süd · Hessen,031CO20P7C00000DVS5489BTVUS470OH-G,2,3,3,0,0,10,3,7,9,3.0,,fussball.de
361,SG Anderlingen/Byhusen,Niedersachsen,Bezirk Lüneburg,5,Landesliga,Frauen Landesliga Lüneburg,0316TBGAE8000008VS5489BTVU7GTVLE-G,2,3,3,0,0,10,3,7,9,3.0,,fussball.de
362,Wellingsbüttel 1.Fr.,Hamburg,Hamburg,5,Landesliga,FLL Landesliga Frauen · Hamburg,0314C6O8LC00000FVS5489BTVU7GTVLE-G,2,3,3,0,0,10,3,7,9,3.0,,fussball.de
363,TSV 1861 Spitzkunnersdorf,Sachsen,Sachsen,5,Landesklasse,Sachsenklasse Frauen Ost,031DBKCDVK000004VS5489BTVUS470OH-G,2,2,2,0,0,8,4,4,6,3.0,,fussball.de
364,Hallescher FC 2,Sachsen-Anhalt,Sachsen-Anhalt,5,Landesliga,Landesliga Süd · Sachsen-Anhalt,030BNE372O000003VS5489BTVTJUP7HP-G,1,2,2,0,0,6,2,4,6,3.0,,fussball.de
365,SpVgg Greuther Fürth 2,Bayern,Bayern,5,Landesliga,Frauen Landesliga Nord · Bayern,0319LIUD18000005VS5489BUVV628VP4-G,3,2,2,0,0,6,2,4,6,3.0,,fussball.de
366,TSV Obermelsungen,Hessen,Hessen,5,Verbandsliga,Frauen VL Gr.Nord · Hessen,031CO20PGG00000FVS5489BTVUS470OH-G,1,4,4,0,0,12,4,8,12,3.0,,fussball.de
367,Wuppertaler SV,Niederrhein,Niederrhein,5,Landesliga,Landesliga Gruppe 2 · Niederrhein,031EEUBQO400000KVS5489BUVUR5FS5A-G,2,2,2,0,0,6,2,4,6,3.0,,fussball.de
368,FC Fleckenberg/Grafschaft,Westfalen,Westfalen,5,Landesliga,IGA 2027 Frauen Landesliga Staffel 2 · Westfalen,0314GV0PQ8000012VS5489BUVSBBVPEU-G,3,3,3,0,0,8,2,6,9,3.0,,fussball.de
369,ESV Eintracht Thum-Herold,Sachsen,Sachsen,5,Landesklasse,Sachsenklasse Frauen Süd/West,031DBL3A1G000004VS5489BTVUS470OH-G,1,2,2,0,0,4,0,4,6,3.0,,fussball.de
370,SG FC An der Fahner Höhe,Thüringen,Kreis Erfurt-Sömmerda,5,Kreisoberliga,Frauen KOL St.1 · Kreis Erfurt-Sömmerda,031DS4P7V8000007VS5489BUVUR5FS5A-G,3,1,1,0,0,2,0,2,3,3.0,,fussball.de
371,SV Affalter,Sachsen,Sachsen,5,Landesklasse,Sachsenklasse Frauen Süd/West,031DBL3A1G000004VS5489BTVUS470OH-G,2,2,2,0,0,4,0,4,6,3.0,,fussball.de
372,TSG 51 Frankfurt,Hessen,Hessen,5,Verbandsliga,Frauen VL Gr.Süd · Hessen,031CO20P7C00000DVS5489BTVUS470OH-G,6,1,1,0,0,2,0,2,3,3.0,,fussball.de
373,FSG Union / Schwefingen,Niedersachsen,Bezirk Weser-Ems,5,Landesliga,Frauen Landesliga Weser-Ems,0318B33UGK00000CVS5489BTVU7GTVLE-G,3,3,3,0,0,9,4,5,9,3.0,,fussball.de
374,SF BG Marburg II,Hessen,Hessen,5,Verbandsliga,Frauen VL Gr.Nord · Hessen,031CO20PGG00000FVS5489BTVUS470OH-G,2,3,3,0,0,6,1,5,9,3.0,,fussball.de
375,Eintracht Höhbernsee,Niedersachsen,Bezirk Braunschweig,5,Landesliga,Frauen Landesliga Braunschweig,031AHIK0EC000009VS5489BUVV628VP4-G,4,2,2,0,0,3,0,3,6,3.0,,fussball.de
376,MSV Zossen 07,Brandenburg,Brandenburg,5,Landesklasse,Landesklasse Ost · Brandenburg,031DE495N0000003VS5489BTVUS470OH-G,1,1,1,0,0,4,3,1,3,3.0,,fussball.de
377,Grafschafter FSG,Rheinland,Bezirk Rheinland,5,Bezirksliga,Bezirksliga 2 Frauen · Bezirk Rheinland,031E5433VC000005VS5489BTVUS470OH-G,3,2,2,0,0,7,5,2,6,3.0,,fussball.de
378,FSV Union Fürstenwalde,Brandenburg,Brandenburg,5,Landesklasse,Landesklasse Ost · Brandenburg,031DE495N0000003VS5489BTVUS470OH-G,2,1,1,0,0,3,2,1,3,3.0,,fussball.de
379,Bischofswerdaer FV 08 II,Sachsen,Sachsen,5,Landesklasse,Sachsenklasse Frauen Ost,031DBKCDVK000004VS5489BTVUS470OH-G,3,2,2,0,0,5,3,2,6,3.0,,fussball.de
380,SG Georgsdorf/Veldhausen/Esche,Niedersachsen,Bezirk Weser-Ems,5,Landesliga,Frauen Landesliga Weser-Ems,0318B33UGK00000CVS5489BTVU7GTVLE-G,5,2,2,0,0,5,3,2,6,3.0,,fussball.de
381,FC Neuenhagen 1913,Brandenburg,Brandenburg,5,Landesklasse,Landesklasse Ost · Brandenburg,031DE495N0000003VS5489BTVUS470OH-G,3,1,1,0,0,2,1,1,3,3.0,,fussball.de
382,SC Viktoria Anrath,Niederrhein,Niederrhein,5,Landesliga,Landesliga Gruppe 2 · Niederrhein,031EEUBQO400000KVS5489BUVUR5FS5A-G,6,1,1,0,0,2,1,1,3,3.0,,fussball.de
383,SG Freinsheim - Leistadt,Südwest,Südwest,5,Landesliga,Frauen Landesliga Nord · Südwest,031B53B82C000004VS5489BUVV628VP4-G,6,1,1,0,0,2,1,1,3,3.0,,fussball.de
384,SG WaNiRiO,Saarland,Saarland,5,Landesliga,Landesliga · Saarland,031BSNK0K0000005VS5489BTVUS470OH-G,2,2,2,0,0,4,2,2,6,3.0,,fussball.de
385,SV Kirchberg i. W.,Bayern,Bayern,5,Landesliga,Frauen Landesliga Süd · Bayern,0319LIUD90000005VS5489BUVV628VP4-G,4,2,2,0,0,3,1,2,6,3.0,,fussball.de
386,FC Borntal Erfurt II,Thüringen,Kreis Erfurt-Sömmerda,5,Kreisoberliga,Frauen KOL St.2 · Kreis Erfurt-Sömmerda,031DS5KIMK000004VS5489BUVUR5FS5A-G,3,1,1,0,0,1,0,1,3,3.0,,fussball.de
387,FC Stahl Aken (flex),Sachsen-Anhalt,Sachsen-Anhalt,5,Landesliga,Landesliga Nord · Sachsen-Anhalt,030BNDVH1C000000VS5489BTVTJUP7HP-G,4,1,1,0,0,1,0,1,3,3.0,,fussball.de
388,DJK Watzerath,Rheinland,Bezirk Rheinland,5,Bezirksliga,Bezirksliga 2 Frauen · Bezirk Rheinland,031E5433VC000005VS5489BTVUS470OH-G,1,3,2,1,0,16,6,10,7,2.33,,fussball.de
389,SV Farnewinkel-Nindorf,Schleswig-Holstein,Schleswig-Holstein,5,Landesliga,Landesliga Schleswig · Schleswig-Holstein,0311JA6138000007VS5489BUVVARDA0V-G,2,3,2,1,0,13,4,9,7,2.33,,fussball.de
390,Herforder SV Borussia Friedenstal,Westfalen,Westfalen,5,Landesliga,IGA 2027 Frauen Landesliga Staffel 1 · Westfalen,0314GV0PE000000TVS5489BUVSBBVPEU-G,2,3,2,1,0,14,7,7,7,2.33,,fussball.de
391,1. FC Gievenbeck,Westfalen,Westfalen,5,Landesliga,IGA 2027 Frauen Landesliga Staffel 3 · Westfalen,0314GV0Q5G00000RVS5489BUVSBBVPEU-G,2,3,2,1,0,10,3,7,7,2.33,,fussball.de
392,FC Rot-Weiß Koblenz,Rheinland,Bezirk Rheinland,5,Bezirksliga,Bezirksliga 1 Frauen · Bezirk Rheinland,031E53PO4G000004VS5489BTVUS470OH-G,1,3,2,1,0,10,4,6,7,2.33,,fussball.de
393,FC Viktoria Neupotz,Südwest,Südwest,5,Landesliga,Frauen Landesliga Süd · Südwest,031CH7VJNG000004VS5489BTVUS470OH-G,3,3,2,1,0,9,3,6,7,2.33,,fussball.de
394,1. FFC Montabaur II,Rheinland,Bezirk Rheinland,5,Bezirksliga,Bezirksliga 1 Frauen · Bezirk Rheinland,031E53PO4G000004VS5489BTVUS470OH-G,2,3,2,1,0,8,2,6,7,2.33,,fussball.de
395,SV Bretzenheim II,Südwest,Südwest,5,Landesliga,Frauen Landesliga Nord · Südwest,031B53B82C000004VS5489BUVV628VP4-G,2,3,2,1,0,7,1,6,7,2.33,,fussball.de
396,TSV Nieder-Ramstadt,Hessen,Hessen,5,Verbandsliga,Frauen VL Gr.Süd · Hessen,031CO20P7C00000DVS5489BTVUS470OH-G,3,3,2,1,0,9,5,4,7,2.33,,fussball.de
397,DJK Morscheid,Rheinland,Bezirk Rheinland,5,Bezirksliga,Bezirksliga 2 Frauen · Bezirk Rheinland,031E5433VC000005VS5489BTVUS470OH-G,2,3,2,1,0,8,4,4,7,2.33,,fussball.de
398,TSV Amshausen,Westfalen,Westfalen,5,Landesliga,IGA 2027 Frauen Landesliga Staffel 1 · Westfalen,0314GV0PE000000TVS5489BUVSBBVPEU-G,3,3,2,1,0,8,4,4,7,2.33,,fussball.de
399,SG VfR Kirn/SC Kirn-Sulzbach,Südwest,Südwest,5,Landesliga,Frauen Landesliga West · Südwest,031CDUVGJO000007VS5489BUVUR5FS5A-G,2,3,2,1,0,6,3,3,7,2.33,,fussball.de
400,SV Hundsangen,Rheinland,Bezirk Rheinland,5,Bezirksliga,Bezirksliga 1 Frauen · Bezirk Rheinland,031E53PO4G000004VS5489BTVUS470OH-G,3,3,2,1,0,6,3,3,7,2.33,,fussball.de
401,1. FFC Niederkirchen II,Südwest,Südwest,5,Landesliga,Frauen Landesliga Süd · Südwest,031CH7VJNG000004VS5489BTVUS470OH-G,2,4,3,0,1,13,7,6,9,2.25,,fussball.de
402,TuS 1903/25 Knittelsheim,Südwest,Südwest,5,Landesliga,Frauen Landesliga Süd · Südwest,031CH7VJNG000004VS5489BTVUS470OH-G,6,2,1,1,0,13,2,11,4,2.0,,fussball.de
403,FSG Birlenbach/Schönborn,Rheinland,Bezirk Rheinland,5,Bezirksliga,Bezirksliga 1 Frauen · Bezirk Rheinland,031E53PO4G000004VS5489BTVUS470OH-G,4,2,1,1,0,12,3,9,4,2.0,,fussball.de
404,TSV Fortuna Billigheim-Ingenheim,Südwest,Südwest,5,Landesliga,Frauen Landesliga Süd · Südwest,031CH7VJNG000004VS5489BTVUS470OH-G,4,3,2,0,1,15,6,9,6,2.0,,fussball.de
405,1. FFC Hannover,Niedersachsen,Bezirk Hannover,5,Landesliga,Frauen Landesliga Hannover,031DQ9GU3O000005VS5489BTVUS470OH-G,2,2,1,1,0,8,2,6,4,2.0,,fussball.de
406,TSV Okel,Niedersachsen,Bezirk Hannover,5,Landesliga,Frauen Landesliga Hannover,031DQ9GU3O000005VS5489BTVUS470OH-G,3,2,1,1,0,7,2,5,4,2.0,,fussball.de
407,TSV Eintracht Exten,Niedersachsen,Bezirk Hannover,5,Landesliga,Frauen Landesliga Hannover,031DQ9GU3O000005VS5489BTVUS470OH-G,4,2,1,1,0,5,1,4,4,2.0,,fussball.de
408,FC Lustadt,Südwest,Südwest,5,Landesliga,Frauen Landesliga Süd · Südwest,031CH7VJNG000004VS5489BTVUS470OH-G,5,3,2,0,1,10,5,5,6,2.0,,fussball.de
409,DJK Arminia Ibbenbüren II,Westfalen,Westfalen,5,Landesliga,IGA 2027 Frauen Landesliga Staffel 3 · Westfalen,0314GV0Q5G00000RVS5489BUVSBBVPEU-G,3,3,2,0,1,8,3,5,6,2.0,,fussball.de
410,SV Germania Stirpe,Westfalen,Westfalen,5,Landesliga,IGA 2027 Frauen Landesliga Staffel 1 · Westfalen,0314GV0PE000000TVS5489BUVSBBVPEU-G,4,3,2,0,1,8,3,5,6,2.0,,fussball.de
411,BWS Tündern-Hastenbeck II,Niedersachsen,Bezirk Hannover,5,Landesliga,Frauen Landesliga Hannover,031DQ9GU3O000005VS5489BTVUS470OH-G,5,2,1,1,0,5,2,3,4,2.0,,fussball.de
412,SC Union Nettetal,Niederrhein,Niederrhein,5,Landesliga,Landesliga Gruppe 2 · Niederrhein,031EEUBQO400000KVS5489BUVUR5FS5A-G,3,2,1,1,0,4,1,3,4,2.0,,fussball.de
413,mettmann-sport,Niederrhein,Niederrhein,5,Landesliga,Landesliga Gruppe 2 · Niederrhein,031EEUBQO400000KVS5489BUVUR5FS5A-G,4,2,1,1,0,3,0,3,4,2.0,,fussball.de
414,Polar Pinguin,Berlin,Berlin,5,Landesliga,Frauen Landesliga · Berlin,0317AJEGF800000JVS5489BUVSBBVPEU-G,4,2,1,1,0,8,6,2,4,2.0,,fussball.de
415,TSV Vineta Audorf,Schleswig-Holstein,Schleswig-Holstein,5,Landesliga,Landesliga Schleswig · Schleswig-Holstein,0311JA6138000007VS5489BUVVARDA0V-G,4,3,2,0,1,11,8,3,6,2.0,,fussball.de
416,BV Werther,Westfalen,Westfalen,5,Landesliga,IGA 2027 Frauen Landesliga Staffel 1 · Westfalen,0314GV0PE000000TVS5489BUVSBBVPEU-G,5,3,2,0,1,9,6,3,6,2.0,,fussball.de
417,FC Oste/Oldendorf,Niedersachsen,Bezirk Lüneburg,5,Landesliga,Frauen Landesliga Lüneburg,0316TBGAE8000008VS5489BTVU7GTVLE-G,3,3,2,0,1,9,6,3,6,2.0,,fussball.de
418,Kieler MTV II,Schleswig-Holstein,Schleswig-Holstein,5,Landesliga,Landesliga Holstein · Schleswig-Holstein,0311JA61C4000007VS5489BUVVARDA0V-G,4,3,2,0,1,9,6,3,6,2.0,,fussball.de
419,TV Eiche Horn II,Bremen,Bremen,5,Landesliga,Landesliga - Hauptrunde · Bremen,031FAQL8I000000AVS5489BTVUS470OH-G,2,2,1,1,0,6,4,2,4,2.0,,fussball.de
420,VSK Osterholz-Scharmbeck,Niedersachsen,Bezirk Lüneburg,5,Landesliga,Frauen Landesliga Lüneburg,0316TBGAE8000008VS5489BTVU7GTVLE-G,4,2,1,1,0,5,3,2,4,2.0,,fussball.de
421,TV Brechten,Westfalen,Westfalen,5,Landesliga,IGA 2027 Frauen Landesliga Staffel 2 · Westfalen,0314GV0PQ8000012VS5489BUVSBBVPEU-G,4,3,2,0,1,7,4,3,6,2.0,,fussball.de
422,SG Heiligenfelde/Bassum / Süstedt I,Niedersachsen,Bezirk Hannover,5,Landesliga,Frauen Landesliga Hannover,031DQ9GU3O000005VS5489BTVUS470OH-G,6,2,1,1,0,4,2,2,4,2.0,,fussball.de
423,Vikt. Winnekendonk,Niederrhein,Niederrhein,5,Landesliga,Landesliga Gruppe 1 · Niederrhein,031EEUBQEO00000JVS5489BUVUR5FS5A-G,3,2,1,1,0,4,2,2,4,2.0,,fussball.de
424,1. FFC Ludwigshafen,Südwest,Südwest,5,Landesliga,Frauen Landesliga Nord · Südwest,031B53B82C000004VS5489BUVV628VP4-G,4,2,1,1,0,3,1,2,4,2.0,,fussball.de
425,FSG Kaki-StuSie,Schleswig-Holstein,Schleswig-Holstein,5,Landesliga,Landesliga Holstein · Schleswig-Holstein,0311JA61C4000007VS5489BUVVARDA0V-G,5,3,2,0,1,6,4,2,6,2.0,,fussball.de
426,SV Fortuna Freudenberg II,Westfalen,Westfalen,5,Landesliga,IGA 2027 Frauen Landesliga Staffel 2 · Westfalen,0314GV0PQ8000012VS5489BUVSBBVPEU-G,5,3,2,0,1,6,4,2,6,2.0,,fussball.de
427,AFC Bremen / Bremen United,Bremen,Bremen,5,Landesliga,Landesliga - Hauptrunde · Bremen,031FAQL8I000000AVS5489BTVUS470OH-G,3,2,1,1,0,4,3,1,4,2.0,,fussball.de
428,DJK Grün-Weiß Nottuln,Westfalen,Westfalen,5,Landesliga,IGA 2027 Frauen Landesliga Staffel 3 · Westfalen,0314GV0Q5G00000RVS5489BUVSBBVPEU-G,6,2,1,1,0,3,2,1,4,2.0,,fussball.de
429,SV Fortuna Bottrop,Niederrhein,Niederrhein,5,Landesliga,Landesliga Gruppe 1 · Niederrhein,031EEUBQEO00000JVS5489BUVUR5FS5A-G,4,2,1,1,0,3,2,1,4,2.0,,fussball.de
430,VfR SW Warbeyen 1945 II.,Niederrhein,Niederrhein,5,Landesliga,Landesliga Gruppe 1 · Niederrhein,031EEUBQEO00000JVS5489BUVUR5FS5A-G,5,2,1,1,0,3,2,1,4,2.0,,fussball.de
431,Alstertal-Langenhorn 2.Fr.,Hamburg,Hamburg,5,Landesliga,FLL Landesliga Frauen · Hamburg,0314C6O8LC00000FVS5489BTVU7GTVLE-G,3,3,2,0,1,11,10,1,6,2.0,,fussball.de
432,Rot Weiss Ahlen I,Westfalen,Westfalen,5,Landesliga,IGA 2027 Frauen Landesliga Staffel 3 · Westfalen,0314GV0Q5G00000RVS5489BUVSBBVPEU-G,5,3,2,0,1,7,6,1,6,2.0,,fussball.de
433,SG Rückers,Hessen,Hessen,5,Verbandsliga,Frauen VL Gr.Nord · Hessen,031CO20PGG00000FVS5489BTVUS470OH-G,5,3,2,0,1,6,5,1,6,2.0,,fussball.de
434,SV Germania Salchendorf,Westfalen,Westfalen,5,Landesliga,IGA 2027 Frauen Landesliga Staffel 2 · Westfalen,0314GV0PQ8000012VS5489BUVSBBVPEU-G,6,3,2,0,1,5,5,0,6,2.0,,fussball.de
435,VfB Schloß Holte,Westfalen,Westfalen,5,Landesliga,IGA 2027 Frauen Landesliga Staffel 1 · Westfalen,0314GV0PE000000TVS5489BUVSBBVPEU-G,6,3,2,0,1,7,9,-2,6,2.0,,fussball.de
436,VfR Wormatia 08 Worms II,Südwest,Südwest,5,Landesliga,Frauen Landesliga Nord · Südwest,031B53B82C000004VS5489BUVV628VP4-G,3,3,2,0,1,4,7,-3,6,2.0,,fussball.de
437,SC Peckeloh,Westfalen,Westfalen,5,Landesliga,IGA 2027 Frauen Landesliga Staffel 1 · Westfalen,0314GV0PE000000TVS5489BUVSBBVPEU-G,7,3,2,0,1,9,13,-4,6,2.0,,fussball.de
438,SG Eschenburg,Hessen,Hessen,5,Verbandsliga,Frauen VL Gr.Nord · Hessen,031CO20PGG00000FVS5489BTVUS470OH-G,3,4,2,1,1,14,8,6,7,1.75,,fussball.de
439,TuS Issel II,Rheinland,Bezirk Rheinland,5,Bezirksliga,Bezirksliga 2 Frauen · Bezirk Rheinland,031E5433VC000005VS5489BTVUS470OH-G,4,3,1,2,0,10,6,4,5,1.67,,fussball.de
440,SV Waldenburg 1844,Sachsen,Sachsen,5,Landesklasse,Sachsenklasse Frauen Süd/West,031DBL3A1G000004VS5489BTVUS470OH-G,3,2,1,0,1,13,3,10,3,1.5,,fussball.de
441,SV Eintracht 1919 Walsleben e.V.,Sachsen-Anhalt,Sachsen-Anhalt,5,Landesliga,Landesliga Nord · Sachsen-Anhalt,030BNDVH1C000000VS5489BTVTJUP7HP-G,2,2,1,0,1,10,1,9,3,1.5,,fussball.de
442,SG Heiligenstein/ Harthausen/ Weingarten,Südwest,Südwest,5,Landesliga,Frauen Landesliga Süd · Südwest,031CH7VJNG000004VS5489BTVUS470OH-G,8,2,1,0,1,8,1,7,3,1.5,,fussball.de
443,SG Niederlinxweiler-Winterbach,Saarland,Saarland,5,Landesliga,Landesliga · Saarland,031BSNK0K0000005VS5489BTVUS470OH-G,3,2,1,0,1,12,6,6,3,1.5,,fussball.de
444,SV Weiersbach,Südwest,Südwest,5,Landesliga,Frauen Landesliga West · Südwest,031CDUVGJO000007VS5489BUVUR5FS5A-G,4,2,1,0,1,9,3,6,3,1.5,,fussball.de
445,SG Sport-Freunde Marbach I,Thüringen,Kreis Erfurt-Sömmerda,5,Kreisoberliga,Frauen KOL St.2 · Kreis Erfurt-Sömmerda,031DS5KIMK000004VS5489BUVUR5FS5A-G,2,2,1,0,1,7,1,6,3,1.5,,fussball.de
446,SG 1921 Merxleben,Thüringen,Kreis Nordthüringen,5,Kreisoberliga,Teamsport NDH Kreisoberliga · Kreis Nordthüringen,0319T83L38000006VS5489BTVSK8S3O6-G,3,2,1,0,1,14,9,5,3,1.5,,fussball.de
447,ZFC Meuselwitz in Sn.,Sachsen,Sachsen,5,Landesklasse,Sachsenklasse Frauen Nord,031DBKN7HK000004VS5489BTVUS470OH-G,4,2,1,0,1,12,8,4,3,1.5,,fussball.de
448,SG Niederkirchen - St. Wendel,Saarland,Saarland,5,Landesliga,Landesliga · Saarland,031BSNK0K0000005VS5489BTVUS470OH-G,4,2,1,0,1,7,3,4,3,1.5,,fussball.de
449,TSV Pilgerzell,Hessen,Hessen,5,Verbandsliga,Frauen VL Gr.Nord · Hessen,031CO20PGG00000FVS5489BTVUS470OH-G,6,2,1,0,1,6,2,4,3,1.5,,fussball.de
450,TSV Sickte,Niedersachsen,Bezirk Braunschweig,5,Landesliga,Frauen Landesliga Braunschweig,031AHIK0EC000009VS5489BUVV628VP4-G,5,2,1,0,1,5,1,4,3,1.5,,fussball.de
451,FC Erzgebirge Aue II U23,Sachsen,Sachsen,5,Landesklasse,Sachsenklasse Frauen Süd/West,031DBL3A1G000004VS5489BTVUS470OH-G,5,2,1,0,1,6,3,3,3,1.5,,fussball.de
452,FC Loppenhausen,Bayern,Bayern,5,Landesliga,Frauen Landesliga Süd · Bayern,0319LIUD90000005VS5489BUVV628VP4-G,5,2,1,0,1,4,1,3,3,1.5,,fussball.de
453,SV Rheinbreitbach,Rheinland,Bezirk Rheinland,5,Bezirksliga,Bezirksliga 1 Frauen · Bezirk Rheinland,031E53PO4G000004VS5489BTVUS470OH-G,5,2,1,0,1,7,5,2,3,1.5,,fussball.de
454,SV Leerstetten,Bayern,Bayern,5,Landesliga,Frauen Landesliga Nord · Bayern,0319LIUD18000005VS5489BUVV628VP4-G,4,2,1,0,1,6,4,2,3,1.5,,fussball.de
455,TuS Bröckel,Niedersachsen,Bezirk Hannover,5,Landesliga,Frauen Landesliga Hannover,031DQ9GU3O000005VS5489BTVUS470OH-G,7,2,1,0,1,6,4,2,3,1.5,,fussball.de
456,SpG SV Reichenbach/Seer Wölfe F.C./Holtendorfer SV,Sachsen,Sachsen,5,Landesklasse,Sachsenklasse Frauen Ost,031DBKCDVK000004VS5489BTVUS470OH-G,4,2,1,0,1,5,3,2,3,1.5,,fussball.de
457,SG BreBo,Schleswig-Holstein,Schleswig-Holstein,5,Landesliga,Landesliga Schleswig · Schleswig-Holstein,0311JA6138000007VS5489BUVVARDA0V-G,6,2,1,0,1,7,6,1,3,1.5,,fussball.de
458,SpG Merkwitz/Luppa,Sachsen,Sachsen,5,Landesklasse,Sachsenklasse Frauen Nord,031DBKN7HK000004VS5489BTVUS470OH-G,5,2,1,0,1,7,6,1,3,1.5,,fussball.de
459,SSVg Velbert 02,Niederrhein,Niederrhein,5,Landesliga,Landesliga Gruppe 2 · Niederrhein,031EEUBQO400000KVS5489BUVUR5FS5A-G,5,2,1,0,1,6,5,1,3,1.5,,fussball.de
460,TuS Fleestedt,Niedersachsen,Bezirk Lüneburg,5,Landesliga,Frauen Landesliga Lüneburg,0316TBGAE8000008VS5489BTVU7GTVLE-G,6,2,1,0,1,5,4,1,3,1.5,,fussball.de
461,ATSV Scharmbeckstotel,Niedersachsen,Bezirk Lüneburg,5,Landesliga,Frauen Landesliga Lüneburg,0316TBGAE8000008VS5489BTVU7GTVLE-G,7,2,1,0,1,4,3,1,3,1.5,,fussball.de
462,Alemannia Pfalzdorf,Niederrhein,Niederrhein,5,Landesliga,Landesliga Gruppe 1 · Niederrhein,031EEUBQEO00000JVS5489BUVUR5FS5A-G,6,2,1,0,1,4,3,1,3,1.5,,fussball.de
463,Polizei SV Oldenburg,Niedersachsen,Bezirk Weser-Ems,5,Landesliga,Frauen Landesliga Weser-Ems,0318B33UGK00000CVS5489BTVU7GTVLE-G,7,2,1,0,1,4,3,1,3,1.5,,fussball.de
464,SpVgg Vreden,Westfalen,Westfalen,5,Landesliga,IGA 2027 Frauen Landesliga Staffel 3 · Westfalen,0314GV0Q5G00000RVS5489BUVSBBVPEU-G,7,2,1,0,1,4,3,1,3,1.5,,fussball.de
465,TuS Heltersberg,Südwest,Südwest,5,Landesliga,Frauen Landesliga West · Südwest,031CDUVGJO000007VS5489BUVUR5FS5A-G,6,2,1,0,1,2,1,1,3,1.5,,fussball.de
466,SC Adelsdorf,Bayern,Bayern,5,Landesliga,Frauen Landesliga Nord · Bayern,0319LIUD18000005VS5489BUVV628VP4-G,5,2,1,0,1,7,7,0,3,1.5,,fussball.de
467,SV Borussia 09 Spiesen,Saarland,Saarland,5,Landesliga,Landesliga · Saarland,031BSNK0K0000005VS5489BTVUS470OH-G,6,2,1,0,1,7,7,0,3,1.5,,fussball.de
468,Blau-Weiß 96 1.Fr.,Hamburg,Hamburg,5,Landesliga,FLL Landesliga Frauen · Hamburg,0314C6O8LC00000FVS5489BTVU7GTVLE-G,8,2,1,0,1,5,5,0,3,1.5,,fussball.de
469,Tuspo Richrath,Niederrhein,Niederrhein,5,Landesliga,Landesliga Gruppe 2 · Niederrhein,031EEUBQO400000KVS5489BUVUR5FS5A-G,7,2,1,0,1,5,5,0,3,1.5,,fussball.de
470,VfB Annweiler,Südwest,Südwest,5,Landesliga,Frauen Landesliga Süd · Südwest,031CH7VJNG000004VS5489BTVUS470OH-G,9,2,1,0,1,5,5,0,3,1.5,,fussball.de
471,GW Lankern II.,Niederrhein,Niederrhein,5,Landesliga,Landesliga Gruppe 1 · Niederrhein,031EEUBQEO00000JVS5489BUVUR5FS5A-G,7,2,1,0,1,4,4,0,3,1.5,,fussball.de
472,Schwabthaler SV,Bayern,Bayern,5,Landesliga,Frauen Landesliga Nord · Bayern,0319LIUD18000005VS5489BUVV628VP4-G,6,2,1,0,1,4,4,0,3,1.5,,fussball.de
473,SpG Thonberger SC/SV Königsbrück/Laußnitz/SV Grün Weiß Elstra,Sachsen,Sachsen,5,Landesklasse,Sachsenklasse Frauen Ost,031DBKCDVK000004VS5489BTVUS470OH-G,5,2,1,0,1,4,4,0,3,1.5,,fussball.de
474,TUS Bad Aibling,Bayern,Bayern,5,Landesliga,Frauen Landesliga Süd · Bayern,0319LIUD90000005VS5489BUVV628VP4-G,6,2,1,0,1,4,4,0,3,1.5,,fussball.de
475,1. FC Rodewisch,Sachsen,Sachsen,5,Landesklasse,Sachsenklasse Frauen Süd/West,031DBL3A1G000004VS5489BTVUS470OH-G,6,2,1,0,1,3,3,0,3,1.5,,fussball.de
476,SV 1861 Kirchberg,Sachsen,Sachsen,5,Landesklasse,Sachsenklasse Frauen Süd/West,031DBL3A1G000004VS5489BTVUS470OH-G,7,2,1,0,1,3,3,0,3,1.5,,fussball.de
477,TSV Buch,Bayern,Bayern,5,Landesliga,Frauen Landesliga Nord · Bayern,0319LIUD18000005VS5489BUVV628VP4-G,7,2,1,0,1,3,3,0,3,1.5,,fussball.de
478,MTV Jeddingen,Niedersachsen,Bezirk Lüneburg,5,Landesliga,Frauen Landesliga Lüneburg,0316TBGAE8000008VS5489BTVU7GTVLE-G,8,2,1,0,1,2,2,0,3,1.5,,fussball.de
479,PSV Bork,Westfalen,Westfalen,5,Landesliga,IGA 2027 Frauen Landesliga Staffel 3 · Westfalen,0314GV0Q5G00000RVS5489BUVSBBVPEU-G,8,2,1,0,1,6,7,-1,3,1.5,,fussball.de
480,SF Königshardt,Niederrhein,Niederrhein,5,Landesliga,Landesliga Gruppe 1 · Niederrhein,031EEUBQEO00000JVS5489BUVUR5FS5A-G,8,2,1,0,1,6,7,-1,3,1.5,,fussball.de
481,FC Anker Wismar,Mecklenburg-Vorpommern,Kreis Schwerin-Nordwestmeckl.,5,Kreisoberliga,Frauen Kreisoberliga · Kreis Schwerin-Nordwestmeckl.,031A8QCF10000008VS5489BTVSK8S3O6-G,4,2,1,0,1,4,5,-1,3,1.5,,fussball.de
482,FFC Wacker München 2,Bayern,Bayern,5,Landesliga,Frauen Landesliga Süd · Bayern,0319LIUD90000005VS5489BUVV628VP4-G,7,2,1,0,1,4,5,-1,3,1.5,,fussball.de
483,FSV Sittendorf 90 e.V. (flex),Sachsen-Anhalt,Sachsen-Anhalt,5,Landesliga,Landesliga Süd · Sachsen-Anhalt,030BNE372O000003VS5489BTVTJUP7HP-G,3,2,1,0,1,2,3,-1,3,1.5,,fussball.de
484,SC 1936 Grimlinghausen,Niederrhein,Niederrhein,5,Landesliga,Landesliga Gruppe 2 · Niederrhein,031EEUBQO400000KVS5489BUVUR5FS5A-G,8,2,1,0,1,2,3,-1,3,1.5,,fussball.de
485,SG TSV Großfahner,Thüringen,Kreis Erfurt-Sömmerda,5,Kreisoberliga,Frauen KOL St.1 · Kreis Erfurt-Sömmerda,031DS4P7V8000007VS5489BUVUR5FS5A-G,4,2,1,0,1,1,2,-1,3,1.5,,fussball.de
486,Appen 1.Fr.,Hamburg,Hamburg,5,Landesliga,FLL Landesliga Frauen · Hamburg,0314C6O8LC00000FVS5489BTVU7GTVLE-G,9,2,1,0,1,9,11,-2,3,1.5,,fussball.de
487,Heidenauer SV,Sachsen,Sachsen,5,Landesklasse,Sachsenklasse Frauen Ost,031DBKCDVK000004VS5489BTVUS470OH-G,6,2,1,0,1,4,6,-2,3,1.5,,fussball.de
488,SpVgg Erlangen,Bayern,Bayern,5,Landesliga,Frauen Landesliga Nord · Bayern,0319LIUD18000005VS5489BUVV628VP4-G,8,2,1,0,1,4,6,-2,3,1.5,,fussball.de
489,1.FC Willy Wacker,Südwest,Südwest,5,Landesliga,Frauen Landesliga Nord · Südwest,031B53B82C000004VS5489BUVV628VP4-G,8,2,1,0,1,1,3,-2,3,1.5,,fussball.de
490,SVGO Bremen,Bremen,Bremen,5,Landesliga,Landesliga - Hauptrunde · Bremen,031FAQL8I000000AVS5489BTVUS470OH-G,4,2,1,0,1,3,6,-3,3,1.5,,fussball.de
491,SG Horstmar/Leer,Westfalen,Westfalen,5,Landesliga,IGA 2027 Frauen Landesliga Staffel 3 · Westfalen,0314GV0Q5G00000RVS5489BUVSBBVPEU-G,9,2,1,0,1,1,6,-5,3,1.5,,fussball.de
492,SV Henstedt-Ulzburg II,Schleswig-Holstein,Schleswig-Holstein,5,Landesliga,Landesliga Holstein · Schleswig-Holstein,0311JA61C4000007VS5489BUVVARDA0V-G,8,2,1,0,1,3,9,-6,3,1.5,,fussball.de
493,FC Grimma,Sachsen,Sachsen,5,Landesklasse,Sachsenklasse Frauen Nord,031DBKN7HK000004VS5489BTVUS470OH-G,6,2,1,0,1,2,10,-8,3,1.5,,fussball.de
494,Maifelder SV,Rheinland,Bezirk Rheinland,5,Bezirksliga,Bezirksliga 2 Frauen · Bezirk Rheinland,031E5433VC000005VS5489BTVUS470OH-G,5,3,1,1,1,11,7,4,4,1.33,,fussball.de
495,SG Vulkania Brück-Dreis,Rheinland,Bezirk Rheinland,5,Bezirksliga,Bezirksliga 2 Frauen · Bezirk Rheinland,031E5433VC000005VS5489BTVUS470OH-G,6,3,1,1,1,10,8,2,4,1.33,,fussball.de
496,SC Borchen,Westfalen,Westfalen,5,Landesliga,IGA 2027 Frauen Landesliga Staffel 1 · Westfalen,0314GV0PE000000TVS5489BUVSBBVPEU-G,8,3,1,1,1,7,5,2,4,1.33,,fussball.de
497,BW Lohne,Niedersachsen,Bezirk Weser-Ems,5,Landesliga,Frauen Landesliga Weser-Ems,0318B33UGK00000CVS5489BTVU7GTVLE-G,6,3,1,1,1,5,3,2,4,1.33,,fussball.de
498,Harburger TB 1.Fr.,Hamburg,Hamburg,5,Landesliga,FLL Landesliga Frauen · Hamburg,0314C6O8LC00000FVS5489BTVU7GTVLE-G,4,3,1,1,1,5,5,0,4,1.33,,fussball.de
499,Victoria 2.Fr.,Hamburg,Hamburg,5,Landesliga,FLL Landesliga Frauen · Hamburg,0314C6O8LC00000FVS5489BTVU7GTVLE-G,5,3,1,1,1,5,6,-1,4,1.33,,fussball.de
500,TuS Münchweiler/Als. I,Südwest,Südwest,5,Landesliga,Frauen Landesliga West · Südwest,031CDUVGJO000007VS5489BUVUR5FS5A-G,3,3,1,1,1,6,8,-2,4,1.33,,fussball.de
501,SV Ahlerstedt/Ottendorf II,Niedersachsen,Bezirk Lüneburg,5,Landesliga,Frauen Landesliga Lüneburg,0316TBGAE8000008VS5489BTVU7GTVLE-G,5,3,1,1,1,5,7,-2,4,1.33,,fussball.de
502,BSV Heeren 09/24,Westfalen,Westfalen,5,Landesliga,IGA 2027 Frauen Landesliga Staffel 2 · Westfalen,0314GV0PQ8000012VS5489BUVSBBVPEU-G,7,3,1,1,1,5,8,-3,4,1.33,,fussball.de
503,SG Offenbüttel/Hademarschen II,Schleswig-Holstein,Schleswig-Holstein,5,Landesliga,Landesliga Schleswig · Schleswig-Holstein,0311JA6138000007VS5489BUVVARDA0V-G,5,3,1,1,1,3,6,-3,4,1.33,,fussball.de
504,FSG Sohren,Rheinland,Bezirk Rheinland,5,Bezirksliga,Bezirksliga 2 Frauen · Bezirk Rheinland,031E5433VC000005VS5489BTVUS470OH-G,7,3,1,0,2,12,9,3,3,1.0,,fussball.de
505,Westfalia Dortmund 2022,Westfalen,Westfalen,5,Landesliga,IGA 2027 Frauen Landesliga Staffel 2 · Westfalen,0314GV0PQ8000012VS5489BUVSBBVPEU-G,8,3,1,0,2,9,6,3,3,1.0,,fussball.de
506,SC Münchholzh./Dutenhofen,Hessen,Hessen,5,Verbandsliga,Frauen VL Gr.Nord · Hessen,031CO20PGG00000FVS5489BTVUS470OH-G,7,3,1,0,2,7,4,3,3,1.0,,fussball.de
507,SC Drolshagen,Westfalen,Westfalen,5,Landesliga,IGA 2027 Frauen Landesliga Staffel 2 · Westfalen,0314GV0PQ8000012VS5489BUVSBBVPEU-G,9,3,1,0,2,9,8,1,3,1.0,,fussball.de
508,SG Neudorf-Bornstein / Osdorf,Schleswig-Holstein,Schleswig-Holstein,5,Landesliga,Landesliga Schleswig · Schleswig-Holstein,0311JA6138000007VS5489BUVVARDA0V-G,7,3,1,0,2,7,6,1,3,1.0,,fussball.de
509,FSV 02 Schwerin II,Mecklenburg-Vorpommern,Kreis Schwerin-Nordwestmeckl.,5,Kreisoberliga,Frauen Kreisoberliga · Kreis Schwerin-Nordwestmeckl.,031A8QCF10000008VS5489BTVSK8S3O6-G,6,1,0,1,0,5,5,0,1,1.0,,fussball.de
510,Roter Stern Leipzig 99,Sachsen,Sachsen,5,Landesklasse,Sachsenklasse Frauen Nord,031DBKN7HK000004VS5489BTVUS470OH-G,8,1,0,1,0,4,4,0,1,1.0,,fussball.de
511,SG 03 Ludwigslust / Grabow/FC Rastow,Mecklenburg-Vorpommern,Kreis Schwerin-Nordwestmeckl.,5,Kreisoberliga,Frauen Kreisoberliga · Kreis Schwerin-Nordwestmeckl.,031A8QCF10000008VS5489BTVSK8S3O6-G,5,2,0,2,0,8,8,0,2,1.0,,fussball.de
512,FC Blau-Weiß Leipzig,Sachsen,Sachsen,5,Landesklasse,Sachsenklasse Frauen Nord,031DBKN7HK000004VS5489BTVUS470OH-G,7,2,0,2,0,6,6,0,2,1.0,,fussball.de
513,Eilbek 2.Fr.,Hamburg,Hamburg,5,Landesliga,FLL Landesliga Frauen · Hamburg,0314C6O8LC00000FVS5489BTVU7GTVLE-G,6,3,1,0,2,8,8,0,3,1.0,,fussball.de
514,Eimsbüttel 3.Fr.,Hamburg,Hamburg,5,Landesliga,FLL Landesliga Frauen · Hamburg,0314C6O8LC00000FVS5489BTVU7GTVLE-G,7,3,1,0,2,6,6,0,3,1.0,,fussball.de
515,FSV Babelsberg 74 II,Brandenburg,Brandenburg,5,Landesklasse,Landesklasse West · Brandenburg,031DE2C0NO000003VS5489BTVUS470OH-G,3,1,0,1,0,2,2,0,1,1.0,,fussball.de
516,FSV Brück,Brandenburg,Brandenburg,5,Landesklasse,Landesklasse West · Brandenburg,031DE2C0NO000003VS5489BTVUS470OH-G,4,1,0,1,0,2,2,0,1,1.0,,fussball.de
517,1. FC Sarstedt,Niedersachsen,Bezirk Hannover,5,Landesliga,Frauen Landesliga Hannover,031DQ9GU3O000005VS5489BTVUS470OH-G,8,2,0,2,0,2,2,0,2,1.0,,fussball.de
518,SC Borgfeld II,Bremen,Bremen,5,Landesliga,Landesliga - Hauptrunde · Bremen,031FAQL8I000000AVS5489BTVUS470OH-G,5,1,0,1,0,1,1,0,1,1.0,,fussball.de
519,FSV Blau-Weiß Völkershausen,Thüringen,Kreis Westthüringen,5,Kreisoberliga,KREISOBERLIGA FRAUEN · Kreis Westthüringen,031CG84VVO000006VS5489BTVUS470OH-G,3,1,0,1,0,0,0,0,1,1.0,,fussball.de
520,FSV Rot-Weiss Tabarz,Thüringen,Kreis Westthüringen,5,Kreisoberliga,KREISOBERLIGA FRAUEN · Kreis Westthüringen,031CG84VVO000006VS5489BTVUS470OH-G,4,1,0,1,0,0,0,0,1,1.0,,fussball.de
521,TSG Kammerbach,Hessen,Hessen,5,Verbandsliga,Frauen VL Gr.Nord · Hessen,031CO20PGG00000FVS5489BTVUS470OH-G,8,3,1,0,2,7,8,-1,3,1.0,,fussball.de
522,TV 1895 Albig,Südwest,Südwest,5,Landesliga,Frauen Landesliga Nord · Südwest,031B53B82C000004VS5489BUVV628VP4-G,7,3,1,0,2,5,6,-1,3,1.0,,fussball.de
523,1. FC Mittelbuchen I,Hessen,Hessen,5,Verbandsliga,Frauen VL Gr.Süd · Hessen,031CO20P7C00000DVS5489BTVUS470OH-G,4,4,1,1,2,10,12,-2,4,1.0,,fussball.de
524,TuS Neuenkirchen,Niedersachsen,Bezirk Weser-Ems,5,Landesliga,Frauen Landesliga Weser-Ems,0318B33UGK00000CVS5489BTVU7GTVLE-G,8,3,1,0,2,6,8,-2,3,1.0,,fussball.de
525,SV Kollerbeck,Westfalen,Westfalen,5,Landesliga,IGA 2027 Frauen Landesliga Staffel 1 · Westfalen,0314GV0PE000000TVS5489BUVSBBVPEU-G,9,3,1,0,2,5,7,-2,3,1.0,,fussball.de
526,SSG Rot-Schwarz Kiel II,Schleswig-Holstein,Schleswig-Holstein,5,Landesliga,Landesliga Holstein · Schleswig-Holstein,0311JA61C4000007VS5489BUVVARDA0V-G,6,3,1,0,2,4,6,-2,3,1.0,,fussball.de
527,FC Urbar II,Rheinland,Bezirk Rheinland,5,Bezirksliga,Bezirksliga 1 Frauen · Bezirk Rheinland,031E53PO4G000004VS5489BTVUS470OH-G,6,3,1,0,2,5,8,-3,3,1.0,,fussball.de
528,TSV Poppenhausen,Hessen,Hessen,5,Verbandsliga,Frauen VL Gr.Nord · Hessen,031CO20PGG00000FVS5489BTVUS470OH-G,9,3,1,0,2,4,7,-3,3,1.0,,fussball.de
529,GW Eimsbüttel 1.Fr.,Hamburg,Hamburg,5,Landesliga,FLL Landesliga Frauen · Hamburg,0314C6O8LC00000FVS5489BTVU7GTVLE-G,10,3,1,0,2,5,9,-4,3,1.0,,fussball.de
530,SV Fortuna Bösdorf,Schleswig-Holstein,Schleswig-Holstein,5,Landesliga,Landesliga Holstein · Schleswig-Holstein,0311JA61C4000007VS5489BUVVARDA0V-G,7,3,1,0,2,4,8,-4,3,1.0,,fussball.de
531,TuS Immendorf,Rheinland,Bezirk Rheinland,5,Bezirksliga,Bezirksliga 1 Frauen · Bezirk Rheinland,031E53PO4G000004VS5489BTVUS470OH-G,7,3,1,0,2,4,8,-4,3,1.0,,fussball.de
532,SC Enger 13/53,Westfalen,Westfalen,5,Landesliga,IGA 2027 Frauen Landesliga Staffel 1 · Westfalen,0314GV0PE000000TVS5489BUVSBBVPEU-G,10,3,1,0,2,3,7,-4,3,1.0,,fussball.de
533,SG Stambach/Ixheim/Rimschweiler,Südwest,Südwest,5,Landesliga,Frauen Landesliga West · Südwest,031CDUVGJO000007VS5489BUVUR5FS5A-G,7,3,1,0,2,6,11,-5,3,1.0,,fussball.de
534,SV Harderberg,Niedersachsen,Bezirk Weser-Ems,5,Landesliga,Frauen Landesliga Weser-Ems,0318B33UGK00000CVS5489BTVU7GTVLE-G,9,3,1,0,2,6,11,-5,3,1.0,,fussball.de
535,VfR Horst,Schleswig-Holstein,Schleswig-Holstein,5,Landesliga,Landesliga Holstein · Schleswig-Holstein,0311JA61C4000007VS5489BUVVARDA0V-G,9,3,1,0,2,3,9,-6,3,1.0,,fussball.de
536,FV Berghausen II,Südwest,Südwest,5,Landesliga,Frauen Landesliga Süd · Südwest,031CH7VJNG000004VS5489BTVUS470OH-G,10,3,1,0,2,7,14,-7,3,1.0,,fussball.de
537,SV Anraff,Hessen,Hessen,5,Verbandsliga,Frauen VL Gr.Nord · Hessen,031CO20PGG00000FVS5489BTVUS470OH-G,10,3,1,0,2,6,13,-7,3,1.0,,fussball.de
538,Rot Weiß Unna,Westfalen,Westfalen,5,Landesliga,IGA 2027 Frauen Landesliga Staffel 2 · Westfalen,0314GV0PQ8000012VS5489BUVSBBVPEU-G,10,3,1,0,2,4,11,-7,3,1.0,,fussball.de
539,SC Opel 06 Rüsselsheim,Hessen,Hessen,5,Verbandsliga,Frauen VL Gr.Süd · Hessen,031CO20P7C00000DVS5489BTVUS470OH-G,8,3,1,0,2,5,13,-8,3,1.0,,fussball.de
540,FSG Eifelhöhe/Mosel Büchel,Rheinland,Bezirk Rheinland,5,Bezirksliga,Bezirksliga 2 Frauen · Bezirk Rheinland,031E5433VC000005VS5489BTVUS470OH-G,8,3,1,0,2,8,17,-9,3,1.0,,fussball.de
541,TuS Weitefeld-Langenbach,Rheinland,Bezirk Rheinland,5,Bezirksliga,Bezirksliga 1 Frauen · Bezirk Rheinland,031E53PO4G000004VS5489BTVUS470OH-G,8,3,1,0,2,6,15,-9,3,1.0,,fussball.de
542,DJK Spvgg. Herten,Westfalen,Westfalen,5,Landesliga,IGA 2027 Frauen Landesliga Staffel 2 · Westfalen,0314GV0PQ8000012VS5489BUVSBBVPEU-G,11,3,1,0,2,3,12,-9,3,1.0,,fussball.de
543,MFFC Wiesbaden II,Hessen,Hessen,5,Verbandsliga,Frauen VL Gr.Süd · Hessen,031CO20P7C00000DVS5489BTVUS470OH-G,7,4,1,0,3,5,11,-6,3,0.75,,fussball.de
544,TSG Wilhelmshöhe,Hessen,Hessen,5,Verbandsliga,Frauen VL Gr.Nord · Hessen,031CO20PGG00000FVS5489BTVUS470OH-G,11,4,1,0,3,6,13,-7,3,0.75,,fussball.de
545,VSV Hedendorf-Neukloster,Niedersachsen,Bezirk Lüneburg,5,Landesliga,Frauen Landesliga Lüneburg,0316TBGAE8000008VS5489BTVU7GTVLE-G,9,3,0,2,1,4,5,-1,2,0.67,,fussball.de
546,DJK EUFootball Flensburg,Schleswig-Holstein,Schleswig-Holstein,5,Landesliga,Landesliga Schleswig · Schleswig-Holstein,0311JA6138000007VS5489BUVVARDA0V-G,8,2,0,1,1,5,6,-1,1,0.5,,fussball.de
547,OSC Bremerhaven,Bremen,Bremen,5,Landesliga,Landesliga - Hauptrunde · Bremen,031FAQL8I000000AVS5489BTVUS470OH-G,6,2,0,1,1,5,6,-1,1,0.5,,fussball.de
548,Serkowitzer FSV,Sachsen,Sachsen,5,Landesklasse,Sachsenklasse Frauen Ost,031DBKCDVK000004VS5489BTVUS470OH-G,7,2,0,1,1,5,6,-1,1,0.5,,fussball.de
549,ESV Lok Döbeln,Sachsen,Sachsen,5,Landesklasse,Sachsenklasse Frauen Nord,031DBKN7HK000004VS5489BTVUS470OH-G,9,2,0,1,1,4,5,-1,1,0.5,,fussball.de
550,ASV 1910 Winnweiler,Südwest,Südwest,5,Landesliga,Frauen Landesliga West · Südwest,031CDUVGJO000007VS5489BUVUR5FS5A-G,8,2,0,1,1,3,4,-1,1,0.5,,fussball.de
551,DJK-SSG Darmstadt,Hessen,Hessen,5,Verbandsliga,Frauen VL Gr.Süd · Hessen,031CO20P7C00000DVS5489BTVUS470OH-G,9,2,0,1,1,3,4,-1,1,0.5,,fussball.de
552,SuS Niederbonsfeld,Niederrhein,Niederrhein,5,Landesliga,Landesliga Gruppe 2 · Niederrhein,031EEUBQO400000KVS5489BUVUR5FS5A-G,9,2,0,1,1,3,4,-1,1,0.5,,fussball.de
553,Rot-Weiß Göttingen,Niedersachsen,Bezirk Braunschweig,5,Landesliga,Frauen Landesliga Braunschweig,031AHIK0EC000009VS5489BUVV628VP4-G,6,2,0,1,1,2,3,-1,1,0.5,,fussball.de
554,SG Ingelheim / Drais II,Südwest,Südwest,5,Landesliga,Frauen Landesliga Nord · Südwest,031B53B82C000004VS5489BUVV628VP4-G,9,2,0,1,1,0,1,-1,1,0.5,,fussball.de
555,SV Neusorg,Bayern,Bayern,5,Landesliga,Frauen Landesliga Nord · Bayern,0319LIUD18000005VS5489BUVV628VP4-G,9,2,0,1,1,4,6,-2,1,0.5,,fussball.de
556,SpVgg 1921 Weißenstadt,Bayern,Bayern,5,Landesliga,Frauen Landesliga Nord · Bayern,0319LIUD18000005VS5489BUVV628VP4-G,10,2,0,1,1,3,5,-2,1,0.5,,fussball.de
557,TSV Apensen,Niedersachsen,Bezirk Lüneburg,5,Landesliga,Frauen Landesliga Lüneburg,0316TBGAE8000008VS5489BTVU7GTVLE-G,10,2,0,1,1,3,5,-2,1,0.5,,fussball.de
558,TSV Fortuna Wuppertal,Niederrhein,Niederrhein,5,Landesliga,Landesliga Gruppe 2 · Niederrhein,031EEUBQO400000KVS5489BUVUR5FS5A-G,10,2,0,1,1,2,4,-2,1,0.5,,fussball.de
559,SV Ambergau Bockenem,Niedersachsen,Bezirk Hannover,5,Landesliga,Frauen Landesliga Hannover,031DQ9GU3O000005VS5489BTVUS470OH-G,9,2,0,1,1,3,6,-3,1,0.5,,fussball.de
560,SpG TuS Leutzsch/Chemie Lpz. II,Sachsen,Sachsen,5,Landesklasse,Sachsenklasse Frauen Nord,031DBKN7HK000004VS5489BTVUS470OH-G,10,2,0,1,1,3,6,-3,1,0.5,,fussball.de
561,FC Hertha 03,Berlin,Berlin,5,Landesliga,Frauen Landesliga · Berlin,0317AJEGF800000JVS5489BUVSBBVPEU-G,6,2,0,1,1,5,9,-4,1,0.5,,fussball.de
562,SV Johannstadt,Sachsen,Sachsen,5,Landesklasse,Sachsenklasse Frauen Ost,031DBKCDVK000004VS5489BTVUS470OH-G,8,2,0,1,1,5,9,-4,1,0.5,,fussball.de
563,FC Ruderting 2,Bayern,Bayern,5,Landesliga,Frauen Landesliga Süd · Bayern,0319LIUD90000005VS5489BUVV628VP4-G,8,2,0,1,1,1,5,-4,1,0.5,,fussball.de
564,SVG Göttingen II,Niedersachsen,Bezirk Braunschweig,5,Landesliga,Frauen Landesliga Braunschweig,031AHIK0EC000009VS5489BUVV628VP4-G,7,2,0,1,1,1,6,-5,1,0.5,,fussball.de
565,TSV Schwaben Augsburg,Bayern,Bayern,5,Landesliga,Frauen Landesliga Süd · Bayern,0319LIUD90000005VS5489BUVV628VP4-G,9,2,0,1,1,1,6,-5,1,0.5,,fussball.de
566,SV Lindenau 1848,Sachsen,Sachsen,5,Landesklasse,Sachsenklasse Frauen Nord,031DBKN7HK000004VS5489BTVUS470OH-G,11,2,0,1,1,4,10,-6,1,0.5,,fussball.de
567,SV Siegfried Materborn,Niederrhein,Niederrhein,5,Landesliga,Landesliga Gruppe 1 · Niederrhein,031EEUBQEO00000JVS5489BUVUR5FS5A-G,9,2,0,1,1,2,8,-6,1,0.5,,fussball.de
568,Hagenower SV,Mecklenburg-Vorpommern,Kreis Schwerin-Nordwestmeckl.,5,Kreisoberliga,Frauen Kreisoberliga · Kreis Schwerin-Nordwestmeckl.,031A8QCF10000008VS5489BTVSK8S3O6-G,7,2,0,1,1,3,11,-8,1,0.5,,fussball.de
569,Altona 93 1.Fr.,Hamburg,Hamburg,5,Landesliga,FLL Landesliga Frauen · Hamburg,0314C6O8LC00000FVS5489BTVU7GTVLE-G,11,3,0,1,2,7,10,-3,1,0.33,,fussball.de
570,SC Westfalia Kinderhaus,Westfalen,Westfalen,5,Landesliga,IGA 2027 Frauen Landesliga Staffel 3 · Westfalen,0314GV0Q5G00000RVS5489BUVSBBVPEU-G,10,3,0,1,2,6,9,-3,1,0.33,,fussball.de
571,TUS Fischbacherhütte,Rheinland,Bezirk Rheinland,5,Bezirksliga,Bezirksliga 1 Frauen · Bezirk Rheinland,031E53PO4G000004VS5489BTVUS470OH-G,9,3,0,1,2,5,9,-4,1,0.33,,fussball.de
572,SV Union Wessum,Westfalen,Westfalen,5,Landesliga,IGA 2027 Frauen Landesliga Staffel 3 · Westfalen,0314GV0Q5G00000RVS5489BUVSBBVPEU-G,11,3,0,1,2,4,8,-4,1,0.33,,fussball.de
573,FC Bor. Dröschede,Westfalen,Westfalen,5,Landesliga,IGA 2027 Frauen Landesliga Staffel 2 · Westfalen,0314GV0PQ8000012VS5489BUVSBBVPEU-G,12,3,0,1,2,2,6,-4,1,0.33,,fussball.de
574,TSV Kropp,Schleswig-Holstein,Schleswig-Holstein,5,Landesliga,Landesliga Schleswig · Schleswig-Holstein,0311JA6138000007VS5489BUVVARDA0V-G,9,3,0,1,2,7,12,-5,1,0.33,,fussball.de
575,Spvg Steinhagen,Westfalen,Westfalen,5,Landesliga,IGA 2027 Frauen Landesliga Staffel 1 · Westfalen,0314GV0PE000000TVS5489BUVSBBVPEU-G,11,3,0,1,2,4,9,-5,1,0.33,,fussball.de
576,FSG Sportfreundinnen Ahrbach-Höhr-Grenzhausen,Rheinland,Bezirk Rheinland,5,Bezirksliga,Bezirksliga 1 Frauen · Bezirk Rheinland,031E53PO4G000004VS5489BTVUS470OH-G,10,3,0,1,2,5,11,-6,1,0.33,,fussball.de
577,FSV Gütersloh 2009 II,Westfalen,Westfalen,5,Landesliga,IGA 2027 Frauen Landesliga Staffel 1 · Westfalen,0314GV0PE000000TVS5489BUVSBBVPEU-G,12,3,0,1,2,3,9,-6,1,0.33,,fussball.de
578,SC V. M. 1.Fr.,Hamburg,Hamburg,5,Landesliga,FLL Landesliga Frauen · Hamburg,0314C6O8LC00000FVS5489BTVU7GTVLE-G,12,3,0,1,2,2,8,-6,1,0.33,,fussball.de
579,TuS Landstuhl,Südwest,Südwest,5,Landesliga,Frauen Landesliga West · Südwest,031CDUVGJO000007VS5489BUVUR5FS5A-G,9,3,0,1,2,2,8,-6,1,0.33,,fussball.de
580,SV Böhme,Niedersachsen,Bezirk Lüneburg,5,Landesliga,Frauen Landesliga Lüneburg,0316TBGAE8000008VS5489BTVU7GTVLE-G,11,3,0,1,2,0,6,-6,1,0.33,,fussball.de
581,SuS Scheidingen,Westfalen,Westfalen,5,Landesliga,IGA 2027 Frauen Landesliga Staffel 1 · Westfalen,0314GV0PE000000TVS5489BUVSBBVPEU-G,13,3,0,1,2,2,9,-7,1,0.33,,fussball.de
582,SV Ems Jemgum,Niedersachsen,Bezirk Weser-Ems,5,Landesliga,Frauen Landesliga Weser-Ems,0318B33UGK00000CVS5489BTVU7GTVLE-G,10,3,0,1,2,2,10,-8,1,0.33,,fussball.de
583,SV Ober-Olm II,Südwest,Südwest,5,Landesliga,Frauen Landesliga Nord · Südwest,031B53B82C000004VS5489BUVV628VP4-G,10,3,0,1,2,1,10,-9,1,0.33,,fussball.de
584,SV Niederursel,Hessen,Hessen,5,Verbandsliga,Frauen VL Gr.Süd · Hessen,031CO20P7C00000DVS5489BTVUS470OH-G,10,4,0,1,3,5,12,-7,1,0.25,,fussball.de
585,SG Freiensteinau,Hessen,Hessen,5,Verbandsliga,Frauen VL Gr.Nord · Hessen,031CO20PGG00000FVS5489BTVUS470OH-G,12,4,0,1,3,6,18,-12,1,0.25,,fussball.de
586,DFC Kreuzberg,Berlin,Berlin,5,Landesliga,Frauen Landesliga · Berlin,0317AJEGF800000JVS5489BUVSBBVPEU-G,7,1,1,0,0,4,1,3,0,0.0,,fussball.de
587,1. FC Engelsbrand,Baden,Baden,5,Landesliga,bfv-Frauen Landesliga KF St.1 · Baden,031621LD9400000CVS5489BTVU7GTVLE-G,1,0,0,0,0,0,0,0,0,0.0,,fussball.de
588,1. FC Kieselbronn,Baden,Baden,5,Landesliga,bfv-Frauen Landesliga KF St.1 · Baden,031621LD9400000CVS5489BTVU7GTVLE-G,2,0,0,0,0,0,0,0,0,0.0,,fussball.de
589,1. FC Neubrandenburg 04 II,Mecklenburg-Vorpommern,Kreis Vorpommern-Greifswald,5,Kreisoberliga,Kreisoberliga Frauen · Kreis Vorpommern-Greifswald,031JQ4GAP4000003VS5489BUVVKNMR0J-G,1,0,0,0,0,0,0,0,0,0.0,,fussball.de
590,1. SC Phönix am Rennsteig,Thüringen,Kreis Rhön-Rennsteig,5,Kreisoberliga,Frauen Kreisoberliga Staffel Süd · Kreis Rhön-Rennsteig,031DHN14CS000006VS5489BUVUR5FS5A-G,1,0,0,0,0,0,0,0,0,0.0,,fussball.de
591,ASV Hagsfeld,Baden,Baden,5,Landesliga,bfv-Frauen Landesliga KF St.1 · Baden,031621LD9400000CVS5489BTVU7GTVLE-G,3,0,0,0,0,0,0,0,0,0.0,,fussball.de
592,ATSV Mutschelbach 2,Baden,Baden,5,Landesliga,bfv-Frauen Landesliga St. 1 · Baden,031621LCQ000000CVS5489BTVU7GTVLE-G,1,0,0,0,0,0,0,0,0,0.0,,fussball.de
593,Alem. Freiburg-Zähringen 2,Südbaden,Südbaden,5,Landesliga,Landesliga Frauen Staffel 1 · Südbaden,031A6I5C58000005VS5489BUVV628VP4-G,1,0,0,0,0,0,0,0,0,0.0,,fussball.de
594,BSV Eintracht Sondershausen,Thüringen,Kreis Erfurt-Sömmerda,5,Kreisoberliga,Frauen KOL St.1 · Kreis Erfurt-Sömmerda,031DS4P7V8000007VS5489BUVUR5FS5A-G,5,0,0,0,0,0,0,0,0,0.0,,fussball.de
595,Bedburger BV,Mittelrhein,Mittelrhein,5,Landesliga,"Frauen-Landesliga, Staffel 2 · Mittelrhein",031DHDD1QC000002VS5489BUVUR5FS5A-G,1,0,0,0,0,0,0,0,0,0.0,,fussball.de
596,Bonner SC 01/04 e.V.,Mittelrhein,Mittelrhein,5,Landesliga,"Frauen-Landesliga, Staffel 1 · Mittelrhein",031DHDD1L0000002VS5489BUVUR5FS5A-G,1,0,0,0,0,0,0,0,0,0.0,,fussball.de
597,Bulacher SC,Baden,Baden,5,Landesliga,bfv-Frauen Landesliga KF St.1 · Baden,031621LD9400000CVS5489BTVU7GTVLE-G,4,0,0,0,0,0,0,0,0,0.0,,fussball.de
598,DJK Püttlingen,Saarland,Saarland,5,Landesliga,Landesliga · Saarland,031BSNK0K0000005VS5489BTVUS470OH-G,7,0,0,0,0,0,0,0,0,0.0,,fussball.de
599,Deutz 05 II,Mittelrhein,Mittelrhein,5,Landesliga,"Frauen-Landesliga, Staffel 1 · Mittelrhein",031DHDD1L0000002VS5489BUVUR5FS5A-G,2,0,0,0,0,0,0,0,0,0.0,,fussball.de
600,Doberaner FC,Mecklenburg-Vorpommern,Kreis Warnow,5,Kreisoberliga,Frauen KFV Warnow KOL,031AHIGF8G000008VS5489BUVV628VP4-G,1,0,0,0,0,0,0,0,0,0.0,,fussball.de
601,ETSV Güstrow e.V,Mecklenburg-Vorpommern,Kreis Warnow,5,Kreisoberliga,Frauen KFV Warnow KOL,031AHIGF8G000008VS5489BUVV628VP4-G,2,0,0,0,0,0,0,0,0,0.0,,fussball.de
602,Eintracht Kornelimünster,Mittelrhein,Mittelrhein,5,Landesliga,"Frauen-Landesliga, Staffel 2 · Mittelrhein",031DHDD1QC000002VS5489BUVUR5FS5A-G,2,0,0,0,0,0,0,0,0,0.0,,fussball.de
603,FC Blau-Weiß Bellamont,Württemberg,Württemberg,5,Landesliga,Landesliga 2 · Württemberg,031CQMSN14000007VS5489BUVUR5FS5A-G,1,0,0,0,0,0,0,0,0,0.0,,fussball.de
604,FC Frauenweiler,Baden,Baden,5,Landesliga,bfv-Frauen Landesliga St. 1 · Baden,031621LCQ000000CVS5489BTVU7GTVLE-G,2,0,0,0,0,0,0,0,0,0.0,,fussball.de
605,FC Germ. Forst,Baden,Baden,5,Landesliga,bfv-Frauen Landesliga KF St.2 · Baden,031621LDE800000CVS5489BTVU7GTVLE-G,1,0,0,0,0,0,0,0,0,0.0,,fussball.de
606,FC Motor Neubrandenburg Süd,Mecklenburg-Vorpommern,Kreis Vorpommern-Greifswald,5,Kreisoberliga,Kreisoberliga Frauen · Kreis Vorpommern-Greifswald,031JQ4GAP4000003VS5489BUVVKNMR0J-G,2,0,0,0,0,0,0,0,0,0.0,,fussball.de
607,FC Odenheim,Baden,Baden,5,Landesliga,bfv-Frauen Landesliga Baden,0316219I2G00000CVS5489BTVU7GTVLE-G,1,0,0,0,0,0,0,0,0,0.0,,fussball.de
608,FC Odenheim 2,Baden,Baden,5,Landesliga,bfv-Frauen Landesliga KF St.2 · Baden,031621LDE800000CVS5489BTVU7GTVLE-G,2,0,0,0,0,0,0,0,0,0.0,,fussball.de
609,FC Queidersbach,Südwest,Südwest,5,Landesliga,Frauen Landesliga West · Südwest,031CDUVGJO000007VS5489BUVUR5FS5A-G,10,0,0,0,0,0,0,0,0,0.0,,fussball.de
610,FC Türkspor Mannheim (flex),Baden,Baden,5,Landesliga,bfv-Frauen Landesliga St. 2 · Baden,031621LCV400000BVS5489BTVU7GTVLE-G,1,0,0,0,0,0,0,0,0,0.0,,fussball.de
611,FC Vikt. Berghausen,Baden,Baden,5,Landesliga,bfv-Frauen Landesliga KF St.1 · Baden,031621LD9400000CVS5489BTVU7GTVLE-G,5,0,0,0,0,0,0,0,0,0.0,,fussball.de
612,FC Wittlingen,Südbaden,Südbaden,5,Landesliga,Landesliga Frauen Staffel 2 · Südbaden,031A6I5CE000000FVS5489BUVV628VP4-G,1,0,0,0,0,0,0,0,0,0.0,,fussball.de
613,FC-Astoria Walldorf,Baden,Baden,5,Landesliga,bfv-Frauen Landesliga St. 1 · Baden,031621LCQ000000CVS5489BTVU7GTVLE-G,3,0,0,0,0,0,0,0,0,0.0,,fussball.de
614,FSSV Karlsruhe (flex),Baden,Baden,5,Landesliga,bfv-Frauen Landesliga St. 1 · Baden,031621LCQ000000CVS5489BTVU7GTVLE-G,4,0,0,0,0,0,0,0,0,0.0,,fussball.de
615,FSV Buckenberg,Baden,Baden,5,Landesliga,bfv-Frauen Landesliga St. 1 · Baden,031621LCQ000000CVS5489BTVU7GTVLE-G,5,0,0,0,0,0,0,0,0,0.0,,fussball.de
616,FSV Büchenau,Baden,Baden,5,Landesliga,bfv-Frauen Landesliga Baden,0316219I2G00000CVS5489BTVU7GTVLE-G,2,0,0,0,0,0,0,0,0,0.0,,fussball.de
617,FSV Grün-Weiß Usedom,Mecklenburg-Vorpommern,Kreis Vorpommern-Greifswald,5,Kreisoberliga,Kreisoberliga Frauen · Kreis Vorpommern-Greifswald,031JQ4GAP4000003VS5489BUVVKNMR0J-G,3,0,0,0,0,0,0,0,0,0.0,,fussball.de
618,FSV Hessen Wetzlar II zg.,Hessen,Hessen,5,Verbandsliga,Frauen VL Gr.Nord · Hessen,031CO20PGG00000FVS5489BTVUS470OH-G,13,2,0,0,2,0,0,0,0,0.0,,fussball.de
619,FSV Reinhardsbrunn zg.,Thüringen,Kreis Westthüringen,5,Kreisoberliga,KREISOBERLIGA FRAUEN · Kreis Westthüringen,031CG84VVO000006VS5489BTVUS470OH-G,5,0,0,0,0,0,0,0,0,0.0,,fussball.de
620,FSV Saxonia Tangermünde (flex),Sachsen-Anhalt,Sachsen-Anhalt,5,Landesliga,Landesliga Nord · Sachsen-Anhalt,030BNDVH1C000000VS5489BTVTJUP7HP-G,5,0,0,0,0,0,0,0,0,0.0,,fussball.de
621,FV Alem. Bruchhausen,Baden,Baden,5,Landesliga,bfv-Frauen Landesliga KF St.1 · Baden,031621LD9400000CVS5489BTVU7GTVLE-G,6,0,0,0,0,0,0,0,0,0.0,,fussball.de
622,FV Bellenberg,Württemberg,Württemberg,5,Landesliga,Landesliga 2 · Württemberg,031CQMSN14000007VS5489BUVUR5FS5A-G,2,0,0,0,0,0,0,0,0,0.0,,fussball.de
623,FV Bonn-Endenich 1908,Mittelrhein,Mittelrhein,5,Landesliga,"Frauen-Landesliga, Staffel 1 · Mittelrhein",031DHDD1L0000002VS5489BUVUR5FS5A-G,3,0,0,0,0,0,0,0,0,0.0,,fussball.de
624,FV Ettlingenweier,Baden,Baden,5,Landesliga,bfv-Frauen Landesliga Baden,0316219I2G00000CVS5489BTVU7GTVLE-G,3,0,0,0,0,0,0,0,0,0.0,,fussball.de
625,FV Fortuna Kirchfeld,Baden,Baden,5,Landesliga,bfv-Frauen Landesliga St. 1 · Baden,031621LCQ000000CVS5489BTVU7GTVLE-G,6,0,0,0,0,0,0,0,0,0.0,,fussball.de
626,FV Hambrücken,Baden,Baden,5,Landesliga,bfv-Frauen Landesliga KF St.2 · Baden,031621LDE800000CVS5489BTVU7GTVLE-G,3,0,0,0,0,0,0,0,0,0.0,,fussball.de
627,FV Mönchengladbach zg.,Niederrhein,Niederrhein,5,Landesliga,Landesliga Gruppe 2 · Niederrhein,031EEUBQO400000KVS5489BUVUR5FS5A-G,11,0,0,0,0,0,0,0,0,0.0,,fussball.de
628,FV Ötigheim,Südbaden,Südbaden,5,Landesliga,Landesliga Frauen Staffel 1 · Südbaden,031A6I5C58000005VS5489BUVV628VP4-G,2,0,0,0,0,0,0,0,0,0.0,,fussball.de
629,FVS Sulzfeld,Baden,Baden,5,Landesliga,bfv-Frauen Landesliga KF St.2 · Baden,031621LDE800000CVS5489BTVU7GTVLE-G,4,0,0,0,0,0,0,0,0,0.0,,fussball.de
630,Germania Wernigerode (flex),Sachsen-Anhalt,Sachsen-Anhalt,5,Landesliga,Landesliga Nord · Sachsen-Anhalt,030BNDVH1C000000VS5489BTVTJUP7HP-G,6,0,0,0,0,0,0,0,0,0.0,,fussball.de
631,Greifswalder FC II,Mecklenburg-Vorpommern,Kreis Vorpommern-Greifswald,5,Kreisoberliga,Kreisoberliga Frauen · Kreis Vorpommern-Greifswald,031JQ4GAP4000003VS5489BUVVKNMR0J-G,4,0,0,0,0,0,0,0,0,0.0,,fussball.de
632,Greifswalder FC III,Mecklenburg-Vorpommern,Kreis Vorpommern-Greifswald,5,Kreisoberliga,Kreisoberliga Frauen · Kreis Vorpommern-Greifswald,031JQ4GAP4000003VS5489BUVVKNMR0J-G,5,0,0,0,0,0,0,0,0,0.0,,fussball.de
633,Grimmener SV,Mecklenburg-Vorpommern,Kreis Warnow,5,Kreisoberliga,Frauen KFV Warnow KOL,031AHIGF8G000008VS5489BUVV628VP4-G,3,0,0,0,0,0,0,0,0,0.0,,fussball.de
634,HSG Warnemünde II,Mecklenburg-Vorpommern,Kreis Warnow,5,Kreisoberliga,Frauen KFV Warnow KOL,031AHIGF8G000008VS5489BUVV628VP4-G,4,0,0,0,0,0,0,0,0,0.0,,fussball.de
635,Heidelberger SC,Baden,Baden,5,Landesliga,bfv-Frauen Landesliga St. 1 · Baden,031621LCQ000000CVS5489BTVU7GTVLE-G,7,0,0,0,0,0,0,0,0,0.0,,fussball.de
636,Heidelberger SC 2,Baden,Baden,5,Landesliga,bfv-Frauen Landesliga St. 2 · Baden,031621LCV400000BVS5489BTVU7GTVLE-G,2,0,0,0,0,0,0,0,0,0.0,,fussball.de
637,JFV Straubenhardt,Baden,Baden,5,Landesliga,bfv-Frauen Landesliga KF St.1 · Baden,031621LD9400000CVS5489BTVU7GTVLE-G,7,0,0,0,0,0,0,0,0,0.0,,fussball.de
638,Karlsruher SC 3,Baden,Baden,5,Landesliga,bfv-Frauen Landesliga Baden,0316219I2G00000CVS5489BTVU7GTVLE-G,4,0,0,0,0,0,0,0,0,0.0,,fussball.de
639,MFC 08 Lindenhof,Baden,Baden,5,Landesliga,bfv-Frauen Landesliga KF St.2 · Baden,031621LDE800000CVS5489BTVU7GTVLE-G,5,0,0,0,0,0,0,0,0,0.0,,fussball.de
640,Penzliner SV,Mecklenburg-Vorpommern,Kreis Vorpommern-Greifswald,5,Kreisoberliga,Kreisoberliga Frauen · Kreis Vorpommern-Greifswald,031JQ4GAP4000003VS5489BUVVKNMR0J-G,6,0,0,0,0,0,0,0,0,0.0,,fussball.de
641,Polizei SV Mannheim,Baden,Baden,5,Landesliga,bfv-Frauen Landesliga Baden,0316219I2G00000CVS5489BTVU7GTVLE-G,5,0,0,0,0,0,0,0,0,0.0,,fussball.de
642,Polizei SV Mannheim 2,Baden,Baden,5,Landesliga,bfv-Frauen Landesliga St. 2 · Baden,031621LCV400000BVS5489BTVU7GTVLE-G,3,0,0,0,0,0,0,0,0,0.0,,fussball.de
643,Post Südstadt Karlsruhe 2 (flex),Baden,Baden,5,Landesliga,bfv-Frauen Landesliga St. 1 · Baden,031621LCQ000000CVS5489BTVU7GTVLE-G,8,0,0,0,0,0,0,0,0,0.0,,fussball.de
644,Rostocker FC 95 II,Mecklenburg-Vorpommern,Kreis Warnow,5,Kreisoberliga,Frauen KFV Warnow KOL,031AHIGF8G000008VS5489BUVV628VP4-G,5,0,0,0,0,0,0,0,0,0.0,,fussball.de
645,Roter Stern Halle (flex),Sachsen-Anhalt,Sachsen-Anhalt,5,Landesliga,Landesliga Süd · Sachsen-Anhalt,030BNE372O000003VS5489BTVTJUP7HP-G,4,0,0,0,0,0,0,0,0,0.0,,fussball.de
646,SC 08 Reilingen,Baden,Baden,5,Landesliga,bfv-Frauen Landesliga KF St.2 · Baden,031621LDE800000CVS5489BTVU7GTVLE-G,6,0,0,0,0,0,0,0,0,0.0,,fussball.de
647,SC Blau-Weiß 06 Köln,Mittelrhein,Mittelrhein,5,Landesliga,"Frauen-Landesliga, Staffel 2 · Mittelrhein",031DHDD1QC000002VS5489BUVUR5FS5A-G,3,0,0,0,0,0,0,0,0,0.0,,fussball.de
648,SC Fortuna Köln II,Mittelrhein,Mittelrhein,5,Landesliga,"Frauen-Landesliga, Staffel 2 · Mittelrhein",031DHDD1QC000002VS5489BUVUR5FS5A-G,4,0,0,0,0,0,0,0,0,0.0,,fussball.de
649,SC Konstanz-Wollmatingen,Südbaden,Südbaden,5,Landesliga,Landesliga Frauen Staffel 2 · Südbaden,031A6I5CE000000FVS5489BUVV628VP4-G,2,0,0,0,0,0,0,0,0,0.0,,fussball.de
650,SC Niederhof/Binzgen,Südbaden,Südbaden,5,Landesliga,Landesliga Frauen Staffel 2 · Südbaden,031A6I5CE000000FVS5489BUVV628VP4-G,3,0,0,0,0,0,0,0,0,0.0,,fussball.de
651,SC Rot-Weiß Oberhausen zg.,Niederrhein,Niederrhein,5,Landesliga,Landesliga Gruppe 1 · Niederrhein,031EEUBQEO00000JVS5489BUVUR5FS5A-G,10,0,0,0,0,0,0,0,0,0.0,,fussball.de
652,SC Selfkant,Mittelrhein,Mittelrhein,5,Landesliga,"Frauen-Landesliga, Staffel 2 · Mittelrhein",031DHDD1QC000002VS5489BUVUR5FS5A-G,5,0,0,0,0,0,0,0,0,0.0,,fussball.de
653,SF Eintracht Freiburg,Südbaden,Südbaden,5,Landesliga,Landesliga Frauen Staffel 1 · Südbaden,031A6I5C58000005VS5489BUVV628VP4-G,3,0,0,0,0,0,0,0,0,0.0,,fussball.de
654,SG Au-Wittnau,Südbaden,Südbaden,5,Landesliga,Landesliga Frauen Staffel 1 · Südbaden,031A6I5C58000005VS5489BUVV628VP4-G,4,0,0,0,0,0,0,0,0,0.0,,fussball.de
655,SG Elztal,Südbaden,Südbaden,5,Landesliga,Landesliga Frauen Staffel 1 · Südbaden,031A6I5C58000005VS5489BUVV628VP4-G,5,0,0,0,0,0,0,0,0,0.0,,fussball.de
656,SG Hausen-Hauingen-Nollingen,Südbaden,Südbaden,5,Landesliga,Landesliga Frauen Staffel 2 · Südbaden,031A6I5CE000000FVS5489BUVV628VP4-G,4,0,0,0,0,0,0,0,0,0.0,,fussball.de
657,SG Hickengrund zg.,Westfalen,Westfalen,5,Landesliga,IGA 2027 Frauen Landesliga Staffel 3 · Westfalen,0314GV0Q5G00000RVS5489BUVSBBVPEU-G,12,0,0,0,0,0,0,0,0,0.0,,fussball.de
658,SG Hochrhein-Geißlingen,Südbaden,Südbaden,5,Landesliga,Landesliga Frauen Staffel 2 · Südbaden,031A6I5CE000000FVS5489BUVV628VP4-G,5,0,0,0,0,0,0,0,0,0.0,,fussball.de
659,SG Hohensachsen,Baden,Baden,5,Landesliga,bfv-Frauen Landesliga Baden,0316219I2G00000CVS5489BTVU7GTVLE-G,6,0,0,0,0,0,0,0,0,0.0,,fussball.de
660,SG Hohensachsen 2,Baden,Baden,5,Landesliga,bfv-Frauen Landesliga St. 2 · Baden,031621LCV400000BVS5489BTVU7GTVLE-G,4,0,0,0,0,0,0,0,0,0.0,,fussball.de
661,SG Immenstaad/FN-Fischbach,Südbaden,Südbaden,5,Landesliga,Landesliga Frauen Staffel 2 · Südbaden,031A6I5CE000000FVS5489BUVV628VP4-G,6,0,0,0,0,0,0,0,0,0.0,,fussball.de
662,SG Köndringen,Südbaden,Südbaden,5,Landesliga,Landesliga Frauen Staffel 1 · Südbaden,031A6I5C58000005VS5489BUVV628VP4-G,6,0,0,0,0,0,0,0,0,0.0,,fussball.de
663,SG Lauscha/Neuhaus,Thüringen,Kreis Rhön-Rennsteig,5,Kreisoberliga,Frauen Kreisoberliga Staffel Süd · Kreis Rhön-Rennsteig,031DHN14CS000006VS5489BUVUR5FS5A-G,2,0,0,0,0,0,0,0,0,0.0,,fussball.de
664,SG Marbach/Dürrheim 2,Südbaden,Südbaden,5,Landesliga,Landesliga Frauen Staffel 2 · Südbaden,031A6I5CE000000FVS5489BUVV628VP4-G,7,0,0,0,0,0,0,0,0,0.0,,fussball.de
665,SG SV Dietzhausen,Thüringen,Kreis Rhön-Rennsteig,5,Kreisoberliga,Frauen Kreisoberliga Staffel Süd · Kreis Rhön-Rennsteig,031DHN14CS000006VS5489BUVUR5FS5A-G,3,0,0,0,0,0,0,0,0,0.0,,fussball.de
666,SG Sexau/Buchholz,Südbaden,Südbaden,5,Landesliga,Landesliga Frauen Staffel 1 · Südbaden,031A6I5C58000005VS5489BUVV628VP4-G,7,0,0,0,0,0,0,0,0,0.0,,fussball.de
667,SG Sinzheim/Unzhurst,Südbaden,Südbaden,5,Landesliga,Landesliga Frauen Staffel 1 · Südbaden,031A6I5C58000005VS5489BUVV628VP4-G,8,0,0,0,0,0,0,0,0,0.0,,fussball.de
668,SGM Kirchberg/Dettingen/Kellmünz,Württemberg,Württemberg,5,Landesliga,Landesliga 2 · Württemberg,031CQMSN14000007VS5489BUVUR5FS5A-G,3,0,0,0,0,0,0,0,0,0.0,,fussball.de
669,SGM SV Uttenweiler/Unlingen,Württemberg,Württemberg,5,Landesliga,Landesliga 2 · Württemberg,031CQMSN14000007VS5489BUVUR5FS5A-G,4,0,0,0,0,0,0,0,0,0.0,,fussball.de
670,SGM Warthausen I/Alberweiler II,Württemberg,Württemberg,5,Landesliga,Landesliga 2 · Württemberg,031CQMSN14000007VS5489BUVUR5FS5A-G,5,0,0,0,0,0,0,0,0,0.0,,fussball.de
671,SGM Wendlingen/Ötlingen,Württemberg,Württemberg,5,Landesliga,Landesliga 1 · Württemberg,031CQMSMOK00000CVS5489BUVUR5FS5A-G,1,0,0,0,0,0,0,0,0,0.0,,fussball.de
672,SSG Ulm 99,Württemberg,Württemberg,5,Landesliga,Landesliga 2 · Württemberg,031CQMSN14000007VS5489BUVUR5FS5A-G,6,0,0,0,0,0,0,0,0,0.0,,fussball.de
673,SSV Berzdorf,Mittelrhein,Mittelrhein,5,Landesliga,"Frauen-Landesliga, Staffel 2 · Mittelrhein",031DHDD1QC000002VS5489BUVUR5FS5A-G,6,0,0,0,0,0,0,0,0,0.0,,fussball.de
674,SSV Merten 1925 e.V.,Mittelrhein,Mittelrhein,5,Landesliga,"Frauen-Landesliga, Staffel 2 · Mittelrhein",031DHDD1QC000002VS5489BUVUR5FS5A-G,7,0,0,0,0,0,0,0,0,0.0,,fussball.de
675,SSV Reutlingen 1905 Fußball,Württemberg,Württemberg,5,Landesliga,Landesliga 2 · Württemberg,031CQMSN14000007VS5489BUVUR5FS5A-G,7,0,0,0,0,0,0,0,0,0.0,,fussball.de
676,SSV Vogelstang,Baden,Baden,5,Landesliga,bfv-Frauen Landesliga St. 2 · Baden,031621LCV400000BVS5489BTVU7GTVLE-G,5,0,0,0,0,0,0,0,0,0.0,,fussball.de
677,SSV Waghäusel 2,Baden,Baden,5,Landesliga,bfv-Frauen Landesliga St. 1 · Baden,031621LCQ000000CVS5489BTVU7GTVLE-G,9,0,0,0,0,0,0,0,0,0.0,,fussball.de
678,SV 07 Häselrieth,Thüringen,Kreis Rhön-Rennsteig,5,Kreisoberliga,Frauen Kreisoberliga Staffel Süd · Kreis Rhön-Rennsteig,031DHN14CS000006VS5489BUVUR5FS5A-G,4,0,0,0,0,0,0,0,0,0.0,,fussball.de
679,SV Appenweier,Südbaden,Südbaden,5,Landesliga,Landesliga Frauen Staffel 1 · Südbaden,031A6I5C58000005VS5489BUVV628VP4-G,9,0,0,0,0,0,0,0,0,0.0,,fussball.de
680,SV Bad Herrenalb,Baden,Baden,5,Landesliga,bfv-Frauen Landesliga KF St.1 · Baden,031621LD9400000CVS5489BTVU7GTVLE-G,8,0,0,0,0,0,0,0,0,0.0,,fussball.de
681,SV Bergfried Leverkusen,Mittelrhein,Mittelrhein,5,Landesliga,"Frauen-Landesliga, Staffel 1 · Mittelrhein",031DHDD1L0000002VS5489BUVUR5FS5A-G,4,0,0,0,0,0,0,0,0,0.0,,fussball.de
682,SV Bergisch Gladbach,Mittelrhein,Mittelrhein,5,Landesliga,"Frauen-Landesliga, Staffel 1 · Mittelrhein",031DHDD1L0000002VS5489BUVUR5FS5A-G,5,0,0,0,0,0,0,0,0,0.0,,fussball.de
683,SV Blau-Weiß Tutow,Mecklenburg-Vorpommern,Kreis Vorpommern-Greifswald,5,Kreisoberliga,Kreisoberliga Frauen · Kreis Vorpommern-Greifswald,031JQ4GAP4000003VS5489BUVVKNMR0J-G,7,0,0,0,0,0,0,0,0,0.0,,fussball.de
684,SV Deggenhausertal,Südbaden,Südbaden,5,Landesliga,Landesliga Frauen Staffel 2 · Südbaden,031A6I5CE000000FVS5489BUVV628VP4-G,8,0,0,0,0,0,0,0,0,0.0,,fussball.de
685,SV Deuchelried,Württemberg,Württemberg,5,Landesliga,Landesliga 2 · Württemberg,031CQMSN14000007VS5489BUVUR5FS5A-G,8,0,0,0,0,0,0,0,0,0.0,,fussball.de
686,SV Einheit 1896 Breitenbach,Thüringen,Kreis Nordthüringen,5,Kreisoberliga,Teamsport NDH Kreisoberliga · Kreis Nordthüringen,0319T83L38000006VS5489BTVSK8S3O6-G,4,0,0,0,0,0,0,0,0,0.0,,fussball.de
687,SV Gemmingen,Baden,Baden,5,Landesliga,bfv-Frauen Landesliga KF St.2 · Baden,031621LDE800000CVS5489BTVU7GTVLE-G,7,0,0,0,0,0,0,0,0,0.0,,fussball.de
688,SV Germania Ilmenau,Thüringen,Kreis Rhön-Rennsteig,5,Kreisoberliga,Frauen Kreisoberliga Staffel Süd · Kreis Rhön-Rennsteig,031DHN14CS000006VS5489BUVUR5FS5A-G,5,0,0,0,0,0,0,0,0,0.0,,fussball.de
689,SV Gottenheim 2,Südbaden,Südbaden,5,Landesliga,Landesliga Frauen Staffel 1 · Südbaden,031A6I5C58000005VS5489BUVV628VP4-G,10,0,0,0,0,0,0,0,0,0.0,,fussball.de
690,SV Hoffeld,Württemberg,Württemberg,5,Landesliga,Landesliga 1 · Württemberg,031CQMSMOK00000CVS5489BUVUR5FS5A-G,2,0,0,0,0,0,0,0,0,0.0,,fussball.de
691,SV Königsbach,Baden,Baden,5,Landesliga,bfv-Frauen Landesliga KF St.1 · Baden,031621LD9400000CVS5489BTVU7GTVLE-G,9,0,0,0,0,0,0,0,0,0.0,,fussball.de
692,SV Laudenbach,Baden,Baden,5,Landesliga,bfv-Frauen Landesliga Baden,0316219I2G00000CVS5489BTVU7GTVLE-G,7,0,0,0,0,0,0,0,0,0.0,,fussball.de
693,SV Menden II,Mittelrhein,Mittelrhein,5,Landesliga,"Frauen-Landesliga, Staffel 1 · Mittelrhein",031DHDD1L0000002VS5489BUVUR5FS5A-G,6,0,0,0,0,0,0,0,0,0.0,,fussball.de
694,SV Merken,Mittelrhein,Mittelrhein,5,Landesliga,"Frauen-Landesliga, Staffel 2 · Mittelrhein",031DHDD1QC000002VS5489BUVUR5FS5A-G,8,0,0,0,0,0,0,0,0,0.0,,fussball.de
695,SV Motor Eggesin,Mecklenburg-Vorpommern,Kreis Vorpommern-Greifswald,5,Kreisoberliga,Kreisoberliga Frauen · Kreis Vorpommern-Greifswald,031JQ4GAP4000003VS5489BUVVKNMR0J-G,8,0,0,0,0,0,0,0,0,0.0,,fussball.de
696,SV Oberreichenbach,Württemberg,Württemberg,5,Landesliga,Landesliga 1 · Württemberg,031CQMSMOK00000CVS5489BUVUR5FS5A-G,3,0,0,0,0,0,0,0,0,0.0,,fussball.de
697,SV Pastow Frauen,Mecklenburg-Vorpommern,Kreis Warnow,5,Kreisoberliga,Frauen KFV Warnow KOL,031AHIGF8G000008VS5489BUVV628VP4-G,6,0,0,0,0,0,0,0,0,0.0,,fussball.de
698,SV Rot Weiss-Trinwillershagen,Mecklenburg-Vorpommern,Kreis Warnow,5,Kreisoberliga,Frauen KFV Warnow KOL,031AHIGF8G000008VS5489BUVV628VP4-G,7,0,0,0,0,0,0,0,0,0.0,,fussball.de
699,SV Sportfreunde Hörn,Mittelrhein,Mittelrhein,5,Landesliga,"Frauen-Landesliga, Staffel 2 · Mittelrhein",031DHDD1QC000002VS5489BUVUR5FS5A-G,9,0,0,0,0,0,0,0,0,0.0,,fussball.de
700,SV Sportfreunde Hörn II,Mittelrhein,Mittelrhein,5,Landesliga,"Frauen-Landesliga, Staffel 1 · Mittelrhein",031DHDD1L0000002VS5489BUVUR5FS5A-G,7,0,0,0,0,0,0,0,0,0.0,,fussball.de
701,SV Stahl Brotterode-Trusetal,Thüringen,Kreis Westthüringen,5,Kreisoberliga,KREISOBERLIGA FRAUEN · Kreis Westthüringen,031CG84VVO000006VS5489BTVUS470OH-G,6,0,0,0,0,0,0,0,0,0.0,,fussball.de
702,SV Titisee,Südbaden,Südbaden,5,Landesliga,Landesliga Frauen Staffel 2 · Südbaden,031A6I5CE000000FVS5489BUVV628VP4-G,9,0,0,0,0,0,0,0,0,0.0,,fussball.de
703,SV Union Rösrath,Mittelrhein,Mittelrhein,5,Landesliga,"Frauen-Landesliga, Staffel 1 · Mittelrhein",031DHDD1L0000002VS5489BUVUR5FS5A-G,8,0,0,0,0,0,0,0,0,0.0,,fussball.de
704,SV Vimbuch,Südbaden,Südbaden,5,Landesliga,Landesliga Frauen Staffel 1 · Südbaden,031A6I5C58000005VS5489BUVV628VP4-G,11,0,0,0,0,0,0,0,0,0.0,,fussball.de
705,SV Waldhaus,Südbaden,Südbaden,5,Landesliga,Landesliga Frauen Staffel 2 · Südbaden,031A6I5CE000000FVS5489BUVV628VP4-G,10,0,0,0,0,0,0,0,0,0.0,,fussball.de
706,SV Weiden,Mittelrhein,Mittelrhein,5,Landesliga,"Frauen-Landesliga, Staffel 2 · Mittelrhein",031DHDD1QC000002VS5489BUVUR5FS5A-G,10,0,0,0,0,0,0,0,0,0.0,,fussball.de
707,SV Windischholzhausen 04,Thüringen,Kreis Erfurt-Sömmerda,5,Kreisoberliga,Frauen KOL St.2 · Kreis Erfurt-Sömmerda,031DS5KIMK000004VS5489BUVUR5FS5A-G,4,0,0,0,0,0,0,0,0,0.0,,fussball.de
708,SpG Auerbach / Katzental,Baden,Baden,5,Landesliga,bfv-Frauen Landesliga St. 3 · Baden,031621LD4400000CVS5489BTVU7GTVLE-G,1,0,0,0,0,0,0,0,0,0.0,,fussball.de
709,SpG Büchig / Neibsheim,Baden,Baden,5,Landesliga,bfv-Frauen Landesliga St. 1 · Baden,031621LCQ000000CVS5489BTVU7GTVLE-G,10,0,0,0,0,0,0,0,0,0.0,,fussball.de
710,SpG Diedesheim / Gundelsheim,Baden,Baden,5,Landesliga,bfv-Frauen Landesliga Baden,0316219I2G00000CVS5489BTVU7GTVLE-G,8,0,0,0,0,0,0,0,0,0.0,,fussball.de
711,SpG Dielheim / Wiesloch,Baden,Baden,5,Landesliga,bfv-Frauen Landesliga St. 3 · Baden,031621LD4400000CVS5489BTVU7GTVLE-G,2,0,0,0,0,0,0,0,0,0.0,,fussball.de
712,SpG Dittwar / Tauberbischofsheim,Baden,Baden,5,Landesliga,bfv-Frauen Landesliga Baden,0316219I2G00000CVS5489BTVU7GTVLE-G,9,0,0,0,0,0,0,0,0,0.0,,fussball.de
713,SpG HD-Kirchheim 2/ Ziegelhausen / Neckargemünd,Baden,Baden,5,Landesliga,bfv-Frauen Landesliga St. 2 · Baden,031621LCV400000BVS5489BTVU7GTVLE-G,6,0,0,0,0,0,0,0,0,0.0,,fussball.de
714,SpG Hardheim / Pülfringen,Baden,Baden,5,Landesliga,bfv-Frauen Landesliga St. 3 · Baden,031621LD4400000CVS5489BTVU7GTVLE-G,3,0,0,0,0,0,0,0,0,0.0,,fussball.de
715,SpG Heidelberg Nord,Baden,Baden,5,Landesliga,bfv-Frauen Landesliga St. 2 · Baden,031621LCV400000BVS5489BTVU7GTVLE-G,7,0,0,0,0,0,0,0,0,0.0,,fussball.de
716,SpG Hettingen / Reisenbach,Baden,Baden,5,Landesliga,bfv-Frauen Landesliga St. 3 · Baden,031621LD4400000CVS5489BTVU7GTVLE-G,4,0,0,0,0,0,0,0,0,0.0,,fussball.de
717,SpG Malsch / Durmersheim,Baden,Baden,5,Landesliga,bfv-Frauen Landesliga KF St.1 · Baden,031621LD9400000CVS5489BTVU7GTVLE-G,10,0,0,0,0,0,0,0,0,0.0,,fussball.de
718,SpG Mückenloch / Neunkirchen,Baden,Baden,5,Landesliga,bfv-Frauen Landesliga St. 3 · Baden,031621LD4400000CVS5489BTVU7GTVLE-G,5,0,0,0,0,0,0,0,0,0.0,,fussball.de
719,SpG Mückenloch / Neunkirchen 2,Baden,Baden,5,Landesliga,bfv-Frauen Landesliga KF St.2 · Baden,031621LDE800000CVS5489BTVU7GTVLE-G,8,0,0,0,0,0,0,0,0,0.0,,fussball.de
720,SpG Mühlhausen 2 / Oftersheim,Baden,Baden,5,Landesliga,bfv-Frauen Landesliga St. 2 · Baden,031621LCV400000BVS5489BTVU7GTVLE-G,8,0,0,0,0,0,0,0,0,0.0,,fussball.de
721,SpG Neckargerach / Eberbach,Baden,Baden,5,Landesliga,bfv-Frauen Landesliga St. 3 · Baden,031621LD4400000CVS5489BTVU7GTVLE-G,6,0,0,0,0,0,0,0,0,0.0,,fussball.de
722,SpG Reichartshausen / Helmstadt,Baden,Baden,5,Landesliga,bfv-Frauen Landesliga St. 3 · Baden,031621LD4400000CVS5489BTVU7GTVLE-G,7,0,0,0,0,0,0,0,0,0.0,,fussball.de
723,SpG Sattelbach / Lohrbach (flex),Baden,Baden,5,Landesliga,bfv-Frauen Landesliga St. 3 · Baden,031621LD4400000CVS5489BTVU7GTVLE-G,8,0,0,0,0,0,0,0,0,0.0,,fussball.de
724,SpG St.Leon / Mingolsheim,Baden,Baden,5,Landesliga,bfv-Frauen Landesliga St. 1 · Baden,031621LCQ000000CVS5489BTVU7GTVLE-G,11,0,0,0,0,0,0,0,0,0.0,,fussball.de
725,SpG Steinsfurt / Untergimpern (flex),Baden,Baden,5,Landesliga,bfv-Frauen Landesliga St. 3 · Baden,031621LD4400000CVS5489BTVU7GTVLE-G,9,0,0,0,0,0,0,0,0,0.0,,fussball.de
726,SpG Trienz / Klinge Seckach 2 (flex),Baden,Baden,5,Landesliga,bfv-Frauen Landesliga St. 3 · Baden,031621LD4400000CVS5489BTVU7GTVLE-G,10,0,0,0,0,0,0,0,0,0.0,,fussball.de
727,SpG Ubstadt-Weiher,Baden,Baden,5,Landesliga,bfv-Frauen Landesliga KF St.2 · Baden,031621LDE800000CVS5489BTVU7GTVLE-G,9,0,0,0,0,0,0,0,0,0.0,,fussball.de
728,SpVgg Gröningen-Satteldorf,Württemberg,Württemberg,5,Landesliga,Landesliga 1 · Württemberg,031CQMSMOK00000CVS5489BUVUR5FS5A-G,4,0,0,0,0,0,0,0,0,0.0,,fussball.de
729,Sparta Lichtenberg,Berlin,Berlin,5,Landesliga,Frauen Landesliga · Berlin,0317AJEGF800000JVS5489BUVSBBVPEU-G,8,0,0,0,0,0,0,0,0,0.0,,fussball.de
730,Spfr. Ippendorf,Mittelrhein,Mittelrhein,5,Landesliga,"Frauen-Landesliga, Staffel 1 · Mittelrhein",031DHDD1L0000002VS5489BUVUR5FS5A-G,9,0,0,0,0,0,0,0,0,0.0,,fussball.de
731,Spfr. Neukirch,Südbaden,Südbaden,5,Landesliga,Landesliga Frauen Staffel 2 · Südbaden,031A6I5CE000000FVS5489BUVV628VP4-G,11,0,0,0,0,0,0,0,0,0.0,,fussball.de
732,Sportvg Feuerbach,Württemberg,Württemberg,5,Landesliga,Landesliga 1 · Württemberg,031CQMSMOK00000CVS5489BUVUR5FS5A-G,5,0,0,0,0,0,0,0,0,0.0,,fussball.de
733,Spvgg 06 Ketsch,Baden,Baden,5,Landesliga,bfv-Frauen Landesliga Baden,0316219I2G00000CVS5489BTVU7GTVLE-G,10,0,0,0,0,0,0,0,0,0.0,,fussball.de
734,Spvgg Aldingen,Württemberg,Württemberg,5,Landesliga,Landesliga 2 · Württemberg,031CQMSN14000007VS5489BUVUR5FS5A-G,9,0,0,0,0,0,0,0,0,0.0,,fussball.de
735,Spvgg. Berneck/Zwerenberg,Württemberg,Württemberg,5,Landesliga,Landesliga 1 · Württemberg,031CQMSMOK00000CVS5489BUVUR5FS5A-G,6,0,0,0,0,0,0,0,0,0.0,,fussball.de
736,SvO Rieselfeld,Südbaden,Südbaden,5,Landesliga,Landesliga Frauen Staffel 1 · Südbaden,031A6I5C58000005VS5489BUVV628VP4-G,12,0,0,0,0,0,0,0,0,0.0,,fussball.de
737,TB-SV Füssenich-Geich,Mittelrhein,Mittelrhein,5,Landesliga,"Frauen-Landesliga, Staffel 2 · Mittelrhein",031DHDD1QC000002VS5489BUVUR5FS5A-G,11,0,0,0,0,0,0,0,0,0.0,,fussball.de
738,TGV Dürrenzimmern,Württemberg,Württemberg,5,Landesliga,Landesliga 1 · Württemberg,031CQMSMOK00000CVS5489BUVUR5FS5A-G,7,0,0,0,0,0,0,0,0,0.0,,fussball.de
739,TSV 1864 Magdala,Thüringen,Kreis Erfurt-Sömmerda,5,Kreisoberliga,Frauen KOL St.2 · Kreis Erfurt-Sömmerda,031DS5KIMK000004VS5489BUVUR5FS5A-G,5,0,0,0,0,0,0,0,0,0.0,,fussball.de
740,TSV 1907 Etzenrot,Baden,Baden,5,Landesliga,bfv-Frauen Landesliga Baden,0316219I2G00000CVS5489BTVU7GTVLE-G,11,0,0,0,0,0,0,0,0,0.0,,fussball.de
741,TSV 47 Mannheim-Schönau,Baden,Baden,5,Landesliga,bfv-Frauen Landesliga KF St.2 · Baden,031621LDE800000CVS5489BTVU7GTVLE-G,10,0,0,0,0,0,0,0,0,0.0,,fussball.de
742,TSV Albeck I,Württemberg,Württemberg,5,Landesliga,Landesliga 2 · Württemberg,031CQMSN14000007VS5489BUVUR5FS5A-G,10,0,0,0,0,0,0,0,0,0.0,,fussball.de
743,TSV Amicitia Viernheim 2,Baden,Baden,5,Landesliga,bfv-Frauen Landesliga St. 2 · Baden,031621LCV400000BVS5489BTVU7GTVLE-G,9,0,0,0,0,0,0,0,0,0.0,,fussball.de
744,TSV Dürrenbüchig,Baden,Baden,5,Landesliga,bfv-Frauen Landesliga KF St.1 · Baden,031621LD9400000CVS5489BTVU7GTVLE-G,11,0,0,0,0,0,0,0,0,0.0,,fussball.de
745,TSV Handschuhsheim,Baden,Baden,5,Landesliga,bfv-Frauen Landesliga St. 2 · Baden,031621LCV400000BVS5489BTVU7GTVLE-G,10,0,0,0,0,0,0,0,0,0.0,,fussball.de
746,TSV Handschuhsheim 2,Baden,Baden,5,Landesliga,bfv-Frauen Landesliga KF St.2 · Baden,031621LDE800000CVS5489BTVU7GTVLE-G,11,0,0,0,0,0,0,0,0,0.0,,fussball.de
747,TSV Münchingen II,Württemberg,Württemberg,5,Landesliga,Landesliga 1 · Württemberg,031CQMSMOK00000CVS5489BUVUR5FS5A-G,8,0,0,0,0,0,0,0,0,0.0,,fussball.de
748,TSV Nellmersbach,Württemberg,Württemberg,5,Landesliga,Landesliga 1 · Württemberg,031CQMSMOK00000CVS5489BUVUR5FS5A-G,9,0,0,0,0,0,0,0,0,0.0,,fussball.de
749,TSV Neuenstein II,Württemberg,Württemberg,5,Landesliga,Landesliga 1 · Württemberg,031CQMSMOK00000CVS5489BUVUR5FS5A-G,10,0,0,0,0,0,0,0,0,0.0,,fussball.de
750,TSV Ruppertshofen,Württemberg,Württemberg,5,Landesliga,Landesliga 1 · Württemberg,031CQMSMOK00000CVS5489BUVUR5FS5A-G,11,0,0,0,0,0,0,0,0,0.0,,fussball.de
751,TSV Sondelfingen,Württemberg,Württemberg,5,Landesliga,Landesliga 2 · Württemberg,031CQMSN14000007VS5489BUVUR5FS5A-G,11,0,0,0,0,0,0,0,0,0.0,,fussball.de
752,TSV Tettnang II,Württemberg,Württemberg,5,Landesliga,Landesliga 2 · Württemberg,031CQMSN14000007VS5489BUVUR5FS5A-G,12,0,0,0,0,0,0,0,0,0.0,,fussball.de
753,TSV Waldangelloch,Baden,Baden,5,Landesliga,bfv-Frauen Landesliga St. 3 · Baden,031621LD4400000CVS5489BTVU7GTVLE-G,11,0,0,0,0,0,0,0,0,0.0,,fussball.de
754,TuS Birk,Mittelrhein,Mittelrhein,5,Landesliga,"Frauen-Landesliga, Staffel 1 · Mittelrhein",031DHDD1L0000002VS5489BUVUR5FS5A-G,10,0,0,0,0,0,0,0,0,0.0,,fussball.de
755,TuS Chlodwig Zülpich Frauen,Mittelrhein,Mittelrhein,5,Landesliga,"Frauen-Landesliga, Staffel 2 · Mittelrhein",031DHDD1QC000002VS5489BUVUR5FS5A-G,12,0,0,0,0,0,0,0,0,0.0,,fussball.de
756,TuS Homburg-Bröltal 1927 e.V.,Mittelrhein,Mittelrhein,5,Landesliga,"Frauen-Landesliga, Staffel 1 · Mittelrhein",031DHDD1L0000002VS5489BUVUR5FS5A-G,11,0,0,0,0,0,0,0,0,0.0,,fussball.de
757,Union Blau-Weiß Biesfeld,Mittelrhein,Mittelrhein,5,Landesliga,"Frauen-Landesliga, Staffel 1 · Mittelrhein",031DHDD1L0000002VS5489BUVUR5FS5A-G,12,0,0,0,0,0,0,0,0,0.0,,fussball.de
758,VfB Gartenstadt,Baden,Baden,5,Landesliga,bfv-Frauen Landesliga St. 2 · Baden,031621LCV400000BVS5489BTVU7GTVLE-G,11,0,0,0,0,0,0,0,0,0.0,,fussball.de
759,VfB Obertürkheim,Württemberg,Württemberg,5,Landesliga,Landesliga 1 · Württemberg,031CQMSMOK00000CVS5489BUVUR5FS5A-G,12,0,0,0,0,0,0,0,0,0.0,,fussball.de
760,VfR Mannheim,Baden,Baden,5,Landesliga,bfv-Frauen Landesliga St. 2 · Baden,031621LCV400000BVS5489BTVU7GTVLE-G,12,0,0,0,0,0,0,0,0,0.0,,fussball.de
761,WSG Thür. Wald Zella-Mehlis,Thüringen,Kreis Rhön-Rennsteig,5,Kreisoberliga,Frauen Kreisoberliga Staffel Süd · Kreis Rhön-Rennsteig,031DHN14CS000006VS5489BUVUR5FS5A-G,6,0,0,0,0,0,0,0,0,0.0,,fussball.de
762,WSG Thür. Wald Zella-Mehlis 2,Thüringen,Kreis Rhön-Rennsteig,5,Kreisoberliga,Frauen Kreisoberliga Staffel Süd · Kreis Rhön-Rennsteig,031DHN14CS000006VS5489BUVUR5FS5A-G,7,0,0,0,0,0,0,0,0,0.0,,fussball.de
763,1.FV Eintracht Wandlitz,Brandenburg,Brandenburg,5,Landesklasse,Landesklasse Ost · Brandenburg,031DE495N0000003VS5489BTVUS470OH-G,4,1,0,0,1,3,4,-1,0,0.0,,fussball.de
764,SV Allstedt (flex),Sachsen-Anhalt,Sachsen-Anhalt,5,Landesliga,Landesliga Süd · Sachsen-Anhalt,030BNE372O000003VS5489BTVTJUP7HP-G,5,1,0,0,1,2,3,-1,0,0.0,,fussball.de
765,SV Union Wetten,Niederrhein,Niederrhein,5,Landesliga,Landesliga Gruppe 1 · Niederrhein,031EEUBQEO00000JVS5489BUVUR5FS5A-G,11,2,0,0,2,4,6,-2,0,0.0,,fussball.de
766,SpG 1. FC Frankfurt/ SG Wiesenau,Brandenburg,Brandenburg,5,Landesklasse,Landesklasse Ost · Brandenburg,031DE495N0000003VS5489BTVUS470OH-G,5,1,0,0,1,2,3,-1,0,0.0,,fussball.de
767,SG Findorff II,Bremen,Bremen,5,Landesliga,Landesliga - Hauptrunde · Bremen,031FAQL8I000000AVS5489BTVUS470OH-G,7,2,0,0,2,3,5,-2,0,0.0,,fussball.de
768,BCF Wolfratshausen,Bayern,Bayern,5,Landesliga,Frauen Landesliga Süd · Bayern,0319LIUD90000005VS5489BUVV628VP4-G,10,2,0,0,2,2,4,-2,0,0.0,,fussball.de
769,SG Basdorf/Schwanebeck,Brandenburg,Brandenburg,5,Landesklasse,Landesklasse Ost · Brandenburg,031DE495N0000003VS5489BTVUS470OH-G,6,1,0,0,1,1,2,-1,0,0.0,,fussball.de
770,SV Illingen,Saarland,Saarland,5,Landesliga,Landesliga · Saarland,031BSNK0K0000005VS5489BTVUS470OH-G,8,1,0,0,1,1,2,-1,0,0.0,,fussball.de
771,FSV 06 Kölleda,Thüringen,Kreis Erfurt-Sömmerda,5,Kreisoberliga,Frauen KOL St.1 · Kreis Erfurt-Sömmerda,031DS4P7V8000007VS5489BUVUR5FS5A-G,6,1,0,0,1,0,1,-1,0,0.0,,fussball.de
772,SG Jößnitz,Sachsen,Sachsen,5,Landesklasse,Sachsenklasse Frauen Süd/West,031DBL3A1G000004VS5489BTVUS470OH-G,8,1,0,0,1,0,1,-1,0,0.0,,fussball.de
773,SV Merkur 06 Oelsnitz,Sachsen,Sachsen,5,Landesklasse,Sachsenklasse Frauen Süd/West,031DBL3A1G000004VS5489BTVUS470OH-G,9,1,0,0,1,0,1,-1,0,0.0,,fussball.de
774,SV Waldesrand Linden,Westfalen,Westfalen,5,Landesliga,IGA 2027 Frauen Landesliga Staffel 2 · Westfalen,0314GV0PQ8000012VS5489BUVSBBVPEU-G,13,3,0,0,3,2,6,-4,0,0.0,,fussball.de
775,FC Kray,Niederrhein,Niederrhein,5,Landesliga,Landesliga Gruppe 2 · Niederrhein,031EEUBQO400000KVS5489BUVUR5FS5A-G,12,2,0,0,2,2,5,-3,0,0.0,,fussball.de
776,DJK Rhede,Niederrhein,Niederrhein,5,Landesliga,Landesliga Gruppe 1 · Niederrhein,031EEUBQEO00000JVS5489BUVUR5FS5A-G,14,2,0,0,2,1,4,-3,0,0.0,,fussball.de
777,TSV Trittau,Schleswig-Holstein,Schleswig-Holstein,5,Landesliga,Landesliga Holstein · Schleswig-Holstein,0311JA61C4000007VS5489BUVVARDA0V-G,10,2,0,0,2,6,10,-4,0,0.0,,fussball.de
778,Kickers Offenbach II,Hessen,Hessen,5,Verbandsliga,Frauen VL Gr.Süd · Hessen,031CO20P7C00000DVS5489BTVUS470OH-G,11,1,0,0,1,2,4,-2,0,0.0,,fussball.de
779,FFC Berlin 2004,Berlin,Berlin,5,Landesliga,Frauen Landesliga · Berlin,0317AJEGF800000JVS5489BUVSBBVPEU-G,10,2,0,0,2,3,7,-4,0,0.0,,fussball.de
780,1. FFC Fortuna Dresden II U23,Sachsen,Sachsen,5,Landesklasse,Sachsenklasse Frauen Ost,031DBKCDVK000004VS5489BTVUS470OH-G,9,2,0,0,2,2,6,-4,0,0.0,,fussball.de
781,SG Findorff,Bremen,Bremen,5,Landesliga,Landesliga - Hauptrunde · Bremen,031FAQL8I000000AVS5489BTVUS470OH-G,8,1,0,0,1,1,3,-2,0,0.0,,fussball.de
782,SG Poeler SV 1923/SV Schiffahrt u. Hafen Wismar,Mecklenburg-Vorpommern,Kreis Schwerin-Nordwestmeckl.,5,Kreisoberliga,Frauen Kreisoberliga · Kreis Schwerin-Nordwestmeckl.,031A8QCF10000008VS5489BTVSK8S3O6-G,8,1,0,0,1,1,3,-2,0,0.0,,fussball.de
783,SV RW Überacker,Bayern,Bayern,5,Landesliga,Frauen Landesliga Süd · Bayern,0319LIUD90000005VS5489BUVV628VP4-G,11,2,0,0,2,1,5,-4,0,0.0,,fussball.de
784,DJK Borussia Münster,Westfalen,Westfalen,5,Landesliga,IGA 2027 Frauen Landesliga Staffel 3 · Westfalen,0314GV0Q5G00000RVS5489BUVSBBVPEU-G,13,3,0,0,3,1,7,-6,0,0.0,,fussball.de
785,TSV Mainz-Ebersheim,Südwest,Südwest,5,Landesliga,Frauen Landesliga Nord · Südwest,031B53B82C000004VS5489BUVV628VP4-G,11,3,0,0,3,1,7,-6,0,0.0,,fussball.de
786,FC Neukirchen-Vluyn,Niederrhein,Niederrhein,5,Landesliga,Landesliga Gruppe 1 · Niederrhein,031EEUBQEO00000JVS5489BUVUR5FS5A-G,12,1,0,0,1,0,2,-2,0,0.0,,fussball.de
787,FSV Lokomotive Dresden,Sachsen,Sachsen,5,Landesklasse,Sachsenklasse Frauen Ost,031DBKCDVK000004VS5489BTVUS470OH-G,10,2,0,0,2,0,4,-4,0,0.0,,fussball.de
788,TSV Ganderkesee,Niedersachsen,Bezirk Weser-Ems,5,Landesliga,Frauen Landesliga Weser-Ems,0318B33UGK00000CVS5489BTVU7GTVLE-G,11,3,0,0,3,0,6,-6,0,0.0,,fussball.de
789,SV Eintracht Neulangen 1,Niedersachsen,Bezirk Weser-Ems,5,Landesliga,Frauen Landesliga Weser-Ems,0318B33UGK00000CVS5489BTVU7GTVLE-G,12,3,0,0,3,2,9,-7,0,0.0,,fussball.de
790,TuRa Meldorf,Schleswig-Holstein,Schleswig-Holstein,5,Landesliga,Landesliga Schleswig · Schleswig-Holstein,0311JA6138000007VS5489BUVVARDA0V-G,10,2,0,0,2,4,9,-5,0,0.0,,fussball.de
791,SG Beckedorf/Ritterhude,Niedersachsen,Bezirk Lüneburg,5,Landesliga,Frauen Landesliga Lüneburg,0316TBGAE8000008VS5489BTVU7GTVLE-G,12,2,0,0,2,1,6,-5,0,0.0,,fussball.de
792,Hövelhofer SV,Westfalen,Westfalen,5,Landesliga,IGA 2027 Frauen Landesliga Staffel 1 · Westfalen,0314GV0PE000000TVS5489BUVSBBVPEU-G,14,3,0,0,3,6,14,-8,0,0.0,,fussball.de
793,SG TSV Venningen/FSG Vorderpfalz-Gäu,Südwest,Südwest,5,Landesliga,Frauen Landesliga Süd · Südwest,031CH7VJNG000004VS5489BTVUS470OH-G,11,3,0,0,3,4,12,-8,0,0.0,,fussball.de
794,SG Kalübbe/Bosau/Sarau/Dersau,Schleswig-Holstein,Schleswig-Holstein,5,Landesliga,Landesliga Holstein · Schleswig-Holstein,0311JA61C4000007VS5489BUVVARDA0V-G,12,3,0,0,3,3,11,-8,0,0.0,,fussball.de
795,SV Brünen,Niederrhein,Niederrhein,5,Landesliga,Landesliga Gruppe 1 · Niederrhein,031EEUBQEO00000JVS5489BUVUR5FS5A-G,13,1,0,0,1,2,5,-3,0,0.0,,fussball.de
796,FC Internationale Berlin II,Berlin,Berlin,5,Landesliga,Frauen Landesliga · Berlin,0317AJEGF800000JVS5489BUVSBBVPEU-G,12,2,0,0,2,2,8,-6,0,0.0,,fussball.de
797,TSV Stelle,Niedersachsen,Bezirk Lüneburg,5,Landesliga,Frauen Landesliga Lüneburg,0316TBGAE8000008VS5489BTVU7GTVLE-G,13,2,0,0,2,2,8,-6,0,0.0,,fussball.de
798,Türkiyemspor Berlin 1978 III,Berlin,Berlin,5,Landesliga,Frauen Landesliga · Berlin,0317AJEGF800000JVS5489BUVSBBVPEU-G,9,1,0,0,1,1,4,-3,0,0.0,,fussball.de
799,VfB Oldisleben,Thüringen,Kreis Nordthüringen,5,Kreisoberliga,Teamsport NDH Kreisoberliga · Kreis Nordthüringen,0319T83L38000006VS5489BTVSK8S3O6-G,5,1,0,0,1,1,4,-3,0,0.0,,fussball.de
800,HSV Langenfeld 1959,Niederrhein,Niederrhein,5,Landesliga,Landesliga Gruppe 2 · Niederrhein,031EEUBQO400000KVS5489BUVUR5FS5A-G,14,2,0,0,2,1,7,-6,0,0.0,,fussball.de
801,TSV Eintracht Bückeberge,Niedersachsen,Bezirk Hannover,5,Landesliga,Frauen Landesliga Hannover,031DQ9GU3O000005VS5489BTVUS470OH-G,10,2,0,0,2,1,7,-6,0,0.0,,fussball.de
802,SV Grün Weiß Ammendorf 1948 e.V. (flex),Sachsen-Anhalt,Sachsen-Anhalt,5,Landesliga,Landesliga Süd · Sachsen-Anhalt,030BNE372O000003VS5489BTVTJUP7HP-G,6,2,0,0,2,0,6,-6,0,0.0,,fussball.de
803,VfL Kellinghusen,Schleswig-Holstein,Schleswig-Holstein,5,Landesliga,Landesliga Holstein · Schleswig-Holstein,0311JA61C4000007VS5489BUVVARDA0V-G,11,2,0,0,2,0,6,-6,0,0.0,,fussball.de
804,FSG Hetzerath/Föhren/Bekond,Rheinland,Bezirk Rheinland,5,Bezirksliga,Bezirksliga 2 Frauen · Bezirk Rheinland,031E5433VC000005VS5489BTVUS470OH-G,9,3,0,0,3,4,14,-10,0,0.0,,fussball.de
805,FC Oeding,Westfalen,Westfalen,5,Landesliga,IGA 2027 Frauen Landesliga Staffel 3 · Westfalen,0314GV0Q5G00000RVS5489BUVSBBVPEU-G,14,3,0,0,3,3,13,-10,0,0.0,,fussball.de
806,SV Hohenlimburg,Westfalen,Westfalen,5,Landesliga,IGA 2027 Frauen Landesliga Staffel 2 · Westfalen,0314GV0PQ8000012VS5489BUVSBBVPEU-G,14,3,0,0,3,2,12,-10,0,0.0,,fussball.de
807,SV National Auleben,Thüringen,Kreis Nordthüringen,5,Kreisoberliga,Teamsport NDH Kreisoberliga · Kreis Nordthüringen,0319T83L38000006VS5489BTVSK8S3O6-G,6,2,0,0,2,2,9,-7,0,0.0,,fussball.de
808,FSG Wörrstadt/Saulheim II,Südwest,Südwest,5,Landesliga,Frauen Landesliga Nord · Südwest,031B53B82C000004VS5489BUVV628VP4-G,12,2,0,0,2,1,8,-7,0,0.0,,fussball.de
809,DJK SV Geratskirchen,Bayern,Bayern,5,Landesliga,Frauen Landesliga Süd · Bayern,0319LIUD90000005VS5489BUVV628VP4-G,12,2,0,0,2,0,7,-7,0,0.0,,fussball.de
810,Krusenbuscher SV,Niedersachsen,Bezirk Weser-Ems,5,Landesliga,Frauen Landesliga Weser-Ems,0318B33UGK00000CVS5489BTVU7GTVLE-G,13,3,0,0,3,2,13,-11,0,0.0,,fussball.de
811,SG Eßweiler-Rothselberg,Südwest,Südwest,5,Landesliga,Frauen Landesliga West · Südwest,031CDUVGJO000007VS5489BUVUR5FS5A-G,11,2,0,0,2,4,12,-8,0,0.0,,fussball.de
812,SpG RSV Eintracht / Hertha 03 II,Brandenburg,Brandenburg,5,Landesklasse,Landesklasse West · Brandenburg,031DE2C0NO000003VS5489BTVUS470OH-G,5,1,0,0,1,2,6,-4,0,0.0,,fussball.de
813,SpG Veritas/KSV Prignitz,Brandenburg,Brandenburg,5,Landesklasse,Landesklasse West · Brandenburg,031DE2C0NO000003VS5489BTVUS470OH-G,6,1,0,0,1,2,6,-4,0,0.0,,fussball.de
814,MF Göttingen,Niedersachsen,Bezirk Braunschweig,5,Landesliga,Frauen Landesliga Braunschweig,031AHIK0EC000009VS5489BUVV628VP4-G,8,2,0,0,2,3,11,-8,0,0.0,,fussball.de
815,DSC 99,Niederrhein,Niederrhein,5,Landesliga,Landesliga Gruppe 2 · Niederrhein,031EEUBQO400000KVS5489BUVUR5FS5A-G,13,1,0,0,1,1,5,-4,0,0.0,,fussball.de
816,FC Hopferstadt,Bayern,Bayern,5,Landesliga,Frauen Landesliga Nord · Bayern,0319LIUD18000005VS5489BUVV628VP4-G,11,2,0,0,2,2,10,-8,0,0.0,,fussball.de
817,SV Altenstadt/Voh.,Bayern,Bayern,5,Landesliga,Frauen Landesliga Nord · Bayern,0319LIUD18000005VS5489BUVV628VP4-G,12,2,0,0,2,3,12,-9,0,0.0,,fussball.de
818,FC Gudesding Frankfurt,Hessen,Hessen,5,Verbandsliga,Frauen VL Gr.Süd · Hessen,031CO20P7C00000DVS5489BTVUS470OH-G,12,2,0,0,2,2,11,-9,0,0.0,,fussball.de
819,SV Bardenbach 2,Saarland,Saarland,5,Landesliga,Landesliga · Saarland,031BSNK0K0000005VS5489BTVUS470OH-G,11,2,0,0,2,2,11,-9,0,0.0,,fussball.de
820,SV Hahndorf,Niedersachsen,Bezirk Braunschweig,5,Landesliga,Frauen Landesliga Braunschweig,031AHIK0EC000009VS5489BUVV628VP4-G,9,2,0,0,2,1,10,-9,0,0.0,,fussball.de
821,TSG Ahlten,Niedersachsen,Bezirk Hannover,5,Landesliga,Frauen Landesliga Hannover,031DQ9GU3O000005VS5489BTVUS470OH-G,11,2,0,0,2,1,10,-9,0,0.0,,fussball.de
822,DJK Utscheid,Rheinland,Bezirk Rheinland,5,Bezirksliga,Bezirksliga 2 Frauen · Bezirk Rheinland,031E5433VC000005VS5489BTVUS470OH-G,10,2,0,0,2,2,12,-10,0,0.0,,fussball.de
823,SV Buchholz,Berlin,Berlin,5,Landesliga,Frauen Landesliga · Berlin,0317AJEGF800000JVS5489BUVSBBVPEU-G,11,1,0,0,1,1,6,-5,0,0.0,,fussball.de
824,Mellendorfer TV,Niedersachsen,Bezirk Hannover,5,Landesliga,Frauen Landesliga Hannover,031DQ9GU3O000005VS5489BTVUS470OH-G,12,2,0,0,2,1,12,-11,0,0.0,,fussball.de
825,SG GWT/MTSV,Schleswig-Holstein,Schleswig-Holstein,5,Landesliga,Landesliga Schleswig · Schleswig-Holstein,0311JA6138000007VS5489BUVVARDA0V-G,11,2,0,0,2,3,15,-12,0,0.0,,fussball.de
826,SG SV Ka/SV Ge,Saarland,Saarland,5,Landesliga,Landesliga · Saarland,031BSNK0K0000005VS5489BTVUS470OH-G,9,1,0,0,1,1,7,-6,0,0.0,,fussball.de
827,SG Dammheim/Südwestgirls,Südwest,Südwest,5,Landesliga,Frauen Landesliga Süd · Südwest,031CH7VJNG000004VS5489BTVUS470OH-G,12,3,0,0,3,0,18,-18,0,0.0,,fussball.de
828,SV Vogelsberg,Thüringen,Kreis Erfurt-Sömmerda,5,Kreisoberliga,Frauen KOL St.1 · Kreis Erfurt-Sömmerda,031DS4P7V8000007VS5489BUVUR5FS5A-G,7,2,0,0,2,0,12,-12,0,0.0,,fussball.de
829,Viktoria Mitte,Berlin,Berlin,5,Landesliga,Frauen Landesliga · Berlin,0317AJEGF800000JVS5489BUVSBBVPEU-G,13,2,0,0,2,1,14,-13,0,0.0,,fussball.de
830,Lehndorfer TSV,Niedersachsen,Bezirk Braunschweig,5,Landesliga,Frauen Landesliga Braunschweig,031AHIK0EC000009VS5489BUVV628VP4-G,10,2,0,0,2,2,16,-14,0,0.0,,fussball.de
831,Leipziger FC 07,Sachsen,Sachsen,5,Landesklasse,Sachsenklasse Frauen Nord,031DBKN7HK000004VS5489BTVUS470OH-G,12,2,0,0,2,1,16,-15,0,0.0,,fussball.de
832,BSG Motor Zschopau,Sachsen,Sachsen,5,Landesklasse,Sachsenklasse Frauen Süd/West,031DBL3A1G000004VS5489BTVUS470OH-G,11,2,0,0,2,0,15,-15,0,0.0,,fussball.de
833,SG Waldsee/Schifferstadt,Südwest,Südwest,5,Landesliga,Frauen Landesliga Süd · Südwest,031CH7VJNG000004VS5489BTVUS470OH-G,13,4,0,0,4,0,35,-35,0,0.0,,fussball.de
834,SG Hemmersdorf/Dillingen/Eimersdorf 2026,Saarland,Saarland,5,Landesliga,Landesliga · Saarland,031BSNK0K0000005VS5489BTVUS470OH-G,10,1,0,0,1,2,11,-9,0,0.0,,fussball.de
835,SG Einheit Crivitz,Mecklenburg-Vorpommern,Kreis Schwerin-Nordwestmeckl.,5,Kreisoberliga,Frauen Kreisoberliga · Kreis Schwerin-Nordwestmeckl.,031A8QCF10000008VS5489BTVSK8S3O6-G,9,2,0,0,2,2,20,-18,0,0.0,,fussball.de
836,VfB Ottersleben e.V.,Sachsen-Anhalt,Sachsen-Anhalt,5,Landesliga,Landesliga Nord · Sachsen-Anhalt,030BNDVH1C000000VS5489BTVTJUP7HP-G,7,3,0,0,3,3,30,-27,0,0.0,,fussball.de
837,SG SV Förtha-Unkeroda,Thüringen,Kreis Westthüringen,5,Kreisoberliga,KREISOBERLIGA FRAUEN · Kreis Westthüringen,031CG84VVO000006VS5489BTVUS470OH-G,7,1,0,0,1,1,12,-11,0,0.0,,fussball.de
838,SV Blau-Weiß 90 Lipprechterode,Thüringen,Kreis Nordthüringen,5,Kreisoberliga,Teamsport NDH Kreisoberliga · Kreis Nordthüringen,0319T83L38000006VS5489BTVSK8S3O6-G,7,1,0,0,1,2,14,-12,0,0.0,,fussball.de
839,SG Mittelschmalkalden,Thüringen,Kreis Westthüringen,5,Kreisoberliga,KREISOBERLIGA FRAUEN · Kreis Westthüringen,031CG84VVO000006VS5489BTVUS470OH-G,8,1,0,0,1,0,12,-12,0,0.0,,fussball.de
840,TSV 1864 Schlettau,Sachsen,Sachsen,5,Landesklasse,Sachsenklasse Frauen Süd/West,031DBL3A1G000004VS5489BTVUS470OH-G,10,1,0,0,1,0,13,-13,0,0.0,,fussball.de
841,SV Bad Kleinen,Mecklenburg-Vorpommern,Kreis Schwerin-Nordwestmeckl.,5,Kreisoberliga,Frauen Kreisoberliga · Kreis Schwerin-Nordwestmeckl.,031A8QCF10000008VS5489BTVSK8S3O6-G,10,2,0,0,2,1,29,-28,0,0.0,,fussball.de
842,SG Sport-Freunde Marbach II,Thüringen,Kreis Erfurt-Sömmerda,5,Kreisoberliga,Frauen KOL St.2 · Kreis Erfurt-Sömmerda,031DS5KIMK000004VS5489BUVUR5FS5A-G,6,2,0,0,2,0,31,-31,0,0.0,,fussball.de
843,SG Südstern Senzig,Brandenburg,Kreis Dahme/Fläming,6,Kreisliga,Kreisliga · Kreis Dahme/Fläming,031CGDDNC800000JVS5489BUVUR5FS5A-G,1,1,1,0,0,12,0,12,3,3.0,,fussball.de
844,SG INSEL/FEHMARN/BURG,Schleswig-Holstein,Kreis Kiel,6,Kreisliga,Frauen Kreisliga Mitte-Ost · Kreis Kiel,031JIUQGOG000005VS5489BTVSRD0UH9-G,5,1,1,0,0,12,1,11,3,3.0,,fussball.de
845,FSG Baar/Herresbach (9er),Rheinland,Kreis Eifel,6,Kreisklasse,Frauen-Kreisklasse 3 · Kreis Eifel,031GIKVLV8000006VS5489BTVVG7L386-G,2,2,2,0,0,23,1,22,6,3.0,,fussball.de
846,BFC Dynamo,Berlin,Bezirk Berlin,6,Bezirksliga,Frauen Bezirksliga St.1 · Bezirk Berlin,0317AJFCVG00000IVS5489BUVSBBVPEU-G,1,2,2,0,0,22,1,21,6,3.0,,fussball.de
847,VfB Lübeck,Schleswig-Holstein,Kreis Lübeck,6,Kreisliga,Kreisliga Süd · Kreis Lübeck,031CHKPPM0000004VS5489BTVUS470OH-G,1,2,2,0,0,22,1,21,6,3.0,,fussball.de
848,TSV Friedrichsberg-Busdorf,Schleswig-Holstein,Kreis Rendsburg-Eckernförde,6,Kreisliga,Kreisliga Nord-Ost RD-Eck · Kreis Rendsburg-Eckernförde,031JRC0OTC000004VS5489BTVSRD0UH9-G,3,1,1,0,0,10,0,10,3,3.0,,fussball.de
849,SV 07 Nauheim,Hessen,Region Wiesbaden,6,Gruppenliga,Frauen Gruppenliga Süd-West · Region Wiesbaden,031E2AVBQ4000002VS5489BUVUR5FS5A-G,7,1,1,0,0,9,0,9,3,3.0,,fussball.de
850,SC Eintracht Schkeuditz,Sachsen,Kreis Leipzig,6,Kreisoberliga,Stadtklasse Frauen · Kreis Leipzig,031JVGRBCK000004VS5489BTVSRD0UH9-G,1,2,2,0,0,20,3,17,6,3.0,,fussball.de
851,TV Kruft,Rheinland,Kreis Rhein/Ahr,6,Kreisklasse,Frauen-Kreisklasse 2 · Kreis Rhein/Ahr,031GIKB0P8000003VS5489BTVVG7L386-G,3,2,2,0,0,19,3,16,6,3.0,,fussball.de
852,SV Eintracht Mendig,Rheinland,Kreis Rhein/Ahr,6,Kreisklasse,Frauen-Kreisklasse 2 · Kreis Rhein/Ahr,031GIKB0P8000003VS5489BTVVG7L386-G,1,3,3,0,0,28,4,24,9,3.0,,fussball.de
853,FSG Raßdorf/Bosserode,Hessen,Region Fulda,6,Gruppenliga,Frauen Gruppenliga Nord-Ost · Region Fulda,031CO2GG3O00000GVS5489BTVUS470OH-G,1,3,3,0,0,24,0,24,9,3.0,,fussball.de
854,FSV Eintracht KW,Brandenburg,Kreis Dahme/Fläming,6,Kreisliga,Kreisliga · Kreis Dahme/Fläming,031CGDDNC800000JVS5489BUVUR5FS5A-G,2,1,1,0,0,8,0,8,3,3.0,,fussball.de
855,SG Sieversdorf,Brandenburg,Kreis Prignitz/Ruppin,6,Kreisliga,Kreisliga Frauen · Kreis Prignitz/Ruppin,031JVGVNLO00000DVS5489BUVVKNMR0J-G,1,1,1,0,0,9,2,7,3,3.0,,fussball.de
856,Serkowitzer FSV 2,Sachsen,Kreis Dresden,6,Kreisoberliga,Stadtloberliga · Kreis Dresden,03171VKFFG000009VS5489BTVU7GTVLE-G,1,2,2,0,0,17,3,14,6,3.0,,fussball.de
857,SV Frisch Auf Doberschütz-Mockrehna,Sachsen,Kreis Leipzig,6,Kreisoberliga,Stadtklasse Frauen · Kreis Leipzig,031JVGRBCK000004VS5489BTVSRD0UH9-G,2,2,2,0,0,16,2,14,6,3.0,,fussball.de
858,SV Obersülzen II 9er,Südwest,Südwest,6,Bezirksliga (Verband),Frauen Bezirksliga Mitte · Südwest,031EV7TSU8000003VS5489BTVUS470OH-G,2,2,2,0,0,15,2,13,6,3.0,,fussball.de
859,FSG Eichelhardt/Ingelbach,Rheinland,Kreis Westerwald/Sieg,6,Kreisklasse,Frauen-Kreisklasse 1 · Kreis Westerwald/Sieg,031GIJJ1E4000006VS5489BTVVG7L386-G,1,2,2,0,0,14,1,13,6,3.0,,fussball.de
860,SG LVB III / U21-Juniorinnen,Sachsen,Kreis Leipzig,6,Kreisoberliga,Stadtklasse Frauen · Kreis Leipzig,031JVGRBCK000004VS5489BTVSRD0UH9-G,3,2,2,0,0,13,0,13,6,3.0,,fussball.de
861,1. FC Kaiserslautern 2,Südwest,Südwest,6,Bezirksliga (Verband),Frauen Bezirksliga West · Südwest,031DELDGM4000003VS5489BUVUR5FS5A-G,1,3,3,0,0,20,1,19,9,3.0,,fussball.de
862,TuS Germania Lohauserholz,Westfalen,Bezirk Westfalen,6,Bezirksliga,Frauen Bezirksliga Staffel 4 · Bezirk Westfalen,0314GV3GS800000SVS5489BUVSBBVPEU-G,1,3,3,0,0,19,0,19,9,3.0,,fussball.de
863,DJK 1928 Vierlinden,Niederrhein,Bezirk Niederrhein,6,Bezirksliga,Bezirksliga Gruppe 4 · Bezirk Niederrhein,031EF19PL800000DVS5489BUVUR5FS5A-G,1,2,2,0,0,13,1,12,6,3.0,,fussball.de
864,Habenhauser FV,Bremen,Bezirk Bremen,6,Bezirksliga,Bezirksliga - Hauptrunde · Bezirk Bremen,031FARD6IK000018VS5489BTVUS470OH-G,1,2,2,0,0,13,1,12,6,3.0,,fussball.de
865,SG Canitz,Sachsen,Kreis Dresden,6,Kreisoberliga,Stadtloberliga · Kreis Dresden,03171VKFFG000009VS5489BTVU7GTVLE-G,2,2,2,0,0,12,0,12,6,3.0,,fussball.de
866,SSV Sechshelden,Hessen,Region Gießen / Marburg,6,Gruppenliga,Frauen GL Nord-West · Region Gießen / Marburg,031COEE52400000CVS5489BTVUS470OH-G,1,2,2,0,0,12,0,12,6,3.0,,fussball.de
867,SV Wilting (A),Bayern,Bezirk Oberpfalz,6,Bezirksoberliga,Frauen BOL · Bezirk Oberpfalz,0316VD0FOS000006VS5489BTVU7GTVLE-G,1,1,1,0,0,6,0,6,3,3.0,,fussball.de
868,SpG Höckendorfer FV / Stahl Schmiedeberg,Sachsen,Kreis Sächs.Schweiz/Osterzgeb.,6,Kreisoberliga,Kreisoberliga · Kreis Sächs.Schweiz/Osterzgeb.,031LHJG0TG000004VS5489BUVVKNMR0J-G,3,1,1,0,0,6,0,6,3,3.0,,fussball.de
869,SpG MoGoNo / Böhlitz-Ehrenberg,Sachsen,Kreis Leipzig,6,Kreisoberliga,Stadtklasse Frauen · Kreis Leipzig,031JVGRBCK000004VS5489BTVSRD0UH9-G,4,2,2,0,0,12,0,12,6,3.0,,fussball.de
870,Hannover 96 III,Niedersachsen,Bezirk Hannover,6,Bezirksliga,Frauen Bezirksliga Hannover Staffel 2,0313H10RD0000004VS5489BUVSBBVPEU-G,1,2,2,0,0,13,2,11,6,3.0,,fussball.de
871,SV Victoria St. Wendel,Saarland,Bezirk Saarland,6,Bezirksliga,Bezirksliga Vorrunde · Bezirk Saarland,031C3V02R0000004VS5489BUVUR5FS5A-G,1,2,2,0,0,13,2,11,6,3.0,,fussball.de
872,TSV Wulsdorf,Bremen,Bezirk Bremen,6,Bezirksliga,Bezirksliga - Hauptrunde · Bezirk Bremen,031FARD6IK000018VS5489BTVUS470OH-G,2,2,2,0,0,13,2,11,6,3.0,,fussball.de
873,Ahrensburg 1.Fr.,Hamburg,Bezirksebene Hamburg,6,Bezirksliga,FBZL 02 · Bezirksebene Hamburg,0314CCB7QC00000FVS5489BTVU7GTVLE-G,1,2,2,0,0,12,1,11,6,3.0,,fussball.de
874,Eintracht Emmerich,Niederrhein,Bezirk Niederrhein,6,Bezirksliga,Bezirksliga Gruppe 3 · Bezirk Niederrhein,031EF19PEK000007VS5489BUVUR5FS5A-G,1,2,2,0,0,12,1,11,6,3.0,,fussball.de
875,FV Vilja Wehr,Rheinland,Kreis Rhein/Ahr,6,Kreisklasse,Frauen-Kreisklasse 2 · Kreis Rhein/Ahr,031GIKB0P8000003VS5489BTVVG7L386-G,2,3,3,0,0,18,2,16,9,3.0,,fussball.de
876,1. FC Saarbrücken,,Deutschland,6,Regionalliga,Regionalliga Südwest,0312Q1GS9G000003VS5489BTVU7GTVLE-G,1,3,3,0,0,16,0,16,9,3.0,,fussball.de
877,SV DJK BW Kleinenberg,Westfalen,Bezirk Westfalen,6,Bezirksliga,Frauen Bezirksliga Staffel 2 · Bezirk Westfalen,0314GV3G6S00000CVS5489BUVSBBVPEU-G,1,3,3,0,0,16,0,16,9,3.0,,fussball.de
878,FSV Viktoria Brandenburg 1990 e.V.,Brandenburg,Kreis Havelland,6,Kreisliga,Kreisliga Frauen (Kerstin Grothe-Benkenstein) · Kreis Havelland,031HTI8PTO000004VS5489BTVSRD0UH9-G,1,2,2,0,0,16,6,10,6,3.0,,fussball.de
879,TuS Oeventrop,Westfalen,Bezirk Westfalen,6,Bezirksliga,Frauen Bezirksliga Staffel 3 · Bezirk Westfalen,0314GV3GHC000013VS5489BUVSBBVPEU-G,3,2,2,0,0,14,4,10,6,3.0,,fussball.de
880,SC Deckbergen-Schaumburg,Niedersachsen,Bezirk Hannover,6,Bezirksliga,Frauen Bezirksliga Hannover Staffel 2,0313H10RD0000004VS5489BUVSBBVPEU-G,3,1,1,0,0,6,1,5,3,3.0,,fussball.de
881,SV Blau-Weiß Lubolz,Brandenburg,Kreis Südbrandenburg,6,Kreisliga,SBB/NL-Frauen-Kreisliga · Kreis Südbrandenburg,031F55NRLC000004VS5489BUVSJ4CRAP-G,3,1,1,0,0,6,1,5,3,3.0,,fussball.de
882,Universitäts-Sportclub Bayreuth,Bayern,Bezirk Oberfranken,6,Bezirksoberliga,Frauen BOL · Bezirk Oberfranken,031DRLDMBK000005VS5489BUVUR5FS5A-G,1,2,2,0,0,12,2,10,6,3.0,,fussball.de
883,SC 1912 Buschhausen,Niederrhein,Bezirk Niederrhein,6,Bezirksliga,Bezirksliga Gruppe 4 · Bezirk Niederrhein,031EF19PL800000DVS5489BUVUR5FS5A-G,4,1,1,0,0,5,0,5,3,3.0,,fussball.de
884,SF 05 Saarbrücken,Saarland,Bezirk Saarland,6,Bezirksliga,Bezirksliga Vorrunde · Bezirk Saarland,031C3V02R0000004VS5489BUVUR5FS5A-G,4,1,1,0,0,5,0,5,3,3.0,,fussball.de
885,SG Hundheim-O./Glanbr./Hinzw.,Südwest,Südwest,6,Bezirksliga (Verband),Frauen Bezirksliga West · Südwest,031DELDGM4000003VS5489BUVUR5FS5A-G,2,2,2,0,0,10,0,10,6,3.0,,fussball.de
886,SSV Sarzbüttel,Schleswig-Holstein,Kreis Westküste,6,Kreisliga,Staffel 4 West (WK) · Kreis Westküste,031KUBKDGG000004VS5489BUVVKNMR0J-G,1,1,1,0,0,5,0,5,3,3.0,,fussball.de
887,SV Lok Uebigau,Brandenburg,Kreis Südbrandenburg,6,Kreisliga,SBB/NL-Frauen-Kreisliga · Kreis Südbrandenburg,031F55NRLC000004VS5489BUVSJ4CRAP-G,4,1,1,0,0,5,0,5,3,3.0,,fussball.de
888,SV Viktoria,Schleswig-Holstein,Kreis Lübeck,6,Kreisliga,Kreisliga Süd · Kreis Lübeck,031CHKPPM0000004VS5489BTVUS470OH-G,4,1,1,0,0,5,0,5,3,3.0,,fussball.de
889,FSG Hassia Dieburg/Semd,Hessen,Region Frankfurt,6,Gruppenliga,Frauen Gruppenliga Süd-Ost · Region Frankfurt,031CO2CTM400000EVS5489BTVUS470OH-G,1,3,3,0,0,15,1,14,9,3.0,,fussball.de
890,SpG Post / Goppeln,Sachsen,Kreis Dresden,6,Kreisoberliga,Stadtloberliga · Kreis Dresden,03171VKFFG000009VS5489BTVU7GTVLE-G,3,2,2,0,0,12,3,9,6,3.0,,fussball.de
891,FSV Lok Eberswalde,Brandenburg,Kreis Oberhavel/Barnim,6,Kreisliga,Kreisliga Frauen · Kreis Oberhavel/Barnim,03142N5IIC00000CVS5489BUVSBBVPEU-G,1,2,2,0,0,11,2,9,6,3.0,,fussball.de
892,SV 03 Geseke,Westfalen,Bezirk Westfalen,6,Bezirksliga,Frauen Bezirksliga Staffel 2 · Bezirk Westfalen,0314GV3G6S00000CVS5489BUVSBBVPEU-G,3,2,2,0,0,11,2,9,6,3.0,,fussball.de
893,TSV Großsteinberg,Sachsen,Kreis Leipzig,6,Kreisoberliga,Stadtliga Frauen · Kreis Leipzig,0319R4CO10000004VS5489BTVSK8S3O6-G,1,2,2,0,0,11,2,9,6,3.0,,fussball.de
894,SG Kaarst II.,Niederrhein,Bezirk Niederrhein,6,Bezirksliga,Bezirksliga Gruppe 1 · Bezirk Niederrhein,031EF19OVG00000GVS5489BUVUR5FS5A-G,1,2,2,0,0,10,1,9,6,3.0,,fussball.de
895,UFK Potsdam 08 (7er),Brandenburg,Kreis Havelland,6,Kreisliga,Kreisliga Frauen (Kerstin Grothe-Benkenstein) · Kreis Havelland,031HTI8PTO000004VS5489BTVSRD0UH9-G,2,2,2,0,0,10,1,9,6,3.0,,fussball.de
896,FSG Schöndorf (9er),Rheinland,Kreis Trier/Saarburg,6,Kreisklasse,Frauen-Kreisklasse 4 · Kreis Trier/Saarburg,031GILDB80000007VS5489BTVVG7L386-G,1,3,3,0,0,20,7,13,9,3.0,,fussball.de
897,Spvg Steinhagen II,Westfalen,Bezirk Westfalen,6,Bezirksliga,Frauen Bezirksliga Staffel 1 · Bezirk Westfalen,0314GV3FRK000010VS5489BUVSBBVPEU-G,1,3,3,0,0,15,2,13,9,3.0,,fussball.de
898,Turo Darfeld,Westfalen,Bezirk Westfalen,6,Bezirksliga,Frauen Bezirksliga Staffel 6 · Bezirk Westfalen,0314GV3HCK00000NVS5489BUVSBBVPEU-G,1,3,3,0,0,15,2,13,9,3.0,,fussball.de
899,FSG Eifelhöhe Müllenbach,Rheinland,Kreis Eifel,6,Kreisklasse,Frauen-Kreisklasse 3 · Kreis Eifel,031GIKVLV8000006VS5489BTVVG7L386-G,1,3,3,0,0,16,4,12,9,3.0,,fussball.de
900,SV Setzen,Westfalen,Bezirk Westfalen,6,Bezirksliga,Frauen Bezirksliga Staffel 3 · Bezirk Westfalen,0314GV3GHC000013VS5489BUVSBBVPEU-G,1,3,3,0,0,16,4,12,9,3.0,,fussball.de
901,DJK Fiegenstall,Bayern,Bezirk Mittelfranken,6,Bezirksoberliga,Frauen BOL · Bezirk Mittelfranken,031DNDGVQC000006VS5489BTVUS470OH-G,1,1,1,0,0,5,1,4,3,3.0,,fussball.de
902,TSV 1891 Frauenaurach,Bayern,Bezirk Mittelfranken,6,Bezirksoberliga,Frauen BOL · Bezirk Mittelfranken,031DNDGVQC000006VS5489BTVUS470OH-G,2,1,1,0,0,5,1,4,3,3.0,,fussball.de
903,Delay Sports Berlin,Berlin,Bezirk Berlin,6,Bezirksliga,Frauen Bezirksliga St.1 · Bezirk Berlin,0317AJFCVG00000IVS5489BUVSBBVPEU-G,2,2,2,0,0,9,1,8,6,3.0,,fussball.de
904,GW Hausdülmen,Westfalen,Bezirk Westfalen,6,Bezirksliga,Frauen Bezirksliga Staffel 4 · Bezirk Westfalen,0314GV3GS800000SVS5489BUVSBBVPEU-G,4,2,2,0,0,9,1,8,6,3.0,,fussball.de
905,SG Leck/Achtrup/Ladelund,Schleswig-Holstein,Kreis Schleswig-Flensburg,6,Kreisliga,Frauen Kreisliga Nord · Kreis Schleswig-Flensburg,031JUIT5PG000004VS5489BUVVKNMR0J-G,1,2,2,0,0,9,1,8,6,3.0,,fussball.de
906,SV Ehrang,Rheinland,Kreis Trier/Saarburg,6,Kreisklasse,Frauen-Kreisklasse 4 · Kreis Trier/Saarburg,031GILDB80000007VS5489BTVVG7L386-G,2,2,2,0,0,9,1,8,6,3.0,,fussball.de
907,SV Gehrden,Niedersachsen,Bezirk Hannover,6,Bezirksliga,Frauen Bezirksliga Hannover Staffel 2,0313H10RD0000004VS5489BUVSBBVPEU-G,2,2,2,0,0,9,1,8,6,3.0,,fussball.de
908,SV Rot-Weiß Venn,Niederrhein,Bezirk Niederrhein,6,Bezirksliga,Bezirksliga Gruppe 2 · Bezirk Niederrhein,031EF19P7O00000FVS5489BUVUR5FS5A-G,1,2,2,0,0,9,1,8,6,3.0,,fussball.de
909,FC Phönix 21 Bellheim /Südwestgirls II / 9er,Südwest,Südwest,6,Bezirksliga (Verband),Frauen Bezirksliga Süd · Südwest,031CHR0AM0000004VS5489BTVUS470OH-G,1,1,1,0,0,4,0,4,3,3.0,,fussball.de
910,FMSG Bretzenheim/Waldböckelheim,Südwest,Südwest,6,Bezirksliga (Verband),Frauen Bezirksliga Nord · Südwest,031EQKKBO8000003VS5489BUVUR5FS5A-G,1,2,2,0,0,8,0,8,6,3.0,,fussball.de
911,FSV Hansa 07 II,Berlin,Bezirk Berlin,6,Bezirksliga,Frauen Bezirksliga St.1 · Bezirk Berlin,0317AJFCVG00000IVS5489BUVSBBVPEU-G,3,2,2,0,0,8,0,8,6,3.0,,fussball.de
912,Köpenicker FC,Berlin,Bezirk Berlin,6,Bezirksliga,Frauen Bezirksliga St.1 · Bezirk Berlin,0317AJFCVG00000IVS5489BUVSBBVPEU-G,4,2,2,0,0,8,0,8,6,3.0,,fussball.de
913,HafenCity 1.Fr.,Hamburg,Bezirksebene Hamburg,6,Bezirksliga,FBZL 02 · Bezirksebene Hamburg,0314CCB7QC00000FVS5489BTVU7GTVLE-G,2,2,2,0,0,10,3,7,6,3.0,,fussball.de
914,SV Eidelstedt 1.Fr.,Hamburg,Bezirksebene Hamburg,6,Bezirksliga,FBZL 01 · Bezirksebene Hamburg,0314CCB7IG000000VS5489BTVU7GTVLE-G,1,2,2,0,0,10,3,7,6,3.0,,fussball.de
915,SV Roßbach/Verscheid,Rheinland,Kreis Westerwald/Sieg,6,Kreisklasse,Frauen-Kreisklasse 1 · Kreis Westerwald/Sieg,031GIJJ1E4000006VS5489BTVVG7L386-G,2,2,2,0,0,9,2,7,6,3.0,,fussball.de
916,SpVg Schonnebeck,Niederrhein,Bezirk Niederrhein,6,Bezirksliga,Bezirksliga Gruppe 4 · Bezirk Niederrhein,031EF19PL800000DVS5489BUVUR5FS5A-G,2,2,2,0,0,8,1,7,6,3.0,,fussball.de
917,FSV Alemannia Geithain,Sachsen,Kreis Leipzig,6,Kreisoberliga,Stadtliga Frauen · Kreis Leipzig,0319R4CO10000004VS5489BTVSK8S3O6-G,2,2,2,0,0,7,0,7,6,3.0,,fussball.de
918,Sportclub Krefeld 1905 II.,Niederrhein,Bezirk Niederrhein,6,Bezirksliga,Bezirksliga Gruppe 2 · Bezirk Niederrhein,031EF19P7O00000FVS5489BUVUR5FS5A-G,2,2,2,0,0,7,0,7,6,3.0,,fussball.de
919,FC Bochum 10/21,Westfalen,Bezirk Westfalen,6,Bezirksliga,Frauen Bezirksliga Staffel 5 · Bezirk Westfalen,0314GV3H4S00000OVS5489BUVSBBVPEU-G,1,3,3,0,0,15,5,10,9,3.0,,fussball.de
920,TuS Obenstrohe Damen,Niedersachsen,Bezirk Weser-Ems,6,Bezirksliga,Frauen Bezirksliga Weser-Ems Nord,0313O7G2TC00000BVS5489BUVSBBVPEU-G,1,3,3,0,0,12,2,10,9,3.0,,fussball.de
921,IF Stjernen Flensborg II,Schleswig-Holstein,Kreis Schleswig-Flensburg,6,Kreisliga,Frauen Kreisliga Nord · Kreis Schleswig-Flensburg,031JUIT5PG000004VS5489BUVVKNMR0J-G,2,1,1,0,0,6,3,3,3,3.0,,fussball.de
922,FSG Eifel Mitte-Lissendorf (9er),Rheinland,Kreis Eifel,6,Kreisklasse,Frauen-Kreisklasse 3 · Kreis Eifel,031GIKVLV8000006VS5489BTVVG7L386-G,3,2,2,0,0,10,4,6,6,3.0,,fussball.de
923,TSV Brand,Bayern,Bezirk Mittelfranken,6,Bezirksoberliga,Frauen BOL · Bezirk Mittelfranken,031DNDGVQC000006VS5489BTVUS470OH-G,3,1,1,0,0,5,2,3,3,3.0,,fussball.de
924,TSV Katzwang,Bayern,Bezirk Mittelfranken,6,Bezirksoberliga,Frauen BOL · Bezirk Mittelfranken,031DNDGVQC000006VS5489BTVUS470OH-G,4,1,1,0,0,5,2,3,3,3.0,,fussball.de
925,SV Sonsbeck,Niederrhein,Bezirk Niederrhein,6,Bezirksliga,Bezirksliga Gruppe 3 · Bezirk Niederrhein,031EF19PEK000007VS5489BUVUR5FS5A-G,2,2,2,0,0,9,3,6,6,3.0,,fussball.de
926,FSG Ebsdorfergrund,Hessen,Region Gießen / Marburg,6,Gruppenliga,Frauen GL Nord-West · Region Gießen / Marburg,031COEE52400000CVS5489BTVUS470OH-G,3,1,1,0,0,4,1,3,3,3.0,,fussball.de
927,SG VfL / STV Wilhelmshaven,Niedersachsen,Bezirk Weser-Ems,6,Bezirksliga,Frauen Bezirksliga Weser-Ems Nord,0313O7G2TC00000BVS5489BUVSBBVPEU-G,2,3,3,0,0,11,2,9,9,3.0,,fussball.de
928,SV Reitsch,Bayern,Bezirk Oberfranken,6,Bezirksoberliga,Frauen BOL · Bezirk Oberfranken,031DRLDMBK000005VS5489BUVUR5FS5A-G,2,2,2,0,0,7,1,6,6,3.0,,fussball.de
929,TSV Krähenwinkel/Kaltenweide,Niedersachsen,Bezirk Hannover,6,Bezirksliga,Frauen Bezirksliga Hannover Staffel 1,0313H0TSKC000004VS5489BUVSBBVPEU-G,1,2,2,0,0,7,1,6,6,3.0,,fussball.de
930,SG Wohnste/Holvede/Ippensen,Niedersachsen,Bezirk Lüneburg,6,Bezirksliga,Frauen Bezirksliga Lüneburg West,0316TCPT6K000006VS5489BTVU7GTVLE-G,2,3,3,0,0,10,1,9,9,3.0,,fussball.de
931,Oranienburger FC Eintracht,Brandenburg,Kreis Oberhavel/Barnim,6,Kreisliga,Kreisliga Frauen · Kreis Oberhavel/Barnim,03142N5IIC00000CVS5489BUVSBBVPEU-G,4,1,1,0,0,3,0,3,3,3.0,,fussball.de
932,SG Lobstädt/Neukieritzsch,Sachsen,Kreis Leipzig,6,Kreisoberliga,Stadtliga Frauen · Kreis Leipzig,0319R4CO10000004VS5489BTVSK8S3O6-G,4,1,1,0,0,3,0,3,3,3.0,,fussball.de
933,SV Leonberg,Bayern,Bezirk Oberpfalz,6,Bezirksoberliga,Frauen BOL · Bezirk Oberpfalz,0316VD0FOS000006VS5489BTVU7GTVLE-G,2,1,1,0,0,3,0,3,3,3.0,,fussball.de
934,SV Wacker 09 Frauen,Brandenburg,Kreis Südbrandenburg,6,Kreisliga,SBB/NL-Frauen-Kreisliga · Kreis Südbrandenburg,031F55NRLC000004VS5489BUVSJ4CRAP-G,6,1,1,0,0,3,0,3,3,3.0,,fussball.de
935,SG Flechtdorf-Ittertal,Hessen,Region Kassel,6,Gruppenliga,Frauen Gruppenliga Nord · Region Kassel,031COEI21G000000VS5489BTVUS470OH-G,1,3,3,0,0,9,1,8,9,3.0,,fussball.de
936,1. FSV Mainz 05 II,,Deutschland,6,Regionalliga,Regionalliga Südwest,0312Q1GS9G000003VS5489BTVU7GTVLE-G,2,3,3,0,0,8,0,8,9,3.0,,fussball.de
937,TuS Weitefeld-Langenbach II (9er),Rheinland,Kreis Westerwald/Sieg,6,Kreisklasse,Frauen-Kreisklasse 1 · Kreis Westerwald/Sieg,031GIJJ1E4000006VS5489BTVVG7L386-G,3,2,2,0,0,12,7,5,6,3.0,,fussball.de
938,DJK TUSA Düsseldorf 06 II.,Niederrhein,Bezirk Niederrhein,6,Bezirksliga,Bezirksliga Gruppe 1 · Bezirk Niederrhein,031EF19OVG00000GVS5489BUVUR5FS5A-G,2,2,2,0,0,10,5,5,6,3.0,,fussball.de
939,SG Wellsee/Elmschenhagen,Schleswig-Holstein,Kreis Kiel,6,Kreisliga,Frauen Kreisliga Mitte-Ost · Kreis Kiel,031JIUQGOG000005VS5489BTVSRD0UH9-G,2,2,2,0,0,8,3,5,6,3.0,,fussball.de
940,FC Wacker Neustadt,Niedersachsen,Bezirk Hannover,6,Bezirksliga,Frauen Bezirksliga Hannover Staffel 1,0313H0TSKC000004VS5489BUVSBBVPEU-G,2,2,2,0,0,7,2,5,6,3.0,,fussball.de
941,SpVg 05/07 Odenkirchen,Niederrhein,Bezirk Niederrhein,6,Bezirksliga,Bezirksliga Gruppe 2 · Bezirk Niederrhein,031EF19P7O00000FVS5489BUVUR5FS5A-G,3,2,2,0,0,7,2,5,6,3.0,,fussball.de
942,TSG 1908 Reiskirchen,Hessen,Region Gießen / Marburg,6,Gruppenliga,Frauen GL Nord-West · Region Gießen / Marburg,031COEE52400000CVS5489BTVUS470OH-G,2,2,2,0,0,7,2,5,6,3.0,,fussball.de
943,ASV Einigkeit Süchteln,Niederrhein,Bezirk Niederrhein,6,Bezirksliga,Bezirksliga Gruppe 2 · Bezirk Niederrhein,031EF19P7O00000FVS5489BUVUR5FS5A-G,4,2,2,0,0,6,1,5,6,3.0,,fussball.de
944,VfB Kiel,Schleswig-Holstein,Kreis Kiel,6,Kreisliga,Frauen Kreisliga Mitte-Ost · Kreis Kiel,031JIUQGOG000005VS5489BTVSRD0UH9-G,3,2,2,0,0,6,1,5,6,3.0,,fussball.de
945,SG Hoyerhagen/Eystrup/Duddenhausen,Niedersachsen,Bezirk Hannover,6,Bezirksliga,Frauen Bezirksliga Hannover Staffel 1,0313H0TSKC000004VS5489BUVSBBVPEU-G,3,2,2,0,0,5,0,5,6,3.0,,fussball.de
946,SV Eintr. Neuenkirchen,Niedersachsen,Bezirk Weser-Ems,6,Bezirksliga,Frauen Bezirksliga Weser-Ems Süd,0313O7G2LS00000BVS5489BUVSBBVPEU-G,1,3,3,0,0,12,5,7,9,3.0,,fussball.de
947,TuS Harpen,Westfalen,Bezirk Westfalen,6,Bezirksliga,Frauen Bezirksliga Staffel 5 · Bezirk Westfalen,0314GV3H4S00000OVS5489BUVSBBVPEU-G,2,3,3,0,0,9,2,7,9,3.0,,fussball.de
948,SC Falscheid 2,Saarland,Bezirk Saarland,6,Bezirksliga,Bezirksliga Vorrunde · Bezirk Saarland,031C3V02R0000004VS5489BUVUR5FS5A-G,2,2,2,0,0,9,5,4,6,3.0,,fussball.de
949,Ellerau 1.Fr.,Hamburg,Bezirksebene Hamburg,6,Bezirksliga,FBZL 01 · Bezirksebene Hamburg,0314CCB7IG000000VS5489BTVU7GTVLE-G,2,2,2,0,0,8,4,4,6,3.0,,fussball.de
950,SG Wilstermarsch II,Schleswig-Holstein,Kreis Westküste,6,Kreisliga,Staffel 4 West (WK) · Kreis Westküste,031KUBKDGG000004VS5489BUVVKNMR0J-G,2,1,1,0,0,4,2,2,3,3.0,,fussball.de
951,SG v. 1874 Hannover,Niedersachsen,Bezirk Hannover,6,Bezirksliga,Frauen Bezirksliga Hannover Staffel 2,0313H10RD0000004VS5489BUVSBBVPEU-G,4,1,1,0,0,4,2,2,3,3.0,,fussball.de
952,SV 06 Lehrte II,Niedersachsen,Bezirk Hannover,6,Bezirksliga,Frauen Bezirksliga Hannover Staffel 2,0313H10RD0000004VS5489BUVSBBVPEU-G,5,1,1,0,0,4,2,2,3,3.0,,fussball.de
953,SV Suddendorf-Samern,Niedersachsen,Bezirk Weser-Ems,6,Bezirksliga,Frauen Bezirksliga Weser-Ems Süd,0313O7G2LS00000BVS5489BUVSBBVPEU-G,6,1,1,0,0,4,2,2,3,3.0,,fussball.de
954,1.FC Ohmstede,Niedersachsen,Bezirk Weser-Ems,6,Bezirksliga,Frauen Bezirksliga Weser-Ems Mitte,0313O7G2CO000009VS5489BUVSBBVPEU-G,1,3,3,0,0,11,5,6,9,3.0,,fussball.de
955,SG Bohmte/Ostercappeln/Schwagstorf I,Niedersachsen,Bezirk Weser-Ems,6,Bezirksliga,Frauen Bezirksliga Weser-Ems Süd,0313O7G2LS00000BVS5489BUVSBBVPEU-G,4,2,2,0,0,7,3,4,6,3.0,,fussball.de
956,SG Großenmeer/Bardenfleth/Elsfleth,Niedersachsen,Bezirk Weser-Ems,6,Bezirksliga,Frauen Bezirksliga Weser-Ems Mitte,0313O7G2CO000009VS5489BUVSBBVPEU-G,2,3,3,0,0,10,4,6,9,3.0,,fussball.de
957,ETB Schwarz-Weiß Essen,Niederrhein,Bezirk Niederrhein,6,Bezirksliga,Bezirksliga Gruppe 4 · Bezirk Niederrhein,031EF19PL800000DVS5489BUVUR5FS5A-G,3,2,2,0,0,6,2,4,6,3.0,,fussball.de
958,FSV Rot-Weiß Prenzlau,Brandenburg,Kreis Uckermark,6,Kreisliga,Kreisliga Frauen · Kreis Uckermark,031CS3DM5400000EVS5489BTVUS470OH-G,1,1,1,0,0,3,1,2,3,3.0,,fussball.de
959,SG Blau-Weiß Pessin (7er),Brandenburg,Kreis Havelland,6,Kreisliga,Kreisliga Frauen (Kerstin Grothe-Benkenstein) · Kreis Havelland,031HTI8PTO000004VS5489BTVSRD0UH9-G,3,2,2,0,0,6,2,4,6,3.0,,fussball.de
960,SG Bornheim/GW II,Hessen,Region Frankfurt,6,Gruppenliga,Frauen Gruppenliga Süd-Ost · Region Frankfurt,031CO2CTM400000EVS5489BTVUS470OH-G,6,1,1,0,0,3,1,2,3,3.0,,fussball.de
961,SK Heuchling,Bayern,Bezirk Mittelfranken,6,Bezirksoberliga,Frauen BOL · Bezirk Mittelfranken,031DNDGVQC000006VS5489BTVUS470OH-G,5,1,1,0,0,3,1,2,3,3.0,,fussball.de
962,SV Frisia 03 Risum-Lindholm II,Schleswig-Holstein,Kreis Schleswig-Flensburg,6,Kreisliga,Frauen Kreisliga Nord · Kreis Schleswig-Flensburg,031JUIT5PG000004VS5489BUVVKNMR0J-G,3,1,1,0,0,3,1,2,3,3.0,,fussball.de
963,SV Schleußig 1990 I,Sachsen,Kreis Leipzig,6,Kreisoberliga,Stadtklasse Frauen · Kreis Leipzig,031JVGRBCK000004VS5489BTVSRD0UH9-G,5,1,1,0,0,3,1,2,3,3.0,,fussball.de
964,SpG Aufbau Stepenitz/FK Hansa Wittstock,Brandenburg,Kreis Prignitz/Ruppin,6,Kreisliga,Kreisliga Frauen · Kreis Prignitz/Ruppin,031JVGVNLO00000DVS5489BUVVKNMR0J-G,2,1,1,0,0,3,1,2,3,3.0,,fussball.de
965,SC Unterbach,Niederrhein,Bezirk Niederrhein,6,Bezirksliga,Bezirksliga Gruppe 1 · Bezirk Niederrhein,031EF19OVG00000GVS5489BUVUR5FS5A-G,3,2,2,0,0,5,1,4,6,3.0,,fussball.de
966,SV 90 Lissa,Sachsen,Kreis Leipzig,6,Kreisoberliga,Stadtliga Frauen · Kreis Leipzig,0319R4CO10000004VS5489BTVSK8S3O6-G,3,2,2,0,0,5,1,4,6,3.0,,fussball.de
967,FC Weimar/Lahn,Hessen,Region Gießen / Marburg,6,Gruppenliga,Frauen GL Nord-West · Region Gießen / Marburg,031COEE52400000CVS5489BTVUS470OH-G,4,1,1,0,0,2,0,2,3,3.0,,fussball.de
968,Storkower SC,Brandenburg,Kreis Ostbrandenburg,6,Kreisliga,Kreisliga · Kreis Ostbrandenburg,031CP5NH8S00000HVS5489BTVUS470OH-G,1,1,1,0,0,2,0,2,3,3.0,,fussball.de
969,TS Woltmershausen,Bremen,Bezirk Bremen,6,Bezirksliga,Bezirksliga - Hauptrunde · Bezirk Bremen,031FARD6IK000018VS5489BTVUS470OH-G,3,2,2,0,0,4,0,4,6,3.0,,fussball.de
970,TSV Arzberg-Röthenbach,Bayern,Bezirk Oberfranken,6,Bezirksoberliga,Frauen BOL · Bezirk Oberfranken,031DRLDMBK000005VS5489BUVUR5FS5A-G,3,2,2,0,0,4,0,4,6,3.0,,fussball.de
971,VfL Pirna-Copitz 1,Sachsen,Kreis Sächs.Schweiz/Osterzgeb.,6,Kreisoberliga,Kreisoberliga · Kreis Sächs.Schweiz/Osterzgeb.,031LHJG0TG000004VS5489BUVVKNMR0J-G,4,1,1,0,0,2,0,2,3,3.0,,fussball.de
972,Osnabrücker SC,Niedersachsen,Bezirk Weser-Ems,6,Bezirksliga,Frauen Bezirksliga Weser-Ems Süd,0313O7G2LS00000BVS5489BUVSBBVPEU-G,2,3,3,0,0,15,10,5,9,3.0,,fussball.de
973,SG Heek / Oldenburg,Westfalen,Bezirk Westfalen,6,Bezirksliga,Frauen Bezirksliga Staffel 6 · Bezirk Westfalen,0314GV3HCK00000NVS5489BUVSBBVPEU-G,2,3,3,0,0,11,6,5,9,3.0,,fussball.de
974,FC Westharz,Niedersachsen,Bezirk Braunschweig,6,Bezirksliga,Frauen Bezirksliga Staffel Süd · Bezirk Braunschweig,031AHK4JPK00000GVS5489BUVV628VP4-G,1,2,2,0,0,8,5,3,6,3.0,,fussball.de
975,TSV Union Wuppertal,Niederrhein,Bezirk Niederrhein,6,Bezirksliga,Bezirksliga Gruppe 1 · Bezirk Niederrhein,031EF19OVG00000GVS5489BUVUR5FS5A-G,4,2,2,0,0,8,5,3,6,3.0,,fussball.de
976,Warendorfer SU,Westfalen,Bezirk Westfalen,6,Bezirksliga,Frauen Bezirksliga Staffel 1 · Bezirk Westfalen,0314GV3FRK000010VS5489BUVSBBVPEU-G,2,3,3,0,0,4,0,4,9,3.0,,fussball.de
977,SpG Vietmannsdorf/Storkow,Brandenburg,Kreis Uckermark,6,Kreisliga,Kreisliga Frauen · Kreis Uckermark,031CS3DM5400000EVS5489BTVUS470OH-G,2,1,1,0,0,3,2,1,3,3.0,,fussball.de
978,TSV Sielenbach,Bayern,Bezirk Schwaben,6,Bezirksoberliga,Frauen BOL · Bezirk Schwaben,0316TGC1PG000006VS5489BTVU7GTVLE-G,1,1,1,0,0,3,2,1,3,3.0,,fussball.de
979,VfB Trebbin,Brandenburg,Kreis Dahme/Fläming,6,Kreisliga,Kreisliga · Kreis Dahme/Fläming,031CGDDNC800000JVS5489BUVUR5FS5A-G,3,1,1,0,0,3,2,1,3,3.0,,fussball.de
980,DJK Johannis Daßwang,Bayern,Bezirk Oberpfalz,6,Bezirksoberliga,Frauen BOL · Bezirk Oberpfalz,0316VD0FOS000006VS5489BTVU7GTVLE-G,3,1,1,0,0,2,1,1,3,3.0,,fussball.de
981,FC Lauchhammer,Brandenburg,Kreis Südbrandenburg,6,Kreisliga,SBB/NL-Frauen-Kreisliga · Kreis Südbrandenburg,031F55NRLC000004VS5489BUVSJ4CRAP-G,7,1,1,0,0,2,1,1,3,3.0,,fussball.de
982,SG Achtum/Einum,Niedersachsen,Bezirk Hannover,6,Bezirksliga,Frauen Bezirksliga Hannover Staffel 2,0313H10RD0000004VS5489BUVSBBVPEU-G,6,1,1,0,0,2,1,1,3,3.0,,fussball.de
983,SG NieBar II,Schleswig-Holstein,Kreis Rendsburg-Eckernförde,6,Kreisliga,Kreisliga Nord-Ost RD-Eck · Kreis Rendsburg-Eckernförde,031JRC0OTC000004VS5489BTVSRD0UH9-G,4,1,1,0,0,2,1,1,3,3.0,,fussball.de
984,TVE Nordwohlde,Niedersachsen,Bezirk Hannover,6,Bezirksliga,Frauen Bezirksliga Hannover Staffel 1,0313H0TSKC000004VS5489BUVSBBVPEU-G,4,2,2,0,0,4,2,2,6,3.0,,fussball.de
985,DJK St. Ingbert 2,Saarland,Bezirk Saarland,6,Bezirksliga,Bezirksliga Vorrunde · Bezirk Saarland,031C3V02R0000004VS5489BUVUR5FS5A-G,6,1,1,0,0,1,0,1,3,3.0,,fussball.de
986,FV Obereichstätt,Bayern,Bezirk Mittelfranken,6,Bezirksoberliga,Frauen BOL · Bezirk Mittelfranken,031DNDGVQC000006VS5489BTVUS470OH-G,6,1,1,0,0,1,0,1,3,3.0,,fussball.de
987,SpG SG Klosterdorf 75 / Reichenberger SV,Brandenburg,Kreis Ostbrandenburg,6,Kreisliga,Kreisliga · Kreis Ostbrandenburg,031CP5NH8S00000HVS5489BTVUS470OH-G,2,1,1,0,0,1,0,1,3,3.0,,fussball.de
988,FC Bierbach 2,Saarland,Bezirk Saarland,6,Bezirksliga,Bezirksliga Vorrunde · Bezirk Saarland,031C3V02R0000004VS5489BUVUR5FS5A-G,3,2,2,0,0,9,0,9,5,2.5,,fussball.de
989,SG Runkel/Brechen/Weyer,Hessen,Region Wiesbaden,6,Gruppenliga,Frauen Gruppenliga Süd-West · Region Wiesbaden,031E2AVBQ4000002VS5489BUVUR5FS5A-G,1,4,3,1,0,19,8,11,10,2.5,,fussball.de
990,SV Elversberg,,Deutschland,6,Regionalliga,Regionalliga Südwest,0312Q1GS9G000003VS5489BTVU7GTVLE-G,3,3,2,1,0,16,2,14,7,2.33,,fussball.de
991,Kieler MTV III,Schleswig-Holstein,Kreis Rendsburg-Eckernförde,6,Kreisliga,Kreisliga Nord-Ost RD-Eck · Kreis Rendsburg-Eckernförde,031JRC0OTC000004VS5489BTVSRD0UH9-G,1,3,2,1,0,10,2,8,7,2.33,,fussball.de
992,TSG Lütter II,Hessen,Region Fulda,6,Gruppenliga,Frauen Gruppenliga Nord-Ost · Region Fulda,031CO2GG3O00000GVS5489BTVUS470OH-G,2,3,2,1,0,9,1,8,7,2.33,,fussball.de
993,SG Landau/Wolfhagen,Hessen,Region Kassel,6,Gruppenliga,Frauen Gruppenliga Nord · Region Kassel,031COEI21G000000VS5489BTVUS470OH-G,2,3,2,1,0,10,3,7,7,2.33,,fussball.de
994,SC 13 Bad Neuenahr,,Deutschland,6,Regionalliga,Regionalliga Südwest,0312Q1GS9G000003VS5489BTVU7GTVLE-G,4,3,2,1,0,9,2,7,7,2.33,,fussball.de
995,SV Eintracht Grumme,Westfalen,Bezirk Westfalen,6,Bezirksliga,Frauen Bezirksliga Staffel 5 · Bezirk Westfalen,0314GV3H4S00000OVS5489BUVSBBVPEU-G,3,3,2,1,0,6,0,6,7,2.33,,fussball.de
996,SV Hodenhagen,Niedersachsen,Bezirk Lüneburg,6,Bezirksliga,Frauen Bezirksliga Lüneburg Ost,0316TCP0QO000006VS5489BTVU7GTVLE-G,1,3,2,1,0,11,6,5,7,2.33,,fussball.de
997,FC SW Silschede,Westfalen,Bezirk Westfalen,6,Bezirksliga,Frauen Bezirksliga Staffel 3 · Bezirk Westfalen,0314GV3GHC000013VS5489BUVSBBVPEU-G,2,3,2,1,0,10,5,5,7,2.33,,fussball.de
998,SG Isenbüttel/Meine,Niedersachsen,Bezirk Braunschweig,6,Bezirksliga,Frauen Bezirksliga Staffel Nord/Mitte · Bezirk Braunschweig,031AHK4JGK00000BVS5489BUVV628VP4-G,1,3,2,1,0,8,3,5,7,2.33,,fussball.de
999,Athletika Nord,Schleswig-Holstein,Kreis Rendsburg-Eckernförde,6,Kreisliga,Kreisliga Nord-Ost RD-Eck · Kreis Rendsburg-Eckernförde,031JRC0OTC000004VS5489BTVSRD0UH9-G,2,3,2,1,0,9,5,4,7,2.33,,fussball.de
1000,SG Borstel-Sangenstedt/Handorf,Niedersachsen,Bezirk Lüneburg,6,Bezirksliga,Frauen Bezirksliga Lüneburg Ost,0316TCP0QO000006VS5489BTVU7GTVLE-G,2,3,2,1,0,10,7,3,7,2.33,,fussball.de
1001,Westfalia Hopsten,Westfalen,Bezirk Westfalen,6,Bezirksliga,Frauen Bezirksliga Staffel 6 · Bezirk Westfalen,0314GV3HCK00000NVS5489BUVSBBVPEU-G,3,3,2,1,0,5,2,3,7,2.33,,fussball.de
1002,SG Freinsheim - Leistadt II 9er (flex),Südwest,Südwest,6,Bezirksliga (Verband),Frauen Bezirksliga Mitte · Südwest,031EV7TSU8000003VS5489BTVUS470OH-G,1,3,2,1,0,6,4,2,7,2.33,,fussball.de
1003,FT Braunschweig,Niedersachsen,Bezirk Braunschweig,6,Bezirksliga,Frauen Bezirksliga Staffel Nord/Mitte · Bezirk Braunschweig,031AHK4JGK00000BVS5489BUVV628VP4-G,2,3,2,1,0,5,3,2,7,2.33,,fussball.de
1004,1. FSV Schierstein 08,Hessen,Region Wiesbaden,6,Gruppenliga,Frauen Gruppenliga Süd-West · Region Wiesbaden,031E2AVBQ4000002VS5489BUVUR5FS5A-G,2,4,3,0,1,23,3,20,9,2.25,,fussball.de
1005,TSV Brunsbrock,Niedersachsen,Bezirk Lüneburg,6,Bezirksliga,Frauen Bezirksliga Lüneburg West,0316TCPT6K000006VS5489BTVU7GTVLE-G,1,4,3,0,1,14,5,9,9,2.25,,fussball.de
1006,FC Eddersheim,Hessen,Region Wiesbaden,6,Gruppenliga,Frauen Gruppenliga Süd-West · Region Wiesbaden,031E2AVBQ4000002VS5489BUVUR5FS5A-G,3,4,3,0,1,18,15,3,9,2.25,,fussball.de
1007,FC Falkenthaler Füchse,Brandenburg,Kreis Oberhavel/Barnim,6,Kreisliga,Kreisliga Frauen · Kreis Oberhavel/Barnim,03142N5IIC00000CVS5489BUVSBBVPEU-G,2,2,1,1,0,11,1,10,4,2.0,,fussball.de
1008,FC Germete-Wormeln,Westfalen,Bezirk Westfalen,6,Bezirksliga,Frauen Bezirksliga Staffel 2 · Bezirk Westfalen,0314GV3G6S00000CVS5489BUVSBBVPEU-G,2,3,2,0,1,16,5,11,6,2.0,,fussball.de
1009,BSV Ostbevern,Westfalen,Bezirk Westfalen,6,Bezirksliga,Frauen Bezirksliga Staffel 4 · Bezirk Westfalen,0314GV3GS800000SVS5489BUVSBBVPEU-G,2,3,2,0,1,14,3,11,6,2.0,,fussball.de
1010,Grün-Weiß Steinbeck,Westfalen,Bezirk Westfalen,6,Bezirksliga,Frauen Bezirksliga Staffel 6 · Bezirk Westfalen,0314GV3HCK00000NVS5489BUVSBBVPEU-G,6,2,1,1,0,9,2,7,4,2.0,,fussball.de
1011,MTSV Olympia Neumünster,Schleswig-Holstein,Kreis Kiel,6,Kreisliga,Frauen Kreisliga Mitte-Ost · Kreis Kiel,031JIUQGOG000005VS5489BTVSRD0UH9-G,1,3,2,0,1,17,8,9,6,2.0,,fussball.de
1012,DJK Teuchatz,Bayern,Bezirk Oberfranken,6,Bezirksoberliga,Frauen BOL · Bezirk Oberfranken,031DRLDMBK000005VS5489BUVUR5FS5A-G,4,2,1,1,0,10,4,6,4,2.0,,fussball.de
1013,SpG Weißig / Ullersdorf,Sachsen,Kreis Dresden,6,Kreisoberliga,Stadtloberliga · Kreis Dresden,03171VKFFG000009VS5489BTVU7GTVLE-G,4,2,1,1,0,8,2,6,4,2.0,,fussball.de
1014,TuS Belecke,Westfalen,Bezirk Westfalen,6,Bezirksliga,Frauen Bezirksliga Staffel 2 · Bezirk Westfalen,0314GV3G6S00000CVS5489BUVSBBVPEU-G,4,3,2,0,1,11,2,9,6,2.0,,fussball.de
1015,TuS Saxonia Münster,Westfalen,Bezirk Westfalen,6,Bezirksliga,Frauen Bezirksliga Staffel 4 · Bezirk Westfalen,0314GV3GS800000SVS5489BUVSBBVPEU-G,3,3,2,0,1,12,4,8,6,2.0,,fussball.de
1016,FC Neu-Isenburg,Hessen,Region Frankfurt,6,Gruppenliga,Frauen Gruppenliga Süd-Ost · Region Frankfurt,031CO2CTM400000EVS5489BTVUS470OH-G,2,3,2,0,1,10,2,8,6,2.0,,fussball.de
1017,SG Elisabethfehn/Harkebrügge,Niedersachsen,Bezirk Weser-Ems,6,Bezirksliga,Frauen Bezirksliga Weser-Ems Nord,0313O7G2TC00000BVS5489BUVSBBVPEU-G,3,3,2,0,1,10,2,8,6,2.0,,fussball.de
1018,TB Twixlum e.V.,Niedersachsen,Bezirk Weser-Ems,6,Bezirksliga,Frauen Bezirksliga Weser-Ems Nord,0313O7G2TC00000BVS5489BUVSBBVPEU-G,4,3,2,0,1,10,2,8,6,2.0,,fussball.de
1019,SV Spellen,Niederrhein,Bezirk Niederrhein,6,Bezirksliga,Bezirksliga Gruppe 3 · Bezirk Niederrhein,031EF19PEK000007VS5489BUVUR5FS5A-G,3,2,1,1,0,6,1,5,4,2.0,,fussball.de
1020,VfL Lüneburg,Niedersachsen,Bezirk Lüneburg,6,Bezirksliga,Frauen Bezirksliga Lüneburg Ost,0316TCP0QO000006VS5489BTVU7GTVLE-G,3,3,2,0,1,12,5,7,6,2.0,,fussball.de
1021,SG TuS Bruchhausen/TuS Niedereimer,Westfalen,Bezirk Westfalen,6,Bezirksliga,Frauen Bezirksliga Staffel 3 · Bezirk Westfalen,0314GV3GHC000013VS5489BUVSBBVPEU-G,4,3,2,0,1,13,7,6,6,2.0,,fussball.de
1022,SG Lütringhausen/Oberveischede,Westfalen,Bezirk Westfalen,6,Bezirksliga,Frauen Bezirksliga Staffel 3 · Bezirk Westfalen,0314GV3GHC000013VS5489BUVSBBVPEU-G,5,3,2,0,1,12,6,6,6,2.0,,fussball.de
1023,SG Brietlingen/Erbstorf,Niedersachsen,Bezirk Lüneburg,6,Bezirksliga,Frauen Bezirksliga Lüneburg Ost,0316TCP0QO000006VS5489BTVU7GTVLE-G,4,3,2,0,1,11,5,6,6,2.0,,fussball.de
1024,SC Freital,Sachsen,Kreis Sächs.Schweiz/Osterzgeb.,6,Kreisoberliga,Kreisoberliga · Kreis Sächs.Schweiz/Osterzgeb.,031LHJG0TG000004VS5489BUVVKNMR0J-G,1,2,1,1,0,5,1,4,4,2.0,,fussball.de
1025,TuS Herscheid,Westfalen,Bezirk Westfalen,6,Bezirksliga,Frauen Bezirksliga Staffel 3 · Bezirk Westfalen,0314GV3GHC000013VS5489BUVSBBVPEU-G,6,3,2,0,1,13,8,5,6,2.0,,fussball.de
1026,SV Niederburg,Rheinland,Kreis Rhein/Ahr,6,Kreisklasse,Frauen-Kreisklasse 2 · Kreis Rhein/Ahr,031GIKB0P8000003VS5489BTVVG7L386-G,4,3,2,0,1,10,5,5,6,2.0,,fussball.de
1027,SV RW Visbek,Niedersachsen,Bezirk Weser-Ems,6,Bezirksliga,Frauen Bezirksliga Weser-Ems Mitte,0313O7G2CO000009VS5489BUVSBBVPEU-G,3,3,2,0,1,9,4,5,6,2.0,,fussball.de
1028,SG Westerfeld,Hessen,Region Wiesbaden,6,Gruppenliga,Frauen Gruppenliga Süd-West · Region Wiesbaden,031E2AVBQ4000002VS5489BUVUR5FS5A-G,4,3,2,0,1,8,3,5,6,2.0,,fussball.de
1029,Lichtenrader BC,Berlin,Bezirk Berlin,6,Bezirksliga,Frauen Bezirksliga St.2 · Bezirk Berlin,0317AJFD7800000LVS5489BUVSBBVPEU-G,1,2,1,1,0,5,2,3,4,2.0,,fussball.de
1030,SG Blau-Weiß Leegebruch,Brandenburg,Kreis Oberhavel/Barnim,6,Kreisliga,Kreisliga Frauen · Kreis Oberhavel/Barnim,03142N5IIC00000CVS5489BUVSBBVPEU-G,3,2,1,1,0,5,2,3,4,2.0,,fussball.de
1031,St. Pauli 3.Fr.,Hamburg,Bezirksebene Hamburg,6,Bezirksliga,FBZL 01 · Bezirksebene Hamburg,0314CCB7IG000000VS5489BTVU7GTVLE-G,3,2,1,1,0,5,2,3,4,2.0,,fussball.de
1032,SG Gießmannsdorf,Brandenburg,Kreis Südbrandenburg,6,Kreisliga,SBB/NL-Frauen-Kreisliga · Kreis Südbrandenburg,031F55NRLC000004VS5489BUVSJ4CRAP-G,1,2,1,1,0,4,1,3,4,2.0,,fussball.de
1033,SSC Hagen Ahrensburg II,Schleswig-Holstein,Kreis Lübeck,6,Kreisliga,Kreisliga Süd · Kreis Lübeck,031CHKPPM0000004VS5489BTVUS470OH-G,2,2,1,1,0,4,1,3,4,2.0,,fussball.de
1034,SV Zellhausen,Hessen,Region Frankfurt,6,Gruppenliga,Frauen Gruppenliga Süd-Ost · Region Frankfurt,031CO2CTM400000EVS5489BTVUS470OH-G,3,3,2,0,1,14,10,4,6,2.0,,fussball.de
1035,1. FC Langen,Hessen,Region Frankfurt,6,Gruppenliga,Frauen Gruppenliga Süd-Ost · Region Frankfurt,031CO2CTM400000EVS5489BTVUS470OH-G,4,3,2,0,1,10,6,4,6,2.0,,fussball.de
1036,SG Lemgow-Dangenstorf/Gusborn,Niedersachsen,Bezirk Lüneburg,6,Bezirksliga,Frauen Bezirksliga Lüneburg Ost,0316TCP0QO000006VS5489BTVU7GTVLE-G,5,3,2,0,1,10,6,4,6,2.0,,fussball.de
1037,SV Bönebüttel-Husberg,Schleswig-Holstein,Kreis Kiel,6,Kreisliga,Frauen Kreisliga Mitte-Ost · Kreis Kiel,031JIUQGOG000005VS5489BTVSRD0UH9-G,4,3,2,0,1,10,6,4,6,2.0,,fussball.de
1038,TuS Glane,Niedersachsen,Bezirk Weser-Ems,6,Bezirksliga,Frauen Bezirksliga Weser-Ems Süd,0313O7G2LS00000BVS5489BUVSBBVPEU-G,3,3,2,0,1,10,6,4,6,2.0,,fussball.de
1039,FC Pfeil Broistedt II,Niedersachsen,Bezirk Braunschweig,6,Bezirksliga,Frauen Bezirksliga Staffel Nord/Mitte · Bezirk Braunschweig,031AHK4JGK00000BVS5489BUVV628VP4-G,3,3,2,0,1,8,4,4,6,2.0,,fussball.de
1040,FC Donop-Voßheide,Westfalen,Bezirk Westfalen,6,Bezirksliga,Frauen Bezirksliga Staffel 1 · Bezirk Westfalen,0314GV3FRK000010VS5489BUVSBBVPEU-G,3,3,2,0,1,6,2,4,6,2.0,,fussball.de
1041,SG Neuenstein,Hessen,Region Fulda,6,Gruppenliga,Frauen Gruppenliga Nord-Ost · Region Fulda,031CO2GG3O00000GVS5489BTVUS470OH-G,4,3,2,0,1,11,8,3,6,2.0,,fussball.de
1042,TuS Eichholz- Remmighausen,Westfalen,Bezirk Westfalen,6,Bezirksliga,Frauen Bezirksliga Staffel 1 · Bezirk Westfalen,0314GV3FRK000010VS5489BUVSBBVPEU-G,4,3,2,0,1,8,5,3,6,2.0,,fussball.de
1043,Germania 1.Fr.,Hamburg,Bezirksebene Hamburg,6,Bezirksliga,FBZL 01 · Bezirksebene Hamburg,0314CCB7IG000000VS5489BTVU7GTVLE-G,4,2,1,1,0,5,3,2,4,2.0,,fussball.de
1044,SV Steinhorst/Labenz e.V.,Schleswig-Holstein,Kreis Lübeck,6,Kreisliga,Kreisliga Süd · Kreis Lübeck,031CHKPPM0000004VS5489BTVUS470OH-G,3,2,1,1,0,5,3,2,4,2.0,,fussball.de
1045,BSC Marzahn,Berlin,Bezirk Berlin,6,Bezirksliga,Frauen Bezirksliga St.2 · Bezirk Berlin,0317AJFD7800000LVS5489BUVSBBVPEU-G,2,2,1,1,0,4,2,2,4,2.0,,fussball.de
1046,BV Werther II,Westfalen,Bezirk Westfalen,6,Bezirksliga,Frauen Bezirksliga Staffel 1 · Bezirk Westfalen,0314GV3FRK000010VS5489BUVSBBVPEU-G,6,2,1,1,0,4,2,2,4,2.0,,fussball.de
1047,SpG TSV Kreischa / SG Empor Possendorf,Sachsen,Kreis Sächs.Schweiz/Osterzgeb.,6,Kreisoberliga,Kreisoberliga · Kreis Sächs.Schweiz/Osterzgeb.,031LHJG0TG000004VS5489BUVVKNMR0J-G,2,2,1,1,0,4,2,2,4,2.0,,fussball.de
1048,TuRa Löhne,Westfalen,Bezirk Westfalen,6,Bezirksliga,Frauen Bezirksliga Staffel 1 · Bezirk Westfalen,0314GV3FRK000010VS5489BUVSBBVPEU-G,5,3,2,0,1,6,3,3,6,2.0,,fussball.de
1049,1.FFV Spandau,Berlin,Bezirk Berlin,6,Bezirksliga,Frauen Bezirksliga St.2 · Bezirk Berlin,0317AJFD7800000LVS5489BUVSBBVPEU-G,3,2,1,1,0,2,0,2,4,2.0,,fussball.de
1050,TV Dinklage,Niedersachsen,Bezirk Weser-Ems,6,Bezirksliga,Frauen Bezirksliga Weser-Ems Mitte,0313O7G2CO000009VS5489BUVSBBVPEU-G,4,3,2,0,1,10,8,2,6,2.0,,fussball.de
1051,TSG Dülmen,Westfalen,Bezirk Westfalen,6,Bezirksliga,Frauen Bezirksliga Staffel 4 · Bezirk Westfalen,0314GV3GS800000SVS5489BUVSBBVPEU-G,5,3,2,0,1,9,7,2,6,2.0,,fussball.de
1052,FC Rosengarten,Niedersachsen,Bezirk Lüneburg,6,Bezirksliga,Frauen Bezirksliga Lüneburg West,0316TCPT6K000006VS5489BTVU7GTVLE-G,3,3,2,0,1,8,6,2,6,2.0,,fussball.de
1053,DJK Twisteden,Niederrhein,Bezirk Niederrhein,6,Bezirksliga,Bezirksliga Gruppe 3 · Bezirk Niederrhein,031EF19PEK000007VS5489BUVUR5FS5A-G,4,2,1,1,0,5,4,1,4,2.0,,fussball.de
1054,FC Lindenberg Adelebsen,Niedersachsen,Bezirk Braunschweig,6,Bezirksliga,Frauen Bezirksliga Staffel Süd · Bezirk Braunschweig,031AHK4JPK00000GVS5489BUVV628VP4-G,3,2,1,1,0,5,4,1,4,2.0,,fussball.de
1055,FC Geestland,Niedersachsen,Bezirk Lüneburg,6,Bezirksliga,Frauen Bezirksliga Lüneburg West,0316TCPT6K000006VS5489BTVU7GTVLE-G,6,2,1,1,0,4,3,1,4,2.0,,fussball.de
1056,SV Glehn,Niederrhein,Bezirk Niederrhein,6,Bezirksliga,Bezirksliga Gruppe 2 · Bezirk Niederrhein,031EF19P7O00000FVS5489BUVUR5FS5A-G,5,2,1,1,0,4,3,1,4,2.0,,fussball.de
1057,SVW Soest,Westfalen,Bezirk Westfalen,6,Bezirksliga,Frauen Bezirksliga Staffel 2 · Bezirk Westfalen,0314GV3G6S00000CVS5489BUVSBBVPEU-G,7,2,1,1,0,3,2,1,4,2.0,,fussball.de
1058,FSV „Glückauf“ Brieske/Senftenberg,Brandenburg,Kreis Südbrandenburg,6,Kreisliga,SBB/NL-Frauen-Kreisliga · Kreis Südbrandenburg,031F55NRLC000004VS5489BUVSJ4CRAP-G,2,2,1,1,0,2,1,1,4,2.0,,fussball.de
1059,Rahlstedt 1.Fr.,Hamburg,Bezirksebene Hamburg,6,Bezirksliga,FBZL 02 · Bezirksebene Hamburg,0314CCB7QC00000FVS5489BTVU7GTVLE-G,3,2,1,1,0,2,1,1,4,2.0,,fussball.de
1060,TV Brechten II,Westfalen,Bezirk Westfalen,6,Bezirksliga,Frauen Bezirksliga Staffel 5 · Bezirk Westfalen,0314GV3H4S00000OVS5489BUVSBBVPEU-G,4,3,2,0,1,10,9,1,6,2.0,,fussball.de
1061,FSG 3 Meilen Altes Land,Niedersachsen,Bezirk Lüneburg,6,Bezirksliga,Frauen Bezirksliga Lüneburg West,0316TCPT6K000006VS5489BTVU7GTVLE-G,4,3,2,0,1,6,5,1,6,2.0,,fussball.de
1062,SG WDB,Niedersachsen,Bezirk Lüneburg,6,Bezirksliga,Frauen Bezirksliga Lüneburg West,0316TCPT6K000006VS5489BTVU7GTVLE-G,5,3,2,0,1,6,5,1,6,2.0,,fussball.de
1063,SpVgg Wacker Braunschweig,Niedersachsen,Bezirk Braunschweig,6,Bezirksliga,Frauen Bezirksliga Staffel Nord/Mitte · Bezirk Braunschweig,031AHK4JGK00000BVS5489BUVV628VP4-G,4,3,2,0,1,6,5,1,6,2.0,,fussball.de
1064,TuS Wickede/Ruhr,Westfalen,Bezirk Westfalen,6,Bezirksliga,Frauen Bezirksliga Staffel 2 · Bezirk Westfalen,0314GV3G6S00000CVS5489BUVSBBVPEU-G,5,3,2,0,1,4,3,1,6,2.0,,fussball.de
1065,FC Marbeck,Westfalen,Bezirk Westfalen,6,Bezirksliga,Frauen Bezirksliga Staffel 5 · Bezirk Westfalen,0314GV3H4S00000OVS5489BUVSBBVPEU-G,5,3,2,0,1,7,7,0,6,2.0,,fussball.de
1066,SG Ammerland West,Niedersachsen,Bezirk Weser-Ems,6,Bezirksliga,Frauen Bezirksliga Weser-Ems Nord,0313O7G2TC00000BVS5489BUVSBBVPEU-G,5,3,2,0,1,7,7,0,6,2.0,,fussball.de
1067,SV Wendessen II,Niedersachsen,Bezirk Braunschweig,6,Bezirksliga,Frauen Bezirksliga Staffel Nord/Mitte · Bezirk Braunschweig,031AHK4JGK00000BVS5489BUVV628VP4-G,5,3,2,0,1,6,6,0,6,2.0,,fussball.de
1068,SC GW Varensell,Westfalen,Bezirk Westfalen,6,Bezirksliga,Frauen Bezirksliga Staffel 2 · Bezirk Westfalen,0314GV3G6S00000CVS5489BUVSBBVPEU-G,6,3,2,0,1,6,7,-1,6,2.0,,fussball.de
1069,VFL Wildeshausen,Niedersachsen,Bezirk Weser-Ems,6,Bezirksliga,Frauen Bezirksliga Weser-Ems Mitte,0313O7G2CO000009VS5489BUVSBBVPEU-G,5,3,2,0,1,6,7,-1,6,2.0,,fussball.de
1070,FSG Hoher Vogelsberg,Hessen,Region Fulda,6,Gruppenliga,Frauen Gruppenliga Nord-Ost · Region Fulda,031CO2GG3O00000GVS5489BTVUS470OH-G,3,4,2,1,1,6,5,1,7,1.75,,fussball.de
1071,SV Teuto Riesenbeck,Westfalen,Bezirk Westfalen,6,Bezirksliga,Frauen Bezirksliga Staffel 6 · Bezirk Westfalen,0314GV3HCK00000NVS5489BUVSBBVPEU-G,4,3,1,2,0,8,7,1,5,1.67,,fussball.de
1072,VfB Hüls,Westfalen,Bezirk Westfalen,6,Bezirksliga,Frauen Bezirksliga Staffel 5 · Bezirk Westfalen,0314GV3H4S00000OVS5489BUVSBBVPEU-G,6,3,1,2,0,5,4,1,5,1.67,,fussball.de
1073,FC Olympia Bocholt,Niederrhein,Bezirk Niederrhein,6,Bezirksliga,Bezirksliga Gruppe 3 · Bezirk Niederrhein,031EF19PEK000007VS5489BUVUR5FS5A-G,5,2,1,0,1,11,4,7,3,1.5,,fussball.de
1074,Mögeliner SC 1913,Brandenburg,Kreis Havelland,6,Kreisliga,Kreisliga Frauen (Kerstin Grothe-Benkenstein) · Kreis Havelland,031HTI8PTO000004VS5489BTVSRD0UH9-G,4,2,1,0,1,10,3,7,3,1.5,,fussball.de
1075,Friedrichshagener SV II,Berlin,Bezirk Berlin,6,Bezirksliga,Frauen Bezirksliga St.2 · Bezirk Berlin,0317AJFD7800000LVS5489BUVSBBVPEU-G,4,2,1,0,1,10,4,6,3,1.5,,fussball.de
1076,BSV GW Neukölln II,Berlin,Bezirk Berlin,6,Bezirksliga,Frauen Bezirksliga St.1 · Bezirk Berlin,0317AJFCVG00000IVS5489BUVSBBVPEU-G,5,2,2,0,0,8,2,6,3,1.5,,fussball.de
1077,FC Tannenhof,Niederrhein,Bezirk Niederrhein,6,Bezirksliga,Bezirksliga Gruppe 1 · Bezirk Niederrhein,031EF19OVG00000GVS5489BUVUR5FS5A-G,5,2,1,0,1,8,2,6,3,1.5,,fussball.de
1078,SC Edermünde,Hessen,Region Kassel,6,Gruppenliga,Frauen Gruppenliga Nord · Region Kassel,031COEI21G000000VS5489BTVUS470OH-G,6,2,2,0,0,8,3,5,3,1.5,,fussball.de
1079,BU 1.Fr.,Hamburg,Bezirksebene Hamburg,6,Bezirksliga,FBZL 02 · Bezirksebene Hamburg,0314CCB7QC00000FVS5489BTVU7GTVLE-G,4,2,1,0,1,8,4,4,3,1.5,,fussball.de
1080,DSC Dransfeld,Niedersachsen,Bezirk Braunschweig,6,Bezirksliga,Frauen Bezirksliga Staffel Süd · Bezirk Braunschweig,031AHK4JPK00000GVS5489BUVV628VP4-G,5,2,1,0,1,8,4,4,3,1.5,,fussball.de
1081,SV Sebbenhausen-Balge,Niedersachsen,Bezirk Hannover,6,Bezirksliga,Frauen Bezirksliga Hannover Staffel 1,0313H0TSKC000004VS5489BUVSBBVPEU-G,5,2,1,0,1,8,4,4,3,1.5,,fussball.de
1082,SV Oberbilk 09 Düsseldorf,Niederrhein,Bezirk Niederrhein,6,Bezirksliga,Bezirksliga Gruppe 1 · Bezirk Niederrhein,031EF19OVG00000GVS5489BUVUR5FS5A-G,6,2,1,0,1,7,3,4,3,1.5,,fussball.de
1083,SG Hochspeyer 9er (flex),Südwest,Südwest,6,Bezirksliga (Verband),Frauen Bezirksliga Mitte · Südwest,031EV7TSU8000003VS5489BTVUS470OH-G,3,2,1,0,1,6,2,4,3,1.5,,fussball.de
1084,SpG Spremberg / Forst,Brandenburg,Kreis Südbrandenburg,6,Kreisliga,SBB/NL-Frauen-Kreisliga · Kreis Südbrandenburg,031F55NRLC000004VS5489BUVSJ4CRAP-G,5,2,1,0,1,5,1,4,3,1.5,,fussball.de
1085,Eichholzer SV II,Schleswig-Holstein,Kreis Lübeck,6,Kreisliga,Kreisliga Süd · Kreis Lübeck,031CHKPPM0000004VS5489BTVUS470OH-G,5,2,1,0,1,9,6,3,3,1.5,,fussball.de
1086,Dassendorf 1.Fr.,Hamburg,Bezirksebene Hamburg,6,Bezirksliga,FBZL 02 · Bezirksebene Hamburg,0314CCB7QC00000FVS5489BTVU7GTVLE-G,5,2,1,0,1,7,4,3,3,1.5,,fussball.de
1087,SV Budberg II.,Niederrhein,Bezirk Niederrhein,6,Bezirksliga,Bezirksliga Gruppe 3 · Bezirk Niederrhein,031EF19PEK000007VS5489BUVUR5FS5A-G,6,2,1,0,1,7,4,3,3,1.5,,fussball.de
1088,1. FC Riegelsberg,,Deutschland,6,Regionalliga,Regionalliga Südwest,0312Q1GS9G000003VS5489BTVU7GTVLE-G,7,2,1,0,1,6,3,3,3,1.5,,fussball.de
1089,1. FFC HOF II,Bayern,Bezirk Oberfranken,6,Bezirksoberliga,Frauen BOL · Bezirk Oberfranken,031DRLDMBK000005VS5489BUVUR5FS5A-G,5,2,1,0,1,6,3,3,3,1.5,,fussball.de
1090,Condor 2.Fr.,Hamburg,Bezirksebene Hamburg,6,Bezirksliga,FBZL 02 · Bezirksebene Hamburg,0314CCB7QC00000FVS5489BTVU7GTVLE-G,6,2,1,0,1,6,3,3,3,1.5,,fussball.de
1091,SC Roden,Saarland,Bezirk Saarland,6,Bezirksliga,Bezirksliga Vorrunde · Bezirk Saarland,031C3V02R0000004VS5489BUVUR5FS5A-G,5,2,1,0,1,4,1,3,3,1.5,,fussball.de
1092,Berolina Mitte III,Berlin,Bezirk Berlin,6,Bezirksliga,Frauen Bezirksliga St.1 · Bezirk Berlin,0317AJFCVG00000IVS5489BUVSBBVPEU-G,6,2,1,0,1,7,5,2,3,1.5,,fussball.de
1093,SF Niederwenigern,Niederrhein,Bezirk Niederrhein,6,Bezirksliga,Bezirksliga Gruppe 4 · Bezirk Niederrhein,031EF19PL800000DVS5489BUVUR5FS5A-G,5,2,1,0,1,7,5,2,3,1.5,,fussball.de
1094,SV Heidekraut Andervenne II,Niedersachsen,Bezirk Weser-Ems,6,Bezirksliga,Frauen Bezirksliga Weser-Ems Süd,0313O7G2LS00000BVS5489BUVSBBVPEU-G,5,2,1,0,1,7,5,2,3,1.5,,fussball.de
1095,Sp.Vg Eicha,Bayern,Bezirk Oberfranken,6,Bezirksoberliga,Frauen BOL · Bezirk Oberfranken,031DRLDMBK000005VS5489BUVUR5FS5A-G,6,2,1,0,1,7,5,2,3,1.5,,fussball.de
1096,GW Lankern III.,Niederrhein,Bezirk Niederrhein,6,Bezirksliga,Bezirksliga Gruppe 3 · Bezirk Niederrhein,031EF19PEK000007VS5489BUVUR5FS5A-G,7,2,1,0,1,6,4,2,3,1.5,,fussball.de
1097,Moabiter FSV II,Berlin,Bezirk Berlin,6,Bezirksliga,Frauen Bezirksliga St.2 · Bezirk Berlin,0317AJFD7800000LVS5489BUVSBBVPEU-G,5,2,1,0,1,5,3,2,3,1.5,,fussball.de
1098,SC Sonnborn,Niederrhein,Bezirk Niederrhein,6,Bezirksliga,Bezirksliga Gruppe 1 · Bezirk Niederrhein,031EF19OVG00000GVS5489BUVUR5FS5A-G,7,2,1,0,1,5,3,2,3,1.5,,fussball.de
1099,SV Germania Breitenberg,Niedersachsen,Bezirk Braunschweig,6,Bezirksliga,Frauen Bezirksliga Staffel Süd · Bezirk Braunschweig,031AHK4JPK00000GVS5489BUVV628VP4-G,6,2,1,0,1,5,3,2,3,1.5,,fussball.de
1100,SpG Dölzschen / Löbtau 2,Sachsen,Kreis Dresden,6,Kreisoberliga,Stadtloberliga · Kreis Dresden,03171VKFFG000009VS5489BTVU7GTVLE-G,5,2,1,0,1,9,8,1,3,1.5,,fussball.de
1101,FC Bitburg II (9er),Rheinland,Kreis Eifel,6,Kreisklasse,Frauen-Kreisklasse 3 · Kreis Eifel,031GIKVLV8000006VS5489BTVVG7L386-G,4,2,1,0,1,6,5,1,3,1.5,,fussball.de
1102,SV Bavaria Waischenfeld,Bayern,Bezirk Oberfranken,6,Bezirksoberliga,Frauen BOL · Bezirk Oberfranken,031DRLDMBK000005VS5489BUVUR5FS5A-G,7,2,1,0,1,4,3,1,3,1.5,,fussball.de
1103,TSV Holzhausen-Bahrenborstel,Niedersachsen,Bezirk Hannover,6,Bezirksliga,Frauen Bezirksliga Hannover Staffel 1,0313H0TSKC000004VS5489BUVSBBVPEU-G,6,2,1,0,1,4,3,1,3,1.5,,fussball.de
1104,SpVgg Germania Ebing,Bayern,Bezirk Oberfranken,6,Bezirksoberliga,Frauen BOL · Bezirk Oberfranken,031DRLDMBK000005VS5489BUVUR5FS5A-G,8,2,1,0,1,2,1,1,3,1.5,,fussball.de
1105,FSG Thomm Gielert (9er),Rheinland,Kreis Trier/Saarburg,6,Kreisklasse,Frauen-Kreisklasse 4 · Kreis Trier/Saarburg,031GILDB80000007VS5489BTVVG7L386-G,3,2,1,0,1,11,11,0,3,1.5,,fussball.de
1106,ESV Fortuna Celle,Niedersachsen,Bezirk Lüneburg,6,Bezirksliga,Frauen Bezirksliga Lüneburg Ost,0316TCP0QO000006VS5489BTVU7GTVLE-G,6,2,1,0,1,8,8,0,3,1.5,,fussball.de
1107,SG Damme / Lembruch,Niedersachsen,Bezirk Weser-Ems,6,Bezirksliga,Frauen Bezirksliga Weser-Ems Mitte,0313O7G2CO000009VS5489BUVSBBVPEU-G,7,2,1,0,1,7,7,0,3,1.5,,fussball.de
1108,SV Hülzweiler,Saarland,Bezirk Saarland,6,Bezirksliga,Bezirksliga Vorrunde · Bezirk Saarland,031C3V02R0000004VS5489BUVUR5FS5A-G,7,2,1,0,1,7,7,0,3,1.5,,fussball.de
1109,SC Staaken 1919,Berlin,Bezirk Berlin,6,Bezirksliga,Frauen Bezirksliga St.1 · Bezirk Berlin,0317AJFCVG00000IVS5489BUVSBBVPEU-G,7,2,1,0,1,6,6,0,3,1.5,,fussball.de
1110,TSV Urdenbach II.,Niederrhein,Bezirk Niederrhein,6,Bezirksliga,Bezirksliga Gruppe 1 · Bezirk Niederrhein,031EF19OVG00000GVS5489BUVUR5FS5A-G,8,2,1,0,1,6,6,0,3,1.5,,fussball.de
1111,VfB Zwenkau 02 I,Sachsen,Kreis Leipzig,6,Kreisoberliga,Stadtliga Frauen · Kreis Leipzig,0319R4CO10000004VS5489BTVSK8S3O6-G,5,2,1,0,1,6,6,0,3,1.5,,fussball.de
1112,SG Wiking 03 Offenbach 1,Hessen,Region Frankfurt,6,Gruppenliga,Frauen Gruppenliga Süd-Ost · Region Frankfurt,031CO2CTM400000EVS5489BTVUS470OH-G,5,4,2,0,2,11,11,0,6,1.5,,fussball.de
1113,Concordia 2.Fr.,Hamburg,Bezirksebene Hamburg,6,Bezirksliga,FBZL 02 · Bezirksebene Hamburg,0314CCB7QC00000FVS5489BTVU7GTVLE-G,7,2,1,0,1,5,5,0,3,1.5,,fussball.de
1114,SC Falco Subbuteo,Berlin,Bezirk Berlin,6,Bezirksliga,Frauen Bezirksliga St.2 · Bezirk Berlin,0317AJFD7800000LVS5489BUVSBBVPEU-G,6,2,1,0,1,5,5,0,3,1.5,,fussball.de
1115,Spvg. Gustorf-Gindorf 24/27,Niederrhein,Bezirk Niederrhein,6,Bezirksliga,Bezirksliga Gruppe 2 · Bezirk Niederrhein,031EF19P7O00000FVS5489BUVUR5FS5A-G,6,2,1,0,1,5,5,0,3,1.5,,fussball.de
1116,SG Garrel/Bethen,Niedersachsen,Bezirk Weser-Ems,6,Bezirksliga,Frauen Bezirksliga Weser-Ems Mitte,0313O7G2CO000009VS5489BUVSBBVPEU-G,8,2,1,0,1,4,4,0,3,1.5,,fussball.de
1117,TuS Büppel II,Niedersachsen,Bezirk Weser-Ems,6,Bezirksliga,Frauen Bezirksliga Weser-Ems Nord,0313O7G2TC00000BVS5489BUVSBBVPEU-G,7,2,1,0,1,4,4,0,3,1.5,,fussball.de
1118,GW Eimsbüttel 2.Fr.,Hamburg,Bezirksebene Hamburg,6,Bezirksliga,FBZL 01 · Bezirksebene Hamburg,0314CCB7IG000000VS5489BTVU7GTVLE-G,5,2,1,0,1,3,3,0,3,1.5,,fussball.de
1119,SC St. Tönis,Niederrhein,Bezirk Niederrhein,6,Bezirksliga,Bezirksliga Gruppe 2 · Bezirk Niederrhein,031EF19P7O00000FVS5489BUVUR5FS5A-G,7,2,1,0,1,3,3,0,3,1.5,,fussball.de
1120,VfL Eintracht Hannover II,Niedersachsen,Bezirk Hannover,6,Bezirksliga,Frauen Bezirksliga Hannover Staffel 2,0313H10RD0000004VS5489BUVSBBVPEU-G,7,2,1,0,1,3,3,0,3,1.5,,fussball.de
1121,SG Lindhorst/Beckedorf/Sachsenhagen,Niedersachsen,Bezirk Hannover,6,Bezirksliga,Frauen Bezirksliga Hannover Staffel 1,0313H0TSKC000004VS5489BUVSBBVPEU-G,7,2,1,0,1,2,2,0,3,1.5,,fussball.de
1122,SV Heißen II.,Niederrhein,Bezirk Niederrhein,6,Bezirksliga,Bezirksliga Gruppe 3 · Bezirk Niederrhein,031EF19PEK000007VS5489BUVUR5FS5A-G,8,2,1,0,1,2,2,0,3,1.5,,fussball.de
1123,FFC Berlin 2004 II,Berlin,Bezirk Berlin,6,Bezirksliga,Frauen Bezirksliga St.2 · Bezirk Berlin,0317AJFD7800000LVS5489BUVSBBVPEU-G,7,2,1,0,1,1,1,0,3,1.5,,fussball.de
1124,FV Blau-Weiss Spandau,Berlin,Bezirk Berlin,6,Bezirksliga,Frauen Bezirksliga St.2 · Bezirk Berlin,0317AJFD7800000LVS5489BUVSBBVPEU-G,8,2,1,0,1,1,1,0,3,1.5,,fussball.de
1125,SVKT 07 Minden II,Westfalen,Bezirk Westfalen,6,Bezirksliga,Frauen Bezirksliga Staffel 1 · Bezirk Westfalen,0314GV3FRK000010VS5489BUVSBBVPEU-G,7,2,1,0,1,1,1,0,3,1.5,,fussball.de
1126,SPG VfB Zwenkau II/Pegau,Sachsen,Kreis Leipzig,6,Kreisoberliga,Stadtklasse Frauen · Kreis Leipzig,031JVGRBCK000004VS5489BTVSRD0UH9-G,6,2,1,0,1,7,8,-1,3,1.5,,fussball.de
1127,TSV Gruiten,Niederrhein,Bezirk Niederrhein,6,Bezirksliga,Bezirksliga Gruppe 1 · Bezirk Niederrhein,031EF19OVG00000GVS5489BUVUR5FS5A-G,9,2,1,0,1,7,8,-1,3,1.5,,fussball.de
1128,BSV Union von 1912 e.V. Frauen,Niedersachsen,Bezirk Lüneburg,6,Bezirksliga,Frauen Bezirksliga Lüneburg Ost,0316TCP0QO000006VS5489BTVU7GTVLE-G,8,2,1,0,1,6,7,-1,3,1.5,,fussball.de
1129,Komet Blankenese 1.Fr.,Hamburg,Bezirksebene Hamburg,6,Bezirksliga,FBZL 01 · Bezirksebene Hamburg,0314CCB7IG000000VS5489BTVU7GTVLE-G,6,2,1,0,1,6,7,-1,3,1.5,,fussball.de
1130,SG Mildenberg 23,Brandenburg,Kreis Oberhavel/Barnim,6,Kreisliga,Kreisliga Frauen · Kreis Oberhavel/Barnim,03142N5IIC00000CVS5489BUVSBBVPEU-G,5,2,1,0,1,6,7,-1,3,1.5,,fussball.de
1131,SFC Stern 1900 III,Berlin,Bezirk Berlin,6,Bezirksliga,Frauen Bezirksliga St.1 · Bezirk Berlin,0317AJFCVG00000IVS5489BUVSBBVPEU-G,8,2,1,0,1,5,6,-1,3,1.5,,fussball.de
1132,SG Holtwick / Legden,Westfalen,Bezirk Westfalen,6,Bezirksliga,Frauen Bezirksliga Staffel 6 · Bezirk Westfalen,0314GV3HCK00000NVS5489BUVSBBVPEU-G,9,2,1,0,1,4,5,-1,3,1.5,,fussball.de
1133,SSVg Velbert 02 II.,Niederrhein,Bezirk Niederrhein,6,Bezirksliga,Bezirksliga Gruppe 1 · Bezirk Niederrhein,031EF19OVG00000GVS5489BUVUR5FS5A-G,10,2,1,0,1,4,5,-1,3,1.5,,fussball.de
1134,SV Schönstadt,Hessen,Region Gießen / Marburg,6,Gruppenliga,Frauen GL Nord-West · Region Gießen / Marburg,031COEE52400000CVS5489BTVUS470OH-G,6,2,1,0,1,4,5,-1,3,1.5,,fussball.de
1135,Sternschanze 2.Fr.,Hamburg,Bezirksebene Hamburg,6,Bezirksliga,FBZL 01 · Bezirksebene Hamburg,0314CCB7IG000000VS5489BTVU7GTVLE-G,7,2,1,0,1,3,4,-1,3,1.5,,fussball.de
1136,TSV Klixbüll,Schleswig-Holstein,Kreis Schleswig-Flensburg,6,Kreisliga,Frauen Kreisliga Nord · Kreis Schleswig-Flensburg,031JUIT5PG000004VS5489BUVVKNMR0J-G,4,2,1,0,1,3,4,-1,3,1.5,,fussball.de
1137,TSV Obermelsungen II,Hessen,Region Kassel,6,Gruppenliga,Frauen Gruppenliga Nord · Region Kassel,031COEI21G000000VS5489BTVUS470OH-G,7,2,1,0,1,3,4,-1,3,1.5,,fussball.de
1138,SV Schmöckwitz-Eichwalde,Berlin,Bezirk Berlin,6,Bezirksliga,Frauen Bezirksliga St.2 · Bezirk Berlin,0317AJFD7800000LVS5489BUVSBBVPEU-G,9,2,1,0,1,1,2,-1,3,1.5,,fussball.de
1139,SV Hundelshausen,Hessen,Region Kassel,6,Gruppenliga,Frauen Gruppenliga Nord · Region Kassel,031COEI21G000000VS5489BTVUS470OH-G,3,4,2,0,2,5,8,-3,6,1.5,,fussball.de
1140,TSV Höchst I,Hessen,Region Frankfurt,6,Gruppenliga,Frauen Gruppenliga Süd-Ost · Region Frankfurt,031CO2CTM400000EVS5489BTVUS470OH-G,7,2,1,0,1,7,9,-2,3,1.5,,fussball.de
1141,TuS Detern,Niedersachsen,Bezirk Weser-Ems,6,Bezirksliga,Frauen Bezirksliga Weser-Ems Nord,0313O7G2TC00000BVS5489BUVSBBVPEU-G,8,2,1,0,1,7,9,-2,3,1.5,,fussball.de
1142,SpVgg BISON,Niedersachsen,Bezirk Lüneburg,6,Bezirksliga,Frauen Bezirksliga Lüneburg West,0316TCPT6K000006VS5489BTVU7GTVLE-G,7,2,1,0,1,6,8,-2,3,1.5,,fussball.de
1143,GW Eimsbüttel 3.Fr.,Hamburg,Bezirksebene Hamburg,6,Bezirksliga,FBZL 02 · Bezirksebene Hamburg,0314CCB7QC00000FVS5489BTVU7GTVLE-G,8,2,1,0,1,5,7,-2,3,1.5,,fussball.de
1144,SG Uetze/Dollbergen,Niedersachsen,Bezirk Hannover,6,Bezirksliga,Frauen Bezirksliga Hannover Staffel 2,0313H10RD0000004VS5489BUVSBBVPEU-G,8,2,1,0,1,5,7,-2,3,1.5,,fussball.de
1145,SV Rengsdorf II,Rheinland,Kreis Westerwald/Sieg,6,Kreisklasse,Frauen-Kreisklasse 1 · Kreis Westerwald/Sieg,031GIJJ1E4000006VS5489BTVVG7L386-G,4,2,1,0,1,5,7,-2,3,1.5,,fussball.de
1146,SV Blau-Weiß Straupitz,Brandenburg,Kreis Südbrandenburg,6,Kreisliga,SBB/NL-Frauen-Kreisliga · Kreis Südbrandenburg,031F55NRLC000004VS5489BUVSJ4CRAP-G,8,2,1,0,1,1,3,-2,3,1.5,,fussball.de
1147,US Youth Soccer Europe (flex),Südwest,Südwest,6,Bezirksliga (Verband),Frauen Bezirksliga West · Südwest,031DELDGM4000003VS5489BUVUR5FS5A-G,4,2,1,0,1,7,10,-3,3,1.5,,fussball.de
1148,SV Eintracht 66 Dörbach II,Rheinland,Kreis Trier/Saarburg,6,Kreisklasse,Frauen-Kreisklasse 4 · Kreis Trier/Saarburg,031GILDB80000007VS5489BTVVG7L386-G,5,2,1,0,1,5,8,-3,3,1.5,,fussball.de
1149,BV Union 05 Krefeld,Niederrhein,Bezirk Niederrhein,6,Bezirksliga,Bezirksliga Gruppe 2 · Bezirk Niederrhein,031EF19P7O00000FVS5489BUVUR5FS5A-G,8,2,1,0,1,4,7,-3,3,1.5,,fussball.de
1150,SV Blau-Weiß Wertherbruch,Niederrhein,Bezirk Niederrhein,6,Bezirksliga,Bezirksliga Gruppe 3 · Bezirk Niederrhein,031EF19PEK000007VS5489BUVUR5FS5A-G,9,2,1,0,1,3,6,-3,3,1.5,,fussball.de
1151,1. FFC Hannover II,Niedersachsen,Bezirk Hannover,6,Bezirksliga,Frauen Bezirksliga Hannover Staffel 1,0313H0TSKC000004VS5489BUVSBBVPEU-G,8,2,1,0,1,2,5,-3,3,1.5,,fussball.de
1152,TSG 1878/1951 Eisenberg 9er,Südwest,Südwest,6,Bezirksliga (Verband),Frauen Bezirksliga Mitte · Südwest,031EV7TSU8000003VS5489BTVUS470OH-G,4,2,1,0,1,6,10,-4,3,1.5,,fussball.de
1153,VfR 07 Limburg,Hessen,Region Wiesbaden,6,Gruppenliga,Frauen Gruppenliga Süd-West · Region Wiesbaden,031E2AVBQ4000002VS5489BUVUR5FS5A-G,5,4,2,0,2,9,17,-8,6,1.5,,fussball.de
1154,Bovender SV,Niedersachsen,Bezirk Braunschweig,6,Bezirksliga,Frauen Bezirksliga Staffel Süd · Bezirk Braunschweig,031AHK4JPK00000GVS5489BUVV628VP4-G,8,2,1,0,1,4,8,-4,3,1.5,,fussball.de
1155,TSG 1846 Mainz-Kastel,Hessen,Region Wiesbaden,6,Gruppenliga,Frauen Gruppenliga Süd-West · Region Wiesbaden,031E2AVBQ4000002VS5489BUVUR5FS5A-G,6,4,2,0,2,7,15,-8,6,1.5,,fussball.de
1156,Reinbek 1.Fr.,Hamburg,Bezirksebene Hamburg,6,Bezirksliga,FBZL 02 · Bezirksebene Hamburg,0314CCB7QC00000FVS5489BTVU7GTVLE-G,9,2,1,0,1,5,10,-5,3,1.5,,fussball.de
1157,DJK Wacker Mecklenbeck II,Westfalen,Bezirk Westfalen,6,Bezirksliga,Frauen Bezirksliga Staffel 4 · Bezirk Westfalen,0314GV3GS800000SVS5489BUVSBBVPEU-G,10,2,1,0,1,2,7,-5,3,1.5,,fussball.de
1158,SV Grün-Weiß Siebenbäumen,Schleswig-Holstein,Kreis Lübeck,6,Kreisliga,Kreisliga Süd · Kreis Lübeck,031CHKPPM0000004VS5489BTVUS470OH-G,6,2,1,0,1,5,11,-6,3,1.5,,fussball.de
1159,SpVgg Steele 03/09,Niederrhein,Bezirk Niederrhein,6,Bezirksliga,Bezirksliga Gruppe 4 · Bezirk Niederrhein,031EF19PL800000DVS5489BUVUR5FS5A-G,6,2,1,0,1,5,11,-6,3,1.5,,fussball.de
1160,TuS Kleefeld,Niedersachsen,Bezirk Hannover,6,Bezirksliga,Frauen Bezirksliga Hannover Staffel 2,0313H10RD0000004VS5489BUVSBBVPEU-G,9,2,1,0,1,5,11,-6,3,1.5,,fussball.de
1161,SV Haldern,Niederrhein,Bezirk Niederrhein,6,Bezirksliga,Bezirksliga Gruppe 3 · Bezirk Niederrhein,031EF19PEK000007VS5489BUVUR5FS5A-G,10,2,1,0,1,1,7,-6,3,1.5,,fussball.de
1162,Wiker SV,Schleswig-Holstein,Kreis Rendsburg-Eckernförde,6,Kreisliga,Kreisliga Nord-Ost RD-Eck · Kreis Rendsburg-Eckernförde,031JRC0OTC000004VS5489BTVSRD0UH9-G,5,2,1,0,1,4,11,-7,3,1.5,,fussball.de
1163,SC Olympia Lorsch,Hessen,Region Frankfurt,6,Gruppenliga,Frauen Gruppenliga Süd-Ost · Region Frankfurt,031CO2CTM400000EVS5489BTVUS470OH-G,8,2,1,0,1,3,10,-7,3,1.5,,fussball.de
1164,FSG Moseltal Lay (9er),Rheinland,Kreis Rhein/Ahr,6,Kreisklasse,Frauen-Kreisklasse 2 · Kreis Rhein/Ahr,031GIKB0P8000003VS5489BTVVG7L386-G,6,2,1,0,1,3,16,-13,3,1.5,,fussball.de
1165,ASC Schöppingen,Westfalen,Bezirk Westfalen,6,Bezirksliga,Frauen Bezirksliga Staffel 6 · Bezirk Westfalen,0314GV3HCK00000NVS5489BUVSBBVPEU-G,5,3,1,1,1,15,7,8,4,1.33,,fussball.de
1166,TSV Gladebeck,Niedersachsen,Bezirk Braunschweig,6,Bezirksliga,Frauen Bezirksliga Staffel Süd · Bezirk Braunschweig,031AHK4JPK00000GVS5489BUVV628VP4-G,2,3,1,1,1,10,7,3,4,1.33,,fussball.de
1167,FC Brücken,Südwest,Südwest,6,Bezirksliga (Verband),Frauen Bezirksliga West · Südwest,031DELDGM4000003VS5489BUVUR5FS5A-G,3,3,1,1,1,8,5,3,4,1.33,,fussball.de
1168,Sportfreunde Siegen,Westfalen,Bezirk Westfalen,6,Bezirksliga,Frauen Bezirksliga Staffel 3 · Bezirk Westfalen,0314GV3GHC000013VS5489BUVSBBVPEU-G,7,3,1,1,1,7,4,3,4,1.33,,fussball.de
1169,VfL Bienrode,Niedersachsen,Bezirk Braunschweig,6,Bezirksliga,Frauen Bezirksliga Staffel Nord/Mitte · Bezirk Braunschweig,031AHK4JGK00000BVS5489BUVV628VP4-G,6,3,1,1,1,7,4,3,4,1.33,,fussball.de
1170,SG 99 Andernach II,,Deutschland,6,Regionalliga,Regionalliga Südwest,0312Q1GS9G000003VS5489BTVU7GTVLE-G,5,3,1,1,1,6,3,3,4,1.33,,fussball.de
1171,SF Gellendorf,Westfalen,Bezirk Westfalen,6,Bezirksliga,Frauen Bezirksliga Staffel 6 · Bezirk Westfalen,0314GV3HCK00000NVS5489BUVSBBVPEU-G,7,3,1,1,1,9,8,1,4,1.33,,fussball.de
1172,TV Brüderschaft Schöningen,Niedersachsen,Bezirk Braunschweig,6,Bezirksliga,Frauen Bezirksliga Staffel Nord/Mitte · Bezirk Braunschweig,031AHK4JGK00000BVS5489BUVV628VP4-G,7,3,1,1,1,5,4,1,4,1.33,,fussball.de
1173,MF Göttingen II,Niedersachsen,Bezirk Braunschweig,6,Bezirksliga,Frauen Bezirksliga Staffel Süd · Bezirk Braunschweig,031AHK4JPK00000GVS5489BUVV628VP4-G,4,3,1,1,1,5,5,0,4,1.33,,fussball.de
1174,1. FFC Montabaur,,Deutschland,6,Regionalliga,Regionalliga Südwest,0312Q1GS9G000003VS5489BTVU7GTVLE-G,6,3,1,1,1,3,3,0,4,1.33,,fussball.de
1175,SV Westfalia Huckarde,Westfalen,Bezirk Westfalen,6,Bezirksliga,Frauen Bezirksliga Staffel 5 · Bezirk Westfalen,0314GV3H4S00000OVS5489BUVSBBVPEU-G,7,3,1,1,1,3,3,0,4,1.33,,fussball.de
1176,FC Finnentrop,Westfalen,Bezirk Westfalen,6,Bezirksliga,Frauen Bezirksliga Staffel 3 · Bezirk Westfalen,0314GV3GHC000013VS5489BUVSBBVPEU-G,8,3,1,1,1,9,10,-1,4,1.33,,fussball.de
1177,SV Borussia Emsdetten II,Westfalen,Bezirk Westfalen,6,Bezirksliga,Frauen Bezirksliga Staffel 6 · Bezirk Westfalen,0314GV3HCK00000NVS5489BUVSBBVPEU-G,8,3,1,1,1,7,8,-1,4,1.33,,fussball.de
1178,SV Herbern,Westfalen,Bezirk Westfalen,6,Bezirksliga,Frauen Bezirksliga Staffel 4 · Bezirk Westfalen,0314GV3GS800000SVS5489BUVSBBVPEU-G,6,3,1,1,1,5,6,-1,4,1.33,,fussball.de
1179,Hammer SportClub 2008,Westfalen,Bezirk Westfalen,6,Bezirksliga,Frauen Bezirksliga Staffel 4 · Bezirk Westfalen,0314GV3GS800000SVS5489BUVSBBVPEU-G,7,3,1,1,1,12,15,-3,4,1.33,,fussball.de
1180,SV Unterhaun,Hessen,Region Fulda,6,Gruppenliga,Frauen Gruppenliga Nord-Ost · Region Fulda,031CO2GG3O00000GVS5489BTVUS470OH-G,5,3,1,1,1,8,12,-4,4,1.33,,fussball.de
1181,SG am Meer,Niedersachsen,Bezirk Weser-Ems,6,Bezirksliga,Frauen Bezirksliga Weser-Ems Nord,0313O7G2TC00000BVS5489BUVSBBVPEU-G,6,3,1,1,1,2,8,-6,4,1.33,,fussball.de
1182,TuS Großenenglis II,Hessen,Region Kassel,6,Gruppenliga,Frauen Gruppenliga Nord · Region Kassel,031COEI21G000000VS5489BTVUS470OH-G,4,4,1,2,1,4,4,0,5,1.25,,fussball.de
1183,SG Thüle/Bösel,Niedersachsen,Bezirk Weser-Ems,6,Bezirksliga,Frauen Bezirksliga Weser-Ems Mitte,0313O7G2CO000009VS5489BUVSBBVPEU-G,6,3,1,0,2,15,11,4,3,1.0,,fussball.de
1184,VfL Grafenwald,Westfalen,Bezirk Westfalen,6,Bezirksliga,Frauen Bezirksliga Staffel 5 · Bezirk Westfalen,0314GV3H4S00000OVS5489BUVSBBVPEU-G,8,3,1,0,2,11,9,2,3,1.0,,fussball.de
1185,FSG Goldebek-Arlewatt,Schleswig-Holstein,Kreis Schleswig-Flensburg,6,Kreisliga,Frauen Kreisliga Nord · Kreis Schleswig-Flensburg,031JUIT5PG000004VS5489BUVVKNMR0J-G,5,2,1,0,1,5,4,1,2,1.0,,fussball.de
1186,FC Wacker Herzfelde,Brandenburg,Kreis Ostbrandenburg,6,Kreisliga,Kreisliga · Kreis Ostbrandenburg,031CP5NH8S00000HVS5489BTVUS470OH-G,3,1,0,1,0,3,3,0,1,1.0,,fussball.de
1187,SG Schwentine,Schleswig-Holstein,Kreis Rendsburg-Eckernförde,6,Kreisliga,Kreisliga Nord-Ost RD-Eck · Kreis Rendsburg-Eckernförde,031JRC0OTC000004VS5489BTVSRD0UH9-G,7,1,0,1,0,3,3,0,1,1.0,,fussball.de
1188,VfB Steinhöfel,Brandenburg,Kreis Ostbrandenburg,6,Kreisliga,Kreisliga · Kreis Ostbrandenburg,031CP5NH8S00000HVS5489BTVUS470OH-G,4,1,0,1,0,3,3,0,1,1.0,,fussball.de
1189,1. FC Schwarzenfeld (A),Bayern,Bezirk Oberpfalz,6,Bezirksoberliga,Frauen BOL · Bezirk Oberpfalz,0316VD0FOS000006VS5489BTVU7GTVLE-G,4,1,0,1,0,2,2,0,1,1.0,,fussball.de
1190,FSV Blau-Weiß Wriezen,Brandenburg,Kreis Ostbrandenburg,6,Kreisliga,Kreisliga · Kreis Ostbrandenburg,031CP5NH8S00000HVS5489BTVUS470OH-G,5,1,0,1,0,2,2,0,1,1.0,,fussball.de
1191,Gettorfer SC,Schleswig-Holstein,Kreis Rendsburg-Eckernförde,6,Kreisliga,Kreisliga Nord-Ost RD-Eck · Kreis Rendsburg-Eckernförde,031JRC0OTC000004VS5489BTVSRD0UH9-G,8,1,0,1,0,2,2,0,1,1.0,,fussball.de
1192,Pankower SV Rot-Weiß,Brandenburg,Kreis Prignitz/Ruppin,6,Kreisliga,Kreisliga Frauen · Kreis Prignitz/Ruppin,031JVGVNLO00000DVS5489BUVVKNMR0J-G,3,1,0,1,0,2,2,0,1,1.0,,fussball.de
1193,Rot-Weiß Göttingen II,Niedersachsen,Bezirk Braunschweig,6,Bezirksliga,Frauen Bezirksliga Staffel Süd · Bezirk Braunschweig,031AHK4JPK00000GVS5489BUVV628VP4-G,7,3,0,3,0,6,6,0,3,1.0,,fussball.de
1194,SC Berliner Amateure,Berlin,Bezirk Berlin,6,Bezirksliga,Frauen Bezirksliga St.2 · Bezirk Berlin,0317AJFD7800000LVS5489BUVSBBVPEU-G,11,1,0,1,0,2,2,0,1,1.0,,fussball.de
1195,SC Luhe-Wildenau,Bayern,Bezirk Oberpfalz,6,Bezirksoberliga,Frauen BOL · Bezirk Oberpfalz,0316VD0FOS000006VS5489BTVU7GTVLE-G,5,1,0,1,0,2,2,0,1,1.0,,fussball.de
1196,SV Garz-Hoppenrade,Brandenburg,Kreis Prignitz/Ruppin,6,Kreisliga,Kreisliga Frauen · Kreis Prignitz/Ruppin,031JVGVNLO00000DVS5489BUVVKNMR0J-G,4,1,0,1,0,2,2,0,1,1.0,,fussball.de
1197,Victoria Seelow,Brandenburg,Kreis Ostbrandenburg,6,Kreisliga,Kreisliga · Kreis Ostbrandenburg,031CP5NH8S00000HVS5489BTVUS470OH-G,6,1,0,1,0,2,2,0,1,1.0,,fussball.de
1198,DJK SV Mauritz,Westfalen,Bezirk Westfalen,6,Bezirksliga,Frauen Bezirksliga Staffel 4 · Bezirk Westfalen,0314GV3GS800000SVS5489BUVSBBVPEU-G,8,3,0,3,0,5,5,0,3,1.0,,fussball.de
1199,1. FC Pirna,Sachsen,Kreis Sächs.Schweiz/Osterzgeb.,6,Kreisoberliga,Kreisoberliga · Kreis Sächs.Schweiz/Osterzgeb.,031LHJG0TG000004VS5489BUVVKNMR0J-G,5,1,0,1,0,1,1,0,1,1.0,,fussball.de
1200,BSG Eutin,Schleswig-Holstein,Kreis Kiel,6,Kreisliga,Frauen Kreisliga Mitte-Ost · Kreis Kiel,031JIUQGOG000005VS5489BTVSRD0UH9-G,7,1,0,1,0,1,1,0,1,1.0,,fussball.de
1201,Eintracht Braunschweig III,Niedersachsen,Bezirk Braunschweig,6,Bezirksliga,Frauen Bezirksliga Staffel Nord/Mitte · Bezirk Braunschweig,031AHK4JGK00000BVS5489BUVV628VP4-G,9,2,0,2,0,2,2,0,2,1.0,,fussball.de
1202,FC Süd Kiel,Schleswig-Holstein,Kreis Kiel,6,Kreisliga,Frauen Kreisliga Mitte-Ost · Kreis Kiel,031JIUQGOG000005VS5489BTVSRD0UH9-G,8,1,0,1,0,1,1,0,1,1.0,,fussball.de
1203,SG VfR Kirn/ SC Kirn-Sulzbach II (9er/flex),Südwest,Südwest,6,Bezirksliga (Verband),Frauen Bezirksliga Nord · Südwest,031EQKKBO8000003VS5489BUVUR5FS5A-G,2,1,0,1,0,1,1,0,1,1.0,,fussball.de
1204,TSV Flossenbürg (N),Bayern,Bezirk Oberpfalz,6,Bezirksoberliga,Frauen BOL · Bezirk Oberpfalz,0316VD0FOS000006VS5489BTVU7GTVLE-G,6,1,0,1,0,1,1,0,1,1.0,,fussball.de
1205,TSV Neudorf,Bayern,Bezirk Oberpfalz,6,Bezirksoberliga,Frauen BOL · Bezirk Oberpfalz,0316VD0FOS000006VS5489BTVU7GTVLE-G,7,1,0,1,0,1,1,0,1,1.0,,fussball.de
1206,TuS Pfaffen-Schwabenheim,Südwest,Südwest,6,Bezirksliga (Verband),Frauen Bezirksliga Nord · Südwest,031EQKKBO8000003VS5489BUVUR5FS5A-G,3,1,0,1,0,1,1,0,1,1.0,,fussball.de
1207,Victoria 3.Fr.,Hamburg,Bezirksebene Hamburg,6,Bezirksliga,FBZL 01 · Bezirksebene Hamburg,0314CCB7IG000000VS5489BTVU7GTVLE-G,8,2,0,2,0,2,2,0,2,1.0,,fussball.de
1208,SC Charlottenburg,Berlin,Bezirk Berlin,6,Bezirksliga,Frauen Bezirksliga St.2 · Bezirk Berlin,0317AJFD7800000LVS5489BUVSBBVPEU-G,10,2,0,2,0,1,1,0,2,1.0,,fussball.de
1209,SpG Gohlis / Hirschstein,Sachsen,Kreis Dresden,6,Kreisoberliga,Stadtloberliga · Kreis Dresden,03171VKFFG000009VS5489BTVU7GTVLE-G,6,2,0,2,0,1,1,0,2,1.0,,fussball.de
1210,FC Augsburg 1,Bayern,Bezirk Schwaben,6,Bezirksoberliga,Frauen BOL · Bezirk Schwaben,0316TGC1PG000006VS5489BTVU7GTVLE-G,2,1,0,1,0,0,0,0,1,1.0,,fussball.de
1211,FSV Wehringen 1,Bayern,Bezirk Schwaben,6,Bezirksoberliga,Frauen BOL · Bezirk Schwaben,0316TGC1PG000006VS5489BTVU7GTVLE-G,3,1,0,1,0,0,0,0,1,1.0,,fussball.de
1212,Rhenania Bottrop II. U23,Niederrhein,Bezirk Niederrhein,6,Bezirksliga,Bezirksliga Gruppe 4 · Bezirk Niederrhein,031EF19PL800000DVS5489BUVUR5FS5A-G,7,1,0,1,0,0,0,0,1,1.0,,fussball.de
1213,SSV 1862 Langburkersdorf,Sachsen,Kreis Sächs.Schweiz/Osterzgeb.,6,Kreisoberliga,Kreisoberliga · Kreis Sächs.Schweiz/Osterzgeb.,031LHJG0TG000004VS5489BUVVKNMR0J-G,6,1,0,1,0,0,0,0,1,1.0,,fussball.de
1214,SSV Glött,Bayern,Bezirk Schwaben,6,Bezirksoberliga,Frauen BOL · Bezirk Schwaben,0316TGC1PG000006VS5489BTVU7GTVLE-G,4,1,0,1,0,0,0,0,1,1.0,,fussball.de
1215,SpVgg Kaufbeuren,Bayern,Bezirk Schwaben,6,Bezirksoberliga,Frauen BOL · Bezirk Schwaben,0316TGC1PG000006VS5489BTVU7GTVLE-G,5,1,0,1,0,0,0,0,1,1.0,,fussball.de
1216,FSG Osterspai,Rheinland,Kreis Rhein/Ahr,6,Kreisklasse,Frauen-Kreisklasse 2 · Kreis Rhein/Ahr,031GIKB0P8000003VS5489BTVVG7L386-G,5,3,1,0,2,8,9,-1,3,1.0,,fussball.de
1217,SG Willingshausen,Hessen,Region Gießen / Marburg,6,Gruppenliga,Frauen GL Nord-West · Region Gießen / Marburg,031COEE52400000CVS5489BTVUS470OH-G,5,3,1,0,2,8,9,-1,3,1.0,,fussball.de
1218,SG Eldingen / Höfer,Niedersachsen,Bezirk Lüneburg,6,Bezirksliga,Frauen Bezirksliga Lüneburg Ost,0316TCP0QO000006VS5489BTVU7GTVLE-G,7,3,1,0,2,7,8,-1,3,1.0,,fussball.de
1219,TuS Vosswinkel,Westfalen,Bezirk Westfalen,6,Bezirksliga,Frauen Bezirksliga Staffel 3 · Bezirk Westfalen,0314GV3GHC000013VS5489BUVSBBVPEU-G,9,3,1,0,2,6,7,-1,3,1.0,,fussball.de
1220,SG Rückers II,Hessen,Region Fulda,6,Gruppenliga,Frauen Gruppenliga Nord-Ost · Region Fulda,031CO2GG3O00000GVS5489BTVUS470OH-G,7,3,1,0,2,9,11,-2,3,1.0,,fussball.de
1221,TuS Fortuna Saarburg II,Rheinland,Kreis Trier/Saarburg,6,Kreisklasse,Frauen-Kreisklasse 4 · Kreis Trier/Saarburg,031GILDB80000007VS5489BTVVG7L386-G,4,3,1,0,2,8,10,-2,3,1.0,,fussball.de
1222,SG Hillerse-Leiferde,Niedersachsen,Bezirk Braunschweig,6,Bezirksliga,Frauen Bezirksliga Staffel Nord/Mitte · Bezirk Braunschweig,031AHK4JGK00000BVS5489BUVV628VP4-G,8,3,1,0,2,4,6,-2,3,1.0,,fussball.de
1223,TSV 95 Ostenfelde,Westfalen,Bezirk Westfalen,6,Bezirksliga,Frauen Bezirksliga Staffel 2 · Bezirk Westfalen,0314GV3G6S00000CVS5489BUVSBBVPEU-G,8,3,1,0,2,4,6,-2,3,1.0,,fussball.de
1224,VfL Schildesche,Westfalen,Bezirk Westfalen,6,Bezirksliga,Frauen Bezirksliga Staffel 1 · Bezirk Westfalen,0314GV3FRK000010VS5489BUVSBBVPEU-G,8,3,1,0,2,5,8,-3,3,1.0,,fussball.de
1225,SG Neuscharrel/Altenoythe,Niedersachsen,Bezirk Weser-Ems,6,Bezirksliga,Frauen Bezirksliga Weser-Ems Mitte,0313O7G2CO000009VS5489BUVSBBVPEU-G,9,3,1,0,2,4,7,-3,3,1.0,,fussball.de
1226,Wambeler SV,Westfalen,Bezirk Westfalen,6,Bezirksliga,Frauen Bezirksliga Staffel 5 · Bezirk Westfalen,0314GV3H4S00000OVS5489BUVSBBVPEU-G,9,3,1,0,2,4,7,-3,3,1.0,,fussball.de
1227,SV Südkirchen,Westfalen,Bezirk Westfalen,6,Bezirksliga,Frauen Bezirksliga Staffel 4 · Bezirk Westfalen,0314GV3GS800000SVS5489BUVSBBVPEU-G,9,3,1,0,2,7,11,-4,3,1.0,,fussball.de
1228,SG Freiensteinau II,Hessen,Region Fulda,6,Gruppenliga,Frauen Gruppenliga Nord-Ost · Region Fulda,031CO2GG3O00000GVS5489BTVUS470OH-G,8,3,1,0,2,6,10,-4,3,1.0,,fussball.de
1229,TuRa Elsen,Westfalen,Bezirk Westfalen,6,Bezirksliga,Frauen Bezirksliga Staffel 2 · Bezirk Westfalen,0314GV3G6S00000CVS5489BUVSBBVPEU-G,9,3,1,0,2,6,10,-4,3,1.0,,fussball.de
1230,TSV Jahn Calden I,Hessen,Region Kassel,6,Gruppenliga,Frauen Gruppenliga Nord · Region Kassel,031COEI21G000000VS5489BTVUS470OH-G,5,4,1,1,2,6,12,-6,4,1.0,,fussball.de
1231,SC Vlotho,Westfalen,Bezirk Westfalen,6,Bezirksliga,Frauen Bezirksliga Staffel 1 · Bezirk Westfalen,0314GV3FRK000010VS5489BUVSBBVPEU-G,9,3,1,0,2,5,10,-5,3,1.0,,fussball.de
1232,SC Siegelbach II,Südwest,Südwest,6,Bezirksliga (Verband),Frauen Bezirksliga West · Südwest,031DELDGM4000003VS5489BUVUR5FS5A-G,5,3,1,0,2,4,9,-5,3,1.0,,fussball.de
1233,SF Sümmern,Westfalen,Bezirk Westfalen,6,Bezirksliga,Frauen Bezirksliga Staffel 3 · Bezirk Westfalen,0314GV3GHC000013VS5489BUVSBBVPEU-G,10,3,1,0,2,4,9,-5,3,1.0,,fussball.de
1234,SV Germania Hauenhorst II,Westfalen,Bezirk Westfalen,6,Bezirksliga,Frauen Bezirksliga Staffel 6 · Bezirk Westfalen,0314GV3HCK00000NVS5489BUVSBBVPEU-G,10,3,1,0,2,4,9,-5,3,1.0,,fussball.de
1235,FV Steinau,Hessen,Region Fulda,6,Gruppenliga,Frauen Gruppenliga Nord-Ost · Region Fulda,031CO2GG3O00000GVS5489BTVUS470OH-G,9,3,1,0,2,2,7,-5,3,1.0,,fussball.de
1236,FSG Bettingen (9er),Rheinland,Kreis Eifel,6,Kreisklasse,Frauen-Kreisklasse 3 · Kreis Eifel,031GIKVLV8000006VS5489BTVVG7L386-G,5,3,1,0,2,7,13,-6,3,1.0,,fussball.de
1237,TuS Wörrstadt,,Deutschland,6,Regionalliga,Regionalliga Südwest,0312Q1GS9G000003VS5489BTVU7GTVLE-G,8,3,1,0,2,6,12,-6,3,1.0,,fussball.de
1238,DJK Schwarz-Weiß Wiesb.,Hessen,Region Wiesbaden,6,Gruppenliga,Frauen Gruppenliga Süd-West · Region Wiesbaden,031E2AVBQ4000002VS5489BUVUR5FS5A-G,8,3,1,0,2,5,11,-6,3,1.0,,fussball.de
1239,SG Kalübbe/Bosau/Sarau/Dersau II,Schleswig-Holstein,Kreis Kiel,6,Kreisliga,Frauen Kreisliga Mitte-Ost · Kreis Kiel,031JIUQGOG000005VS5489BTVSRD0UH9-G,6,3,1,0,2,5,11,-6,3,1.0,,fussball.de
1240,TSV Siems,Schleswig-Holstein,Kreis Lübeck,6,Kreisliga,Kreisliga Süd · Kreis Lübeck,031CHKPPM0000004VS5489BTVUS470OH-G,8,2,1,0,1,2,6,-4,2,1.0,,fussball.de
1241,TUS Tiste,Niedersachsen,Bezirk Lüneburg,6,Bezirksliga,Frauen Bezirksliga Lüneburg West,0316TCPT6K000006VS5489BTVU7GTVLE-G,9,3,1,0,2,3,9,-6,3,1.0,,fussball.de
1242,FSG Sohren II (9er),Rheinland,Kreis Eifel,6,Kreisklasse,Frauen-Kreisklasse 3 · Kreis Eifel,031GIKVLV8000006VS5489BTVVG7L386-G,6,3,1,0,2,9,16,-7,3,1.0,,fussball.de
1243,Eintracht Elbmarsch,Niedersachsen,Bezirk Lüneburg,6,Bezirksliga,Frauen Bezirksliga Lüneburg Ost,0316TCP0QO000006VS5489BTVU7GTVLE-G,9,3,1,0,2,6,13,-7,3,1.0,,fussball.de
1244,TuS Gahlen,Westfalen,Bezirk Westfalen,6,Bezirksliga,Frauen Bezirksliga Staffel 5 · Bezirk Westfalen,0314GV3H4S00000OVS5489BUVSBBVPEU-G,10,3,1,0,2,5,12,-7,3,1.0,,fussball.de
1245,SG Pilgerzell II / Bachrain I,Hessen,Region Fulda,6,Gruppenliga,Frauen Gruppenliga Nord-Ost · Region Fulda,031CO2GG3O00000GVS5489BTVUS470OH-G,6,4,1,1,2,5,15,-10,4,1.0,,fussball.de
1246,FC Stella Bevergern,Westfalen,Bezirk Westfalen,6,Bezirksliga,Frauen Bezirksliga Staffel 6 · Bezirk Westfalen,0314GV3HCK00000NVS5489BUVSBBVPEU-G,11,3,1,0,2,4,12,-8,3,1.0,,fussball.de
1247,FC Urbar,,Deutschland,6,Regionalliga,Regionalliga Südwest,0312Q1GS9G000003VS5489BTVU7GTVLE-G,9,3,1,0,2,4,12,-8,3,1.0,,fussball.de
1248,SG Dunum/Holtriem,Niedersachsen,Bezirk Weser-Ems,6,Bezirksliga,Frauen Bezirksliga Weser-Ems Nord,0313O7G2TC00000BVS5489BUVSBBVPEU-G,9,3,1,0,2,4,15,-11,3,1.0,,fussball.de
1249,Delbrücker SC II,Westfalen,Bezirk Westfalen,6,Bezirksliga,Frauen Bezirksliga Staffel 2 · Bezirk Westfalen,0314GV3G6S00000CVS5489BUVSBBVPEU-G,10,3,1,0,2,3,14,-11,3,1.0,,fussball.de
1250,Moisling.Berkenthin,Schleswig-Holstein,Kreis Lübeck,6,Kreisliga,Kreisliga Süd · Kreis Lübeck,031CHKPPM0000004VS5489BTVUS470OH-G,7,3,1,0,2,3,17,-14,3,1.0,,fussball.de
1251,SG Thedinghausen/Bierden,Niedersachsen,Bezirk Lüneburg,6,Bezirksliga,Frauen Bezirksliga Lüneburg West,0316TCPT6K000006VS5489BTVU7GTVLE-G,8,4,1,0,3,6,9,-3,3,0.75,,fussball.de
1252,SV Titania Erkenschwick,Westfalen,Bezirk Westfalen,6,Bezirksliga,Frauen Bezirksliga Staffel 5 · Bezirk Westfalen,0314GV3H4S00000OVS5489BUVSBBVPEU-G,11,3,0,2,1,3,4,-1,2,0.67,,fussball.de
1253,TuS Rotenhof,Schleswig-Holstein,Kreis Rendsburg-Eckernförde,6,Kreisliga,Kreisliga Nord-Ost RD-Eck · Kreis Rendsburg-Eckernförde,031JRC0OTC000004VS5489BTVSRD0UH9-G,6,3,0,2,1,5,8,-3,2,0.67,,fussball.de
1254,Herforder SV Bor. Friedens. II,Westfalen,Bezirk Westfalen,6,Bezirksliga,Frauen Bezirksliga Staffel 1 · Bezirk Westfalen,0314GV3FRK000010VS5489BUVSBBVPEU-G,10,3,0,2,1,4,7,-3,2,0.67,,fussball.de
1255,TSV Goddelsheim,Hessen,Region Kassel,6,Gruppenliga,Frauen Gruppenliga Nord · Region Kassel,031COEI21G000000VS5489BTVUS470OH-G,8,3,0,2,1,1,6,-5,2,0.67,,fussball.de
1256,FC Remblinghausen,Westfalen,Bezirk Westfalen,6,Bezirksliga,Frauen Bezirksliga Staffel 3 · Bezirk Westfalen,0314GV3GHC000013VS5489BUVSBBVPEU-G,11,3,0,2,1,4,10,-6,2,0.67,,fussball.de
1257,DJK GW Amelsbüren II,Westfalen,Bezirk Westfalen,6,Bezirksliga,Frauen Bezirksliga Staffel 4 · Bezirk Westfalen,0314GV3GS800000SVS5489BUVSBBVPEU-G,11,3,0,2,1,3,9,-6,2,0.67,,fussball.de
1258,Nordlichter im NSV 1.Fr.,Hamburg,Bezirksebene Hamburg,6,Bezirksliga,FBZL 01 · Bezirksebene Hamburg,0314CCB7IG000000VS5489BTVU7GTVLE-G,9,2,0,1,1,5,6,-1,1,0.5,,fussball.de
1259,Linner SV,Niederrhein,Bezirk Niederrhein,6,Bezirksliga,Bezirksliga Gruppe 2 · Bezirk Niederrhein,031EF19P7O00000FVS5489BUVUR5FS5A-G,9,2,0,1,1,3,4,-1,1,0.5,,fussball.de
1260,NTSV Strand 08,Schleswig-Holstein,Kreis Lübeck,6,Kreisliga,Kreisliga Süd · Kreis Lübeck,031CHKPPM0000004VS5489BTVUS470OH-G,9,2,0,1,1,3,4,-1,1,0.5,,fussball.de
1261,SV Johannstadt 90 2.,Sachsen,Kreis Sächs.Schweiz/Osterzgeb.,6,Kreisoberliga,Kreisoberliga · Kreis Sächs.Schweiz/Osterzgeb.,031LHJG0TG000004VS5489BUVVKNMR0J-G,7,2,0,1,1,3,5,-2,1,0.5,,fussball.de
1262,SC TuB Mussum,Niederrhein,Bezirk Niederrhein,6,Bezirksliga,Bezirksliga Gruppe 3 · Bezirk Niederrhein,031EF19PEK000007VS5489BUVUR5FS5A-G,11,2,0,1,1,1,3,-2,1,0.5,,fussball.de
1263,SG Grünstadt/Kerzenheim/Sausenheim 9er (flex),Südwest,Südwest,6,Bezirksliga (Verband),Frauen Bezirksliga Mitte · Südwest,031EV7TSU8000003VS5489BTVUS470OH-G,5,2,0,1,1,4,7,-3,1,0.5,,fussball.de
1264,TuS Saxonia Münster II,Westfalen,Bezirk Westfalen,6,Bezirksliga,Frauen Bezirksliga Staffel 4 · Bezirk Westfalen,0314GV3GS800000SVS5489BUVSBBVPEU-G,12,2,0,1,1,2,5,-3,1,0.5,,fussball.de
1265,Ballspielverein Wevelinghoven,Niederrhein,Bezirk Niederrhein,6,Bezirksliga,Bezirksliga Gruppe 2 · Bezirk Niederrhein,031EF19P7O00000FVS5489BUVUR5FS5A-G,10,2,0,1,1,1,4,-3,1,0.5,,fussball.de
1266,Glück-Auf Sterkrade,Niederrhein,Bezirk Niederrhein,6,Bezirksliga,Bezirksliga Gruppe 4 · Bezirk Niederrhein,031EF19PL800000DVS5489BUVUR5FS5A-G,8,2,0,1,1,1,4,-3,1,0.5,,fussball.de
1267,Rellinger FC 1.Fr.,Hamburg,Bezirksebene Hamburg,6,Bezirksliga,FBZL 01 · Bezirksebene Hamburg,0314CCB7IG000000VS5489BTVU7GTVLE-G,10,2,0,1,1,1,4,-3,1,0.5,,fussball.de
1268,VS Limbach 90 Birkenhain,Sachsen,Kreis Sächs.Schweiz/Osterzgeb.,6,Kreisoberliga,Kreisoberliga · Kreis Sächs.Schweiz/Osterzgeb.,031LHJG0TG000004VS5489BUVVKNMR0J-G,8,2,0,1,1,4,8,-4,1,0.5,,fussball.de
1269,TURA Brüggen,Niederrhein,Bezirk Niederrhein,6,Bezirksliga,Bezirksliga Gruppe 2 · Bezirk Niederrhein,031EF19P7O00000FVS5489BUVUR5FS5A-G,11,2,0,1,1,3,7,-4,1,0.5,,fussball.de
1270,DJK Rhenania VFS Kleve,Niederrhein,Bezirk Niederrhein,6,Bezirksliga,Bezirksliga Gruppe 3 · Bezirk Niederrhein,031EF19PEK000007VS5489BUVUR5FS5A-G,12,2,0,1,1,1,5,-4,1,0.5,,fussball.de
1271,Lichtenberg 47 II,Berlin,Bezirk Berlin,6,Bezirksliga,Frauen Bezirksliga St.1 · Bezirk Berlin,0317AJFCVG00000IVS5489BUVSBBVPEU-G,9,2,0,1,1,1,5,-4,1,0.5,,fussball.de
1272,TSG 2005 Bamberg,Bayern,Bezirk Oberfranken,6,Bezirksoberliga,Frauen BOL · Bezirk Oberfranken,031DRLDMBK000005VS5489BUVUR5FS5A-G,9,2,0,1,1,4,9,-5,1,0.5,,fussball.de
1273,ASV Bergedorf 85 1.Fr.,Hamburg,Bezirksebene Hamburg,6,Bezirksliga,FBZL 02 · Bezirksebene Hamburg,0314CCB7QC00000FVS5489BTVU7GTVLE-G,10,2,0,1,1,2,7,-5,1,0.5,,fussball.de
1274,Borussia Pankow II,Berlin,Bezirk Berlin,6,Bezirksliga,Frauen Bezirksliga St.1 · Bezirk Berlin,0317AJFCVG00000IVS5489BUVSBBVPEU-G,10,2,0,1,1,1,6,-5,1,0.5,,fussball.de
1275,SJC Hövelriege,Westfalen,Bezirk Westfalen,6,Bezirksliga,Frauen Bezirksliga Staffel 2 · Bezirk Westfalen,0314GV3G6S00000CVS5489BUVSBBVPEU-G,12,2,0,1,1,1,7,-6,1,0.5,,fussball.de
1276,Serkowitzer FSV 3,Sachsen,Kreis Dresden,6,Kreisoberliga,Stadtloberliga · Kreis Dresden,03171VKFFG000009VS5489BTVU7GTVLE-G,7,2,0,1,1,1,7,-6,1,0.5,,fussball.de
1277,VfL Nußbaum,Südwest,Südwest,6,Bezirksliga (Verband),Frauen Bezirksliga West · Südwest,031DELDGM4000003VS5489BUVUR5FS5A-G,6,2,0,1,1,1,7,-6,1,0.5,,fussball.de
1278,SV Wanne 1911,Westfalen,Bezirk Westfalen,6,Bezirksliga,Frauen Bezirksliga Staffel 5 · Bezirk Westfalen,0314GV3H4S00000OVS5489BUVSBBVPEU-G,12,3,0,1,2,4,6,-2,1,0.33,,fussball.de
1279,TSV Mardorf,Hessen,Region Kassel,6,Gruppenliga,Frauen Gruppenliga Nord · Region Kassel,031COEI21G000000VS5489BTVUS470OH-G,9,3,0,1,2,4,6,-2,1,0.33,,fussball.de
1280,TuS Bremen,Westfalen,Bezirk Westfalen,6,Bezirksliga,Frauen Bezirksliga Staffel 2 · Bezirk Westfalen,0314GV3G6S00000CVS5489BUVSBBVPEU-G,11,3,0,1,2,4,6,-2,1,0.33,,fussball.de
1281,SV Hage 1. Damen,Niedersachsen,Bezirk Weser-Ems,6,Bezirksliga,Frauen Bezirksliga Weser-Ems Nord,0313O7G2TC00000BVS5489BUVSBBVPEU-G,10,3,0,1,2,3,5,-2,1,0.33,,fussball.de
1282,TSV Fischerhude-Quelkhorn,Niedersachsen,Bezirk Lüneburg,6,Bezirksliga,Frauen Bezirksliga Lüneburg West,0316TCPT6K000006VS5489BTVU7GTVLE-G,10,3,0,1,2,3,5,-2,1,0.33,,fussball.de
1283,DJK Eintr. Coesfeld,Westfalen,Bezirk Westfalen,6,Bezirksliga,Frauen Bezirksliga Staffel 6 · Bezirk Westfalen,0314GV3HCK00000NVS5489BUVSBBVPEU-G,12,3,0,1,2,6,9,-3,1,0.33,,fussball.de
1284,SV Eintracht Oldenburg,Niedersachsen,Bezirk Weser-Ems,6,Bezirksliga,Frauen Bezirksliga Weser-Ems Mitte,0313O7G2CO000009VS5489BUVSBBVPEU-G,10,3,0,1,2,4,7,-3,1,0.33,,fussball.de
1285,FC Oppenwehe,Westfalen,Bezirk Westfalen,6,Bezirksliga,Frauen Bezirksliga Staffel 1 · Bezirk Westfalen,0314GV3FRK000010VS5489BUVSBBVPEU-G,11,3,0,1,2,2,5,-3,1,0.33,,fussball.de
1286,SV Rot-Weiß Lage I,Niedersachsen,Bezirk Weser-Ems,6,Bezirksliga,Frauen Bezirksliga Weser-Ems Süd,0313O7G2LS00000BVS5489BUVSBBVPEU-G,7,3,0,1,2,9,13,-4,1,0.33,,fussball.de
1287,TSV Bargteheide,Schleswig-Holstein,Kreis Lübeck,6,Kreisliga,Kreisliga Süd · Kreis Lübeck,031CHKPPM0000004VS5489BTVUS470OH-G,10,3,0,1,2,5,9,-4,1,0.33,,fussball.de
1288,FSG Niedergrafschaft II,Niedersachsen,Bezirk Weser-Ems,6,Bezirksliga,Frauen Bezirksliga Weser-Ems Süd,0313O7G2LS00000BVS5489BUVSBBVPEU-G,8,3,0,1,2,3,9,-6,1,0.33,,fussball.de
1289,DJK Spvgg. Herten II,Westfalen,Bezirk Westfalen,6,Bezirksliga,Frauen Bezirksliga Staffel 5 · Bezirk Westfalen,0314GV3H4S00000OVS5489BUVSBBVPEU-G,13,3,0,1,2,2,8,-6,1,0.33,,fussball.de
1290,SV 1895 Neuhof,Hessen,Region Wiesbaden,6,Gruppenliga,Frauen Gruppenliga Süd-West · Region Wiesbaden,031E2AVBQ4000002VS5489BUVUR5FS5A-G,9,3,0,1,2,3,10,-7,1,0.33,,fussball.de
1291,SV Lippstadt 08,Westfalen,Bezirk Westfalen,6,Bezirksliga,Frauen Bezirksliga Staffel 2 · Bezirk Westfalen,0314GV3G6S00000CVS5489BUVSBBVPEU-G,13,3,0,1,2,2,10,-8,1,0.33,,fussball.de
1292,FC Ostwig-Nuttlar,Westfalen,Bezirk Westfalen,6,Bezirksliga,Frauen Bezirksliga Staffel 3 · Bezirk Westfalen,0314GV3GHC000013VS5489BUVSBBVPEU-G,12,3,0,1,2,8,17,-9,1,0.33,,fussball.de
1293,TSV Abbehausen,Niedersachsen,Bezirk Weser-Ems,6,Bezirksliga,Frauen Bezirksliga Weser-Ems Mitte,0313O7G2CO000009VS5489BUVSBBVPEU-G,11,3,0,1,2,4,13,-9,1,0.33,,fussball.de
1294,TSV Metze,Hessen,Region Kassel,6,Gruppenliga,Frauen Gruppenliga Nord · Region Kassel,031COEI21G000000VS5489BTVUS470OH-G,10,4,0,1,3,5,8,-3,1,0.25,,fussball.de
1295,1. FC Donzdorf II,Württemberg,Württemberg,6,Regionenliga,Regionenliga 3 · Württemberg,031E2OTJUO000009VS5489BUVUR5FS5A-G,1,0,0,0,0,0,0,0,0,0.0,,fussball.de
1296,1. FC Heidenheim 1846 II,Württemberg,Württemberg,6,Regionenliga,Regionenliga 2 · Württemberg,031E2OTJNK00000DVS5489BUVUR5FS5A-G,1,0,0,0,0,0,0,0,0,0.0,,fussball.de
1297,1. FC Passau,Bayern,Bezirk Niederbayern,6,Bezirksoberliga,Frauen BOL · Bezirk Niederbayern,0318D4JS3K00000AVS5489BUVSBBVPEU-G,1,0,0,0,0,0,0,0,0,0.0,,fussball.de
1298,1. FC Schweinfurt,Bayern,Bezirk Unterfranken,6,Bezirksoberliga,Frauen BOL · Bezirk Unterfranken,0319679CPO000057VS5489BTVSK8S3O6-G,1,0,0,0,0,0,0,0,0,0.0,,fussball.de
1299,1. FSV Köln 1,Mittelrhein,Bezirk Mittelrhein,6,Bezirksliga,"Frauen-Bezirksliga, Staffel 1 · Bezirk Mittelrhein",031DHCTJIS000006VS5489BUVUR5FS5A-G,1,0,0,0,0,0,0,0,0,0.0,,fussball.de
1300,1. Göppinger SV,Württemberg,Württemberg,6,Regionenliga,Regionenliga 3 · Württemberg,031E2OTJUO000009VS5489BUVUR5FS5A-G,2,0,0,0,0,0,0,0,0,0.0,,fussball.de
1301,1. Kickerverein Regen,Bayern,Bezirk Niederbayern,6,Bezirksoberliga,Frauen BOL · Bezirk Niederbayern,0318D4JS3K00000AVS5489BUVSBBVPEU-G,2,0,0,0,0,0,0,0,0,0.0,,fussball.de
1302,1.FC Normannia Gmünd,Württemberg,Württemberg,6,Regionenliga,Regionenliga 2 · Württemberg,031E2OTJNK00000DVS5489BUVUR5FS5A-G,2,0,0,0,0,0,0,0,0,0.0,,fussball.de
1303,1.SV Mörsch,Südbaden,Bezirk Baden-Baden,6,Bezirksliga,Bezirksliga Frauen · Bezirk Baden-Baden,031D6VSN08000003VS5489BTVUS470OH-G,1,0,0,0,0,0,0,0,0,0.0,,fussball.de
1304,BSG ScanHaus Marlow/SG Wöpkendorf,Mecklenburg-Vorpommern,Kreis Warnow,6,Kreisliga,KL Frauen Warnow,031AHIHGPO00000AVS5489BUVV628VP4-G,1,0,0,0,0,0,0,0,0,0.0,,fussball.de
1305,Bröltaler SC,Mittelrhein,Bezirk Mittelrhein,6,Bezirksliga,"Frauen-Bezirksliga, Staffel 1 · Bezirk Mittelrhein",031DHCTJIS000006VS5489BUVUR5FS5A-G,2,0,0,0,0,0,0,0,0,0.0,,fussball.de
1306,Buchholzer FC zg.,Niedersachsen,Bezirk Lüneburg,6,Bezirksliga,Frauen Bezirksliga Lüneburg Ost,0316TCP0QO000006VS5489BTVU7GTVLE-G,10,0,0,0,0,0,0,0,0,0.0,,fussball.de
1307,Burtscheider TV 2,Mittelrhein,Bezirk Mittelrhein,6,Bezirksliga,"Frauen-Bezirksliga, Staffel 3 · Bezirk Mittelrhein",031DHCTJV0000004VS5489BUVUR5FS5A-G,1,0,0,0,0,0,0,0,0,0.0,,fussball.de
1308,DJK EUFootball Flensburg II,Schleswig-Holstein,Kreis Schleswig-Flensburg,6,Kreisliga,Frauen Kreisliga Nord · Kreis Schleswig-Flensburg,031JUIT5PG000004VS5489BUVVKNMR0J-G,6,0,0,0,0,0,0,0,0,0.0,,fussball.de
1309,DJK St. Matthias Trier (9er),Rheinland,Kreis Trier/Saarburg,6,Kreisklasse,Frauen-Kreisklasse 4 · Kreis Trier/Saarburg,031GILDB80000007VS5489BTVVG7L386-G,6,0,0,0,0,0,0,0,0,0.0,,fussball.de
1310,DJK Stadelschwarzach,Bayern,Bezirk Unterfranken,6,Bezirksoberliga,Frauen BOL · Bezirk Unterfranken,0319679CPO000057VS5489BTVSK8S3O6-G,2,0,0,0,0,0,0,0,0,0.0,,fussball.de
1311,DJK Südwest Köln 2,Mittelrhein,Bezirk Mittelrhein,6,Bezirksliga,"Frauen-Bezirksliga, Staffel 2 · Bezirk Mittelrhein",031DHCTJQ0000006VS5489BUVUR5FS5A-G,1,0,0,0,0,0,0,0,0,0.0,,fussball.de
1312,ESV Olympia Köln,Mittelrhein,Bezirk Mittelrhein,6,Bezirksliga,"Frauen-Bezirksliga, Staffel 1 · Bezirk Mittelrhein",031DHCTJIS000006VS5489BUVUR5FS5A-G,3,0,0,0,0,0,0,0,0,0.0,,fussball.de
1313,Eintracht Duisburg zg.,Niederrhein,Bezirk Niederrhein,6,Bezirksliga,Bezirksliga Gruppe 4 · Bezirk Niederrhein,031EF19PL800000DVS5489BUVUR5FS5A-G,9,0,0,0,0,0,0,0,0,0.0,,fussball.de
1314,FC 1927 Oberau,Bayern,Bezirk Oberbayern,6,Bezirksoberliga,Frauen BOL · Bezirk Oberbayern,031EVJ7C48000006VS5489BUVUR5FS5A-G,1,0,0,0,0,0,0,0,0,0.0,,fussball.de
1315,FC Adler 1911 Meindorf zg.,Mittelrhein,Bezirk Mittelrhein,6,Bezirksliga,"Frauen-Bezirksliga, Staffel 1 · Bezirk Mittelrhein",031DHCTJIS000006VS5489BUVUR5FS5A-G,4,0,0,0,0,0,0,0,0,0.0,,fussball.de
1316,FC Alburg,Bayern,Bezirk Niederbayern,6,Bezirksoberliga,Frauen BOL · Bezirk Niederbayern,0318D4JS3K00000AVS5489BUVSBBVPEU-G,3,0,0,0,0,0,0,0,0,0.0,,fussball.de
1317,FC Bernau,Südbaden,Bezirk Hochrhein,6,Bezirksliga,Frauen Bezirksliga West · Bezirk Hochrhein,031LQS1L14000005VS5489BTVSRD0UH9-G,1,0,0,0,0,0,0,0,0,0.0,,fussball.de
1318,FC Blau-Weiß Bellamont II,Württemberg,Württemberg,6,Regionenliga,Regionenliga 6 · Württemberg,031E2OTKIO000008VS5489BUVUR5FS5A-G,1,0,0,0,0,0,0,0,0,0.0,,fussball.de
1319,FC Dachsberg (7er),Südbaden,Bezirk Hochrhein,6,Bezirksliga,Frauen Bezirksliga Ost · Bezirk Hochrhein,031LQS1L5K000005VS5489BTVSRD0UH9-G,1,0,0,0,0,0,0,0,0,0.0,,fussball.de
1320,FC Ellwangen,Württemberg,Württemberg,6,Regionenliga,Regionenliga 2 · Württemberg,031E2OTJNK00000DVS5489BUVUR5FS5A-G,3,0,0,0,0,0,0,0,0,0.0,,fussball.de
1321,FC Ergolding,Bayern,Bezirk Niederbayern,6,Bezirksoberliga,Frauen BOL · Bezirk Niederbayern,0318D4JS3K00000AVS5489BUVSBBVPEU-G,4,0,0,0,0,0,0,0,0,0.0,,fussball.de
1322,FC Eschweiler 2020 Damen,Mittelrhein,Bezirk Mittelrhein,6,Bezirksliga,"Frauen-Bezirksliga, Staffel 3 · Bezirk Mittelrhein",031DHCTJV0000004VS5489BUVUR5FS5A-G,2,0,0,0,0,0,0,0,0,0.0,,fussball.de
1323,FC Forstern II,Bayern,Bezirk Oberbayern,6,Bezirksoberliga,Frauen BOL · Bezirk Oberbayern,031EVJ7C48000006VS5489BUVUR5FS5A-G,2,0,0,0,0,0,0,0,0,0.0,,fussball.de
1324,FC Freiburg-St. Georgen 2,Südbaden,Bezirk Freiburg,6,Bezirksliga,Frauen Bezirksliga · Bezirk Freiburg,031GV5FSUS000000VS5489BUVSJ4CRAP-G,1,0,0,0,0,0,0,0,0,0.0,,fussball.de
1325,FC Gollhofen,Bayern,Bezirk Unterfranken,6,Bezirksoberliga,Frauen BOL · Bezirk Unterfranken,0319679CPO000057VS5489BTVSK8S3O6-G,3,0,0,0,0,0,0,0,0,0.0,,fussball.de
1326,FC Hilzingen,Südbaden,Bezirk Bodensee,6,Bezirksliga,Frauen Bezirksliga Bodensee,0319TNMOVK00000DVS5489BUVV628VP4-G,1,0,0,0,0,0,0,0,0,0.0,,fussball.de
1327,FC Langengeisling,Bayern,Bezirk Oberbayern,6,Bezirksoberliga,Frauen BOL · Bezirk Oberbayern,031EVJ7C48000006VS5489BUVUR5FS5A-G,3,0,0,0,0,0,0,0,0,0.0,,fussball.de
1328,FC Markt Schwaben,Bayern,Bezirk Oberbayern,6,Bezirksoberliga,Frauen BOL · Bezirk Oberbayern,031EVJ7C48000006VS5489BUVUR5FS5A-G,4,0,0,0,0,0,0,0,0,0.0,,fussball.de
1329,FC Pech,Mittelrhein,Bezirk Mittelrhein,6,Bezirksliga,"Frauen-Bezirksliga, Staffel 2 · Bezirk Mittelrhein",031DHCTJQ0000006VS5489BUVUR5FS5A-G,2,0,0,0,0,0,0,0,0,0.0,,fussball.de
1330,FC Rot-Weiß Nennhausen,Brandenburg,Kreis Havelland,6,Kreisliga,Kreisliga Frauen (Kerstin Grothe-Benkenstein) · Kreis Havelland,031HTI8PTO000004VS5489BTVSRD0UH9-G,5,0,0,0,0,0,0,0,0,0.0,,fussball.de
1331,FC Scheidegg,Württemberg,Württemberg,6,Regionenliga,Regionenliga 6 · Württemberg,031E2OTKIO000008VS5489BUVUR5FS5A-G,2,0,0,0,0,0,0,0,0,0.0,,fussball.de
1332,FC Schönau,Südbaden,Bezirk Hochrhein,6,Bezirksliga,Frauen Bezirksliga Hochrhein,031LQS1KR4000006VS5489BTVSRD0UH9-G,1,0,0,0,0,0,0,0,0,0.0,,fussball.de
1333,FC Stern München II,Bayern,Bezirk Oberbayern,6,Bezirksoberliga,Frauen BOL · Bezirk Oberbayern,031EVJ7C48000006VS5489BUVUR5FS5A-G,5,0,0,0,0,0,0,0,0,0.0,,fussball.de
1334,FC Weisweil,Südbaden,Bezirk Freiburg,6,Bezirksliga,Frauen Bezirksliga · Bezirk Freiburg,031GV5FSUS000000VS5489BUVSJ4CRAP-G,2,0,0,0,0,0,0,0,0,0.0,,fussball.de
1335,FC Weizen,Südbaden,Bezirk Hochrhein,6,Bezirksliga,Frauen Bezirksliga Hochrhein,031LQS1KR4000006VS5489BTVSRD0UH9-G,2,0,0,0,0,0,0,0,0,0.0,,fussball.de
1336,FC Wittlingen 2,Südbaden,Bezirk Hochrhein,6,Bezirksliga,Frauen Bezirksliga Hochrhein,031LQS1KR4000006VS5489BTVSRD0UH9-G,3,0,0,0,0,0,0,0,0,0.0,,fussball.de
1337,FC Würzburger Kickers 2,Bayern,Bezirk Unterfranken,6,Bezirksoberliga,Frauen BOL · Bezirk Unterfranken,0319679CPO000057VS5489BTVSK8S3O6-G,4,0,0,0,0,0,0,0,0,0.0,,fussball.de
1338,FC Überlingen,Südbaden,Bezirk Bodensee,6,Bezirksliga,Frauen Bezirksliga Bodensee,0319TNMOVK00000DVS5489BUVV628VP4-G,2,0,0,0,0,0,0,0,0,0.0,,fussball.de
1339,FC07 Furtwangen,Südbaden,Bezirk Schwarzwald,6,Bezirksliga,Frauen Bezirksliga · Bezirk Schwarzwald,031I7GF1OG000004VS5489BUVVKNMR0J-G,1,0,0,0,0,0,0,0,0,0.0,,fussball.de
1340,FFC 07 Bad Aibling 1,Bayern,Bezirk Oberbayern,6,Bezirksoberliga,Frauen BOL · Bezirk Oberbayern,031EVJ7C48000006VS5489BUVUR5FS5A-G,6,0,0,0,0,0,0,0,0,0.0,,fussball.de
1341,FFC Adelsberg-Karsbach,Bayern,Bezirk Unterfranken,6,Bezirksoberliga,Frauen BOL · Bezirk Unterfranken,0319679CPO000057VS5489BTVSK8S3O6-G,5,0,0,0,0,0,0,0,0,0.0,,fussball.de
1342,FSV 08 Bietigheim-Bissingen,Württemberg,Württemberg,6,Regionenliga,Regionenliga 1 · Württemberg,031E2OTJEK00000EVS5489BUVUR5FS5A-G,1,0,0,0,0,0,0,0,0,0.0,,fussball.de
1343,FSV 1950 Wachow/Tremmen Frauen,Brandenburg,Kreis Havelland,6,Kreisliga,Kreisliga Frauen (Kerstin Grothe-Benkenstein) · Kreis Havelland,031HTI8PTO000004VS5489BTVSRD0UH9-G,6,0,0,0,0,0,0,0,0,0.0,,fussball.de
1344,FSV Rühn,Mecklenburg-Vorpommern,Kreis Warnow,6,Kreisliga,KL Frauen Warnow,031AHIHGPO00000AVS5489BUVV628VP4-G,2,0,0,0,0,0,0,0,0,0.0,,fussball.de
1345,FV Baden-Oos,Südbaden,Bezirk Baden-Baden,6,Bezirksliga,Bezirksliga Frauen · Bezirk Baden-Baden,031D6VSN08000003VS5489BTVUS470OH-G,2,0,0,0,0,0,0,0,0,0.0,,fussball.de
1346,FV Fahrnau,Südbaden,Bezirk Hochrhein,6,Bezirksliga,Frauen Bezirksliga West · Bezirk Hochrhein,031LQS1L14000005VS5489BTVSRD0UH9-G,2,0,0,0,0,0,0,0,0,0.0,,fussball.de
1347,FV Hochburg Windenreute,Südbaden,Bezirk Freiburg,6,Bezirksliga,Frauen Bezirksliga · Bezirk Freiburg,031GV5FSUS000000VS5489BUVSJ4CRAP-G,3,0,0,0,0,0,0,0,0,0.0,,fussball.de
1348,FV Muggensturm,Südbaden,Bezirk Baden-Baden,6,Bezirksliga,Bezirksliga Frauen · Bezirk Baden-Baden,031D6VSN08000003VS5489BTVUS470OH-G,3,0,0,0,0,0,0,0,0,0.0,,fussball.de
1349,FV Tumringen,Südbaden,Bezirk Hochrhein,6,Bezirksliga,Frauen Bezirksliga West · Bezirk Hochrhein,031LQS1L14000005VS5489BTVSRD0UH9-G,3,0,0,0,0,0,0,0,0,0.0,,fussball.de
1350,FVgg Kickers Aschaffenburg,Bayern,Bezirk Unterfranken,6,Bezirksoberliga,Frauen BOL · Bezirk Unterfranken,0319679CPO000057VS5489BTVSK8S3O6-G,6,0,0,0,0,0,0,0,0,0.0,,fussball.de
1351,Heider SV,Schleswig-Holstein,Kreis Westküste,6,Kreisliga,Staffel 4 West (WK) · Kreis Westküste,031KUBKDGG000004VS5489BUVVKNMR0J-G,3,0,0,0,0,0,0,0,0,0.0,,fussball.de
1352,Heideseer SV,Brandenburg,Kreis Dahme/Fläming,6,Kreisliga,Kreisliga · Kreis Dahme/Fläming,031CGDDNC800000JVS5489BUVUR5FS5A-G,4,0,0,0,0,0,0,0,0,0.0,,fussball.de
1353,Hellas FC Köln,Mittelrhein,Bezirk Mittelrhein,6,Bezirksliga,"Frauen-Bezirksliga, Staffel 2 · Bezirk Mittelrhein",031DHCTJQ0000006VS5489BUVUR5FS5A-G,3,0,0,0,0,0,0,0,0,0.0,,fussball.de
1354,Internationaler FC Rostock,Mecklenburg-Vorpommern,Kreis Warnow,6,Kreisliga,KL Frauen Warnow,031AHIHGPO00000AVS5489BUVV628VP4-G,3,0,0,0,0,0,0,0,0,0.0,,fussball.de
1355,Kohlscheider BC,Mittelrhein,Bezirk Mittelrhein,6,Bezirksliga,"Frauen-Bezirksliga, Staffel 3 · Bezirk Mittelrhein",031DHCTJV0000004VS5489BUVUR5FS5A-G,3,0,0,0,0,0,0,0,0,0.0,,fussball.de
1356,MSV 1919 Neuruppin,Brandenburg,Kreis Oberhavel/Barnim,6,Kreisliga,Kreisliga Frauen · Kreis Oberhavel/Barnim,03142N5IIC00000CVS5489BUVSBBVPEU-G,6,0,0,0,0,0,0,0,0,0.0,,fussball.de
1357,PSV Flensburg,Schleswig-Holstein,Kreis Schleswig-Flensburg,6,Kreisliga,Frauen Kreisliga Nord · Kreis Schleswig-Flensburg,031JUIT5PG000004VS5489BUVVKNMR0J-G,7,0,0,0,0,0,0,0,0,0.0,,fussball.de
1358,PSV Rostock,Mecklenburg-Vorpommern,Kreis Warnow,6,Kreisliga,KL Frauen Warnow,031AHIHGPO00000AVS5489BUVV628VP4-G,4,0,0,0,0,0,0,0,0,0.0,,fussball.de
1359,RW Lessenich,Mittelrhein,Bezirk Mittelrhein,6,Bezirksliga,"Frauen-Bezirksliga, Staffel 2 · Bezirk Mittelrhein",031DHCTJQ0000006VS5489BUVUR5FS5A-G,4,0,0,0,0,0,0,0,0,0.0,,fussball.de
1360,SB Asperg,Württemberg,Württemberg,6,Regionenliga,Regionenliga 1 · Württemberg,031E2OTJEK00000EVS5489BUVUR5FS5A-G,2,0,0,0,0,0,0,0,0,0.0,,fussball.de
1361,SC 09 Erkelenz,Mittelrhein,Bezirk Mittelrhein,6,Bezirksliga,"Frauen-Bezirksliga, Staffel 3 · Bezirk Mittelrhein",031DHCTJV0000004VS5489BUVUR5FS5A-G,4,0,0,0,0,0,0,0,0,0.0,,fussball.de
1362,SC 27 Bergisch Gladbach,Mittelrhein,Bezirk Mittelrhein,6,Bezirksliga,"Frauen-Bezirksliga, Staffel 1 · Bezirk Mittelrhein",031DHCTJIS000006VS5489BUVUR5FS5A-G,5,0,0,0,0,0,0,0,0,0.0,,fussball.de
1363,SC Alemannia Straß 2,Mittelrhein,Bezirk Mittelrhein,6,Bezirksliga,"Frauen-Bezirksliga, Staffel 3 · Bezirk Mittelrhein",031DHCTJV0000004VS5489BUVUR5FS5A-G,5,0,0,0,0,0,0,0,0,0.0,,fussball.de
1364,SC Aufhausen,Bayern,Bezirk Niederbayern,6,Bezirksoberliga,Frauen BOL · Bezirk Niederbayern,0318D4JS3K00000AVS5489BUVSBBVPEU-G,5,0,0,0,0,0,0,0,0,0.0,,fussball.de
1365,SC DHfK Leipzig,Sachsen,Kreis Leipzig,6,Kreisoberliga,Stadtklasse Frauen · Kreis Leipzig,031JVGRBCK000004VS5489BTVSRD0UH9-G,7,0,0,0,0,0,0,0,0,0.0,,fussball.de
1366,SC Eichstetten,Südbaden,Bezirk Freiburg,6,Bezirksliga,Frauen Bezirksliga · Bezirk Freiburg,031GV5FSUS000000VS5489BUVSJ4CRAP-G,4,0,0,0,0,0,0,0,0,0.0,,fussball.de
1367,SC Friesheim,Mittelrhein,Bezirk Mittelrhein,6,Bezirksliga,"Frauen-Bezirksliga, Staffel 3 · Bezirk Mittelrhein",031DHCTJV0000004VS5489BUVUR5FS5A-G,6,0,0,0,0,0,0,0,0,0.0,,fussball.de
1368,SC Glessen,Mittelrhein,Bezirk Mittelrhein,6,Bezirksliga,"Frauen-Bezirksliga, Staffel 2 · Bezirk Mittelrhein",031DHCTJQ0000006VS5489BUVUR5FS5A-G,5,0,0,0,0,0,0,0,0,0.0,,fussball.de
1369,SC Kirchdorf,Bayern,Bezirk Niederbayern,6,Bezirksoberliga,Frauen BOL · Bezirk Niederbayern,0318D4JS3K00000AVS5489BUVSBBVPEU-G,6,0,0,0,0,0,0,0,0,0.0,,fussball.de
1370,SC Konstanz-Wollmatingen 2,Südbaden,Bezirk Bodensee,6,Bezirksliga,Frauen Bezirksliga Bodensee,0319TNMOVK00000DVS5489BUVV628VP4-G,3,0,0,0,0,0,0,0,0,0.0,,fussball.de
1371,SC Minseln,Südbaden,Bezirk Hochrhein,6,Bezirksliga,Frauen Bezirksliga West · Bezirk Hochrhein,031LQS1L14000005VS5489BTVSRD0UH9-G,4,0,0,0,0,0,0,0,0,0.0,,fussball.de
1372,SC Niederhof/Binzgen 2,Südbaden,Bezirk Hochrhein,6,Bezirksliga,Frauen Bezirksliga West · Bezirk Hochrhein,031LQS1L14000005VS5489BTVSRD0UH9-G,5,0,0,0,0,0,0,0,0,0.0,,fussball.de
1373,SC Uckerath,Mittelrhein,Bezirk Mittelrhein,6,Bezirksliga,"Frauen-Bezirksliga, Staffel 1 · Bezirk Mittelrhein",031DHCTJIS000006VS5489BUVUR5FS5A-G,6,0,0,0,0,0,0,0,0,0.0,,fussball.de
1374,SC West Köln 1900/11 e.V.,Mittelrhein,Bezirk Mittelrhein,6,Bezirksliga,"Frauen-Bezirksliga, Staffel 2 · Bezirk Mittelrhein",031DHCTJQ0000006VS5489BUVUR5FS5A-G,6,0,0,0,0,0,0,0,0,0.0,,fussball.de
1375,SC Wißkirchen,Mittelrhein,Bezirk Mittelrhein,6,Bezirksliga,"Frauen-Bezirksliga, Staffel 2 · Bezirk Mittelrhein",031DHCTJQ0000006VS5489BUVUR5FS5A-G,7,0,0,0,0,0,0,0,0,0.0,,fussball.de
1376,SF Schliengen,Südbaden,Bezirk Hochrhein,6,Bezirksliga,Frauen Bezirksliga Hochrhein,031LQS1KR4000006VS5489BTVSRD0UH9-G,4,0,0,0,0,0,0,0,0,0.0,,fussball.de
1377,SG Aach-Linz/Denkingen 2,Südbaden,Bezirk Bodensee,6,Bezirksliga,Frauen Bezirksliga Bodensee,0319TNMOVK00000DVS5489BUVV628VP4-G,4,0,0,0,0,0,0,0,0,0.0,,fussball.de
1378,SG BW Schwege / SV Bad Laer,Niedersachsen,Bezirk Weser-Ems,6,Bezirksliga,Frauen Bezirksliga Weser-Ems Süd,0313O7G2LS00000BVS5489BUVSBBVPEU-G,9,0,0,0,0,0,0,0,0,0.0,,fussball.de
1379,SG Bräunlingen/Pfohren,Südbaden,Bezirk Schwarzwald,6,Bezirksliga,Frauen Bezirksliga · Bezirk Schwarzwald,031I7GF1OG000004VS5489BUVVKNMR0J-G,2,0,0,0,0,0,0,0,0,0.0,,fussball.de
1380,SG Dettighofen-Lottstetten,Südbaden,Bezirk Hochrhein,6,Bezirksliga,Frauen Bezirksliga Ost · Bezirk Hochrhein,031LQS1L5K000005VS5489BTVSRD0UH9-G,2,0,0,0,0,0,0,0,0,0.0,,fussball.de
1381,SG ESV/PSV Freiburg 2,Südbaden,Bezirk Freiburg,6,Bezirksliga,Frauen Bezirksliga · Bezirk Freiburg,031GV5FSUS000000VS5489BUVSJ4CRAP-G,5,0,0,0,0,0,0,0,0,0.0,,fussball.de
1382,SG Ebnet-Kappel 2,Südbaden,Bezirk Freiburg,6,Bezirksliga,Frauen Bezirksliga · Bezirk Freiburg,031GV5FSUS000000VS5489BUVSJ4CRAP-G,6,0,0,0,0,0,0,0,0,0.0,,fussball.de
1383,SG Eggebek / BoGa,Schleswig-Holstein,Kreis Schleswig-Flensburg,6,Kreisliga,Frauen Kreisliga Nord · Kreis Schleswig-Flensburg,031JUIT5PG000004VS5489BUVVKNMR0J-G,8,0,0,0,0,0,0,0,0,0.0,,fussball.de
1384,SG Eider 06,Schleswig-Holstein,Kreis Westküste,6,Kreisliga,Staffel 4 West (WK) · Kreis Westküste,031KUBKDGG000004VS5489BUVVKNMR0J-G,4,0,0,0,0,0,0,0,0,0.0,,fussball.de
1385,SG Empor Richtenberg,Mecklenburg-Vorpommern,Kreis Warnow,6,Kreisliga,KL Frauen Warnow,031AHIHGPO00000AVS5489BUVV628VP4-G,5,0,0,0,0,0,0,0,0,0.0,,fussball.de
1386,SG FFV Fortuna Göcklingen II / FC Insheim II /9er,Südwest,Südwest,6,Bezirksliga (Verband),Frauen Bezirksliga Süd · Südwest,031CHR0AM0000004VS5489BTVUS470OH-G,2,0,0,0,0,0,0,0,0,0.0,,fussball.de
1387,SG Gengenbach/Zell/Fischerbach 2,Südbaden,Bezirk Offenburg,6,Bezirksliga,Frauen Bezirksliga · Bezirk Offenburg,031DQNQB5K000005VS5489BUVUR5FS5A-G,1,0,0,0,0,0,0,0,0,0.0,,fussball.de
1388,SG Hausen-Hauingen-Nollingen 2,Südbaden,Bezirk Hochrhein,6,Bezirksliga,Frauen Bezirksliga Hochrhein,031LQS1KR4000006VS5489BTVSRD0UH9-G,5,0,0,0,0,0,0,0,0,0.0,,fussball.de
1389,SG Hochschwarzwald,Südbaden,Bezirk Schwarzwald,6,Bezirksliga,Frauen Bezirksliga · Bezirk Schwarzwald,031I7GF1OG000004VS5489BUVVKNMR0J-G,3,0,0,0,0,0,0,0,0,0.0,,fussball.de
1390,SG Hotzenwald,Südbaden,Bezirk Hochrhein,6,Bezirksliga,Frauen Bezirksliga Hochrhein,031LQS1KR4000006VS5489BTVSRD0UH9-G,6,0,0,0,0,0,0,0,0,0.0,,fussball.de
1391,SG Kirchen-Hausen,Südbaden,Bezirk Schwarzwald,6,Bezirksliga,Frauen Bezirksliga · Bezirk Schwarzwald,031I7GF1OG000004VS5489BUVVKNMR0J-G,4,0,0,0,0,0,0,0,0,0.0,,fussball.de
1392,SG Lohne/Wietmarschen,Niedersachsen,Bezirk Weser-Ems,6,Bezirksliga,Frauen Bezirksliga Weser-Ems Süd,0313O7G2LS00000BVS5489BUVSBBVPEU-G,10,0,0,0,0,0,0,0,0,0.0,,fussball.de
1393,SG MaFriKa 2,Südbaden,Bezirk Offenburg,6,Bezirksliga,Frauen Bezirksliga · Bezirk Offenburg,031DQNQB5K000005VS5489BUVUR5FS5A-G,2,0,0,0,0,0,0,0,0,0.0,,fussball.de
1394,SG Neuried Niederschopfheim,Südbaden,Bezirk Offenburg,6,Bezirksliga,Frauen Bezirksliga · Bezirk Offenburg,031DQNQB5K000005VS5489BUVUR5FS5A-G,3,0,0,0,0,0,0,0,0,0.0,,fussball.de
1395,SG Niedereschach/Kappel,Südbaden,Bezirk Schwarzwald,6,Bezirksliga,Frauen Bezirksliga · Bezirk Schwarzwald,031I7GF1OG000004VS5489BUVVKNMR0J-G,5,0,0,0,0,0,0,0,0,0.0,,fussball.de
1396,SG No. Radolfz./Öhning.-Gai./Bankh.-Moos,Südbaden,Bezirk Bodensee,6,Bezirksliga,Frauen Bezirksliga Bodensee,0319TNMOVK00000DVS5489BUVV628VP4-G,5,0,0,0,0,0,0,0,0,0.0,,fussball.de
1397,SG Nordweil/Wagenstadt,Südbaden,Bezirk Freiburg,6,Bezirksliga,Frauen Bezirksliga · Bezirk Freiburg,031GV5FSUS000000VS5489BUVSJ4CRAP-G,7,0,0,0,0,0,0,0,0,0.0,,fussball.de
1398,SG Oberachern/Fautenbach,Südbaden,Bezirk Baden-Baden,6,Bezirksliga,Bezirksliga Frauen · Bezirk Baden-Baden,031D6VSN08000003VS5489BTVUS470OH-G,4,0,0,0,0,0,0,0,0,0.0,,fussball.de
1399,SG Ostbaar,Südbaden,Bezirk Schwarzwald,6,Bezirksliga,Frauen Bezirksliga · Bezirk Schwarzwald,031I7GF1OG000004VS5489BUVVKNMR0J-G,6,0,0,0,0,0,0,0,0,0.0,,fussball.de
1400,SG Ottenau / Bad Rotenfels,Südbaden,Bezirk Baden-Baden,6,Bezirksliga,Bezirksliga Frauen · Bezirk Baden-Baden,031D6VSN08000003VS5489BTVUS470OH-G,5,0,0,0,0,0,0,0,0,0.0,,fussball.de
1401,SG Parr Medelsheim 2,Saarland,Bezirk Saarland,6,Bezirksliga,Bezirksliga Vorrunde · Bezirk Saarland,031C3V02R0000004VS5489BUVUR5FS5A-G,8,1,0,0,1,0,0,0,0,0.0,,fussball.de
1402,SG Rebland,Südbaden,Bezirk Hochrhein,6,Bezirksliga,Frauen Bezirksliga Hochrhein,031LQS1KR4000006VS5489BTVSRD0UH9-G,7,0,0,0,0,0,0,0,0,0.0,,fussball.de
1403,SG Rebland 2,Südbaden,Bezirk Hochrhein,6,Bezirksliga,Frauen Bezirksliga West · Bezirk Hochrhein,031LQS1L14000005VS5489BTVSRD0UH9-G,6,0,0,0,0,0,0,0,0,0.0,,fussball.de
1404,SG Region Laufenburg,Südbaden,Bezirk Hochrhein,6,Bezirksliga,Frauen Bezirksliga West · Bezirk Hochrhein,031LQS1L14000005VS5489BTVSRD0UH9-G,7,0,0,0,0,0,0,0,0,0.0,,fussball.de
1405,SG Renchtal 1,Südbaden,Bezirk Offenburg,6,Bezirksliga,Frauen Bezirksliga · Bezirk Offenburg,031DQNQB5K000005VS5489BUVUR5FS5A-G,4,0,0,0,0,0,0,0,0,0.0,,fussball.de
1406,SG Sauldorf/Meßkirch,Südbaden,Bezirk Bodensee,6,Bezirksliga,Frauen Bezirksliga Bodensee,0319TNMOVK00000DVS5489BUVV628VP4-G,6,0,0,0,0,0,0,0,0,0.0,,fussball.de
1407,SG Scherzheim / Vimbuch 2,Südbaden,Bezirk Baden-Baden,6,Bezirksliga,Bezirksliga Frauen · Bezirk Baden-Baden,031D6VSN08000003VS5489BTVUS470OH-G,6,0,0,0,0,0,0,0,0,0.0,,fussball.de
1408,SG Schorndorf,Württemberg,Württemberg,6,Regionenliga,Regionenliga 3 · Württemberg,031E2OTJUO000009VS5489BUVUR5FS5A-G,3,0,0,0,0,0,0,0,0,0.0,,fussball.de
1409,SG Schwarzach/Stollhofen,Südbaden,Bezirk Baden-Baden,6,Bezirksliga,Bezirksliga Frauen · Bezirk Baden-Baden,031D6VSN08000003VS5489BTVUS470OH-G,7,0,0,0,0,0,0,0,0,0.0,,fussball.de
1410,SG Schönwald-Triberg,Südbaden,Bezirk Schwarzwald,6,Bezirksliga,Frauen Bezirksliga · Bezirk Schwarzwald,031I7GF1OG000004VS5489BUVVKNMR0J-G,7,0,0,0,0,0,0,0,0,0.0,,fussball.de
1411,SG Sipplingen/Bodman-Ludwigshaf.,Südbaden,Bezirk Bodensee,6,Bezirksliga,Frauen Bezirksliga Bodensee,0319TNMOVK00000DVS5489BUVV628VP4-G,7,0,0,0,0,0,0,0,0,0.0,,fussball.de
1412,SG Steina-Schlüchttal,Südbaden,Bezirk Hochrhein,6,Bezirksliga,Frauen Bezirksliga Ost · Bezirk Hochrhein,031LQS1L5K000005VS5489BTVSRD0UH9-G,3,0,0,0,0,0,0,0,0,0.0,,fussball.de
1413,SGM Alfdorf/Mögglingen,Württemberg,Württemberg,6,Regionenliga,Regionenliga 2 · Württemberg,031E2OTJNK00000DVS5489BUVUR5FS5A-G,4,0,0,0,0,0,0,0,0,0.0,,fussball.de
1414,SGM Aufhausen/Nellingen,Württemberg,Württemberg,6,Regionenliga,Regionenliga 3 · Württemberg,031E2OTJUO000009VS5489BUVUR5FS5A-G,4,0,0,0,0,0,0,0,0,0.0,,fussball.de
1415,SGM Baltringen/Mietingen I,Württemberg,Württemberg,6,Regionenliga,Regionenliga 6 · Württemberg,031E2OTKIO000008VS5489BUVUR5FS5A-G,3,0,0,0,0,0,0,0,0,0.0,,fussball.de
1416,SGM Bierlingen/Weiler,Württemberg,Württemberg,6,Regionenliga,Regionenliga 4 · Württemberg,031E2OTK5S00000BVS5489BUVUR5FS5A-G,1,0,0,0,0,0,0,0,0,0.0,,fussball.de
1417,SGM Eglofs/Heimenkirch,Württemberg,Württemberg,6,Regionenliga,Regionenliga 6 · Württemberg,031E2OTKIO000008VS5489BUVUR5FS5A-G,4,0,0,0,0,0,0,0,0,0.0,,fussball.de
1418,SGM Eschach/Brochenzell,Württemberg,Württemberg,6,Regionenliga,Regionenliga 6 · Württemberg,031E2OTKIO000008VS5489BUVUR5FS5A-G,5,0,0,0,0,0,0,0,0,0.0,,fussball.de
1419,SGM FC 99 / Langenenslingen / Bingen,Württemberg,Württemberg,6,Regionenliga,Regionenliga 6 · Württemberg,031E2OTKIO000008VS5489BUVUR5FS5A-G,6,0,0,0,0,0,0,0,0,0.0,,fussball.de
1420,SGM FC Engstingen / SV Lautertal / FC Sonnenbühl,Württemberg,Württemberg,6,Regionenliga,Regionenliga 5 · Württemberg,031E2OTKCO00000BVS5489BUVUR5FS5A-G,1,0,0,0,0,0,0,0,0,0.0,,fussball.de
1421,SGM FV Bad Waldsee/SV Reute I,Württemberg,Württemberg,6,Regionenliga,Regionenliga 6 · Württemberg,031E2OTKIO000008VS5489BUVUR5FS5A-G,7,0,0,0,0,0,0,0,0,0.0,,fussball.de
1422,SGM Glatten/Hopfau/Dürrenmettstetten,Württemberg,Württemberg,6,Regionenliga,Regionenliga 4 · Württemberg,031E2OTK5S00000BVS5489BUVUR5FS5A-G,2,0,0,0,0,0,0,0,0,0.0,,fussball.de
1423,SGM Locherhof/Mariazell,Württemberg,Württemberg,6,Regionenliga,Regionenliga 4 · Württemberg,031E2OTK5S00000BVS5489BUVUR5FS5A-G,3,0,0,0,0,0,0,0,0,0.0,,fussball.de
1424,SGM Munderkingen/Griesingen/Dettingen,Württemberg,Württemberg,6,Regionenliga,Regionenliga 5 · Württemberg,031E2OTKCO00000BVS5489BUVUR5FS5A-G,2,0,0,0,0,0,0,0,0,0.0,,fussball.de
1425,SGM Nufringen/Emmingen/Jettingen,Württemberg,Württemberg,6,Regionenliga,Regionenliga 3 · Württemberg,031E2OTJUO000009VS5489BUVUR5FS5A-G,5,0,0,0,0,0,0,0,0,0.0,,fussball.de
1426,SGM Oberndorf/Poltringen,Württemberg,Württemberg,6,Regionenliga,Regionenliga 4 · Württemberg,031E2OTK5S00000BVS5489BUVUR5FS5A-G,4,0,0,0,0,0,0,0,0,0.0,,fussball.de
1427,SGM Oppenweiler II/Sulzbach II/Backnang I,Württemberg,Württemberg,6,Regionenliga,Regionenliga 2 · Württemberg,031E2OTJNK00000DVS5489BUVUR5FS5A-G,5,0,0,0,0,0,0,0,0,0.0,,fussball.de
1428,SGM Ottmarsheim/Neckarwestheim/Ilsfeld,Württemberg,Württemberg,6,Regionenliga,Regionenliga 1 · Württemberg,031E2OTJEK00000EVS5489BUVUR5FS5A-G,3,0,0,0,0,0,0,0,0,0.0,,fussball.de
1429,SGM Renhardsweiler/Fulgenstadt,Württemberg,Württemberg,6,Regionenliga,Regionenliga 6 · Württemberg,031E2OTKIO000008VS5489BUVUR5FS5A-G,8,0,0,0,0,0,0,0,0,0.0,,fussball.de
1430,SGM SV Frohnstetten/TSV Stetten a.k.M./SV Schwenningen,Württemberg,Württemberg,6,Regionenliga,Regionenliga 4 · Württemberg,031E2OTK5S00000BVS5489BUVUR5FS5A-G,5,0,0,0,0,0,0,0,0,0.0,,fussball.de
1431,SGM SV Kressbronn/Langenargen I,Württemberg,Württemberg,6,Regionenliga,Regionenliga 6 · Württemberg,031E2OTKIO000008VS5489BUVUR5FS5A-G,9,0,0,0,0,0,0,0,0,0.0,,fussball.de
1432,SGM SV Rieden/Michelbach-Bilz/Tüngental,Württemberg,Württemberg,6,Regionenliga,Regionenliga 2 · Württemberg,031E2OTJNK00000DVS5489BUVUR5FS5A-G,6,0,0,0,0,0,0,0,0,0.0,,fussball.de
1433,SGM Sulgen/Hardt,Württemberg,Württemberg,6,Regionenliga,Regionenliga 4 · Württemberg,031E2OTK5S00000BVS5489BUVUR5FS5A-G,6,0,0,0,0,0,0,0,0,0.0,,fussball.de
1434,SGM TSG Wittershausen/ SV Fischingen,Württemberg,Württemberg,6,Regionenliga,Regionenliga 4 · Württemberg,031E2OTK5S00000BVS5489BUVUR5FS5A-G,7,0,0,0,0,0,0,0,0,0.0,,fussball.de
1435,SGM TSV Blaufelden/Wiesenbach/Schrozberg,Württemberg,Württemberg,6,Regionenliga,Regionenliga 2 · Württemberg,031E2OTJNK00000DVS5489BUVUR5FS5A-G,7,0,0,0,0,0,0,0,0,0.0,,fussball.de
1436,SGM TSV Crailsheim/VfB Jagstheim/SV Onolzheim,Württemberg,Württemberg,6,Regionenliga,Regionenliga 2 · Württemberg,031E2OTJNK00000DVS5489BUVUR5FS5A-G,8,0,0,0,0,0,0,0,0,0.0,,fussball.de
1437,SGM VfR Birkmannsweiler/SSV Steinach,Württemberg,Württemberg,6,Regionenliga,Regionenliga 3 · Württemberg,031E2OTJUO000009VS5489BUVUR5FS5A-G,6,0,0,0,0,0,0,0,0,0.0,,fussball.de
1438,SGM VfR Klosterreichenbach/SV Musbach,Württemberg,Württemberg,6,Regionenliga,Regionenliga 4 · Württemberg,031E2OTK5S00000BVS5489BUVUR5FS5A-G,8,0,0,0,0,0,0,0,0,0.0,,fussball.de
1439,SGM Öpfingen I/Altheim II,Württemberg,Württemberg,6,Regionenliga,Regionenliga 5 · Württemberg,031E2OTKCO00000BVS5489BUVUR5FS5A-G,3,0,0,0,0,0,0,0,0,0.0,,fussball.de
1440,SKV Eningen/Achalm,Württemberg,Württemberg,6,Regionenliga,Regionenliga 5 · Württemberg,031E2OTKCO00000BVS5489BUVUR5FS5A-G,4,0,0,0,0,0,0,0,0,0.0,,fussball.de
1441,SSV Einheit Perleberg,Brandenburg,Kreis Prignitz/Ruppin,6,Kreisliga,Kreisliga Frauen · Kreis Prignitz/Ruppin,031JVGVNLO00000DVS5489BUVVKNMR0J-G,5,0,0,0,0,0,0,0,0,0.0,,fussball.de
1442,SSV Hennstedt,Schleswig-Holstein,Kreis Westküste,6,Kreisliga,Staffel 4 West (WK) · Kreis Westküste,031KUBKDGG000004VS5489BUVVKNMR0J-G,5,0,0,0,0,0,0,0,0,0.0,,fussball.de
1443,SSV Weng,Bayern,Bezirk Niederbayern,6,Bezirksoberliga,Frauen BOL · Bezirk Niederbayern,0318D4JS3K00000AVS5489BUVSBBVPEU-G,7,0,0,0,0,0,0,0,0,0.0,,fussball.de
1444,SV 1880 München I,Bayern,Bezirk Oberbayern,6,Bezirksoberliga,Frauen BOL · Bezirk Oberbayern,031EVJ7C48000006VS5489BUVUR5FS5A-G,7,0,0,0,0,0,0,0,0,0.0,,fussball.de
1445,SV 1928 Veitshöchheim,Bayern,Bezirk Unterfranken,6,Bezirksoberliga,Frauen BOL · Bezirk Unterfranken,0319679CPO000057VS5489BTVSK8S3O6-G,7,0,0,0,0,0,0,0,0,0.0,,fussball.de
1446,SV 90 Lohmen,Mecklenburg-Vorpommern,Kreis Warnow,6,Kreisliga,KL Frauen Warnow,031AHIHGPO00000AVS5489BUVV628VP4-G,6,0,0,0,0,0,0,0,0,0.0,,fussball.de
1447,SV Allner-Bödingen 2,Mittelrhein,Bezirk Mittelrhein,6,Bezirksliga,"Frauen-Bezirksliga, Staffel 1 · Bezirk Mittelrhein",031DHCTJIS000006VS5489BUVUR5FS5A-G,7,0,0,0,0,0,0,0,0,0.0,,fussball.de
1448,SV Ballenberg,Baden,Kreis Mosbach,6,Kreisliga,bfv-Frauen Kreisliga MOS/BCH/TBB · Kreis Mosbach,0316L6D12K000006VS5489BTVU7GTVLE-G,1,0,0,0,0,0,0,0,0,0.0,,fussball.de
1449,SV Berau,Südbaden,Bezirk Hochrhein,6,Bezirksliga,Frauen Bezirksliga Ost · Bezirk Hochrhein,031LQS1L5K000005VS5489BTVSRD0UH9-G,4,0,0,0,0,0,0,0,0,0.0,,fussball.de
1450,SV Bergatreute I,Württemberg,Württemberg,6,Regionenliga,Regionenliga 6 · Württemberg,031E2OTKIO000008VS5489BUVUR5FS5A-G,10,0,0,0,0,0,0,0,0,0.0,,fussball.de
1451,SV Beuren I,Württemberg,Württemberg,6,Regionenliga,Regionenliga 6 · Württemberg,031E2OTKIO000008VS5489BUVUR5FS5A-G,11,0,0,0,0,0,0,0,0,0.0,,fussball.de
1452,SV Blau-Weiss Wiehre Freiburg,Südbaden,Bezirk Freiburg,6,Bezirksliga,Frauen Bezirksliga · Bezirk Freiburg,031GV5FSUS000000VS5489BUVSJ4CRAP-G,8,0,0,0,0,0,0,0,0,0.0,,fussball.de
1453,SV Blumenthal-Grabow,Brandenburg,Kreis Prignitz/Ruppin,6,Kreisliga,Kreisliga Frauen · Kreis Prignitz/Ruppin,031JVGVNLO00000DVS5489BUVVKNMR0J-G,6,0,0,0,0,0,0,0,0,0.0,,fussball.de
1454,SV Burgrieden,Württemberg,Württemberg,6,Regionenliga,Regionenliga 6 · Württemberg,031E2OTKIO000008VS5489BUVUR5FS5A-G,12,0,0,0,0,0,0,0,0,0.0,,fussball.de
1455,SV Bärenthal,Württemberg,Württemberg,6,Regionenliga,Regionenliga 4 · Württemberg,031E2OTK5S00000BVS5489BUVUR5FS5A-G,9,0,0,0,0,0,0,0,0,0.0,,fussball.de
1456,SV Deggenhausertal 2,Südbaden,Bezirk Bodensee,6,Bezirksliga,Frauen Bezirksliga Bodensee,0319TNMOVK00000DVS5489BUVV628VP4-G,8,0,0,0,0,0,0,0,0,0.0,,fussball.de
1457,SV Dogern,Südbaden,Bezirk Hochrhein,6,Bezirksliga,Frauen Bezirksliga Hochrhein,031LQS1KR4000006VS5489BTVSRD0UH9-G,8,0,0,0,0,0,0,0,0,0.0,,fussball.de
1458,SV Dörlinbach,Südbaden,Bezirk Offenburg,6,Bezirksliga,Frauen Bezirksliga · Bezirk Offenburg,031DQNQB5K000005VS5489BUVUR5FS5A-G,5,0,0,0,0,0,0,0,0,0.0,,fussball.de
1459,SV Eintracht Alt Ruppin,Brandenburg,Kreis Prignitz/Ruppin,6,Kreisliga,Kreisliga Frauen · Kreis Prignitz/Ruppin,031JVGVNLO00000DVS5489BUVVKNMR0J-G,7,0,0,0,0,0,0,0,0,0.0,,fussball.de
1460,SV Eintracht Kirchheim/Dirgenheim,Württemberg,Württemberg,6,Regionenliga,Regionenliga 2 · Württemberg,031E2OTJNK00000DVS5489BUVUR5FS5A-G,9,0,0,0,0,0,0,0,0,0.0,,fussball.de
1461,SV Eintracht Ortrand,Brandenburg,Kreis Südbrandenburg,6,Kreisliga,SBB/NL-Frauen-Kreisliga · Kreis Südbrandenburg,031F55NRLC000004VS5489BUVSJ4CRAP-G,9,0,0,0,0,0,0,0,0,0.0,,fussball.de
1462,SV Eutingen II,Württemberg,Württemberg,6,Regionenliga,Regionenliga 4 · Württemberg,031E2OTK5S00000BVS5489BUVUR5FS5A-G,10,0,0,0,0,0,0,0,0,0.0,,fussball.de
1463,SV Falke Bergrath,Mittelrhein,Bezirk Mittelrhein,6,Bezirksliga,"Frauen-Bezirksliga, Staffel 3 · Bezirk Mittelrhein",031DHCTJV0000004VS5489BUVUR5FS5A-G,7,0,0,0,0,0,0,0,0,0.0,,fussball.de
1464,SV Granheim,Württemberg,Württemberg,6,Regionenliga,Regionenliga 5 · Württemberg,031E2OTKCO00000BVS5489BUVUR5FS5A-G,5,0,0,0,0,0,0,0,0,0.0,,fussball.de
1465,SV Grün-Weiß Dobberzin,Brandenburg,Kreis Uckermark,6,Kreisliga,Kreisliga Frauen · Kreis Uckermark,031CS3DM5400000EVS5489BTVUS470OH-G,3,0,0,0,0,0,0,0,0,0.0,,fussball.de
1466,SV Grün-Weiß Letschin,Brandenburg,Kreis Ostbrandenburg,6,Kreisliga,Kreisliga · Kreis Ostbrandenburg,031CP5NH8S00000HVS5489BTVUS470OH-G,7,0,0,0,0,0,0,0,0,0.0,,fussball.de
1467,SV Hellenhahn (9er),Rheinland,Kreis Westerwald/Sieg,6,Kreisklasse,Frauen-Kreisklasse 1 · Kreis Westerwald/Sieg,031GIJJ1E4000006VS5489BTVVG7L386-G,5,0,0,0,0,0,0,0,0,0.0,,fussball.de
1468,SV Hemmingstedt,Schleswig-Holstein,Kreis Westküste,6,Kreisliga,Staffel 4 West (WK) · Kreis Westküste,031KUBKDGG000004VS5489BUVVKNMR0J-G,6,0,0,0,0,0,0,0,0,0.0,,fussball.de
1469,SV Herxheimweyher 7er,Südwest,Südwest,6,Bezirksliga (Verband),Frauen Bezirksliga Süd · Südwest,031CHR0AM0000004VS5489BTVUS470OH-G,3,0,0,0,0,0,0,0,0,0.0,,fussball.de
1470,SV Horrheim,Württemberg,Württemberg,6,Regionenliga,Regionenliga 1 · Württemberg,031E2OTJEK00000EVS5489BUVUR5FS5A-G,4,0,0,0,0,0,0,0,0,0.0,,fussball.de
1471,SV Immenried I,Württemberg,Württemberg,6,Regionenliga,Regionenliga 6 · Württemberg,031E2OTKIO000008VS5489BUVUR5FS5A-G,13,0,0,0,0,0,0,0,0,0.0,,fussball.de
1472,SV Jungingen II,Württemberg,Württemberg,6,Regionenliga,Regionenliga 5 · Württemberg,031E2OTKCO00000BVS5489BUVUR5FS5A-G,6,0,0,0,0,0,0,0,0,0.0,,fussball.de
1473,SV Leingarten,Württemberg,Württemberg,6,Regionenliga,Regionenliga 1 · Württemberg,031E2OTJEK00000EVS5489BUVUR5FS5A-G,5,0,0,0,0,0,0,0,0,0.0,,fussball.de
1474,SV Lövenich/Widdersdorf,Mittelrhein,Bezirk Mittelrhein,6,Bezirksliga,"Frauen-Bezirksliga, Staffel 2 · Bezirk Mittelrhein",031DHCTJQ0000006VS5489BUVUR5FS5A-G,8,0,0,0,0,0,0,0,0,0.0,,fussball.de
1475,SV Mering,Bayern,Bezirk Schwaben,6,Bezirksoberliga,Frauen BOL · Bezirk Schwaben,0316TGC1PG000006VS5489BTVU7GTVLE-G,6,0,0,0,0,0,0,0,0,0.0,,fussball.de
1476,SV Minfeld 7er,Südwest,Südwest,6,Bezirksliga (Verband),Frauen Bezirksliga Süd · Südwest,031CHR0AM0000004VS5489BTVUS470OH-G,4,0,0,0,0,0,0,0,0,0.0,,fussball.de
1477,SV Neuenbrook/Rethwisch,Schleswig-Holstein,Kreis Westküste,6,Kreisliga,Staffel 4 West (WK) · Kreis Westküste,031KUBKDGG000004VS5489BUVVKNMR0J-G,7,0,0,0,0,0,0,0,0,0.0,,fussball.de
1478,SV Obersasbach,Südbaden,Bezirk Baden-Baden,6,Bezirksliga,Bezirksliga Frauen · Bezirk Baden-Baden,031D6VSN08000003VS5489BTVUS470OH-G,8,0,0,0,0,0,0,0,0,0.0,,fussball.de
1479,SV Oberwolfach,Südbaden,Bezirk Offenburg,6,Bezirksliga,Frauen Bezirksliga · Bezirk Offenburg,031DQNQB5K000005VS5489BUVUR5FS5A-G,6,0,0,0,0,0,0,0,0,0.0,,fussball.de
1480,SV Rot Weiß Hütte,Mittelrhein,Bezirk Mittelrhein,6,Bezirksliga,"Frauen-Bezirksliga, Staffel 1 · Bezirk Mittelrhein",031DHCTJIS000006VS5489BUVUR5FS5A-G,8,0,0,0,0,0,0,0,0,0.0,,fussball.de
1481,SV Saaldorf 1,Bayern,Bezirk Oberbayern,6,Bezirksoberliga,Frauen BOL · Bezirk Oberbayern,031EVJ7C48000006VS5489BUVUR5FS5A-G,8,0,0,0,0,0,0,0,0,0.0,,fussball.de
1482,SV Salamander Kornwestheim,Württemberg,Württemberg,6,Regionenliga,Regionenliga 1 · Württemberg,031E2OTJEK00000EVS5489BUVUR5FS5A-G,6,0,0,0,0,0,0,0,0,0.0,,fussball.de
1483,SV Staufenberg,Südbaden,Bezirk Baden-Baden,6,Bezirksliga,Bezirksliga Frauen · Bezirk Baden-Baden,031D6VSN08000003VS5489BTVUS470OH-G,9,0,0,0,0,0,0,0,0,0.0,,fussball.de
1484,SV Stuttgarter Kickers II,Württemberg,Württemberg,6,Regionenliga,Regionenliga 3 · Württemberg,031E2OTJUO000009VS5489BUVUR5FS5A-G,7,0,0,0,0,0,0,0,0,0.0,,fussball.de
1485,SV Sülzbach,Württemberg,Württemberg,6,Regionenliga,Regionenliga 1 · Württemberg,031E2OTJEK00000EVS5489BUVUR5FS5A-G,7,0,0,0,0,0,0,0,0,0.0,,fussball.de
1486,SV Titisee 2,Südbaden,Bezirk Schwarzwald,6,Bezirksliga,Frauen Bezirksliga · Bezirk Schwarzwald,031I7GF1OG000004VS5489BUVVKNMR0J-G,8,0,0,0,0,0,0,0,0,0.0,,fussball.de
1487,SV Ulm,Südbaden,Bezirk Baden-Baden,6,Bezirksliga,Bezirksliga Frauen · Bezirk Baden-Baden,031D6VSN08000003VS5489BTVUS470OH-G,10,0,0,0,0,0,0,0,0,0.0,,fussball.de
1488,SV Unteralpfen,Südbaden,Bezirk Hochrhein,6,Bezirksliga,Frauen Bezirksliga Ost · Bezirk Hochrhein,031LQS1L5K000005VS5489BTVSRD0UH9-G,5,0,0,0,0,0,0,0,0,0.0,,fussball.de
1489,SV Unterdigisheim,Württemberg,Württemberg,6,Regionenliga,Regionenliga 4 · Württemberg,031E2OTK5S00000BVS5489BUVUR5FS5A-G,11,0,0,0,0,0,0,0,0,0.0,,fussball.de
1490,SV Unterjesingen,Württemberg,Württemberg,6,Regionenliga,Regionenliga 4 · Württemberg,031E2OTK5S00000BVS5489BUVUR5FS5A-G,12,0,0,0,0,0,0,0,0,0.0,,fussball.de
1491,SV Viktoria Rot Weiß Waldenrath/Straeten II,Mittelrhein,Bezirk Mittelrhein,6,Bezirksliga,"Frauen-Bezirksliga, Staffel 3 · Bezirk Mittelrhein",031DHCTJV0000004VS5489BUVUR5FS5A-G,8,0,0,0,0,0,0,0,0,0.0,,fussball.de
1492,SV Waldhaus 2,Südbaden,Bezirk Hochrhein,6,Bezirksliga,Frauen Bezirksliga Ost · Bezirk Hochrhein,031LQS1L5K000005VS5489BTVSRD0UH9-G,6,0,0,0,0,0,0,0,0,0.0,,fussball.de
1493,SV Wanheim 1900 zg.,Niederrhein,Bezirk Niederrhein,6,Bezirksliga,Bezirksliga Gruppe 4 · Bezirk Niederrhein,031EF19PL800000DVS5489BUVUR5FS5A-G,10,0,0,0,0,0,0,0,0,0.0,,fussball.de
1494,SV Waßmannsdorf,Brandenburg,Kreis Dahme/Fläming,6,Kreisliga,Kreisliga · Kreis Dahme/Fläming,031CGDDNC800000JVS5489BUVUR5FS5A-G,5,0,0,0,0,0,0,0,0,0.0,,fussball.de
1495,SV Wechingen 1,Bayern,Bezirk Schwaben,6,Bezirksoberliga,Frauen BOL · Bezirk Schwaben,0316TGC1PG000006VS5489BTVU7GTVLE-G,7,0,0,0,0,0,0,0,0,0.0,,fussball.de
1496,SV Weil 1910 e.V.,Südbaden,Bezirk Hochrhein,6,Bezirksliga,Frauen Bezirksliga Hochrhein,031LQS1KR4000006VS5489BTVSRD0UH9-G,9,0,0,0,0,0,0,0,0,0.0,,fussball.de
1497,SV Winnenden,Württemberg,Württemberg,6,Regionenliga,Regionenliga 3 · Württemberg,031E2OTJUO000009VS5489BUVUR5FS5A-G,8,0,0,0,0,0,0,0,0,0.0,,fussball.de
1498,SpG Admira/Deutsch Wusterhausen,Brandenburg,Kreis Dahme/Fläming,6,Kreisliga,Kreisliga · Kreis Dahme/Fläming,031CGDDNC800000JVS5489BUVUR5FS5A-G,6,0,0,0,0,0,0,0,0,0.0,,fussball.de
1499,SpG Hettingen / Reisenbach 2,Baden,Kreis Mosbach,6,Kreisliga,bfv-Frauen Kreisliga MOS/BCH/TBB · Kreis Mosbach,0316L6D12K000006VS5489BTVU7GTVLE-G,2,0,0,0,0,0,0,0,0,0.0,,fussball.de
1500,SpG Veritas II/KSV Prignitz II,Brandenburg,Kreis Prignitz/Ruppin,6,Kreisliga,Kreisliga Frauen · Kreis Prignitz/Ruppin,031JVGVNLO00000DVS5489BUVVKNMR0J-G,8,0,0,0,0,0,0,0,0,0.0,,fussball.de
1501,SpG Zichow/Gramzow zg.,Brandenburg,Kreis Uckermark,6,Kreisliga,Kreisliga Frauen · Kreis Uckermark,031CS3DM5400000EVS5489BTVUS470OH-G,4,0,0,0,0,0,0,0,0,0.0,,fussball.de
1502,SpVgg GW Deggendorf,Bayern,Bezirk Niederbayern,6,Bezirksoberliga,Frauen BOL · Bezirk Niederbayern,0318D4JS3K00000AVS5489BUVSBBVPEU-G,8,0,0,0,0,0,0,0,0,0.0,,fussball.de
1503,SpVgg Gammesfeld,Württemberg,Württemberg,6,Regionenliga,Regionenliga 2 · Württemberg,031E2OTJNK00000DVS5489BUVUR5FS5A-G,10,0,0,0,0,0,0,0,0,0.0,,fussball.de
1504,SpVgg Leidringen,Württemberg,Württemberg,6,Regionenliga,Regionenliga 4 · Württemberg,031E2OTK5S00000BVS5489BUVUR5FS5A-G,13,0,0,0,0,0,0,0,0,0.0,,fussball.de
1505,SpVgg Röhrmoos,Bayern,Bezirk Oberbayern,6,Bezirksoberliga,Frauen BOL · Bezirk Oberbayern,031EVJ7C48000006VS5489BUVUR5FS5A-G,9,0,0,0,0,0,0,0,0,0.0,,fussball.de
1506,Spiel und Sport 1912 Nippes,Mittelrhein,Bezirk Mittelrhein,6,Bezirksliga,"Frauen-Bezirksliga, Staffel 2 · Bezirk Mittelrhein",031DHCTJQ0000006VS5489BUVUR5FS5A-G,9,0,0,0,0,0,0,0,0,0.0,,fussball.de
1507,Sportverein Heilbronn am Leinbach,Württemberg,Württemberg,6,Regionenliga,Regionenliga 1 · Württemberg,031E2OTJEK00000EVS5489BUVUR5FS5A-G,8,0,0,0,0,0,0,0,0,0.0,,fussball.de
1508,Spvgg Oedheim,Württemberg,Württemberg,6,Regionenliga,Regionenliga 1 · Württemberg,031E2OTJEK00000EVS5489BUVUR5FS5A-G,9,0,0,0,0,0,0,0,0,0.0,,fussball.de
1509,Spvgg Wutöschingen,Südbaden,Bezirk Hochrhein,6,Bezirksliga,Frauen Bezirksliga Ost · Bezirk Hochrhein,031LQS1L5K000005VS5489BTVSRD0UH9-G,7,0,0,0,0,0,0,0,0,0.0,,fussball.de
1510,Spvgg. 09 Buggingen/Seefelden,Südbaden,Bezirk Freiburg,6,Bezirksliga,Frauen Bezirksliga · Bezirk Freiburg,031GV5FSUS000000VS5489BUVSJ4CRAP-G,9,0,0,0,0,0,0,0,0,0.0,,fussball.de
1511,Spvgg. Bollschweil-Sölden,Südbaden,Bezirk Freiburg,6,Bezirksliga,Frauen Bezirksliga · Bezirk Freiburg,031GV5FSUS000000VS5489BUVSJ4CRAP-G,10,0,0,0,0,0,0,0,0,0.0,,fussball.de
1512,TGV Dürrenzimmern II,Württemberg,Württemberg,6,Regionenliga,Regionenliga 1 · Württemberg,031E2OTJEK00000EVS5489BUVUR5FS5A-G,10,0,0,0,0,0,0,0,0,0.0,,fussball.de
1513,TS Rahm,Niederrhein,Bezirk Niederrhein,6,Bezirksliga,Bezirksliga Gruppe 4 · Bezirk Niederrhein,031EF19PL800000DVS5489BUVUR5FS5A-G,11,0,0,0,0,0,0,0,0,0.0,,fussball.de
1514,TSG Bastheim,Bayern,Bezirk Unterfranken,6,Bezirksoberliga,Frauen BOL · Bezirk Unterfranken,0319679CPO000057VS5489BTVSK8S3O6-G,8,0,0,0,0,0,0,0,0,0.0,,fussball.de
1515,TSV 1861 Nördlingen,Bayern,Bezirk Schwaben,6,Bezirksoberliga,Frauen BOL · Bezirk Schwaben,0316TGC1PG000006VS5489BTVU7GTVLE-G,8,0,0,0,0,0,0,0,0,0.0,,fussball.de
1516,TSV 1937 Limbach,Bayern,Bezirk Unterfranken,6,Bezirksoberliga,Frauen BOL · Bezirk Unterfranken,0319679CPO000057VS5489BTVSK8S3O6-G,9,0,0,0,0,0,0,0,0,0.0,,fussball.de
1517,TSV Alemannia Aachen II,Mittelrhein,Bezirk Mittelrhein,6,Bezirksliga,"Frauen-Bezirksliga, Staffel 3 · Bezirk Mittelrhein",031DHCTJV0000004VS5489BUVUR5FS5A-G,9,0,0,0,0,0,0,0,0,0.0,,fussball.de
1518,TSV Assamstadt,Baden,Kreis Mosbach,6,Kreisliga,bfv-Frauen Kreisliga MOS/BCH/TBB · Kreis Mosbach,0316L6D12K000006VS5489BTVU7GTVLE-G,3,0,0,0,0,0,0,0,0,0.0,,fussball.de
1519,TSV Aßling 1,Bayern,Bezirk Oberbayern,6,Bezirksoberliga,Frauen BOL · Bezirk Oberbayern,031EVJ7C48000006VS5489BUVUR5FS5A-G,10,0,0,0,0,0,0,0,0,0.0,,fussball.de
1520,TSV Buchenberg,Bayern,Bezirk Schwaben,6,Bezirksoberliga,Frauen BOL · Bezirk Schwaben,0316TGC1PG000006VS5489BTVU7GTVLE-G,9,0,0,0,0,0,0,0,0,0.0,,fussball.de
1521,TSV Buchholz,Schleswig-Holstein,Kreis Westküste,6,Kreisliga,Staffel 4 West (WK) · Kreis Westküste,031KUBKDGG000004VS5489BUVVKNMR0J-G,8,0,0,0,0,0,0,0,0,0.0,,fussball.de
1522,TSV Deizisau,Württemberg,Württemberg,6,Regionenliga,Regionenliga 3 · Württemberg,031E2OTJUO000009VS5489BUVUR5FS5A-G,9,0,0,0,0,0,0,0,0,0.0,,fussball.de
1523,TSV Frickenhausen,Bayern,Bezirk Unterfranken,6,Bezirksoberliga,Frauen BOL · Bezirk Unterfranken,0319679CPO000057VS5489BTVSK8S3O6-G,10,0,0,0,0,0,0,0,0,0.0,,fussball.de
1524,TSV Gilching/A.,Bayern,Bezirk Oberbayern,6,Bezirksoberliga,Frauen BOL · Bezirk Oberbayern,031EVJ7C48000006VS5489BUVUR5FS5A-G,11,0,0,0,0,0,0,0,0,0.0,,fussball.de
1525,TSV Gomaringen,Württemberg,Württemberg,6,Regionenliga,Regionenliga 5 · Württemberg,031E2OTKCO00000BVS5489BUVUR5FS5A-G,7,0,0,0,0,0,0,0,0,0.0,,fussball.de
1526,TSV Grafenau,Württemberg,Württemberg,6,Regionenliga,Regionenliga 3 · Württemberg,031E2OTJUO000009VS5489BUVUR5FS5A-G,10,0,0,0,0,0,0,0,0,0.0,,fussball.de
1527,TSV Heiligenstedten,Schleswig-Holstein,Kreis Westküste,6,Kreisliga,Staffel 4 West (WK) · Kreis Westküste,031KUBKDGG000004VS5489BUVVKNMR0J-G,9,0,0,0,0,0,0,0,0,0.0,,fussball.de
1528,TSV Heimsheim,Württemberg,Württemberg,6,Regionenliga,Regionenliga 1 · Württemberg,031E2OTJEK00000EVS5489BUVUR5FS5A-G,11,0,0,0,0,0,0,0,0,0.0,,fussball.de
1529,TSV Hildrizhausen,Württemberg,Württemberg,6,Regionenliga,Regionenliga 3 · Württemberg,031E2OTJUO000009VS5489BUVUR5FS5A-G,11,0,0,0,0,0,0,0,0,0.0,,fussball.de
1530,TSV Holzheim,Württemberg,Württemberg,6,Regionenliga,Regionenliga 5 · Württemberg,031E2OTKCO00000BVS5489BUVUR5FS5A-G,8,0,0,0,0,0,0,0,0,0.0,,fussball.de
1531,TSV Hüttlingen,Württemberg,Württemberg,6,Regionenliga,Regionenliga 2 · Württemberg,031E2OTJNK00000DVS5489BUVUR5FS5A-G,11,0,0,0,0,0,0,0,0,0.0,,fussball.de
1532,TSV Langenbeutingen,Württemberg,Württemberg,6,Regionenliga,Regionenliga 1 · Württemberg,031E2OTJEK00000EVS5489BUVUR5FS5A-G,12,0,0,0,0,0,0,0,0,0.0,,fussball.de
1533,TSV Lustnau II,Württemberg,Württemberg,6,Regionenliga,Regionenliga 5 · Württemberg,031E2OTKCO00000BVS5489BUVUR5FS5A-G,9,0,0,0,0,0,0,0,0,0.0,,fussball.de
1534,TSV Oberwittstadt,Baden,Kreis Mosbach,6,Kreisliga,bfv-Frauen Kreisliga MOS/BCH/TBB · Kreis Mosbach,0316L6D12K000006VS5489BTVU7GTVLE-G,4,0,0,0,0,0,0,0,0,0.0,,fussball.de
1535,TSV Ottobeuren,Bayern,Bezirk Schwaben,6,Bezirksoberliga,Frauen BOL · Bezirk Schwaben,0316TGC1PG000006VS5489BTVU7GTVLE-G,10,0,0,0,0,0,0,0,0,0.0,,fussball.de
1536,TSV Pfedelbach,Württemberg,Württemberg,6,Regionenliga,Regionenliga 1 · Württemberg,031E2OTJEK00000EVS5489BUVUR5FS5A-G,13,0,0,0,0,0,0,0,0,0.0,,fussball.de
1537,TSV Pfronstetten,Württemberg,Württemberg,6,Regionenliga,Regionenliga 5 · Württemberg,031E2OTKCO00000BVS5489BUVUR5FS5A-G,10,0,0,0,0,0,0,0,0,0.0,,fussball.de
1538,TSV Ründeroth,Mittelrhein,Bezirk Mittelrhein,6,Bezirksliga,"Frauen-Bezirksliga, Staffel 1 · Bezirk Mittelrhein",031DHCTJIS000006VS5489BUVUR5FS5A-G,9,0,0,0,0,0,0,0,0,0.0,,fussball.de
1539,TSV Sondelfingen II,Württemberg,Württemberg,6,Regionenliga,Regionenliga 5 · Württemberg,031E2OTKCO00000BVS5489BUVUR5FS5A-G,11,0,0,0,0,0,0,0,0,0.0,,fussball.de
1540,TV Aiglsbach,Bayern,Bezirk Niederbayern,6,Bezirksoberliga,Frauen BOL · Bezirk Niederbayern,0318D4JS3K00000AVS5489BUVSBBVPEU-G,9,0,0,0,0,0,0,0,0,0.0,,fussball.de
1541,TV Freyung,Bayern,Bezirk Niederbayern,6,Bezirksoberliga,Frauen BOL · Bezirk Niederbayern,0318D4JS3K00000AVS5489BUVSBBVPEU-G,10,0,0,0,0,0,0,0,0,0.0,,fussball.de
1542,TV Konzen,Mittelrhein,Bezirk Mittelrhein,6,Bezirksliga,"Frauen-Bezirksliga, Staffel 3 · Bezirk Mittelrhein",031DHCTJV0000004VS5489BUVUR5FS5A-G,10,0,0,0,0,0,0,0,0,0.0,,fussball.de
1543,TV Oeffingen,Württemberg,Württemberg,6,Regionenliga,Regionenliga 3 · Württemberg,031E2OTJUO000009VS5489BUVUR5FS5A-G,12,0,0,0,0,0,0,0,0,0.0,,fussball.de
1544,TuS Asemissen zg.,Westfalen,Bezirk Westfalen,6,Bezirksliga,Frauen Bezirksliga Staffel 1 · Bezirk Westfalen,0314GV3FRK000010VS5489BUVSBBVPEU-G,12,0,0,0,0,0,0,0,0,0.0,,fussball.de
1545,TuS BW Königsdorf,Mittelrhein,Bezirk Mittelrhein,6,Bezirksliga,"Frauen-Bezirksliga, Staffel 2 · Bezirk Mittelrhein",031DHCTJQ0000006VS5489BUVUR5FS5A-G,10,0,0,0,0,0,0,0,0,0.0,,fussball.de
1546,TuS Jahn Hilfarth,Mittelrhein,Bezirk Mittelrhein,6,Bezirksliga,"Frauen-Bezirksliga, Staffel 3 · Bezirk Mittelrhein",031DHCTJV0000004VS5489BUVUR5FS5A-G,11,0,0,0,0,0,0,0,0,0.0,,fussball.de
1547,TuS Klein. Wiesental,Südbaden,Bezirk Hochrhein,6,Bezirksliga,Frauen Bezirksliga Hochrhein,031LQS1KR4000006VS5489BTVSRD0UH9-G,10,0,0,0,0,0,0,0,0,0.0,,fussball.de
1548,TuS Köln rrh.,Mittelrhein,Bezirk Mittelrhein,6,Bezirksliga,"Frauen-Bezirksliga, Staffel 1 · Bezirk Mittelrhein",031DHCTJIS000006VS5489BUVUR5FS5A-G,10,0,0,0,0,0,0,0,0,0.0,,fussball.de
1549,TuS Lindlar 1925 e.V.,Mittelrhein,Bezirk Mittelrhein,6,Bezirksliga,"Frauen-Bezirksliga, Staffel 1 · Bezirk Mittelrhein",031DHCTJIS000006VS5489BUVUR5FS5A-G,11,0,0,0,0,0,0,0,0,0.0,,fussball.de
1550,TuS Marialinden 1946 e.V,Mittelrhein,Bezirk Mittelrhein,6,Bezirksliga,"Frauen-Bezirksliga, Staffel 1 · Bezirk Mittelrhein",031DHCTJIS000006VS5489BUVUR5FS5A-G,12,0,0,0,0,0,0,0,0,0.0,,fussball.de
1551,VFL Birkenau,Hessen,Region Frankfurt,6,Gruppenliga,Frauen Gruppenliga Süd-Ost · Region Frankfurt,031CO2CTM400000EVS5489BTVUS470OH-G,9,0,0,0,0,0,0,0,0,0.0,,fussball.de
1552,VfB Gramzow,Brandenburg,Kreis Uckermark,6,Kreisliga,Kreisliga Frauen · Kreis Uckermark,031CS3DM5400000EVS5489BTVUS470OH-G,5,0,0,0,0,0,0,0,0,0.0,,fussball.de
1553,VfB Mettenberg,Südbaden,Bezirk Schwarzwald,6,Bezirksliga,Frauen Bezirksliga · Bezirk Schwarzwald,031I7GF1OG000004VS5489BUVVKNMR0J-G,9,0,0,0,0,0,0,0,0,0.0,,fussball.de
1554,VfL Kommern,Mittelrhein,Bezirk Mittelrhein,6,Bezirksliga,"Frauen-Bezirksliga, Staffel 2 · Bezirk Mittelrhein",031DHCTJQ0000006VS5489BUVUR5FS5A-G,11,0,0,0,0,0,0,0,0,0.0,,fussball.de
1555,VfL Nauen,Brandenburg,Kreis Havelland,6,Kreisliga,Kreisliga Frauen (Kerstin Grothe-Benkenstein) · Kreis Havelland,031HTI8PTO000004VS5489BTVSRD0UH9-G,7,0,0,0,0,0,0,0,0,0.0,,fussball.de
1556,VfL Riedböhringen,Südbaden,Bezirk Schwarzwald,6,Bezirksliga,Frauen Bezirksliga · Bezirk Schwarzwald,031I7GF1OG000004VS5489BUVVKNMR0J-G,10,0,0,0,0,0,0,0,0,0.0,,fussball.de
1557,VfL Ulm/Neu-Ulm,Württemberg,Württemberg,6,Regionenliga,Regionenliga 5 · Württemberg,031E2OTKCO00000BVS5489BUVUR5FS5A-G,12,0,0,0,0,0,0,0,0,0.0,,fussball.de
1558,VfL Vierraden,Brandenburg,Kreis Uckermark,6,Kreisliga,Kreisliga Frauen · Kreis Uckermark,031CS3DM5400000EVS5489BTVUS470OH-G,6,0,0,0,0,0,0,0,0,0.0,,fussball.de
1559,VfR 1911 e.V. Würselen,Mittelrhein,Bezirk Mittelrhein,6,Bezirksliga,"Frauen-Bezirksliga, Staffel 3 · Bezirk Mittelrhein",031DHCTJV0000004VS5489BUVUR5FS5A-G,12,0,0,0,0,0,0,0,0,0.0,,fussball.de
1560,VfR Horheim-Schwerzen,Südbaden,Bezirk Hochrhein,6,Bezirksliga,Frauen Bezirksliga Ost · Bezirk Hochrhein,031LQS1L5K000005VS5489BTVSRD0UH9-G,8,0,0,0,0,0,0,0,0,0.0,,fussball.de
1561,VfR Vörstetten,Südbaden,Bezirk Freiburg,6,Bezirksliga,Frauen Bezirksliga · Bezirk Freiburg,031GV5FSUS000000VS5489BUVSJ4CRAP-G,11,0,0,0,0,0,0,0,0,0.0,,fussball.de
1562,Vorwärts Spoho Köln III,Mittelrhein,Bezirk Mittelrhein,6,Bezirksliga,"Frauen-Bezirksliga, Staffel 2 · Bezirk Mittelrhein",031DHCTJQ0000006VS5489BUVUR5FS5A-G,12,0,0,0,0,0,0,0,0,0.0,,fussball.de
1563,SV Fortuna Schmölln,Brandenburg,Kreis Uckermark,6,Kreisliga,Kreisliga Frauen · Kreis Uckermark,031CS3DM5400000EVS5489BTVUS470OH-G,7,1,0,0,1,2,3,-1,0,0.0,,fussball.de
1564,SV Siethen,Brandenburg,Kreis Dahme/Fläming,6,Kreisliga,Kreisliga · Kreis Dahme/Fläming,031CGDDNC800000JVS5489BUVUR5FS5A-G,7,1,0,0,1,2,3,-1,0,0.0,,fussball.de
1565,SV Wattenweiler 1,Bayern,Bezirk Schwaben,6,Bezirksoberliga,Frauen BOL · Bezirk Schwaben,0316TGC1PG000006VS5489BTVU7GTVLE-G,11,1,0,0,1,2,3,-1,0,0.0,,fussball.de
1566,Osterrönfelder TSV,Schleswig-Holstein,Kreis Rendsburg-Eckernförde,6,Kreisliga,Kreisliga Nord-Ost RD-Eck · Kreis Rendsburg-Eckernförde,031JRC0OTC000004VS5489BTVSRD0UH9-G,9,1,0,0,1,1,2,-1,0,0.0,,fussball.de
1567,VfB Regensburg,Bayern,Bezirk Oberpfalz,6,Bezirksoberliga,Frauen BOL · Bezirk Oberpfalz,0316VD0FOS000006VS5489BTVU7GTVLE-G,8,1,0,0,1,1,2,-1,0,0.0,,fussball.de
1568,SG Bruchhausen-Vilsen/Martfeld,Niedersachsen,Bezirk Hannover,6,Bezirksliga,Frauen Bezirksliga Hannover Staffel 1,0313H0TSKC000004VS5489BUVSBBVPEU-G,9,1,0,0,1,0,1,-1,0,0.0,,fussball.de
1569,SG RSV/Sickte,Niedersachsen,Bezirk Braunschweig,6,Bezirksliga,Frauen Bezirksliga Staffel Nord/Mitte · Bezirk Braunschweig,031AHK4JGK00000BVS5489BUVV628VP4-G,10,2,0,0,2,0,2,-2,0,0.0,,fussball.de
1570,SpG Burg / Vetschau,Brandenburg,Kreis Südbrandenburg,6,Kreisliga,SBB/NL-Frauen-Kreisliga · Kreis Südbrandenburg,031F55NRLC000004VS5489BUVSJ4CRAP-G,10,1,0,0,1,0,1,-1,0,0.0,,fussball.de
1571,TSG Rot-Weiß Fredersdorf-Vogelsdorf,Brandenburg,Kreis Ostbrandenburg,6,Kreisliga,Kreisliga · Kreis Ostbrandenburg,031CP5NH8S00000HVS5489BTVUS470OH-G,8,1,0,0,1,0,1,-1,0,0.0,,fussball.de
1572,TSV Brodswinden,Bayern,Bezirk Mittelfranken,6,Bezirksoberliga,Frauen BOL · Bezirk Mittelfranken,031DNDGVQC000006VS5489BTVUS470OH-G,7,1,0,0,1,0,1,-1,0,0.0,,fussball.de
1573,SV Arminia Hannover,Niedersachsen,Bezirk Hannover,6,Bezirksliga,Frauen Bezirksliga Hannover Staffel 2,0313H10RD0000004VS5489BUVSBBVPEU-G,10,2,0,0,2,5,8,-3,0,0.0,,fussball.de
1574,BV Bergisch Neukirchen,Niederrhein,Bezirk Niederrhein,6,Bezirksliga,Bezirksliga Gruppe 1 · Bezirk Niederrhein,031EF19OVG00000GVS5489BUVUR5FS5A-G,11,2,0,0,2,3,6,-3,0,0.0,,fussball.de
1575,VfL Güldenstern Stade,Niedersachsen,Bezirk Lüneburg,6,Bezirksliga,Frauen Bezirksliga Lüneburg West,0316TCPT6K000006VS5489BTVU7GTVLE-G,11,2,0,0,2,1,4,-3,0,0.0,,fussball.de
1576,SV TiMoNo II,Niedersachsen,Bezirk Weser-Ems,6,Bezirksliga,Frauen Bezirksliga Weser-Ems Nord,0313O7G2TC00000BVS5489BUVSBBVPEU-G,11,3,0,0,3,0,5,-5,0,0.0,,fussball.de
1577,SF Bachem-Rimlingen,Saarland,Bezirk Saarland,6,Bezirksliga,Bezirksliga Vorrunde · Bezirk Saarland,031C3V02R0000004VS5489BUVUR5FS5A-G,9,1,0,0,1,3,5,-2,0,0.0,,fussball.de
1578,SV 09 Hofheim,Hessen,Region Wiesbaden,6,Gruppenliga,Frauen Gruppenliga Süd-West · Region Wiesbaden,031E2AVBQ4000002VS5489BUVUR5FS5A-G,10,2,0,0,2,5,9,-4,0,0.0,,fussball.de
1579,1. FSC Ela Malaka Marburg,Hessen,Region Gießen / Marburg,6,Gruppenliga,Frauen GL Nord-West · Region Gießen / Marburg,031COEE52400000CVS5489BTVUS470OH-G,7,1,0,0,1,2,4,-2,0,0.0,,fussball.de
1580,Osterather SV Meerbusch,Niederrhein,Bezirk Niederrhein,6,Bezirksliga,Bezirksliga Gruppe 2 · Bezirk Niederrhein,031EF19P7O00000FVS5489BUVUR5FS5A-G,12,2,0,0,2,4,8,-4,0,0.0,,fussball.de
1581,SG Hollenstede/Schwagstorf,Niedersachsen,Bezirk Weser-Ems,6,Bezirksliga,Frauen Bezirksliga Weser-Ems Süd,0313O7G2LS00000BVS5489BUVSBBVPEU-G,11,3,0,0,3,6,12,-6,0,0.0,,fussball.de
1582,SV Blau-Weiß Wesselburen,Schleswig-Holstein,Kreis Westküste,6,Kreisliga,Staffel 4 West (WK) · Kreis Westküste,031KUBKDGG000004VS5489BUVVKNMR0J-G,10,1,0,0,1,2,4,-2,0,0.0,,fussball.de
1583,SV West 03 Leipzig 2,Sachsen,Kreis Leipzig,6,Kreisoberliga,Stadtklasse Frauen · Kreis Leipzig,031JVGRBCK000004VS5489BTVSRD0UH9-G,9,2,0,0,2,4,8,-4,0,0.0,,fussball.de
1584,SpG Rädel/Lehnin (7er),Brandenburg,Kreis Havelland,6,Kreisliga,Kreisliga Frauen (Kerstin Grothe-Benkenstein) · Kreis Havelland,031HTI8PTO000004VS5489BTVSRD0UH9-G,9,2,0,0,2,4,8,-4,0,0.0,,fussball.de
1585,FC Borussia Brandenburg,Brandenburg,Kreis Havelland,6,Kreisliga,Kreisliga Frauen (Kerstin Grothe-Benkenstein) · Kreis Havelland,031HTI8PTO000004VS5489BTVSRD0UH9-G,8,1,0,0,1,1,3,-2,0,0.0,,fussball.de
1586,SC Einheit Bahratal-Berggießhübel,Sachsen,Kreis Sächs.Schweiz/Osterzgeb.,6,Kreisoberliga,Kreisoberliga · Kreis Sächs.Schweiz/Osterzgeb.,031LHJG0TG000004VS5489BUVVKNMR0J-G,9,1,0,0,1,1,3,-2,0,0.0,,fussball.de
1587,SV 67 Weinberg 3,Bayern,Bezirk Mittelfranken,6,Bezirksoberliga,Frauen BOL · Bezirk Mittelfranken,031DNDGVQC000006VS5489BTVUS470OH-G,8,1,0,0,1,1,3,-2,0,0.0,,fussball.de
1588,SV Union Neuruppin,Brandenburg,Kreis Prignitz/Ruppin,6,Kreisliga,Kreisliga Frauen · Kreis Prignitz/Ruppin,031JVGVNLO00000DVS5489BUVVKNMR0J-G,9,1,0,0,1,1,3,-2,0,0.0,,fussball.de
1589,SpG Crussow/Schönow,Brandenburg,Kreis Uckermark,6,Kreisliga,Kreisliga Frauen · Kreis Uckermark,031CS3DM5400000EVS5489BTVUS470OH-G,8,1,0,0,1,1,3,-2,0,0.0,,fussball.de
1590,ATS Buntentor IV,Bremen,Bezirk Bremen,6,Bezirksliga,Bezirksliga - Hauptrunde · Bezirk Bremen,031FARD6IK000018VS5489BTVUS470OH-G,4,2,0,0,2,1,5,-4,0,0.0,,fussball.de
1591,SpG Lipsia Eutritzsch/Lindenthal,Sachsen,Kreis Leipzig,6,Kreisoberliga,Stadtliga Frauen · Kreis Leipzig,0319R4CO10000004VS5489BTVSK8S3O6-G,7,2,0,0,2,1,5,-4,0,0.0,,fussball.de
1592,TuS Sulingen,Niedersachsen,Bezirk Hannover,6,Bezirksliga,Frauen Bezirksliga Hannover Staffel 1,0313H0TSKC000004VS5489BUVSBBVPEU-G,10,2,0,0,2,1,5,-4,0,0.0,,fussball.de
1593,Bornaer SV 91 e.V.,Sachsen,Kreis Leipzig,6,Kreisoberliga,Stadtliga Frauen · Kreis Leipzig,0319R4CO10000004VS5489BTVSK8S3O6-G,6,1,0,0,1,0,2,-2,0,0.0,,fussball.de
1594,"DSG Breitenthal II (7er, flex)",Südwest,Südwest,6,Bezirksliga (Verband),Frauen Bezirksliga Nord · Südwest,031EQKKBO8000003VS5489BUVUR5FS5A-G,4,1,0,0,1,0,2,-2,0,0.0,,fussball.de
1595,SC Enger 13/53 II,Westfalen,Bezirk Westfalen,6,Bezirksliga,Frauen Bezirksliga Staffel 1 · Bezirk Westfalen,0314GV3FRK000010VS5489BUVSBBVPEU-G,13,2,0,0,2,0,4,-4,0,0.0,,fussball.de
1596,SV Tauche,Brandenburg,Kreis Ostbrandenburg,6,Kreisliga,Kreisliga · Kreis Ostbrandenburg,031CP5NH8S00000HVS5489BTVUS470OH-G,9,1,0,0,1,0,2,-2,0,0.0,,fussball.de
1597,Post SV Oldenburg,Niedersachsen,Bezirk Weser-Ems,6,Bezirksliga,Frauen Bezirksliga Weser-Ems Mitte,0313O7G2CO000009VS5489BUVSBBVPEU-G,12,3,0,0,3,4,11,-7,0,0.0,,fussball.de
1598,Viktoria Mitte II,Berlin,Bezirk Berlin,6,Bezirksliga,Frauen Bezirksliga St.2 · Bezirk Berlin,0317AJFD7800000LVS5489BUVSBBVPEU-G,12,2,0,0,2,5,10,-5,0,0.0,,fussball.de
1599,FSG Wienau/Freirachdorf/Maischeid II (9er),Rheinland,Kreis Westerwald/Sieg,6,Kreisklasse,Frauen-Kreisklasse 1 · Kreis Westerwald/Sieg,031GIJJ1E4000006VS5489BTVVG7L386-G,7,2,0,0,2,3,8,-5,0,0.0,,fussball.de
1600,TSV Gellersen,Niedersachsen,Bezirk Lüneburg,6,Bezirksliga,Frauen Bezirksliga Lüneburg Ost,0316TCP0QO000006VS5489BTVU7GTVLE-G,11,2,0,0,2,3,8,-5,0,0.0,,fussball.de
1601,1. FC Mittelbuchen II,Hessen,Region Frankfurt,6,Gruppenliga,Frauen Gruppenliga Süd-Ost · Region Frankfurt,031CO2CTM400000EVS5489BTVUS470OH-G,10,2,0,0,2,2,7,-5,0,0.0,,fussball.de
1602,1.FC Wunstorf,Niedersachsen,Bezirk Hannover,6,Bezirksliga,Frauen Bezirksliga Hannover Staffel 1,0313H0TSKC000004VS5489BUVSBBVPEU-G,11,2,0,0,2,2,7,-5,0,0.0,,fussball.de
1603,BSC Acosta,Niedersachsen,Bezirk Braunschweig,6,Bezirksliga,Frauen Bezirksliga Staffel Nord/Mitte · Bezirk Braunschweig,031AHK4JGK00000BVS5489BUVV628VP4-G,11,2,0,0,2,2,7,-5,0,0.0,,fussball.de
1604,SC Hardt,Niederrhein,Bezirk Niederrhein,6,Bezirksliga,Bezirksliga Gruppe 2 · Bezirk Niederrhein,031EF19P7O00000FVS5489BUVUR5FS5A-G,13,2,0,0,2,2,7,-5,0,0.0,,fussball.de
1605,SV Würgau,Bayern,Bezirk Oberfranken,6,Bezirksoberliga,Frauen BOL · Bezirk Oberfranken,031DRLDMBK000005VS5489BUVUR5FS5A-G,10,2,0,0,2,2,7,-5,0,0.0,,fussball.de
1606,Union Tornesch 2.Fr.,Hamburg,Bezirksebene Hamburg,6,Bezirksliga,FBZL 01 · Bezirksebene Hamburg,0314CCB7IG000000VS5489BTVU7GTVLE-G,11,2,0,0,2,2,7,-5,0,0.0,,fussball.de
1607,HSC Hannover II,Niedersachsen,Bezirk Hannover,6,Bezirksliga,Frauen Bezirksliga Hannover Staffel 1,0313H0TSKC000004VS5489BUVSBBVPEU-G,13,2,0,0,2,1,6,-5,0,0.0,,fussball.de
1608,MTV Dänischenhagen,Schleswig-Holstein,Kreis Rendsburg-Eckernförde,6,Kreisliga,Kreisliga Nord-Ost RD-Eck · Kreis Rendsburg-Eckernförde,031JRC0OTC000004VS5489BTVSRD0UH9-G,10,2,0,0,2,1,6,-5,0,0.0,,fussball.de
1609,SG Bremen-Ost,Bremen,Bezirk Bremen,6,Bezirksliga,Bezirksliga - Hauptrunde · Bezirk Bremen,031FARD6IK000018VS5489BTVUS470OH-G,5,2,0,0,2,1,6,-5,0,0.0,,fussball.de
1610,SG Puma/Sparta,Niedersachsen,Bezirk Braunschweig,6,Bezirksliga,Frauen Bezirksliga Staffel Süd · Bezirk Braunschweig,031AHK4JPK00000GVS5489BUVV628VP4-G,10,2,0,0,2,1,6,-5,0,0.0,,fussball.de
1611,HEBC 1.Fr.,Hamburg,Bezirksebene Hamburg,6,Bezirksliga,FBZL 01 · Bezirksebene Hamburg,0314CCB7IG000000VS5489BTVU7GTVLE-G,12,2,0,0,2,0,5,-5,0,0.0,,fussball.de
1612,TSV Mariendorf 1897,Berlin,Bezirk Berlin,6,Bezirksliga,Frauen Bezirksliga St.1 · Bezirk Berlin,0317AJFCVG00000IVS5489BUVSBBVPEU-G,11,2,0,0,2,0,5,-5,0,0.0,,fussball.de
1613,SV Gescher,Westfalen,Bezirk Westfalen,6,Bezirksliga,Frauen Bezirksliga Staffel 6 · Bezirk Westfalen,0314GV3HCK00000NVS5489BUVSBBVPEU-G,13,3,0,0,3,5,13,-8,0,0.0,,fussball.de
1614,SSV Rhade II,Westfalen,Bezirk Westfalen,6,Bezirksliga,Frauen Bezirksliga Staffel 5 · Bezirk Westfalen,0314GV3H4S00000OVS5489BUVSBBVPEU-G,14,3,0,0,3,3,11,-8,0,0.0,,fussball.de
1615,TSG 07 Burg Gretesch II,Niedersachsen,Bezirk Weser-Ems,6,Bezirksliga,Frauen Bezirksliga Weser-Ems Süd,0313O7G2LS00000BVS5489BUVSBBVPEU-G,12,3,0,0,3,3,11,-8,0,0.0,,fussball.de
1616,SV Diez-Freiendiez II,Rheinland,Kreis Westerwald/Sieg,6,Kreisklasse,Frauen-Kreisklasse 1 · Kreis Westerwald/Sieg,031GIJJ1E4000006VS5489BTVVG7L386-G,6,1,0,0,1,4,7,-3,0,0.0,,fussball.de
1617,TSV Rot-Weiß Niebüll,Schleswig-Holstein,Kreis Schleswig-Flensburg,6,Kreisliga,Frauen Kreisliga Nord · Kreis Schleswig-Flensburg,031JUIT5PG000004VS5489BUVVKNMR0J-G,9,1,0,0,1,3,6,-3,0,0.0,,fussball.de
1618,DJK Nbg.-Eibach,Bayern,Bezirk Mittelfranken,6,Bezirksoberliga,Frauen BOL · Bezirk Mittelfranken,031DNDGVQC000006VS5489BTVUS470OH-G,9,1,0,0,1,2,5,-3,0,0.0,,fussball.de
1619,TSV Mörsdorf,Bayern,Bezirk Mittelfranken,6,Bezirksoberliga,Frauen BOL · Bezirk Mittelfranken,031DNDGVQC000006VS5489BTVUS470OH-G,10,1,0,0,1,2,5,-3,0,0.0,,fussball.de
1620,DJK SF Katernberg,Niederrhein,Bezirk Niederrhein,6,Bezirksliga,Bezirksliga Gruppe 4 · Bezirk Niederrhein,031EF19PL800000DVS5489BUVUR5FS5A-G,12,2,0,0,2,3,9,-6,0,0.0,,fussball.de
1621,VfL Trier II,Rheinland,Kreis Trier/Saarburg,6,Kreisklasse,Frauen-Kreisklasse 4 · Kreis Trier/Saarburg,031GILDB80000007VS5489BTVVG7L386-G,8,3,0,0,3,4,13,-9,0,0.0,,fussball.de
1622,DJK BW Hildesheim,Niedersachsen,Bezirk Hannover,6,Bezirksliga,Frauen Bezirksliga Hannover Staffel 2,0313H10RD0000004VS5489BUVSBBVPEU-G,11,2,0,0,2,2,8,-6,0,0.0,,fussball.de
1623,FSV Rot-Weiß Luckau,Brandenburg,Kreis Südbrandenburg,6,Kreisliga,SBB/NL-Frauen-Kreisliga · Kreis Südbrandenburg,031F55NRLC000004VS5489BUVSJ4CRAP-G,12,2,0,0,2,2,8,-6,0,0.0,,fussball.de
1624,SSV Elze,Niedersachsen,Bezirk Hannover,6,Bezirksliga,Frauen Bezirksliga Hannover Staffel 2,0313H10RD0000004VS5489BUVSBBVPEU-G,12,2,0,0,2,2,8,-6,0,0.0,,fussball.de
1625,SSV Förste,Niedersachsen,Bezirk Hannover,6,Bezirksliga,Frauen Bezirksliga Hannover Staffel 2,0313H10RD0000004VS5489BUVSBBVPEU-G,13,2,0,0,2,2,8,-6,0,0.0,,fussball.de
1626,SV Friedrichsfehn,Niedersachsen,Bezirk Weser-Ems,6,Bezirksliga,Frauen Bezirksliga Weser-Ems Nord,0313O7G2TC00000BVS5489BUVSBBVPEU-G,12,3,0,0,3,3,12,-9,0,0.0,,fussball.de
1627,Spvgg. 03 Fechenheim,Hessen,Region Frankfurt,6,Gruppenliga,Frauen Gruppenliga Süd-Ost · Region Frankfurt,031CO2CTM400000EVS5489BTVUS470OH-G,12,3,0,0,3,3,12,-9,0,0.0,,fussball.de
1628,SV Leithe 19/65,Niederrhein,Bezirk Niederrhein,6,Bezirksliga,Bezirksliga Gruppe 4 · Bezirk Niederrhein,031EF19PL800000DVS5489BUVUR5FS5A-G,13,2,0,0,2,1,7,-6,0,0.0,,fussball.de
1629,SV Pfingstweide 9er,Südwest,Südwest,6,Bezirksliga (Verband),Frauen Bezirksliga Mitte · Südwest,031EV7TSU8000003VS5489BTVUS470OH-G,6,2,0,0,2,1,7,-6,0,0.0,,fussball.de
1630,SpG BW Ladeburg/FSV Bernau,Brandenburg,Kreis Oberhavel/Barnim,6,Kreisliga,Kreisliga Frauen · Kreis Oberhavel/Barnim,03142N5IIC00000CVS5489BUVSBBVPEU-G,8,2,0,0,2,1,7,-6,0,0.0,,fussball.de
1631,CSV Marathon Krefeld,Niederrhein,Bezirk Niederrhein,6,Bezirksliga,Bezirksliga Gruppe 2 · Bezirk Niederrhein,031EF19P7O00000FVS5489BUVUR5FS5A-G,14,2,0,0,2,0,6,-6,0,0.0,,fussball.de
1632,FC Sängerstadt Finsterwalde,Brandenburg,Kreis Südbrandenburg,6,Kreisliga,SBB/NL-Frauen-Kreisliga · Kreis Südbrandenburg,031F55NRLC000004VS5489BUVSJ4CRAP-G,11,1,0,0,1,0,3,-3,0,0.0,,fussball.de
1633,SC Regensburg 2 (N),Bayern,Bezirk Oberpfalz,6,Bezirksoberliga,Frauen BOL · Bezirk Oberpfalz,0316VD0FOS000006VS5489BTVU7GTVLE-G,9,1,0,0,1,0,3,-3,0,0.0,,fussball.de
1634,SV Panitzsch/Borsdorf 1920 I,Sachsen,Kreis Leipzig,6,Kreisoberliga,Stadtklasse Frauen · Kreis Leipzig,031JVGRBCK000004VS5489BTVSRD0UH9-G,8,1,0,0,1,0,3,-3,0,0.0,,fussball.de
1635,TSV Hattstedt,Schleswig-Holstein,Kreis Schleswig-Flensburg,6,Kreisliga,Frauen Kreisliga Nord · Kreis Schleswig-Flensburg,031JUIT5PG000004VS5489BUVVKNMR0J-G,10,1,0,0,1,0,3,-3,0,0.0,,fussball.de
1636,Friedenauer TSC,Berlin,Bezirk Berlin,6,Bezirksliga,Frauen Bezirksliga St.1 · Bezirk Berlin,0317AJFCVG00000IVS5489BUVSBBVPEU-G,12,2,0,0,2,3,10,-7,0,0.0,,fussball.de
1637,CfR Links II.,Niederrhein,Bezirk Niederrhein,6,Bezirksliga,Bezirksliga Gruppe 1 · Bezirk Niederrhein,031EF19OVG00000GVS5489BUVUR5FS5A-G,12,2,0,0,2,2,9,-7,0,0.0,,fussball.de
1638,Hemdener SV,Niederrhein,Bezirk Niederrhein,6,Bezirksliga,Bezirksliga Gruppe 3 · Bezirk Niederrhein,031EF19PEK000007VS5489BUVUR5FS5A-G,13,2,0,0,2,2,9,-7,0,0.0,,fussball.de
1639,SG Mitte NF,Schleswig-Holstein,Kreis Schleswig-Flensburg,6,Kreisliga,Frauen Kreisliga Nord · Kreis Schleswig-Flensburg,031JUIT5PG000004VS5489BUVVKNMR0J-G,11,2,0,0,2,2,9,-7,0,0.0,,fussball.de
1640,FSG Fleckeby/Rieseby,Schleswig-Holstein,Kreis Rendsburg-Eckernförde,6,Kreisliga,Kreisliga Nord-Ost RD-Eck · Kreis Rendsburg-Eckernförde,031JRC0OTC000004VS5489BTVSRD0UH9-G,11,2,0,0,2,1,8,-7,0,0.0,,fussball.de
1641,RSV Würges,Hessen,Region Wiesbaden,6,Gruppenliga,Frauen Gruppenliga Süd-West · Region Wiesbaden,031E2AVBQ4000002VS5489BUVUR5FS5A-G,11,2,0,0,2,1,8,-7,0,0.0,,fussball.de
1642,TSV Bicken,Hessen,Region Gießen / Marburg,6,Gruppenliga,Frauen GL Nord-West · Region Gießen / Marburg,031COEE52400000CVS5489BTVUS470OH-G,8,2,0,0,2,1,8,-7,0,0.0,,fussball.de
1643,TuS Issel,,Deutschland,6,Regionalliga,Regionalliga Südwest,0312Q1GS9G000003VS5489BTVU7GTVLE-G,10,2,0,0,2,1,8,-7,0,0.0,,fussball.de
1644,SG Nartum/Horstedt,Niedersachsen,Bezirk Lüneburg,6,Bezirksliga,Frauen Bezirksliga Lüneburg West,0316TCPT6K000006VS5489BTVU7GTVLE-G,12,2,0,0,2,0,7,-7,0,0.0,,fussball.de
1645,TSV Eixe,Niedersachsen,Bezirk Braunschweig,6,Bezirksliga,Frauen Bezirksliga Staffel Nord/Mitte · Bezirk Braunschweig,031AHK4JGK00000BVS5489BUVV628VP4-G,12,2,0,0,2,0,7,-7,0,0.0,,fussball.de
1646,SG Lieme/Bexterhagen,Westfalen,Bezirk Westfalen,6,Bezirksliga,Frauen Bezirksliga Staffel 1 · Bezirk Westfalen,0314GV3FRK000010VS5489BUVSBBVPEU-G,14,3,0,0,3,2,13,-11,0,0.0,,fussball.de
1647,SG Wohlde/Südwinsen I,Niedersachsen,Bezirk Lüneburg,6,Bezirksliga,Frauen Bezirksliga Lüneburg Ost,0316TCP0QO000006VS5489BTVU7GTVLE-G,12,3,0,0,3,2,13,-11,0,0.0,,fussball.de
1648,VFL Eiterfeld,Hessen,Region Fulda,6,Gruppenliga,Frauen Gruppenliga Nord-Ost · Region Fulda,031CO2GG3O00000GVS5489BTVUS470OH-G,10,3,0,0,3,2,13,-11,0,0.0,,fussball.de
1649,SV Fortuna Leipzig 1,Sachsen,Kreis Leipzig,6,Kreisoberliga,Stadtliga Frauen · Kreis Leipzig,0319R4CO10000004VS5489BTVSK8S3O6-G,8,2,0,0,2,3,11,-8,0,0.0,,fussball.de
1650,FC Pegnitz,Bayern,Bezirk Mittelfranken,6,Bezirksoberliga,Frauen BOL · Bezirk Mittelfranken,031DNDGVQC000006VS5489BTVUS470OH-G,11,1,0,0,1,1,5,-4,0,0.0,,fussball.de
1651,TSV Dannau,Schleswig-Holstein,Kreis Kiel,6,Kreisliga,Frauen Kreisliga Mitte-Ost · Kreis Kiel,031JIUQGOG000005VS5489BTVSRD0UH9-G,9,1,0,0,1,1,5,-4,0,0.0,,fussball.de
1652,TV21 Büchenbach,Bayern,Bezirk Mittelfranken,6,Bezirksoberliga,Frauen BOL · Bezirk Mittelfranken,031DNDGVQC000006VS5489BTVUS470OH-G,12,1,0,0,1,1,5,-4,0,0.0,,fussball.de
1653,TuS St. Arnold,Westfalen,Bezirk Westfalen,6,Bezirksliga,Frauen Bezirksliga Staffel 6 · Bezirk Westfalen,0314GV3HCK00000NVS5489BUVSBBVPEU-G,14,3,0,0,3,3,15,-12,0,0.0,,fussball.de
1654,Radebeuler BC,Sachsen,Kreis Dresden,6,Kreisoberliga,Stadtloberliga · Kreis Dresden,03171VKFFG000009VS5489BTVU7GTVLE-G,8,2,0,0,2,1,9,-8,0,0.0,,fussball.de
1655,1. FFC Niederkirchen,,Deutschland,6,Regionalliga,Regionalliga Südwest,0312Q1GS9G000003VS5489BTVU7GTVLE-G,11,3,0,0,3,1,13,-12,0,0.0,,fussball.de
1656,1. FC Naurod 1928,Hessen,Region Wiesbaden,6,Gruppenliga,Frauen Gruppenliga Süd-West · Region Wiesbaden,031E2AVBQ4000002VS5489BUVUR5FS5A-G,12,2,0,0,2,0,8,-8,0,0.0,,fussball.de
1657,FSG HiMo/SDW,Saarland,Bezirk Saarland,6,Bezirksliga,Bezirksliga Vorrunde · Bezirk Saarland,031C3V02R0000004VS5489BUVUR5FS5A-G,10,1,0,0,1,0,4,-4,0,0.0,,fussball.de
1658,FSV Forst Borgsdorf II,Brandenburg,Kreis Oberhavel/Barnim,6,Kreisliga,Kreisliga Frauen · Kreis Oberhavel/Barnim,03142N5IIC00000CVS5489BUVSBBVPEU-G,7,1,0,0,1,0,4,-4,0,0.0,,fussball.de
1659,SC HarzTor,Niedersachsen,Bezirk Braunschweig,6,Bezirksliga,Frauen Bezirksliga Staffel Süd · Bezirk Braunschweig,031AHK4JPK00000GVS5489BUVV628VP4-G,9,1,0,0,1,0,4,-4,0,0.0,,fussball.de
1660,SG Böhl-Iggelheim 9er Flex,Südwest,Südwest,6,Bezirksliga (Verband),Frauen Bezirksliga Süd · Südwest,031CHR0AM0000004VS5489BTVUS470OH-G,5,1,0,0,1,0,4,-4,0,0.0,,fussball.de
1661,Sternschanze 3.Fr.,Hamburg,Bezirksebene Hamburg,6,Bezirksliga,FBZL 02 · Bezirksebene Hamburg,0314CCB7QC00000FVS5489BTVU7GTVLE-G,11,2,0,0,2,0,8,-8,0,0.0,,fussball.de
1662,Holzwickeder Sport Club,Westfalen,Bezirk Westfalen,6,Bezirksliga,Frauen Bezirksliga Staffel 3 · Bezirk Westfalen,0314GV3GHC000013VS5489BUVSBBVPEU-G,14,3,0,0,3,4,17,-13,0,0.0,,fussball.de
1663,FSG Nettetal Rüber,Rheinland,Kreis Rhein/Ahr,6,Kreisklasse,Frauen-Kreisklasse 2 · Kreis Rhein/Ahr,031GIKB0P8000003VS5489BTVVG7L386-G,7,3,0,0,3,3,16,-13,0,0.0,,fussball.de
1664,FSG Leeheim/Crumstadt,Hessen,Region Frankfurt,6,Gruppenliga,Frauen Gruppenliga Süd-Ost · Region Frankfurt,031CO2CTM400000EVS5489BTVUS470OH-G,11,2,0,0,2,3,12,-9,0,0.0,,fussball.de
1665,Roter Stern Leipzig 99 3,Sachsen,Kreis Leipzig,6,Kreisoberliga,Stadtliga Frauen · Kreis Leipzig,0319R4CO10000004VS5489BTVSK8S3O6-G,9,2,0,0,2,2,11,-9,0,0.0,,fussball.de
1666,Walddörfer 2.Fr.,Hamburg,Bezirksebene Hamburg,6,Bezirksliga,FBZL 02 · Bezirksebene Hamburg,0314CCB7QC00000FVS5489BTVU7GTVLE-G,12,2,0,0,2,2,11,-9,0,0.0,,fussball.de
1667,SG Putlos/Riepsdorf,Schleswig-Holstein,Kreis Kiel,6,Kreisliga,Frauen Kreisliga Mitte-Ost · Kreis Kiel,031JIUQGOG000005VS5489BTVSRD0UH9-G,10,2,0,0,2,1,10,-9,0,0.0,,fussball.de
1668,SG Raadt/Mintard,Niederrhein,Bezirk Niederrhein,6,Bezirksliga,Bezirksliga Gruppe 4 · Bezirk Niederrhein,031EF19PL800000DVS5489BUVUR5FS5A-G,14,2,0,0,2,1,10,-9,0,0.0,,fussball.de
1669,Fortuna Walstedde,Westfalen,Bezirk Westfalen,6,Bezirksliga,Frauen Bezirksliga Staffel 4 · Bezirk Westfalen,0314GV3GS800000SVS5489BUVSBBVPEU-G,13,2,0,0,2,5,15,-10,0,0.0,,fussball.de
1670,SV Fortuna St. Jürgen II,Schleswig-Holstein,Kreis Lübeck,6,Kreisliga,Kreisliga Süd · Kreis Lübeck,031CHKPPM0000004VS5489BTVUS470OH-G,11,1,0,0,1,2,7,-5,0,0.0,,fussball.de
1671,SV Weyhe II,Niedersachsen,Bezirk Hannover,6,Bezirksliga,Frauen Bezirksliga Hannover Staffel 1,0313H0TSKC000004VS5489BUVSBBVPEU-G,12,1,0,0,1,2,7,-5,0,0.0,,fussball.de
1672,FSG Vettelschoß-St. Katharinen,Rheinland,Kreis Westerwald/Sieg,6,Kreisklasse,Frauen-Kreisklasse 1 · Kreis Westerwald/Sieg,031GIJJ1E4000006VS5489BTVVG7L386-G,9,2,0,0,2,3,13,-10,0,0.0,,fussball.de
1673,TuS Tensfeld,Schleswig-Holstein,Kreis Kiel,6,Kreisliga,Frauen Kreisliga Mitte-Ost · Kreis Kiel,031JIUQGOG000005VS5489BTVSRD0UH9-G,11,3,0,0,3,4,19,-15,0,0.0,,fussball.de
1674,FC Vulkaneifel Manderscheid,Rheinland,Kreis Eifel,6,Kreisklasse,Frauen-Kreisklasse 3 · Kreis Eifel,031GIKVLV8000006VS5489BTVVG7L386-G,8,3,0,0,3,3,18,-15,0,0.0,,fussball.de
1675,SSV Pachten - 9er,Saarland,Bezirk Saarland,6,Bezirksliga,Bezirksliga Vorrunde · Bezirk Saarland,031C3V02R0000004VS5489BUVUR5FS5A-G,12,2,0,0,2,2,12,-10,0,0.0,,fussball.de
1676,SV Kreimbach-Kaulbach (flex),Südwest,Südwest,6,Bezirksliga (Verband),Frauen Bezirksliga West · Südwest,031DELDGM4000003VS5489BUVUR5FS5A-G,8,2,0,0,2,1,11,-10,0,0.0,,fussball.de
1677,SV Stern Britz,Berlin,Bezirk Berlin,6,Bezirksliga,Frauen Bezirksliga St.1 · Bezirk Berlin,0317AJFCVG00000IVS5489BUVSBBVPEU-G,13,2,0,0,2,1,11,-10,0,0.0,,fussball.de
1678,1.FFG Homburg 2001 - 9er,Saarland,Bezirk Saarland,6,Bezirksliga,Bezirksliga Vorrunde · Bezirk Saarland,031C3V02R0000004VS5489BUVUR5FS5A-G,11,1,0,0,1,0,5,-5,0,0.0,,fussball.de
1679,BV Gräfrath,Niederrhein,Bezirk Niederrhein,6,Bezirksliga,Bezirksliga Gruppe 1 · Bezirk Niederrhein,031EF19OVG00000GVS5489BUVUR5FS5A-G,13,2,0,0,2,0,10,-10,0,0.0,,fussball.de
1680,FC Schradenland,Brandenburg,Kreis Südbrandenburg,6,Kreisliga,SBB/NL-Frauen-Kreisliga · Kreis Südbrandenburg,031F55NRLC000004VS5489BUVSJ4CRAP-G,13,2,0,0,2,0,10,-10,0,0.0,,fussball.de
1681,FSG Oldendorf Itzehoe,Schleswig-Holstein,Kreis Westküste,6,Kreisliga,Staffel 4 West (WK) · Kreis Westküste,031KUBKDGG000004VS5489BUVVKNMR0J-G,11,1,0,0,1,0,5,-5,0,0.0,,fussball.de
1682,SC Westernohe,Rheinland,Kreis Westerwald/Sieg,6,Kreisklasse,Frauen-Kreisklasse 1 · Kreis Westerwald/Sieg,031GIJJ1E4000006VS5489BTVVG7L386-G,8,1,0,0,1,0,5,-5,0,0.0,,fussball.de
1683,DJK RW Alverskirchen,Westfalen,Bezirk Westfalen,6,Bezirksliga,Frauen Bezirksliga Staffel 4 · Bezirk Westfalen,0314GV3GS800000SVS5489BUVSBBVPEU-G,14,3,0,0,3,2,18,-16,0,0.0,,fussball.de
1684,TSV Cossebaude,Sachsen,Kreis Dresden,6,Kreisoberliga,Stadtloberliga · Kreis Dresden,03171VKFFG000009VS5489BTVU7GTVLE-G,9,2,0,0,2,3,14,-11,0,0.0,,fussball.de
1685,FC Eintracht Münchberg,Bayern,Bezirk Oberfranken,6,Bezirksoberliga,Frauen BOL · Bezirk Oberfranken,031DRLDMBK000005VS5489BUVUR5FS5A-G,11,2,0,0,2,2,13,-11,0,0.0,,fussball.de
1686,TSV Klein-Linden II,Hessen,Region Gießen / Marburg,6,Gruppenliga,Frauen GL Nord-West · Region Gießen / Marburg,031COEE52400000CVS5489BTVUS470OH-G,9,2,0,0,2,1,12,-11,0,0.0,,fussball.de
1687,SSVg 06 Haan,Niederrhein,Bezirk Niederrhein,6,Bezirksliga,Bezirksliga Gruppe 1 · Bezirk Niederrhein,031EF19OVG00000GVS5489BUVUR5FS5A-G,14,2,0,0,2,0,11,-11,0,0.0,,fussball.de
1688,SV Altstadt,Saarland,Bezirk Saarland,6,Bezirksliga,Bezirksliga Vorrunde · Bezirk Saarland,031C3V02R0000004VS5489BUVUR5FS5A-G,13,2,0,0,2,3,15,-12,0,0.0,,fussball.de
1689,VfR Wormatia 08 Worms,,Deutschland,6,Regionalliga,Regionalliga Südwest,0312Q1GS9G000003VS5489BTVU7GTVLE-G,12,3,0,0,3,2,20,-18,0,0.0,,fussball.de
1690,DJK Don Bosco Bamberg,Bayern,Bezirk Oberfranken,6,Bezirksoberliga,Frauen BOL · Bezirk Oberfranken,031DRLDMBK000005VS5489BUVUR5FS5A-G,12,2,0,0,2,1,13,-12,0,0.0,,fussball.de
1691,ASV Mörsch Frauen 7er (flex),Südwest,Südwest,6,Bezirksliga (Verband),Frauen Bezirksliga Mitte · Südwest,031EV7TSU8000003VS5489BTVUS470OH-G,7,1,0,0,1,0,6,-6,0,0.0,,fussball.de
1692,SG Ingelheim / Drais III (flex),Südwest,Südwest,6,Bezirksliga (Verband),Frauen Bezirksliga Nord · Südwest,031EQKKBO8000003VS5489BUVUR5FS5A-G,5,1,0,0,1,0,6,-6,0,0.0,,fussball.de
1693,SG LVB II,Sachsen,Kreis Leipzig,6,Kreisoberliga,Stadtklasse Frauen · Kreis Leipzig,031JVGRBCK000004VS5489BTVSRD0UH9-G,10,2,0,0,2,0,12,-12,0,0.0,,fussball.de
1694,SV Aufbau Pirna-Copitz,Sachsen,Kreis Sächs.Schweiz/Osterzgeb.,6,Kreisoberliga,Kreisoberliga · Kreis Sächs.Schweiz/Osterzgeb.,031LHJG0TG000004VS5489BUVVKNMR0J-G,10,1,0,0,1,0,6,-6,0,0.0,,fussball.de
1695,SV Oesbern II,Westfalen,Bezirk Westfalen,6,Bezirksliga,Frauen Bezirksliga Staffel 3 · Bezirk Westfalen,0314GV3GHC000013VS5489BUVSBBVPEU-G,13,2,0,0,2,0,12,-12,0,0.0,,fussball.de
1696,TSV Theuern 2,Bayern,Bezirk Oberpfalz,6,Bezirksoberliga,Frauen BOL · Bezirk Oberpfalz,0316VD0FOS000006VS5489BTVU7GTVLE-G,10,1,0,0,1,0,6,-6,0,0.0,,fussball.de
1697,FSG Daleiden (9er),Rheinland,Kreis Eifel,6,Kreisklasse,Frauen-Kreisklasse 3 · Kreis Eifel,031GIKVLV8000006VS5489BTVVG7L386-G,7,2,0,0,2,2,15,-13,0,0.0,,fussball.de
1698,MSV Duisburg III. U20,Niederrhein,Bezirk Niederrhein,6,Bezirksliga,Bezirksliga Gruppe 3 · Bezirk Niederrhein,031EF19PEK000007VS5489BUVUR5FS5A-G,14,2,0,0,2,2,15,-13,0,0.0,,fussball.de
1699,SG Sollingtor / Würgassen,Westfalen,Bezirk Westfalen,6,Bezirksliga,Frauen Bezirksliga Staffel 2 · Bezirk Westfalen,0314GV3G6S00000CVS5489BUVSBBVPEU-G,14,2,0,0,2,1,14,-13,0,0.0,,fussball.de
1700,1. FFC Neuwied (9er),Rheinland,Kreis Rhein/Ahr,6,Kreisklasse,Frauen-Kreisklasse 2 · Kreis Rhein/Ahr,031GIKB0P8000003VS5489BTVVG7L386-G,9,3,0,0,3,3,23,-20,0,0.0,,fussball.de
1701,FSG Zewen (9er),Rheinland,Kreis Trier/Saarburg,6,Kreisklasse,Frauen-Kreisklasse 4 · Kreis Trier/Saarburg,031GILDB80000007VS5489BTVVG7L386-G,7,1,0,0,1,3,10,-7,0,0.0,,fussball.de
1702,TSV Wustrau,Brandenburg,Kreis Prignitz/Ruppin,6,Kreisliga,Kreisliga Frauen · Kreis Prignitz/Ruppin,031JVGVNLO00000DVS5489BUVVKNMR0J-G,10,1,0,0,1,2,9,-7,0,0.0,,fussball.de
1703,SV Pfaffendorf (9er),Rheinland,Kreis Rhein/Ahr,6,Kreisklasse,Frauen-Kreisklasse 2 · Kreis Rhein/Ahr,031GIKB0P8000003VS5489BTVVG7L386-G,8,2,0,0,2,1,15,-14,0,0.0,,fussball.de
1704,SV 1908 Grün-Weiss Ahrensfelde,Brandenburg,Kreis Oberhavel/Barnim,6,Kreisliga,Kreisliga Frauen · Kreis Oberhavel/Barnim,03142N5IIC00000CVS5489BUVSBBVPEU-G,9,2,0,0,2,0,14,-14,0,0.0,,fussball.de
1705,FC Deetz,Brandenburg,Kreis Havelland,6,Kreisliga,Kreisliga Frauen (Kerstin Grothe-Benkenstein) · Kreis Havelland,031HTI8PTO000004VS5489BTVSRD0UH9-G,11,2,0,0,2,0,15,-15,0,0.0,,fussball.de
1706,SG Herschweiler-Pettersheim/Langenbach,Südwest,Südwest,6,Bezirksliga (Verband),Frauen Bezirksliga West · Südwest,031DELDGM4000003VS5489BUVUR5FS5A-G,7,1,0,0,1,1,9,-8,0,0.0,,fussball.de
1707,SG Schulzendorf,Brandenburg,Kreis Dahme/Fläming,6,Kreisliga,Kreisliga · Kreis Dahme/Fläming,031CGDDNC800000JVS5489BUVUR5FS5A-G,8,1,0,0,1,0,8,-8,0,0.0,,fussball.de
1708,SG Einheit Dresden-Mitte,Sachsen,Kreis Dresden,6,Kreisoberliga,Stadtloberliga · Kreis Dresden,03171VKFFG000009VS5489BTVU7GTVLE-G,10,2,0,0,2,2,19,-17,0,0.0,,fussball.de
1709,SV Roskow,Brandenburg,Kreis Havelland,6,Kreisliga,Kreisliga Frauen (Kerstin Grothe-Benkenstein) · Kreis Havelland,031HTI8PTO000004VS5489BTVSRD0UH9-G,10,1,0,0,1,2,11,-9,0,0.0,,fussball.de
1710,Roter Stern Leipzig 99 4,Sachsen,Kreis Leipzig,6,Kreisoberliga,Stadtklasse Frauen · Kreis Leipzig,031JVGRBCK000004VS5489BTVSRD0UH9-G,11,2,0,0,2,2,20,-18,0,0.0,,fussball.de
1711,SV Grohn,Bremen,Bezirk Bremen,6,Bezirksliga,Bezirksliga - Hauptrunde · Bezirk Bremen,031FARD6IK000018VS5489BTVUS470OH-G,6,2,0,0,2,1,19,-18,0,0.0,,fussball.de
1712,FSV Fortuna Pankow,Berlin,Bezirk Berlin,6,Bezirksliga,Frauen Bezirksliga St.2 · Bezirk Berlin,0317AJFD7800000LVS5489BUVSBBVPEU-G,13,1,0,0,1,0,9,-9,0,0.0,,fussball.de
1713,SV West 03 Leipzig,Sachsen,Kreis Leipzig,6,Kreisoberliga,Stadtklasse Frauen · Kreis Leipzig,031JVGRBCK000004VS5489BTVSRD0UH9-G,12,2,0,0,2,0,20,-20,0,0.0,,fussball.de
1714,FFC Tegel 2026,Berlin,Bezirk Berlin,6,Bezirksliga,Frauen Bezirksliga St.1 · Bezirk Berlin,0317AJFCVG00000IVS5489BUVSBBVPEU-G,14,2,0,0,2,1,22,-21,0,0.0,,fussball.de
1715,KSV Sperenberg,Brandenburg,Kreis Dahme/Fläming,6,Kreisliga,Kreisliga · Kreis Dahme/Fläming,031CGDDNC800000JVS5489BUVUR5FS5A-G,9,1,0,0,1,0,12,-12,0,0.0,,fussball.de
1716,SC Blau-Weiß Auwel-Holt,Niederrhein,Kreis Kempen-Krefeld,7,Kreisliga A,Frauen-Kreisliga Gruppe 5 · Kreis Kempen-Krefeld,031G0I78HK000000VS5489BUVSJ4CRAP-G,1,2,2,0,0,44,2,42,6,3.0,,fussball.de
1717,SG Lette-Stromberg,Westfalen,Kreis Beckum,7,Kreisliga A,Frauen Kreisliga A Beckum-Gütersloh,031AROBD8G000004VS5489BTVSK8S3O6-G,1,1,1,0,0,13,0,13,3,3.0,,fussball.de
1718,Lieth 1.Fr.,Hamburg,Kreisebene Hamburg,7,Kreisliga,FKL 01 · Kreisebene Hamburg,0314CF1BNG00000FVS5489BTVU7GTVLE-G,1,2,2,0,0,25,0,25,6,3.0,,fussball.de
1719,SF Broekhuysen,Niederrhein,Kreis Kempen-Krefeld,7,Kreisliga A,Frauen-Kreisliga Gruppe 5 · Kreis Kempen-Krefeld,031G0I78HK000000VS5489BUVSJ4CRAP-G,2,2,2,0,0,24,0,24,6,3.0,,fussball.de
1720,VfL Theesen,Westfalen,Kreis Bielefeld,7,Kreisliga A,Kreisliga A · Kreis Bielefeld,03139CLFSK00000HVS5489BUVSBBVPEU-G,1,1,1,0,0,12,0,12,3,3.0,,fussball.de
1721,Niendorf 2.Fr.,Hamburg,Kreisebene Hamburg,7,Kreisliga,FKL 01 · Kreisebene Hamburg,0314CF1BNG00000FVS5489BTVU7GTVLE-G,2,2,2,0,0,23,0,23,6,3.0,,fussball.de
1722,TuS Alchen,Westfalen,Kreis Siegen-Wittgenstein,7,Kreisliga A,Frauen Kreisliga A - SIWI · Kreis Siegen-Wittgenstein,031F18VB8O000004VS5489BTVUS470OH-G,1,1,1,0,0,11,0,11,3,3.0,,fussball.de
1723,SG Lüttingen/Borth,Niederrhein,Kreis Moers,7,Kreisliga A,Frauen Kreisliga A Gruppe 7 · Kreis Moers,031G0PR1MS000005VS5489BUVSJ4CRAP-G,1,2,2,0,0,22,1,21,6,3.0,,fussball.de
1724,Dülkener FC,Niederrhein,Kreis Kempen-Krefeld,7,Kreisliga A,Frauen-Kreisliga Gruppe 5 · Kreis Kempen-Krefeld,031G0I78HK000000VS5489BUVSJ4CRAP-G,3,2,2,0,0,21,0,21,6,3.0,,fussball.de
1725,TSV Weeze,Niederrhein,Kreis Moers,7,Kreisliga A,Frauen Kreisliga A Gruppe 7 · Kreis Moers,031G0PR1MS000005VS5489BUVSJ4CRAP-G,2,2,2,0,0,21,0,21,6,3.0,,fussball.de
1726,SV Weyhe III,Niedersachsen,Kreis Diepholz,7,Kreisliga,Kreisliga Frauen · Kreis Diepholz,031EAMUNMC000003VS5489BTVUS470OH-G,1,2,2,0,0,21,1,20,6,3.0,,fussball.de
1727,SV Fortuna Freudenberg III,Westfalen,Kreis Siegen-Wittgenstein,7,Kreisliga A,Frauen Kreisliga A - SIWI · Kreis Siegen-Wittgenstein,031F18VB8O000004VS5489BTVUS470OH-G,2,1,1,0,0,10,0,10,3,3.0,,fussball.de
1728,SC Elmenhorst (7er),Schleswig-Holstein,Kreis Segeberg,7,Kreisklasse A,Frauen Kreisklasse A Süd · Kreis Segeberg,031M6KFOP4000003VS5489BTVSRD0UH9-G,1,2,2,0,0,20,1,19,6,3.0,,fussball.de
1729,Duisburger SV 1900,Niederrhein,Kreis Oberhausen-Bottrop,7,Kreisliga A,Frauen-Kreisliga Gruppe 4 · Kreis Oberhausen-Bottrop,031G0GMSC0000008VS5489BUVSJ4CRAP-G,1,2,2,0,0,19,0,19,6,3.0,,fussball.de
1730,FSG Schwalbach/Niederhöchstadt II,Hessen,Region Wiesbaden,7,Oberliga (Region),FKOL WI Gr. 1 · Region Wiesbaden,031F004GGG00000BVS5489BTVUS470OH-G,1,3,3,0,0,32,4,28,9,3.0,,fussball.de
1731,SV Allner-Bödingen 3,Mittelrhein,Kreis Sieg,7,Kreisliga A,Frauen Kreisliga A · Kreis Sieg,031QKMK61O000004VS5489BUVSV0FPBG-G,1,1,1,0,0,10,1,9,3,3.0,,fussball.de
1732,Dellbrück I,Mittelrhein,Kreis Köln,7,Kreisliga A,Kreisliga A - Frauen · Kreis Köln,030TOD9FC4000003VS5489BUVSOV43J9-G,3,1,1,0,0,9,0,9,3,3.0,,fussball.de
1733,FSG Kaki-StuSie 2 (7er),Schleswig-Holstein,Kreis Segeberg,7,Kreisklasse A,Frauen Kreisklasse A Süd · Kreis Segeberg,031M6KFOP4000003VS5489BTVSRD0UH9-G,2,1,1,0,0,9,0,9,3,3.0,,fussball.de
1734,SC Norddörfer (7er),Schleswig-Holstein,Kreis Nordfriesland,7,Kreisklasse A,Frauen KKA N-W (NF) · Kreis Nordfriesland,031LG3V0J4000004VS5489BTVSRD0UH9-G,1,1,1,0,0,9,0,9,3,3.0,,fussball.de
1735,SV Gosenbach,Westfalen,Kreis Siegen-Wittgenstein,7,Kreisliga A,Frauen Kreisliga A - SIWI · Kreis Siegen-Wittgenstein,031F18VB8O000004VS5489BTVUS470OH-G,3,1,1,0,0,9,0,9,3,3.0,,fussball.de
1736,SpG SG Blau-Weiß Obercunnersdorf,Sachsen,Kreis Westlausitz,7,1.Kreisliga (A),Kreisliga Westlausitz,031DCEHODS000004VS5489BUVUR5FS5A-G,1,2,2,0,0,18,0,18,6,3.0,,fussball.de
1737,SuS Westenholz,Westfalen,Kreis Lippstadt,7,Kreisliga A,Kreisliga A  Lippstadt/Soest,031O39Q850000004VS5489BTVV1LNS7C-G,4,1,1,0,0,9,0,9,3,3.0,,fussball.de
1738,SV Waldesrand Linden II,Westfalen,Kreis Bochum,7,Kreisliga A,Frauen Kreisliga A Bochum,0319THQ5EO000004VS5489BUVV628VP4-G,2,2,2,0,0,18,1,17,6,3.0,,fussball.de
1739,VfL Pinneberg 1.Fr.,Hamburg,Kreisebene Hamburg,7,Kreisliga,FKL 01 · Kreisebene Hamburg,0314CF1BNG00000FVS5489BTVU7GTVLE-G,3,2,2,0,0,18,1,17,6,3.0,,fussball.de
1740,Eintracht Munster 2020 e.V. (7er),Niedersachsen,Kreis Heidekreis,7,Kreisliga,Kreisliga Frauen Heidekreis,03172M1UU8000004VS5489BUVSBBVPEU-G,1,2,2,0,0,17,0,17,6,3.0,,fussball.de
1741,Wahn-Grengel I,Mittelrhein,Kreis Köln,7,Kreisliga A,Kreisliga A - Frauen · Kreis Köln,030TOD9FC4000003VS5489BUVSOV43J9-G,4,1,1,0,0,10,2,8,3,3.0,,fussball.de
1742,TSV Groß Munzel,Niedersachsen,Kreis Region Hannover,7,Kreisliga,Frauen Kreisliga Staffel 1 · Kreis Region Hannover,03154LACGC00000AVS5489BUVSBBVPEU-G,1,2,2,0,0,17,1,16,6,3.0,,fussball.de
1743,FFC Lüdenscheid,Westfalen,Kreis Iserlohn,7,Kreisliga A,Frauen KL A Iserlohn/Lüdenscheid/Arnsberg,031EL7514800000AVS5489BTVUS470OH-G,1,1,1,0,0,8,0,8,3,3.0,,fussball.de
1744,FSG Wardersee (7er),Schleswig-Holstein,Kreis Segeberg,7,Kreisklasse A,Frauen Kreisklasse A Süd · Kreis Segeberg,031M6KFOP4000003VS5489BTVSRD0UH9-G,3,1,1,0,0,8,0,8,3,3.0,,fussball.de
1745,SV Rinkerode,Westfalen,Kreis Münster,7,Kreisliga A,Frauen Kreisliga A · Kreis Münster,031HT6D5G0000008VS5489BUVVKNMR0J-G,3,1,1,0,0,8,0,8,3,3.0,,fussball.de
1746,SV Ubbedissen 09,Westfalen,Kreis Bielefeld,7,Kreisliga A,Kreisliga A · Kreis Bielefeld,03139CLFSK00000HVS5489BUVSBBVPEU-G,2,1,1,0,0,8,0,8,3,3.0,,fussball.de
1747,SV Winterkasten,Hessen,Region Darmstadt,7,Oberliga (Region),FKOL DA · Region Darmstadt,031F0B2R7C00000CVS5489BTVUS470OH-G,2,2,2,0,0,16,0,16,6,3.0,,fussball.de
1748,SBV Erichshagen,Niedersachsen,Kreis Nienburg,7,Kreisliga,Frauen Kreisliga Nienburg,031EFISAMK000006VS5489BUVUR5FS5A-G,1,2,2,0,0,16,1,15,6,3.0,,fussball.de
1749,FC Sportfreunde Rüttenscheid,Niederrhein,Kreis Essen,7,Kreisliga A,Frauen-Kreisliga Gruppe 3 · Kreis Essen,031G0FMPS4000009VS5489BUVSJ4CRAP-G,1,2,2,0,0,15,0,15,6,3.0,,fussball.de
1750,SC Berchum/Garenfeld 53/74,Westfalen,Kreis Dortmund,7,Kreisliga A,Kreisliga A - Dortmund / Hagen,031340MNQO000004VS5489BUVSBBVPEU-G,1,3,3,0,0,23,1,22,9,3.0,,fussball.de
1751,Rahlstedt 2.Fr.,Hamburg,Kreisebene Hamburg,7,Kreisliga,FKL 02 · Kreisebene Hamburg,0314CF1BV000000FVS5489BTVU7GTVLE-G,1,2,2,0,0,18,4,14,6,3.0,,fussball.de
1752,SC Inter Holzhausen,Niedersachsen,Kreis Schaumburg,7,Kreisliga,Kreisliga Hameln-Pyrmont/Schaumburg Staffel A,031CHGC3MC000004VS5489BTVUS470OH-G,3,1,1,0,0,9,2,7,3,3.0,,fussball.de
1753,DJK Sportfreunde Gerresheim,Niederrhein,Kreis Düsseldorf,7,Kreisliga A,Frauen-Kreisliga Gruppe 1 · Kreis Düsseldorf,031FU6U64C00000FVS5489BUVSJ4CRAP-G,1,2,2,0,0,16,2,14,6,3.0,,fussball.de
1754,TSV 1861 Spitzkunnersdorf 2.,Sachsen,Kreis Westlausitz,7,1.Kreisliga (A),Kreisliga Westlausitz,031DCEHODS000004VS5489BUVUR5FS5A-G,2,1,1,0,0,8,1,7,3,3.0,,fussball.de
1755,TuS Eintracht Bielefeld,Westfalen,Kreis Bielefeld,7,Kreisliga A,Kreisliga A · Kreis Bielefeld,03139CLFSK00000HVS5489BUVSBBVPEU-G,3,1,1,0,0,8,1,7,3,3.0,,fussball.de
1756,1.FC Grevenbroich-Süd 12/77,Niederrhein,Kreis Grevenbroich-Neuss,7,Kreisliga A,Frauen-Kreisliga Gruppe 6 · Kreis Grevenbroich-Neuss,031G0KED0C000007VS5489BUVSJ4CRAP-G,1,2,2,0,0,15,1,14,6,3.0,,fussball.de
1757,MTV Barum II,Niedersachsen,Kreis Heide-Wendland,7,Kreisliga,Frauenkreisliga · Kreis Heide-Wendland,031A9HJLUO000004VS5489BTVSK8S3O6-G,2,3,3,0,0,22,1,21,9,3.0,,fussball.de
1758,Roland West I,Mittelrhein,Kreis Köln,7,Kreisliga A,Kreisliga A - Frauen · Kreis Köln,030TOD9FC4000003VS5489BUVSOV43J9-G,5,1,1,0,0,7,0,7,3,3.0,,fussball.de
1759,VFB Negenborn,Niedersachsen,Kreis Hildesheim-Holzminden,7,Kreisliga,Kreisliga Hildesheim/Holzminden · Kreis Hildesheim-Holzminden,031D6SP528000004VS5489BUVUR5FS5A-G,2,2,2,0,0,14,1,13,6,3.0,,fussball.de
1760,SV Germania Grasdorf,Niedersachsen,Kreis Region Hannover,7,Kreisliga,Frauen Kreisliga Staffel 2 · Kreis Region Hannover,03154LACNG00000AVS5489BUVSBBVPEU-G,3,2,2,0,0,15,3,12,6,3.0,,fussball.de
1761,FC Blonhofen 1,Bayern,Bezirk Schwaben,7,Bezirksliga,Frauen BZL Süd · Bezirk Schwaben,031BE717FS000007VS5489BUVUR5FS5A-G,1,1,1,0,0,7,1,6,3,3.0,,fussball.de
1762,Lohausener SV,Niederrhein,Kreis Düsseldorf,7,Kreisliga A,Frauen-Kreisliga Gruppe 1 · Kreis Düsseldorf,031FU6U64C00000FVS5489BUVSJ4CRAP-G,3,1,1,0,0,7,1,6,3,3.0,,fussball.de
1763,SG Vechelde/Lengede,Niedersachsen,Kreis Braunschweig,7,Kreisliga,Frauen Kreisliga A Braunschweig,031NMHED78000004VS5489BUVT2M8LCU-G,1,1,1,0,0,7,1,6,3,3.0,,fussball.de
1764,SV Leerstetten 2,Bayern,Bezirk Mittelfranken,7,Bezirksliga,Frauen BZL Süd · Bezirk Mittelfranken,031FCOKBPO000000VS5489BUVSJ4CRAP-G,1,1,1,0,0,7,1,6,3,3.0,,fussball.de
1765,SV 08 Auerbach,Bayern,Bezirk Oberpfalz,7,Bezirksliga,Frauen BZL Nord · Bezirk Oberpfalz,0316VDSGSK000006VS5489BTVU7GTVLE-G,1,1,1,0,0,6,0,6,3,3.0,,fussball.de
1766,SV Wenzenbach,Bayern,Bezirk Oberpfalz,7,Bezirksliga,Frauen BZL Süd · Bezirk Oberpfalz,0316VDSH28000002VS5489BTVU7GTVLE-G,1,1,1,0,0,6,0,6,3,3.0,,fussball.de
1767,SV Rhenania Hamborn,Niederrhein,Kreis Oberhausen-Bottrop,7,Kreisliga A,Frauen-Kreisliga Gruppe 4 · Kreis Oberhausen-Bottrop,031G0GMSC0000008VS5489BUVSJ4CRAP-G,2,2,2,0,0,13,2,11,6,3.0,,fussball.de
1768,SV Glehn II.,Niederrhein,Kreis Grevenbroich-Neuss,7,Kreisliga A,Frauen-Kreisliga Gruppe 6 · Kreis Grevenbroich-Neuss,031G0KED0C000007VS5489BUVSJ4CRAP-G,2,2,2,0,0,12,1,11,6,3.0,,fussball.de
1769,SV Eischott (9er),Niedersachsen,Kreis Braunschweig,7,Kreisliga,Frauen Kreisliga B Braunschweig,031EM26E60000001VS5489BTVUS470OH-G,1,1,1,0,0,7,2,5,3,3.0,,fussball.de
1770,VfB Rheingold Emmerich,Niederrhein,Kreis Moers,7,Kreisliga A,Frauen Kreisliga A Gruppe 7 · Kreis Moers,031G0PR1MS000005VS5489BUVSJ4CRAP-G,7,1,1,0,0,7,2,5,3,3.0,,fussball.de
1771,SG Fulde,Niedersachsen,Kreis Osterholz,7,Kreisliga,Kreisliga Frauen OHZ/VER · Kreis Osterholz,0317IM2VPK000004VS5489BUVSBBVPEU-G,1,1,1,0,0,6,1,5,3,3.0,,fussball.de
1772,SG Tonnenheide/Isenstedt/Varl,Westfalen,Kreis Lübbecke,7,Kreisliga A,Frauen Kreisliga A HF/LE/MI/LK · Kreis Lübbecke,031HA3R4QO000008VS5489BUVSJ4CRAP-G,1,1,1,0,0,6,1,5,3,3.0,,fussball.de
1773,SV Segringen,Bayern,Bezirk Mittelfranken,7,Bezirksliga,Frauen BZL Süd · Bezirk Mittelfranken,031FCOKBPO000000VS5489BUVSJ4CRAP-G,2,1,1,0,0,6,1,5,3,3.0,,fussball.de
1774,SVE Heessen,Westfalen,Kreis Unna-Hamm,7,Kreisliga A,Frauen Kreisliga A Unna/Hamm · Kreis Unna-Hamm,031BT4I5K4000000VS5489BTVUS470OH-G,6,1,1,0,0,6,1,5,3,3.0,,fussball.de
1775,SG Buchholzer FC/SV Holm-S.,Niedersachsen,Kreis Stade,7,Kreisliga,Frauen Kreisliga Stade/Harburg,0318KFE3TC00000AVS5489BUVV628VP4-G,1,3,3,0,0,17,2,15,9,3.0,,fussball.de
1776,SG Rathlosen/L,Niedersachsen,Kreis Diepholz,7,Kreisliga,Kreisliga Frauen · Kreis Diepholz,031EAMUNMC000003VS5489BTVUS470OH-G,2,2,2,0,0,11,1,10,6,3.0,,fussball.de
1777,SSVg 09/12 Heiligenhaus (9er),Niederrhein,Kreis Essen,7,Kreisliga A,Frauen-Kreisliga Gruppe 3 · Kreis Essen,031G0FMPS4000009VS5489BUVSJ4CRAP-G,2,2,2,0,0,11,1,10,6,3.0,,fussball.de
1778,(SG) FC Ehekirchen/SV Bayerdilling,Bayern,Bezirk Schwaben,7,Bezirksliga,Frauen BZL Nord · Bezirk Schwaben,031BE7174G000007VS5489BUVUR5FS5A-G,1,1,1,0,0,5,0,5,3,3.0,,fussball.de
1779,Brilon SV 1,Westfalen,Kreis Arnsberg,7,Kreisliga A,Kreisliga A Arnsberg/HSK/Olpe,031KRB8FGO000007VS5489BUVVKNMR0J-G,1,1,1,0,0,5,0,5,3,3.0,,fussball.de
1780,FC Büderich 02,Niederrhein,Kreis Grevenbroich-Neuss,7,Kreisliga A,Frauen-Kreisliga Gruppe 6 · Kreis Grevenbroich-Neuss,031G0KED0C000007VS5489BUVSJ4CRAP-G,3,2,2,0,0,10,0,10,6,3.0,,fussball.de
1781,SC Bielefeld 04/26,Westfalen,Kreis Bielefeld,7,Kreisliga A,Kreisliga A · Kreis Bielefeld,03139CLFSK00000HVS5489BUVSBBVPEU-G,4,1,1,0,0,5,0,5,3,3.0,,fussball.de
1782,SF 97/30 Lowick,Niederrhein,Kreis Moers,7,Kreisliga A,Frauen Kreisliga A Gruppe 7 · Kreis Moers,031G0PR1MS000005VS5489BUVSJ4CRAP-G,3,2,2,0,0,10,0,10,6,3.0,,fussball.de
1783,SG Grevenstein/Hellefeld-Altenhellefeld,Westfalen,Kreis Arnsberg,7,Kreisliga A,Kreisliga A Arnsberg/HSK/Olpe,031KRB8FGO000007VS5489BUVVKNMR0J-G,2,1,1,0,0,5,0,5,3,3.0,,fussball.de
1784,SG Nuhnetal-Züschen-Dreislar-Hesborn (9er),Westfalen,Kreis Arnsberg,7,Kreisliga A,Kreisliga A Arnsberg/HSK/Olpe,031KRB8FGO000007VS5489BUVVKNMR0J-G,3,1,1,0,0,5,0,5,3,3.0,,fussball.de
1785,SV Grün-Weiß 90 Uhsmannsdorf,Sachsen,Kreis Westlausitz,7,1.Kreisliga (A),Kreisliga Westlausitz,031DCEHODS000004VS5489BUVUR5FS5A-G,3,1,1,0,0,5,0,5,3,3.0,,fussball.de
1786,TV Dabringhausen (9er),Niederrhein,Kreis Wuppertal-Niederberg,7,Kreisliga A,Frauen-Kreisliga Gruppe 2 · Kreis Wuppertal-Niederberg,031G0E5QFS000004VS5489BUVSJ4CRAP-G,2,1,1,0,0,5,0,5,3,3.0,,fussball.de
1787,TuSpo Jeinsen,Niedersachsen,Kreis Region Hannover,7,Kreisliga,Frauen Kreisliga Staffel 1 · Kreis Region Hannover,03154LACGC00000AVS5489BUVSBBVPEU-G,4,1,1,0,0,5,0,5,3,3.0,,fussball.de
1788,VfR Schleswig (7er),Schleswig-Holstein,Kreis Schleswig-Flensburg,7,Kreisklasse A,Frauen KKA N-O (SL-FL) · Kreis Schleswig-Flensburg,031LFAO8HS000004VS5489BTVSRD0UH9-G,1,2,2,0,0,10,0,10,6,3.0,,fussball.de
1789,SG Oberes Almetal 23,Westfalen,Kreis Paderborn,7,Kreisliga A,Frauen Kreisliga A PB/DT/HX · Kreis Paderborn,031I8CLV30000004VS5489BTVSRD0UH9-G,1,3,3,0,0,18,4,14,9,3.0,,fussball.de
1790,UH-Adler 2.Fr.,Hamburg,Kreisebene Hamburg,7,Kreisliga,FKL 02 · Kreisebene Hamburg,0314CF1BV000000FVS5489BTVU7GTVLE-G,2,2,2,0,0,13,4,9,6,3.0,,fussball.de
1791,SG Bockum-Hövel 2013,Westfalen,Kreis Unna-Hamm,7,Kreisliga A,Frauen Kreisliga A Unna/Hamm · Kreis Unna-Hamm,031BT4I5K4000000VS5489BTVUS470OH-G,2,2,2,0,0,11,2,9,6,3.0,,fussball.de
1792,BWS Tündern-Hastenbeck III,Niedersachsen,Kreis Schaumburg,7,Kreisliga,Kreisliga Hameln-Pyrmont/Schaumburg Staffel A,031CHGC3MC000004VS5489BTVUS470OH-G,1,2,2,0,0,10,1,9,6,3.0,,fussball.de
1793,DJK Südwest III,Mittelrhein,Kreis Köln,7,Kreisliga A,Kreisliga A - Frauen · Kreis Köln,030TOD9FC4000003VS5489BUVSOV43J9-G,1,2,2,0,0,9,0,9,6,3.0,,fussball.de
1794,SV BR Billmerich,Westfalen,Kreis Unna-Hamm,7,Kreisliga A,Frauen Kreisliga A Unna/Hamm · Kreis Unna-Hamm,031BT4I5K4000000VS5489BTVUS470OH-G,3,2,2,0,0,9,0,9,6,3.0,,fussball.de
1795,FC TuRa Bergkamen,Westfalen,Kreis Unna-Hamm,7,Kreisliga A,Frauen Kreisliga A Unna/Hamm · Kreis Unna-Hamm,031BT4I5K4000000VS5489BTVUS470OH-G,1,3,3,0,0,17,4,13,9,3.0,,fussball.de
1796,SV BW Benhausen,Westfalen,Kreis Paderborn,7,Kreisliga A,Frauen Kreisliga A PB/DT/HX · Kreis Paderborn,031I8CLV30000004VS5489BTVSRD0UH9-G,2,3,3,0,0,15,2,13,9,3.0,,fussball.de
1797,TSV Heiligenrode,Hessen,Region Kassel,7,Oberliga (Region),FKOL KS · Region Kassel,031HSVVFR400000BVS5489BUVVKNMR0J-G,1,3,3,0,0,15,2,13,9,3.0,,fussball.de
1798,SV Nienhagen (9er),Niedersachsen,Kreis Braunschweig,7,Kreisliga,Frauen Kreisliga B Braunschweig,031EM26E60000001VS5489BTVUS470OH-G,2,1,1,0,0,7,3,4,3,3.0,,fussball.de
1799,FSG Geisenheim- Erbach,Hessen,Region Wiesbaden,7,Oberliga (Region),FKOL WI Gr. 2 · Region Wiesbaden,031FA3HIP8000004VS5489BUVSJ4CRAP-G,1,3,3,0,0,16,4,12,9,3.0,,fussball.de
1800,(SG) SG Painten / TSV Beratzhausen,Bayern,Bezirk Oberpfalz,7,Bezirksliga,Frauen BZL Süd · Bezirk Oberpfalz,0316VDSH28000002VS5489BTVU7GTVLE-G,2,1,1,0,0,5,1,4,3,3.0,,fussball.de
1801,DJK Wipperfeld 1959 e.V.,Mittelrhein,Kreis Berg,7,Kreisliga A,Kreisliga A · Kreis Berg,031FMBGCLK000004VS5489BTVUS470OH-G,4,1,1,0,0,5,1,4,3,3.0,,fussball.de
1802,TSV Dannenberg,Niedersachsen,Kreis Osterholz,7,Kreisliga,Kreisliga Frauen OHZ/VER · Kreis Osterholz,0317IM2VPK000004VS5489BUVSBBVPEU-G,2,1,1,0,0,5,1,4,3,3.0,,fussball.de
1803,St. Pauli 4.Fr.,Hamburg,Kreisebene Hamburg,7,Kreisliga,FKL 01 · Kreisebene Hamburg,0314CF1BNG00000FVS5489BTVU7GTVLE-G,4,2,2,0,0,9,1,8,6,3.0,,fussball.de
1804,DJK TuS Körne,Westfalen,Kreis Dortmund,7,Kreisliga A,Kreisliga A - Dortmund / Hagen,031340MNQO000004VS5489BUVSBBVPEU-G,2,3,3,0,0,13,1,12,9,3.0,,fussball.de
1805,BW Fuhlenbrock,Niederrhein,Kreis Oberhausen-Bottrop,7,Kreisliga A,Frauen-Kreisliga Gruppe 4 · Kreis Oberhausen-Bottrop,031G0GMSC0000008VS5489BUVSJ4CRAP-G,5,1,1,0,0,4,0,4,3,3.0,,fussball.de
1806,Nienstedten 1.Fr.,Hamburg,Kreisebene Hamburg,7,Kreisliga,FKL 01 · Kreisebene Hamburg,0314CF1BNG00000FVS5489BTVU7GTVLE-G,6,1,1,0,0,4,0,4,3,3.0,,fussball.de
1807,RW Ostentrop/Schönholthausen,Westfalen,Kreis Arnsberg,7,Kreisliga A,Kreisliga A Arnsberg/HSK/Olpe,031KRB8FGO000007VS5489BUVVKNMR0J-G,4,1,1,0,0,4,0,4,3,3.0,,fussball.de
1808,SG Bückeberge/Liekwegen II (7er),Niedersachsen,Kreis Schaumburg,7,Kreisliga,Kreisliga Hameln-Pymont/Schaumburg Staffel B,031CHGIMSS000004VS5489BTVUS470OH-G,1,1,1,0,0,4,0,4,3,3.0,,fussball.de
1809,SG Sundern/Affeln,Westfalen,Kreis Arnsberg,7,Kreisliga A,Kreisliga A Arnsberg/HSK/Olpe,031KRB8FGO000007VS5489BUVVKNMR0J-G,5,1,1,0,0,4,0,4,3,3.0,,fussball.de
1810,SV 05 Froschbachtal,Bayern,Bezirk Oberfranken,7,Bezirksliga,Frauen BZL Ost · Bezirk Oberfranken,031DR3UOF4000007VS5489BTVUS470OH-G,1,2,2,0,0,8,0,8,6,3.0,,fussball.de
1811,SV Hermannstein,Hessen,Region Gießen / Marburg,7,Oberliga (Region),FKOL GI/MR Gr. 2 · Region Gießen / Marburg,031F9S0A6400000BVS5489BUVSJ4CRAP-G,4,1,1,0,0,4,0,4,3,3.0,,fussball.de
1812,SV Lok Schleife,Sachsen,Kreis Westlausitz,7,1.Kreisliga (A),Kreisliga Westlausitz,031DCEHODS000004VS5489BUVUR5FS5A-G,4,1,1,0,0,4,0,4,3,3.0,,fussball.de
1813,SV Unter-Flockenbach,Hessen,Region Darmstadt,7,Oberliga (Region),FKOL DA · Region Darmstadt,031F0B2R7C00000CVS5489BTVUS470OH-G,3,2,2,0,0,8,0,8,6,3.0,,fussball.de
1814,VfR Wilsche-Neubokel (9er),Niedersachsen,Kreis Braunschweig,7,Kreisliga,Frauen Kreisliga B Braunschweig,031EM26E60000001VS5489BTVUS470OH-G,3,1,1,0,0,4,0,4,3,3.0,,fussball.de
1815,VfL Eversen,Westfalen,Kreis Paderborn,7,Kreisliga A,Frauen Kreisliga A PB/DT/HX · Kreis Paderborn,031I8CLV30000004VS5489BTVSRD0UH9-G,3,3,3,0,0,15,4,11,9,3.0,,fussball.de
1816,VfB Germania Wiesmoor,Niedersachsen,Kreis Ostfriesland,7,Kreisliga,Ostfrieslandliga,031CO452U8000004VS5489BUVUR5FS5A-G,1,3,3,0,0,13,2,11,9,3.0,,fussball.de
1817,FSV Friedensdorf,Hessen,Region Gießen / Marburg,7,Oberliga (Region),FKOL GI/MR Gr. 1 · Region Gießen / Marburg,031F9S09RO00000AVS5489BUVSJ4CRAP-G,1,3,3,0,0,11,0,11,9,3.0,,fussball.de
1818,Sportvereinigung Hilden 05/06,Niederrhein,Kreis Düsseldorf,7,Kreisliga A,Frauen-Kreisliga Gruppe 1 · Kreis Düsseldorf,031FU6U64C00000FVS5489BUVSJ4CRAP-G,2,2,2,0,0,10,3,7,6,3.0,,fussball.de
1819,(SG) 1.FC Michelau / 1.FC Fortuna Roth,Bayern,Bezirk Oberfranken,7,Bezirksliga,Frauen BZL West · Bezirk Oberfranken,031DR3UO7K000006VS5489BTVUS470OH-G,1,2,2,0,0,9,2,7,6,3.0,,fussball.de
1820,TUS 1945 Kubach,Hessen,Region Gießen / Marburg,7,Oberliga (Region),FKOL GI/MR Gr. 2 · Region Gießen / Marburg,031F9S0A6400000BVS5489BUVSJ4CRAP-G,2,2,2,0,0,8,1,7,6,3.0,,fussball.de
1821,SG Schamerloh/Lavelsloh,Niedersachsen,Kreis Nienburg,7,Kreisliga,Frauen Kreisliga Nienburg,031EFISAMK000006VS5489BUVUR5FS5A-G,2,2,2,0,0,7,0,7,6,3.0,,fussball.de
1822,SV Carum,Niedersachsen,Kreis Vechta,7,Kreisliga,Kreisliga Vechta CLP OL-Land - VEC,031835JM6C000004VS5489BUVSBBVPEU-G,1,3,3,0,0,13,3,10,9,3.0,,fussball.de
1823,TSV Hertingshausen,Hessen,Region Kassel,7,Oberliga (Region),FKOL KS · Region Kassel,031HSVVFR400000BVS5489BUVVKNMR0J-G,2,3,3,0,0,12,2,10,9,3.0,,fussball.de
1824,SC Preußen Lengerich,Westfalen,Kreis Steinfurt,7,Kreisliga A,Kreisliga A Steinfurt - Tecklenburg,031HMP0DSO000004VS5489BUVVKNMR0J-G,1,3,3,0,0,11,1,10,9,3.0,,fussball.de
1825,SuS Enniger,Westfalen,Kreis Beckum,7,Kreisliga A,Frauen Kreisliga A Beckum-Gütersloh,031AROBD8G000004VS5489BTVSK8S3O6-G,2,1,1,0,0,7,4,3,3,3.0,,fussball.de
1826,SV Wilhelmsburg 1.Fr.,Hamburg,Kreisebene Hamburg,7,Kreisliga,FKL 02 · Kreisebene Hamburg,0314CF1BV000000FVS5489BTVU7GTVLE-G,6,1,1,0,0,6,3,3,3,3.0,,fussball.de
1827,SV Germania Helstorf,Niedersachsen,Kreis Region Hannover,7,Kreisliga,Frauen Kreisliga Staffel 2 · Kreis Region Hannover,03154LACNG00000AVS5489BUVSBBVPEU-G,1,3,3,0,0,17,8,9,9,3.0,,fussball.de
1828,MTV Soltau,Niedersachsen,Kreis Rotenburg,7,Kreisliga,Frauen Kreisliga Rotenburg,03181DLOQO000005VS5489BTVU7GTVLE-G,1,2,2,0,0,11,5,6,6,3.0,,fussball.de
1829,SG Weixdorf,Sachsen,Kreis Westlausitz,7,1.Kreisliga (A),Kreisliga Westlausitz,031DCEHODS000004VS5489BUVUR5FS5A-G,5,1,1,0,0,5,2,3,3,3.0,,fussball.de
1830,TUS Hinte Damen,Niedersachsen,Kreis Ostfriesland,7,Kreisliga,Ostfrieslandliga,031CO452U8000004VS5489BUVUR5FS5A-G,5,1,1,0,0,5,2,3,3,3.0,,fussball.de
1831,SV Fortuna Seppenrade,Westfalen,Kreis Ahaus-Coesfeld,7,Kreisliga A,Frauen Kreisliga A Ahaus-Coesfeld,031LOM6FKC000002VS5489BTVSRD0UH9-G,3,3,3,0,0,14,5,9,9,3.0,,fussball.de
1832,(SG) TuS Dachelhofen / SV Haselbach / DJK Ensdorf,Bayern,Bezirk Oberpfalz,7,Bezirksliga,Frauen BZL Nord · Bezirk Oberpfalz,0316VDSGSK000006VS5489BTVU7GTVLE-G,2,1,1,0,0,4,1,3,3,3.0,,fussball.de
1833,SG Hackenberg,Niederrhein,Kreis Wuppertal-Niederberg,7,Kreisliga A,Frauen-Kreisliga Gruppe 2 · Kreis Wuppertal-Niederberg,031G0E5QFS000004VS5489BUVSJ4CRAP-G,3,1,1,0,0,4,1,3,3,3.0,,fussball.de
1834,SV Coburg-Ketschendorf,Bayern,Bezirk Oberfranken,7,Bezirksliga,Frauen BZL West · Bezirk Oberfranken,031DR3UO7K000006VS5489BTVUS470OH-G,2,2,2,0,0,8,2,6,6,3.0,,fussball.de
1835,SpVgg Joshofen Bergheim,Bayern,Bezirk Schwaben,7,Bezirksliga,Frauen BZL Nord · Bezirk Schwaben,031BE7174G000007VS5489BUVUR5FS5A-G,2,1,1,0,0,4,1,3,3,3.0,,fussball.de
1836,FC Land Wursten (7er),Niedersachsen,Kreis Cuxhaven,7,Kreisliga,Frauen Kreisliga · Kreis Cuxhaven,03153PKDB0000008VS5489BUVSBBVPEU-G,1,4,4,0,0,15,3,12,12,3.0,,fussball.de
1837,TuS Querenburg,Westfalen,Kreis Bochum,7,Kreisliga A,Frauen Kreisliga A Bochum,0319THQ5EO000004VS5489BUVV628VP4-G,1,3,3,0,0,11,2,9,9,3.0,,fussball.de
1838,Mülheimer SV 07,Niederrhein,Kreis Oberhausen-Bottrop,7,Kreisliga A,Frauen-Kreisliga Gruppe 4 · Kreis Oberhausen-Bottrop,031G0GMSC0000008VS5489BUVSJ4CRAP-G,3,2,2,0,0,7,1,6,6,3.0,,fussball.de
1839,SG Fürstenberg/Alme,Westfalen,Kreis Paderborn,7,Kreisliga A,Frauen Kreisliga A PB/DT/HX · Kreis Paderborn,031I8CLV30000004VS5489BTVSRD0UH9-G,5,2,2,0,0,7,1,6,6,3.0,,fussball.de
1840,Sportfreunde Anderten,Niedersachsen,Kreis Region Hannover,7,Kreisliga,Frauen Kreisliga Staffel 2 · Kreis Region Hannover,03154LACNG00000AVS5489BUVSBBVPEU-G,2,3,3,0,0,10,1,9,9,3.0,,fussball.de
1841,SG Woltersdorf/Dannenberg,Niedersachsen,Kreis Heide-Wendland,7,Kreisliga,Frauenkreisliga · Kreis Heide-Wendland,031A9HJLUO000004VS5489BTVSK8S3O6-G,1,4,4,0,0,13,1,12,12,3.0,,fussball.de
1842,SG Germania Lamme/TB Bortfeld,Niedersachsen,Kreis Braunschweig,7,Kreisliga,Frauen Kreisliga A Braunschweig,031NMHED78000004VS5489BUVT2M8LCU-G,2,1,1,0,0,3,0,3,3,3.0,,fussball.de
1843,SG Grafeld-Berge,Niedersachsen,Kreis Osnabrück,7,Kreisliga,Kreisliga Osnabrück,0316EAM4T8000007VS5489BUVSBBVPEU-G,1,2,2,0,0,6,0,6,6,3.0,,fussball.de
1844,SG Knesebeck-Hankensbüttel,Niedersachsen,Kreis Braunschweig,7,Kreisliga,Frauen Kreisliga A Braunschweig,031NMHED78000004VS5489BUVT2M8LCU-G,3,1,1,0,0,3,0,3,3,3.0,,fussball.de
1845,SSV Frohnhausen,Hessen,Region Gießen / Marburg,7,Oberliga (Region),FKOL GI/MR Gr. 1 · Region Gießen / Marburg,031F9S09RO00000AVS5489BUVSJ4CRAP-G,3,2,2,0,0,6,0,6,6,3.0,,fussball.de
1846,SV Böhme II (7er),Niedersachsen,Kreis Heidekreis,7,Kreisliga,Kreisliga Frauen Heidekreis,03172M1UU8000004VS5489BUVSBBVPEU-G,2,2,2,0,0,6,0,6,6,3.0,,fussball.de
1847,Spvgg. 08 Bad Nauheim,Hessen,Region Frankfurt,7,Oberliga (Region),KOL Frankfurt · Region Frankfurt,031EVOL33C00000BVS5489BTVUS470OH-G,2,2,2,0,0,6,0,6,6,3.0,,fussball.de
1848,TS 1919 Struck,Niederrhein,Kreis Wuppertal-Niederberg,7,Kreisliga A,Frauen-Kreisliga Gruppe 2 · Kreis Wuppertal-Niederberg,031G0E5QFS000004VS5489BUVSJ4CRAP-G,4,1,1,0,0,3,0,3,3,3.0,,fussball.de
1849,TuRa Eggenscheid,Westfalen,Kreis Iserlohn,7,Kreisliga A,Frauen KL A Iserlohn/Lüdenscheid/Arnsberg,031EL7514800000AVS5489BTVUS470OH-G,2,1,1,0,0,3,0,3,3,3.0,,fussball.de
1850,VfL Herzlake,Niedersachsen,Kreis Emsland,7,Kreisliga,Frauen Kreisliga Ems-Vechte · Kreis Emsland,0318JGRN2S000005VS5489BTVSK8S3O6-G,1,4,4,0,0,12,1,11,12,3.0,,fussball.de
1851,ASC LEONE,Westfalen,Kreis Herne,7,Kreisliga A,Frauen Kreisliga  A HER/GE/RE · Kreis Herne,031DDHDRBS000009VS5489BTVUS470OH-G,1,3,3,0,0,13,5,8,9,3.0,,fussball.de
1852,SuS Störmede,Westfalen,Kreis Lippstadt,7,Kreisliga A,Kreisliga A  Lippstadt/Soest,031O39Q850000004VS5489BTVV1LNS7C-G,1,3,3,0,0,9,1,8,9,3.0,,fussball.de
1853,TSV Nesse (9er),Niedersachsen,Kreis Cuxhaven,7,Kreisliga,Frauen Kreisliga · Kreis Cuxhaven,03153PKDB0000008VS5489BUVSBBVPEU-G,2,3,3,0,0,8,0,8,9,3.0,,fussball.de
1854,Sportfreunde 06 Neuwerk,Niederrhein,Kreis Grevenbroich-Neuss,7,Kreisliga A,Frauen-Kreisliga Gruppe 6 · Kreis Grevenbroich-Neuss,031G0KED0C000007VS5489BUVSJ4CRAP-G,4,2,2,0,0,8,3,5,6,3.0,,fussball.de
1855,FC Viktoria Schaafheim II,Hessen,Region Darmstadt,7,Oberliga (Region),FKOL DA · Region Darmstadt,031F0B2R7C00000CVS5489BTVUS470OH-G,4,2,2,0,0,7,2,5,6,3.0,,fussball.de
1856,ETB Schwarz-Weiß Essen II.,Niederrhein,Kreis Essen,7,Kreisliga A,Frauen-Kreisliga Gruppe 3 · Kreis Essen,031G0FMPS4000009VS5489BUVSJ4CRAP-G,3,2,2,0,0,6,1,5,6,3.0,,fussball.de
1857,(SG) SV Weidenberg/TSV Bayreuth-St. Johannis,Bayern,Bezirk Oberfranken,7,Bezirksliga,Frauen BZL Ost · Bezirk Oberfranken,031DR3UOF4000007VS5489BTVUS470OH-G,2,2,2,0,0,5,0,5,6,3.0,,fussball.de
1858,Paloma 1.Fr.,Hamburg,Kreisebene Hamburg,7,Kreisliga,FKL 02 · Kreisebene Hamburg,0314CF1BV000000FVS5489BTVU7GTVLE-G,3,2,2,0,0,5,0,5,6,3.0,,fussball.de
1859,SV Jägerhaus - Linde,Niederrhein,Kreis Wuppertal-Niederberg,7,Kreisliga A,Frauen-Kreisliga Gruppe 2 · Kreis Wuppertal-Niederberg,031G0E5QFS000004VS5489BUVSJ4CRAP-G,5,1,1,0,0,4,2,2,3,3.0,,fussball.de
1860,TuS Teutonia Alveslohe (7er),Schleswig-Holstein,Kreis Segeberg,7,Kreisklasse A,Frauen Kreisklasse A Süd · Kreis Segeberg,031M6KFOP4000003VS5489BTVSRD0UH9-G,4,1,1,0,0,4,2,2,3,3.0,,fussball.de
1861,(SG) 1. FC Burk /DJK-FC Schlaifhausen 1,Bayern,Bezirk Mittelfranken,7,Bezirksliga,Frauen BZL Nord · Bezirk Mittelfranken,031FCGP6VO000007VS5489BUVSJ4CRAP-G,1,1,1,0,0,3,1,2,3,3.0,,fussball.de
1862,(SG) SV Erlingen/SC Biberbach 2,Bayern,Bezirk Schwaben,7,Bezirksliga,Frauen BZL Nord · Bezirk Schwaben,031BE7174G000007VS5489BUVUR5FS5A-G,3,1,1,0,0,3,1,2,3,3.0,,fussball.de
1863,Agrippina I,Mittelrhein,Kreis Köln,7,Kreisliga A,Kreisliga A - Frauen · Kreis Köln,030TOD9FC4000003VS5489BUVSOV43J9-G,6,1,1,0,0,3,1,2,3,3.0,,fussball.de
1864,Olympia Kassel,Hessen,Region Kassel,7,Oberliga (Region),FKOL KS · Region Kassel,031HSVVFR400000BVS5489BUVVKNMR0J-G,3,2,2,0,0,6,2,4,6,3.0,,fussball.de
1865,SG 1.FC / Eintracht Nord Wolfsburg II,Niedersachsen,Kreis Braunschweig,7,Kreisliga,Frauen Kreisliga A Braunschweig,031NMHED78000004VS5489BUVT2M8LCU-G,4,1,1,0,0,3,1,2,3,3.0,,fussball.de
1866,SG Alswede/Börninghausen,Westfalen,Kreis Lübbecke,7,Kreisliga A,Frauen Kreisliga A HF/LE/MI/LK · Kreis Lübbecke,031HA3R4QO000008VS5489BUVSJ4CRAP-G,2,1,1,0,0,3,1,2,3,3.0,,fussball.de
1867,STV Deutenbach,Bayern,Bezirk Mittelfranken,7,Bezirksliga,Frauen BZL Nord · Bezirk Mittelfranken,031FCGP6VO000007VS5489BUVSJ4CRAP-G,2,1,1,0,0,3,1,2,3,3.0,,fussball.de
1868,FC Oste/Oldendorf II,Niedersachsen,Kreis Stade,7,Kreisliga,Frauen Kreisliga Stade/Harburg,0318KFE3TC00000AVS5489BUVV628VP4-G,3,2,2,0,0,5,1,4,6,3.0,,fussball.de
1869,(SG ) TSV 1910 Ebermannstadt / SpVgg DJK Eggolsheim,Bayern,Bezirk Mittelfranken,7,Bezirksliga,Frauen BZL Nord · Bezirk Mittelfranken,031FCGP6VO000007VS5489BUVSJ4CRAP-G,3,1,1,0,0,2,0,2,3,3.0,,fussball.de
1870,(SG) SC Michelsneukirchen / 1.Spielgemeinschaft Regental,Bayern,Bezirk Oberpfalz,7,Bezirksliga,Frauen BZL Süd · Bezirk Oberpfalz,0316VDSH28000002VS5489BTVU7GTVLE-G,3,1,1,0,0,2,0,2,3,3.0,,fussball.de
1871,B-W Hollage II,Niedersachsen,Kreis Osnabrück,7,Kreisliga,Kreisliga Osnabrück,0316EAM4T8000007VS5489BUVSBBVPEU-G,4,1,1,0,0,2,0,2,3,3.0,,fussball.de
1872,SG Exten/Kalletal II (9er),Niedersachsen,Kreis Schaumburg,7,Kreisliga,Kreisliga Hameln-Pyrmont/Schaumburg Staffel A,031CHGC3MC000004VS5489BTVUS470OH-G,4,1,1,0,0,2,0,2,3,3.0,,fussball.de
1873,SV GS Hohenholte,Westfalen,Kreis Münster,7,Kreisliga A,Frauen Kreisliga A · Kreis Münster,031HT6D5G0000008VS5489BUVVKNMR0J-G,4,1,1,0,0,2,0,2,3,3.0,,fussball.de
1874,SV Union Wetten II.,Niederrhein,Kreis Kempen-Krefeld,7,Kreisliga A,Frauen-Kreisliga Gruppe 5 · Kreis Kempen-Krefeld,031G0I78HK000000VS5489BUVSJ4CRAP-G,4,2,2,0,0,4,0,4,6,3.0,,fussball.de
1875,SpVgg Oelde,Westfalen,Kreis Beckum,7,Kreisliga A,Frauen Kreisliga A Beckum-Gütersloh,031AROBD8G000004VS5489BTVSK8S3O6-G,3,1,1,0,0,2,0,2,3,3.0,,fussball.de
1876,TuS Medebach (9er),Westfalen,Kreis Arnsberg,7,Kreisliga A,Kreisliga A Arnsberg/HSK/Olpe,031KRB8FGO000007VS5489BUVVKNMR0J-G,6,1,1,0,0,2,0,2,3,3.0,,fussball.de
1877,Tus Grünenbaum (9er),Westfalen,Kreis Iserlohn,7,Kreisliga A,Frauen KL A Iserlohn/Lüdenscheid/Arnsberg,031EL7514800000AVS5489BTVUS470OH-G,3,1,1,0,0,2,0,2,3,3.0,,fussball.de
1878,Vorwärts Epe,Westfalen,Kreis Ahaus-Coesfeld,7,Kreisliga A,Frauen Kreisliga A Ahaus-Coesfeld,031LOM6FKC000002VS5489BTVSRD0UH9-G,1,4,4,0,0,10,3,7,12,3.0,,fussball.de
1879,Vorwärts Spoho IV,Mittelrhein,Kreis Köln,7,Kreisliga A,Kreisliga A - Frauen · Kreis Köln,030TOD9FC4000003VS5489BUVSOV43J9-G,2,2,2,0,0,9,6,3,6,3.0,,fussball.de
1880,MTV Jeddingen II,Niedersachsen,Kreis Rotenburg,7,Kreisliga,Frauen Kreisliga Rotenburg,03181DLOQO000005VS5489BTVU7GTVLE-G,2,2,2,0,0,7,4,3,6,3.0,,fussball.de
1881,SG Jahn Ströhen,Niedersachsen,Kreis Diepholz,7,Kreisliga,Kreisliga Frauen · Kreis Diepholz,031EAMUNMC000003VS5489BTVUS470OH-G,3,2,2,0,0,7,4,3,6,3.0,,fussball.de
1882,Brochterbecker Sportverein 1948 e.V.,Westfalen,Kreis Steinfurt,7,Kreisliga A,Kreisliga A Steinfurt - Tecklenburg,031HMP0DSO000004VS5489BUVVKNMR0J-G,5,2,2,0,0,5,2,3,6,3.0,,fussball.de
1883,SV Grün-Weiss Tolk (7er),Schleswig-Holstein,Kreis Schleswig-Flensburg,7,Kreisklasse A,Frauen KKA N-O (SL-FL) · Kreis Schleswig-Flensburg,031LFAO8HS000004VS5489BTVSRD0UH9-G,2,2,2,0,0,5,2,3,6,3.0,,fussball.de
1884,SG Nendorf/Uchte,Niedersachsen,Kreis Nienburg,7,Kreisliga,Frauen Kreisliga Nienburg,031EFISAMK000006VS5489BUVUR5FS5A-G,3,2,2,0,0,4,1,3,6,3.0,,fussball.de
1885,FC Gleichen,Niedersachsen,Kreis Göttingen-Osterode,7,Kreisliga,Kreisliga Frauen · Kreis Göttingen-Osterode,03168M09SG000004VS5489BUVSBBVPEU-G,1,3,3,0,0,5,1,4,9,3.0,,fussball.de
1886,DJK-SSG Darmstadt II,Hessen,Region Darmstadt,7,Oberliga (Region),FKOL DA · Region Darmstadt,031F0B2R7C00000CVS5489BTVUS470OH-G,5,2,2,0,0,7,5,2,6,3.0,,fussball.de
1887,(SG) SF Weidenthal-Guteneck / SV Altendorf,Bayern,Bezirk Oberpfalz,7,Bezirksliga,Frauen BZL Nord · Bezirk Oberpfalz,0316VDSGSK000006VS5489BTVU7GTVLE-G,3,1,1,0,0,3,2,1,3,3.0,,fussball.de
1888,FC Ostereistedt/Rhade,Niedersachsen,Kreis Rotenburg,7,Kreisliga,Frauen Kreisliga Rotenburg,03181DLOQO000005VS5489BTVU7GTVLE-G,5,1,1,0,0,3,2,1,3,3.0,,fussball.de
1889,Post SV Nürnberg,Bayern,Bezirk Mittelfranken,7,Bezirksliga,Frauen BZL Nord · Bezirk Mittelfranken,031FCGP6VO000007VS5489BUVSJ4CRAP-G,4,1,1,0,0,3,2,1,3,3.0,,fussball.de
1890,Rot-Weiß Lintorf (9er),Niederrhein,Kreis Düsseldorf,7,Kreisliga A,Frauen-Kreisliga Gruppe 1 · Kreis Düsseldorf,031FU6U64C00000FVS5489BUVSJ4CRAP-G,7,1,1,0,0,3,2,1,3,3.0,,fussball.de
1891,SG WO / Bernberg,Mittelrhein,Kreis Berg,7,Kreisliga A,Kreisliga A · Kreis Berg,031FMBGCLK000004VS5489BTVUS470OH-G,5,1,1,0,0,3,2,1,3,3.0,,fussball.de
1892,SSG Rot-Schwarz Kiel III (7er),Schleswig-Holstein,Kreis Kiel,7,Kreisklasse A,Kreisklasse A  Mitte/Ost · Kreis Kiel,031JJ36HR4000004VS5489BTVSRD0UH9-G,1,1,1,0,0,3,2,1,3,3.0,,fussball.de
1893,SpVgg Gerthe 1911,Westfalen,Kreis Bochum,7,Kreisliga A,Frauen Kreisliga A Bochum,0319THQ5EO000004VS5489BUVV628VP4-G,8,1,1,0,0,3,2,1,3,3.0,,fussball.de
1894,TSV Etelsen,Niedersachsen,Kreis Osterholz,7,Kreisliga,Kreisliga Frauen OHZ/VER · Kreis Osterholz,0317IM2VPK000004VS5489BUVSBBVPEU-G,3,1,1,0,0,3,2,1,3,3.0,,fussball.de
1895,TSV Lonnerstadt,Bayern,Bezirk Mittelfranken,7,Bezirksliga,Frauen BZL Nord · Bezirk Mittelfranken,031FCGP6VO000007VS5489BUVSJ4CRAP-G,5,1,1,0,0,3,2,1,3,3.0,,fussball.de
1896,TSV Neu St. Jürgen,Niedersachsen,Kreis Osterholz,7,Kreisliga,Kreisliga Frauen OHZ/VER · Kreis Osterholz,0317IM2VPK000004VS5489BUVSBBVPEU-G,4,1,1,0,0,3,2,1,3,3.0,,fussball.de
1897,(SG ) Hiltpoltsteiner SV 1949/ TSV 09 Gräfenberg,Bayern,Bezirk Mittelfranken,7,Bezirksliga,Frauen BZL Nord · Bezirk Mittelfranken,031FCGP6VO000007VS5489BUVSJ4CRAP-G,6,1,1,0,0,2,1,1,3,3.0,,fussball.de
1898,(SG) SC Thalkirchdorf/TSV Stiefenhofen,Bayern,Bezirk Schwaben,7,Bezirksliga,Frauen BZL Süd · Bezirk Schwaben,031BE717FS000007VS5489BUVUR5FS5A-G,2,1,1,0,0,2,1,1,3,3.0,,fussball.de
1899,Blau Weiß 98 Gütersloh,Westfalen,Kreis Beckum,7,Kreisliga A,Frauen Kreisliga A Beckum-Gütersloh,031AROBD8G000004VS5489BTVSK8S3O6-G,4,1,1,0,0,2,1,1,3,3.0,,fussball.de
1900,FTSV TuS Ost Bielefeld,Westfalen,Kreis Bielefeld,7,Kreisliga A,Kreisliga A · Kreis Bielefeld,03139CLFSK00000HVS5489BUVSBBVPEU-G,5,1,1,0,0,2,1,1,3,3.0,,fussball.de
1901,Lübeck 1876 1 (7er),Schleswig-Holstein,Kreis Herzogtum Lauenburg,7,Kreisklasse A,Kreisklasse A Süd-Ost · Kreis Herzogtum Lauenburg,031M5A2J94000002VS5489BTVSRD0UH9-G,1,1,1,0,0,2,1,1,3,3.0,,fussball.de
1902,SG FA Herringhs./Eickum,Westfalen,Kreis Lübbecke,7,Kreisliga A,Frauen Kreisliga A HF/LE/MI/LK · Kreis Lübbecke,031HA3R4QO000008VS5489BUVSJ4CRAP-G,3,1,1,0,0,2,1,1,3,3.0,,fussball.de
1903,SV Brünen II.,Niederrhein,Kreis Moers,7,Kreisliga A,Frauen Kreisliga A Gruppe 7 · Kreis Moers,031G0PR1MS000005VS5489BUVSJ4CRAP-G,8,1,1,0,0,2,1,1,3,3.0,,fussball.de
1904,(SG) SV Lauterhofen/1.FC Sindlbach,Bayern,Bezirk Mittelfranken,7,Bezirksliga,Frauen BZL Süd · Bezirk Mittelfranken,031FCOKBPO000000VS5489BUVSJ4CRAP-G,3,1,1,0,0,1,0,1,3,3.0,,fussball.de
1905,SG Deckbergen-Schaumburg/Fischbeck II (9er),Niedersachsen,Kreis Schaumburg,7,Kreisliga,Kreisliga Hameln-Pymont/Schaumburg Staffel B,031CHGIMSS000004VS5489BTVUS470OH-G,2,1,1,0,0,1,0,1,3,3.0,,fussball.de
1906,VfB Lübeck 2 (9er),Schleswig-Holstein,Kreis Herzogtum Lauenburg,7,Kreisklasse A,Kreisklasse A Süd-Ost · Kreis Herzogtum Lauenburg,031M5A2J94000002VS5489BTVSRD0UH9-G,2,1,1,0,0,1,0,1,3,3.0,,fussball.de
1907,TSV Raesfeld,Westfalen,Kreis Ahaus-Coesfeld,7,Kreisliga A,Frauen Kreisliga A Ahaus-Coesfeld,031LOM6FKC000002VS5489BTVSRD0UH9-G,2,4,3,1,0,20,10,10,10,2.5,,fussball.de
1908,SG Breddenberg/H./Börger/Werpeloh I,Niedersachsen,Kreis Emsland,7,Kreisliga,Frauen Kreisliga Ems-Vechte · Kreis Emsland,0318JGRN2S000005VS5489BTVSK8S3O6-G,2,4,3,1,0,14,4,10,10,2.5,,fussball.de
1909,SVP Fauerbach,Hessen,Region Gießen / Marburg,7,Oberliga (Region),FKOL GI/MR Gr. 2 · Region Gießen / Marburg,031F9S0A6400000BVS5489BUVSJ4CRAP-G,1,4,3,1,0,8,1,7,10,2.5,,fussball.de
1910,SC Constantin Herne,Westfalen,Kreis Herne,7,Kreisliga A,Frauen Kreisliga  A HER/GE/RE · Kreis Herne,031DDHDRBS000009VS5489BTVUS470OH-G,2,3,2,1,0,15,3,12,7,2.33,,fussball.de
1911,SV Brake,Niedersachsen,Kreis Jade-Weser-Hunte,7,Kreisliga,Frauen Kreisliga JWH QR · Kreis Jade-Weser-Hunte,031DNOG2O0000004VS5489BTVUS470OH-G,2,3,2,1,0,13,3,10,7,2.33,,fussball.de
1912,DJK Spvgg. Herten III,Westfalen,Kreis Herne,7,Kreisliga A,Frauen Kreisliga  A HER/GE/RE · Kreis Herne,031DDHDRBS000009VS5489BTVUS470OH-G,3,3,2,1,0,10,3,7,7,2.33,,fussball.de
1913,FC Weser,Niedersachsen,Kreis Göttingen-Osterode,7,Kreisliga,Kreisliga Frauen · Kreis Göttingen-Osterode,03168M09SG000004VS5489BUVSBBVPEU-G,4,3,2,1,0,10,3,7,7,2.33,,fussball.de
1914,1. FFV´97 Oberursel,Hessen,Region Frankfurt,7,Oberliga (Region),KOL Frankfurt · Region Frankfurt,031EVOL33C00000BVS5489BTVUS470OH-G,1,3,2,1,0,8,3,5,7,2.33,,fussball.de
1915,SG Flachsmeer/Collinghorst/Rajen,Niedersachsen,Kreis Ostfriesland,7,Kreisliga,Ostfrieslandliga,031CO452U8000004VS5489BUVUR5FS5A-G,2,3,2,1,0,13,10,3,7,2.33,,fussball.de
1916,VfL Gennebreck,Westfalen,Kreis Dortmund,7,Kreisliga A,Kreisliga A - Dortmund / Hagen,031340MNQO000004VS5489BUVSBBVPEU-G,3,3,2,1,0,6,3,3,7,2.33,,fussball.de
1917,SC Ahle,Westfalen,Kreis Ahaus-Coesfeld,7,Kreisliga A,Frauen Kreisliga A Ahaus-Coesfeld,031LOM6FKC000002VS5489BTVSRD0UH9-G,4,4,3,0,1,15,8,7,9,2.25,,fussball.de
1918,SG Föhrste/Alfeld,Niedersachsen,Kreis Hildesheim-Holzminden,7,Kreisliga,Kreisliga Hildesheim/Holzminden · Kreis Hildesheim-Holzminden,031D6SP528000004VS5489BUVUR5FS5A-G,1,4,3,0,1,11,7,4,9,2.25,,fussball.de
1919,MF Göttingen III,Niedersachsen,Kreis Göttingen-Osterode,7,Kreisliga,Kreisliga Frauen · Kreis Göttingen-Osterode,03168M09SG000004VS5489BUVSBBVPEU-G,2,4,3,0,1,6,4,2,9,2.25,,fussball.de
1920,BWW Langenbochum,Westfalen,Kreis Herne,7,Kreisliga A,Frauen Kreisliga  A HER/GE/RE · Kreis Herne,031DDHDRBS000009VS5489BTVUS470OH-G,4,3,2,0,1,29,4,25,6,2.0,,fussball.de
1921,SG Erkeln-Gehrden/A.-Niesen,Westfalen,Kreis Paderborn,7,Kreisliga A,Frauen Kreisliga A PB/DT/HX · Kreis Paderborn,031I8CLV30000004VS5489BTVSRD0UH9-G,4,3,2,0,1,23,2,21,6,2.0,,fussball.de
1922,Vogelheimer SV,Niederrhein,Kreis Essen,7,Kreisliga A,Frauen-Kreisliga Gruppe 3 · Kreis Essen,031G0FMPS4000009VS5489BUVSJ4CRAP-G,4,2,1,1,0,15,2,13,4,2.0,,fussball.de
1923,SG Dörenthe/Saerbeck,Westfalen,Kreis Steinfurt,7,Kreisliga A,Kreisliga A Steinfurt - Tecklenburg,031HMP0DSO000004VS5489BUVVKNMR0J-G,2,3,2,0,1,18,2,16,6,2.0,,fussball.de
1924,TuS Lipperode,Westfalen,Kreis Lippstadt,7,Kreisliga A,Kreisliga A  Lippstadt/Soest,031O39Q850000004VS5489BTVV1LNS7C-G,2,3,2,0,1,19,4,15,6,2.0,,fussball.de
1925,SG Wattenscheid 09,Westfalen,Kreis Bochum,7,Kreisliga A,Frauen Kreisliga A Bochum,0319THQ5EO000004VS5489BUVV628VP4-G,3,3,2,0,1,17,3,14,6,2.0,,fussball.de
1926,SG Rentfort Preußen Gladbeck,Westfalen,Kreis Herne,7,Kreisliga A,Frauen Kreisliga  A HER/GE/RE · Kreis Herne,031DDHDRBS000009VS5489BTVUS470OH-G,5,3,2,0,1,16,3,13,6,2.0,,fussball.de
1927,TuS Esborn,Westfalen,Kreis Dortmund,7,Kreisliga A,Kreisliga A - Dortmund / Hagen,031340MNQO000004VS5489BUVSBBVPEU-G,6,2,1,1,0,9,1,8,4,2.0,,fussball.de
1928,SV Fischbach,Hessen,Region Wiesbaden,7,Oberliga (Region),FKOL WI Gr. 2 · Region Wiesbaden,031FA3HIP8000004VS5489BUVSJ4CRAP-G,2,3,2,0,1,19,8,11,6,2.0,,fussball.de
1929,SC Victoria Ickern,Westfalen,Kreis Herne,7,Kreisliga A,Frauen Kreisliga  A HER/GE/RE · Kreis Herne,031DDHDRBS000009VS5489BTVUS470OH-G,6,3,2,0,1,18,7,11,6,2.0,,fussball.de
1930,TuS Leerhafe-Hovel,Niedersachsen,Kreis Ostfriesland,7,Kreisliga,Ostfrieslandliga,031CO452U8000004VS5489BUVUR5FS5A-G,3,3,2,0,1,14,3,11,6,2.0,,fussball.de
1931,VFL Rautenberg,Niedersachsen,Kreis Hildesheim-Holzminden,7,Kreisliga,Kreisliga Hildesheim/Holzminden · Kreis Hildesheim-Holzminden,031D6SP528000004VS5489BUVUR5FS5A-G,3,3,2,0,1,14,4,10,6,2.0,,fussball.de
1932,SV Germania Esbeck,Westfalen,Kreis Lippstadt,7,Kreisliga A,Kreisliga A  Lippstadt/Soest,031O39Q850000004VS5489BTVV1LNS7C-G,3,3,2,0,1,15,6,9,6,2.0,,fussball.de
1933,SG Loccum/Wasserstraße,Niedersachsen,Kreis Nienburg,7,Kreisliga,Frauen Kreisliga Nienburg,031EFISAMK000006VS5489BUVUR5FS5A-G,4,2,1,1,0,8,2,6,4,2.0,,fussball.de
1934,SG Recke/Mettingen,Westfalen,Kreis Steinfurt,7,Kreisliga A,Kreisliga A Steinfurt - Tecklenburg,031HMP0DSO000004VS5489BUVVKNMR0J-G,3,3,2,0,1,12,3,9,6,2.0,,fussball.de
1935,1. FFC Recklinghausen II,Westfalen,Kreis Herne,7,Kreisliga A,Frauen Kreisliga  A HER/GE/RE · Kreis Herne,031DDHDRBS000009VS5489BTVUS470OH-G,8,2,1,1,0,7,1,6,4,2.0,,fussball.de
1936,SV Leybucht,Niedersachsen,Kreis Ostfriesland,7,Kreisliga,Ostfrieslandliga,031CO452U8000004VS5489BUVUR5FS5A-G,4,3,2,0,1,15,7,8,6,2.0,,fussball.de
1937,SG Sehlem/Westfeld,Niedersachsen,Kreis Hildesheim-Holzminden,7,Kreisliga,Kreisliga Hildesheim/Holzminden · Kreis Hildesheim-Holzminden,031D6SP528000004VS5489BUVUR5FS5A-G,4,3,2,0,1,11,3,8,6,2.0,,fussball.de
1938,FFC Ennepetal,Westfalen,Kreis Dortmund,7,Kreisliga A,Kreisliga A - Dortmund / Hagen,031340MNQO000004VS5489BUVSBBVPEU-G,4,3,2,0,1,10,2,8,6,2.0,,fussball.de
1939,TuS Westerholz,Niedersachsen,Kreis Rotenburg,7,Kreisliga,Frauen Kreisliga Rotenburg,03181DLOQO000005VS5489BTVU7GTVLE-G,3,2,1,1,0,8,3,5,4,2.0,,fussball.de
1940,SV Borussia Hannover,Niedersachsen,Kreis Region Hannover,7,Kreisliga,Frauen Kreisliga Staffel 1 · Kreis Region Hannover,03154LACGC00000AVS5489BUVSBBVPEU-G,2,3,2,0,1,12,5,7,6,2.0,,fussball.de
1941,FSV Jever,Niedersachsen,Kreis Jade-Weser-Hunte,7,Kreisliga,Frauen Kreisliga JWH QR · Kreis Jade-Weser-Hunte,031DNOG2O0000004VS5489BTVUS470OH-G,3,3,2,0,1,9,2,7,6,2.0,,fussball.de
1942,SF Ammeloe,Westfalen,Kreis Ahaus-Coesfeld,7,Kreisliga A,Frauen Kreisliga A Ahaus-Coesfeld,031LOM6FKC000002VS5489BTVSRD0UH9-G,5,3,2,0,1,14,8,6,6,2.0,,fussball.de
1943,TuS Immekeppel,Mittelrhein,Kreis Berg,7,Kreisliga A,Kreisliga A · Kreis Berg,031FMBGCLK000004VS5489BTVUS470OH-G,1,2,1,1,0,8,4,4,4,2.0,,fussball.de
1944,SV Union Rösrath II,Mittelrhein,Kreis Berg,7,Kreisliga A,Kreisliga A · Kreis Berg,031FMBGCLK000004VS5489BTVUS470OH-G,2,2,1,1,0,7,3,4,4,2.0,,fussball.de
1945,FSG Twist I,Niedersachsen,Kreis Emsland,7,Kreisliga,Frauen Kreisliga Ems-Vechte · Kreis Emsland,0318JGRN2S000005VS5489BTVSK8S3O6-G,6,3,2,0,1,8,2,6,6,2.0,,fussball.de
1946,FC Wörpetal,Niedersachsen,Kreis Rotenburg,7,Kreisliga,Frauen Kreisliga Rotenburg,03181DLOQO000005VS5489BTVU7GTVLE-G,4,2,1,1,0,5,1,4,4,2.0,,fussball.de
1947,SV Olympia Laxten,Niedersachsen,Kreis Emsland,7,Kreisliga,Frauen Kreisliga Ems-Vechte · Kreis Emsland,0318JGRN2S000005VS5489BTVSK8S3O6-G,3,5,3,1,1,17,8,9,10,2.0,,fussball.de
1948,DJK VfL Billerbeck II,Westfalen,Kreis Ahaus-Coesfeld,7,Kreisliga A,Frauen Kreisliga A Ahaus-Coesfeld,031LOM6FKC000002VS5489BTVSRD0UH9-G,6,3,2,0,1,9,4,5,6,2.0,,fussball.de
1949,SG Runkel/Brechen/Weyer II,Hessen,Region Wiesbaden,7,Oberliga (Region),FKOL WI Gr. 2 · Region Wiesbaden,031FA3HIP8000004VS5489BUVSJ4CRAP-G,3,3,2,0,1,8,3,5,6,2.0,,fussball.de
1950,SV Ahlerstedt/Ottendorf III,Niedersachsen,Kreis Stade,7,Kreisliga,Frauen Kreisliga Stade/Harburg,0318KFE3TC00000AVS5489BUVV628VP4-G,2,3,2,0,1,8,3,5,6,2.0,,fussball.de
1951,SG Eversburg/Gaste-Hasbergen/Hellern,Niedersachsen,Kreis Osnabrück,7,Kreisliga,Kreisliga Osnabrück,0316EAM4T8000007VS5489BUVSBBVPEU-G,2,2,1,1,0,6,3,3,4,2.0,,fussball.de
1952,DJK Borussia Münster II,Westfalen,Kreis Münster,7,Kreisliga A,Frauen Kreisliga A · Kreis Münster,031HT6D5G0000008VS5489BUVVKNMR0J-G,1,2,1,1,0,5,2,3,4,2.0,,fussball.de
1953,SC Opel 06 Rüsselsheim II,Hessen,Region Wiesbaden,7,Oberliga (Region),FKOL WI Gr. 1 · Region Wiesbaden,031F004GGG00000BVS5489BTVUS470OH-G,3,2,1,1,0,5,2,3,4,2.0,,fussball.de
1954,SV Conc. Albachten,Westfalen,Kreis Münster,7,Kreisliga A,Frauen Kreisliga A · Kreis Münster,031HT6D5G0000008VS5489BUVVKNMR0J-G,2,2,1,1,0,5,2,3,4,2.0,,fussball.de
1955,FC Neukirchen-Vluyn II.,Niederrhein,Kreis Moers,7,Kreisliga A,Frauen Kreisliga A Gruppe 7 · Kreis Moers,031G0PR1MS000005VS5489BUVSJ4CRAP-G,4,2,1,1,0,4,1,3,4,2.0,,fussball.de
1956,SG Kinzenbach,Hessen,Region Gießen / Marburg,7,Oberliga (Region),FKOL GI/MR Gr. 2 · Region Gießen / Marburg,031F9S0A6400000BVS5489BUVSJ4CRAP-G,3,2,1,1,0,4,1,3,4,2.0,,fussball.de
1957,TuS Essen-West 1881,Niederrhein,Kreis Essen,7,Kreisliga A,Frauen-Kreisliga Gruppe 3 · Kreis Essen,031G0FMPS4000009VS5489BUVSJ4CRAP-G,5,2,1,1,0,4,1,3,4,2.0,,fussball.de
1958,Eilbek 3.Fr.,Hamburg,Kreisebene Hamburg,7,Kreisliga,FKL 02 · Kreisebene Hamburg,0314CF1BV000000FVS5489BTVU7GTVLE-G,4,2,1,1,0,3,0,3,4,2.0,,fussball.de
1959,SG AWL (7er),Niedersachsen,Kreis Cuxhaven,7,Kreisliga,Frauen Kreisliga · Kreis Cuxhaven,03153PKDB0000008VS5489BUVSBBVPEU-G,3,3,2,0,1,8,4,4,6,2.0,,fussball.de
1960,TuS Eversten,Niedersachsen,Kreis Jade-Weser-Hunte,7,Kreisliga,Frauen Kreisliga JWH QR · Kreis Jade-Weser-Hunte,031DNOG2O0000004VS5489BTVUS470OH-G,1,4,2,2,0,13,8,5,8,2.0,,fussball.de
1961,SG Hummetal,Niedersachsen,Kreis Schaumburg,7,Kreisliga,Kreisliga Hameln-Pyrmont/Schaumburg Staffel A,031CHGC3MC000004VS5489BTVUS470OH-G,2,2,1,1,0,7,5,2,4,2.0,,fussball.de
1962,SV Union Velbert,Niederrhein,Kreis Wuppertal-Niederberg,7,Kreisliga A,Frauen-Kreisliga Gruppe 2 · Kreis Wuppertal-Niederberg,031G0E5QFS000004VS5489BUVSJ4CRAP-G,1,2,1,1,0,6,4,2,4,2.0,,fussball.de
1963,SG SW Oldenburg,Niedersachsen,Kreis Jade-Weser-Hunte,7,Kreisliga,Frauen Kreisliga JWH QR · Kreis Jade-Weser-Hunte,031DNOG2O0000004VS5489BTVUS470OH-G,4,3,2,0,1,8,5,3,6,2.0,,fussball.de
1964,DJK-SV Bunnen II,Niedersachsen,Kreis Vechta,7,Kreisliga,Kreisliga Vechta CLP OL-Land - VEC,031835JM6C000004VS5489BUVSBBVPEU-G,2,2,1,1,0,4,2,2,4,2.0,,fussball.de
1965,FSV Ochtrup e.V.,Westfalen,Kreis Steinfurt,7,Kreisliga A,Kreisliga A Steinfurt - Tecklenburg,031HMP0DSO000004VS5489BUVVKNMR0J-G,4,3,2,0,1,6,3,3,6,2.0,,fussball.de
1966,TSV Wachtendonk-Wankum,Niederrhein,Kreis Kempen-Krefeld,7,Kreisliga A,Frauen-Kreisliga Gruppe 5 · Kreis Kempen-Krefeld,031G0I78HK000000VS5489BUVSJ4CRAP-G,5,2,1,1,0,3,1,2,4,2.0,,fussball.de
1967,SG Hemmelte/Lastrup/Kneheim,Niedersachsen,Kreis Vechta,7,Kreisliga,Kreisliga Vechta CLP OL-Land - VEC,031835JM6C000004VS5489BUVSBBVPEU-G,3,2,1,1,0,2,0,2,4,2.0,,fussball.de
1968,SV Wiesbaden 1899,Hessen,Region Wiesbaden,7,Oberliga (Region),FKOL WI Gr. 1 · Region Wiesbaden,031F004GGG00000BVS5489BTVUS470OH-G,2,3,2,0,1,10,8,2,6,2.0,,fussball.de
1969,Ibbenbürener Spvg. 08 e.V. (9er),Westfalen,Kreis Steinfurt,7,Kreisliga A,Kreisliga A Steinfurt - Tecklenburg,031HMP0DSO000004VS5489BUVVKNMR0J-G,6,3,2,0,1,4,2,2,6,2.0,,fussball.de
1970,Teutonia 10 1.Fr.,Hamburg,Kreisebene Hamburg,7,Kreisliga,FKL 01 · Kreisebene Hamburg,0314CF1BNG00000FVS5489BTVU7GTVLE-G,5,2,1,1,0,5,4,1,4,2.0,,fussball.de
1971,SG Holzhausen/Nahne/Schölerberg,Niedersachsen,Kreis Osnabrück,7,Kreisliga,Kreisliga Osnabrück,0316EAM4T8000007VS5489BUVSBBVPEU-G,3,2,1,1,0,2,1,1,4,2.0,,fussball.de
1972,SG Issum-Sevelen-Kapellen/Hamb,Niederrhein,Kreis Kempen-Krefeld,7,Kreisliga A,Frauen-Kreisliga Gruppe 5 · Kreis Kempen-Krefeld,031G0I78HK000000VS5489BUVSJ4CRAP-G,6,2,1,1,0,2,1,1,4,2.0,,fussball.de
1973,SV Bommern (9er),Westfalen,Kreis Bochum,7,Kreisliga A,Frauen Kreisliga A Bochum,0319THQ5EO000004VS5489BUVV628VP4-G,4,3,2,0,1,12,11,1,6,2.0,,fussball.de
1974,Königsborner SV,Westfalen,Kreis Unna-Hamm,7,Kreisliga A,Frauen Kreisliga A Unna/Hamm · Kreis Unna-Hamm,031BT4I5K4000000VS5489BTVUS470OH-G,4,3,2,0,1,11,10,1,6,2.0,,fussball.de
1975,FC Ottenstein,Westfalen,Kreis Ahaus-Coesfeld,7,Kreisliga A,Frauen Kreisliga A Ahaus-Coesfeld,031LOM6FKC000002VS5489BTVSRD0UH9-G,7,3,2,0,1,9,8,1,6,2.0,,fussball.de
1976,FC Matellia Metelen (9er),Westfalen,Kreis Steinfurt,7,Kreisliga A,Kreisliga A Steinfurt - Tecklenburg,031HMP0DSO000004VS5489BUVVKNMR0J-G,7,3,2,0,1,5,4,1,6,2.0,,fussball.de
1977,SG Lühnde/Oedelum,Niedersachsen,Kreis Hildesheim-Holzminden,7,Kreisliga,Kreisliga Hildesheim/Holzminden · Kreis Hildesheim-Holzminden,031D6SP528000004VS5489BUVUR5FS5A-G,5,3,2,0,1,5,4,1,6,2.0,,fussball.de
1978,MTV Soltau II (7er),Niedersachsen,Kreis Heidekreis,7,Kreisliga,Kreisliga Frauen Heidekreis,03172M1UU8000004VS5489BUVSBBVPEU-G,3,3,2,0,1,10,10,0,6,2.0,,fussball.de
1979,TSV Schulenburg,Niedersachsen,Kreis Region Hannover,7,Kreisliga,Frauen Kreisliga Staffel 1 · Kreis Region Hannover,03154LACGC00000AVS5489BUVSBBVPEU-G,3,3,2,0,1,8,8,0,6,2.0,,fussball.de
1980,SV Hohenlimburg 1910 II,Westfalen,Kreis Dortmund,7,Kreisliga A,Kreisliga A - Dortmund / Hagen,031340MNQO000004VS5489BUVSBBVPEU-G,5,3,2,0,1,3,3,0,6,2.0,,fussball.de
1981,SG Angelburg/Erdhausen,Hessen,Region Gießen / Marburg,7,Oberliga (Region),FKOL GI/MR Gr. 1 · Region Gießen / Marburg,031F9S09RO00000AVS5489BUVSJ4CRAP-G,5,3,2,0,1,3,4,-1,6,2.0,,fussball.de
1982,SV Preußen 07 Lünen,Westfalen,Kreis Unna-Hamm,7,Kreisliga A,Frauen Kreisliga A Unna/Hamm · Kreis Unna-Hamm,031BT4I5K4000000VS5489BTVUS470OH-G,5,3,2,0,1,15,17,-2,6,2.0,,fussball.de
1983,FSG Obergrafschaft I,Niedersachsen,Kreis Emsland,7,Kreisliga,Frauen Kreisliga Ems-Vechte · Kreis Emsland,0318JGRN2S000005VS5489BTVSK8S3O6-G,4,5,3,0,2,20,13,7,9,1.8,,fussball.de
1984,TSV 08 Groß Schneen,Niedersachsen,Kreis Göttingen-Osterode,7,Kreisliga,Kreisliga Frauen · Kreis Göttingen-Osterode,03168M09SG000004VS5489BUVSBBVPEU-G,3,4,2,1,1,12,4,8,7,1.75,,fussball.de
1985,TSV Nieder-Ramstadt II,Hessen,Region Darmstadt,7,Oberliga (Region),FKOL DA · Region Darmstadt,031F0B2R7C00000CVS5489BTVUS470OH-G,1,4,2,1,1,12,8,4,7,1.75,,fussball.de
1986,SpG Berßen/Eisten-Hüven/Lähden/Stavern I,Niedersachsen,Kreis Emsland,7,Kreisliga,Frauen Kreisliga Ems-Vechte · Kreis Emsland,0318JGRN2S000005VS5489BTVSK8S3O6-G,5,4,2,1,1,5,3,2,7,1.75,,fussball.de
1987,SSV Sechshelden II,Hessen,Region Gießen / Marburg,7,Oberliga (Region),FKOL GI/MR Gr. 1 · Region Gießen / Marburg,031F9S09RO00000AVS5489BUVSJ4CRAP-G,2,4,2,1,1,7,9,-2,7,1.75,,fussball.de
1988,SC Borchen II,Westfalen,Kreis Paderborn,7,Kreisliga A,Frauen Kreisliga A PB/DT/HX · Kreis Paderborn,031I8CLV30000004VS5489BTVSRD0UH9-G,6,3,1,2,0,15,4,11,5,1.67,,fussball.de
1989,Teutonia Schalke,Westfalen,Kreis Herne,7,Kreisliga A,Frauen Kreisliga  A HER/GE/RE · Kreis Herne,031DDHDRBS000009VS5489BTVUS470OH-G,7,3,1,2,0,5,2,3,5,1.67,,fussball.de
1990,DJK Arminia Klosterhardt II.,Niederrhein,Kreis Oberhausen-Bottrop,7,Kreisliga A,Frauen-Kreisliga Gruppe 4 · Kreis Oberhausen-Bottrop,031G0GMSC0000008VS5489BUVSJ4CRAP-G,4,2,1,0,1,15,4,11,3,1.5,,fussball.de
1991,SC Viktoria Anrath II.,Niederrhein,Kreis Kempen-Krefeld,7,Kreisliga A,Frauen-Kreisliga Gruppe 5 · Kreis Kempen-Krefeld,031G0I78HK000000VS5489BUVSJ4CRAP-G,7,2,1,0,1,14,4,10,3,1.5,,fussball.de
1992,TSV Nordmark Satrup (7er),Schleswig-Holstein,Kreis Schleswig-Flensburg,7,Kreisklasse A,Frauen KKA N-O (SL-FL) · Kreis Schleswig-Flensburg,031LFAO8HS000004VS5489BTVSRD0UH9-G,3,2,1,0,1,13,4,9,3,1.5,,fussball.de
1993,SV Siegfried Materborn II.,Niederrhein,Kreis Moers,7,Kreisliga A,Frauen Kreisliga A Gruppe 7 · Kreis Moers,031G0PR1MS000005VS5489BUVSJ4CRAP-G,5,2,1,0,1,11,3,8,3,1.5,,fussball.de
1994,TSV Bleidenstadt,Hessen,Region Wiesbaden,7,Oberliga (Region),FKOL WI Gr. 1 · Region Wiesbaden,031F004GGG00000BVS5489BTVUS470OH-G,4,2,1,0,1,13,6,7,3,1.5,,fussball.de
1995,TuS Barendorf,Niedersachsen,Kreis Heide-Wendland,7,Kreisliga,Frauenkreisliga · Kreis Heide-Wendland,031A9HJLUO000004VS5489BTVSK8S3O6-G,3,4,2,0,2,18,5,13,6,1.5,,fussball.de
1996,SV Blau-Weiß Wertherbruch (9er),Niederrhein,Kreis Moers,7,Kreisliga A,Frauen Kreisliga A Gruppe 7 · Kreis Moers,031G0PR1MS000005VS5489BUVSJ4CRAP-G,6,2,1,0,1,9,3,6,3,1.5,,fussball.de
1997,SVN Buchholz (9er),Niedersachsen,Kreis Heidekreis,7,Kreisliga,Kreisliga Frauen Heidekreis,03172M1UU8000004VS5489BUVSBBVPEU-G,4,2,1,0,1,9,3,6,3,1.5,,fussball.de
1998,SG Hochwald-Holpe-Wallerhausen-Morsbach,Mittelrhein,Kreis Berg,7,Kreisliga A,Kreisliga A · Kreis Berg,031FMBGCLK000004VS5489BTVUS470OH-G,3,2,1,0,1,8,3,5,3,1.5,,fussball.de
1999,SG Moersen-Sch./M/T (9er),Niedersachsen,Kreis Diepholz,7,Kreisliga,Kreisliga Frauen · Kreis Diepholz,031EAMUNMC000003VS5489BTVUS470OH-G,4,2,1,0,1,11,7,4,3,1.5,,fussball.de
2000,GSV Langenfeld-Wiescheid,Niederrhein,Kreis Düsseldorf,7,Kreisliga A,Frauen-Kreisliga Gruppe 1 · Kreis Düsseldorf,031FU6U64C00000FVS5489BUVSJ4CRAP-G,4,2,1,0,1,9,5,4,3,1.5,,fussball.de
2001,SVG Neuss-Weissenberg,Niederrhein,Kreis Grevenbroich-Neuss,7,Kreisliga A,Frauen-Kreisliga Gruppe 6 · Kreis Grevenbroich-Neuss,031G0KED0C000007VS5489BUVSJ4CRAP-G,5,2,1,0,1,8,4,4,3,1.5,,fussball.de
2002,Spfr. Neersbroich,Niederrhein,Kreis Grevenbroich-Neuss,7,Kreisliga A,Frauen-Kreisliga Gruppe 6 · Kreis Grevenbroich-Neuss,031G0KED0C000007VS5489BUVSJ4CRAP-G,6,2,1,0,1,8,4,4,3,1.5,,fussball.de
2003,TSV Solingen II.,Niederrhein,Kreis Düsseldorf,7,Kreisliga A,Frauen-Kreisliga Gruppe 1 · Kreis Düsseldorf,031FU6U64C00000FVS5489BUVSJ4CRAP-G,5,2,1,0,1,14,11,3,3,1.5,,fussball.de
2004,TuS Harpen II,Westfalen,Kreis Bochum,7,Kreisliga A,Frauen Kreisliga A Bochum,0319THQ5EO000004VS5489BUVV628VP4-G,7,2,1,0,1,8,5,3,3,1.5,,fussball.de
2005,SG Nieharde (7er),Schleswig-Holstein,Kreis Schleswig-Flensburg,7,Kreisklasse A,Frauen KKA N-O (SL-FL) · Kreis Schleswig-Flensburg,031LFAO8HS000004VS5489BTVSRD0UH9-G,4,2,1,0,1,7,4,3,3,1.5,,fussball.de
2006,Curslack-Neuengamme 1.Fr.,Hamburg,Kreisebene Hamburg,7,Kreisliga,FKL 02 · Kreisebene Hamburg,0314CF1BV000000FVS5489BTVU7GTVLE-G,5,2,1,0,1,6,3,3,3,1.5,,fussball.de
2007,ASV Tiefenbroich,Niederrhein,Kreis Düsseldorf,7,Kreisliga A,Frauen-Kreisliga Gruppe 1 · Kreis Düsseldorf,031FU6U64C00000FVS5489BUVSJ4CRAP-G,6,2,1,0,1,9,7,2,3,1.5,,fussball.de
2008,FC Cuxhaven (9er),Niedersachsen,Kreis Cuxhaven,7,Kreisliga,Frauen Kreisliga · Kreis Cuxhaven,03153PKDB0000008VS5489BUVSBBVPEU-G,4,2,1,0,1,8,6,2,3,1.5,,fussball.de
2009,Germ.Eberstadt,Hessen,Region Darmstadt,7,Oberliga (Region),FKOL DA · Region Darmstadt,031F0B2R7C00000CVS5489BTVUS470OH-G,6,2,1,0,1,7,5,2,3,1.5,,fussball.de
2010,HNT 1.Fr.,Hamburg,Kreisebene Hamburg,7,Kreisliga,FKL 02 · Kreisebene Hamburg,0314CF1BV000000FVS5489BTVU7GTVLE-G,7,2,1,0,1,6,4,2,3,1.5,,fussball.de
2011,SC Hardt II.,Niederrhein,Kreis Grevenbroich-Neuss,7,Kreisliga A,Frauen-Kreisliga Gruppe 6 · Kreis Grevenbroich-Neuss,031G0KED0C000007VS5489BUVSJ4CRAP-G,7,2,1,0,1,5,3,2,3,1.5,,fussball.de
2012,TuS Eichlinghofen,Westfalen,Kreis Dortmund,7,Kreisliga A,Kreisliga A - Dortmund / Hagen,031340MNQO000004VS5489BUVSBBVPEU-G,7,2,1,0,1,5,3,2,3,1.5,,fussball.de
2013,Blau-Weiß Langenberg,Niederrhein,Kreis Essen,7,Kreisliga A,Frauen-Kreisliga Gruppe 3 · Kreis Essen,031G0FMPS4000009VS5489BUVSJ4CRAP-G,6,2,1,0,1,4,2,2,3,1.5,,fussball.de
2014,SG BDE Drentwede (9er),Niedersachsen,Kreis Diepholz,7,Kreisliga,Kreisliga Frauen · Kreis Diepholz,031EAMUNMC000003VS5489BTVUS470OH-G,5,2,1,0,1,10,9,1,3,1.5,,fussball.de
2015,SG Scharmb.-Patt.-Ash.,Niedersachsen,Kreis Stade,7,Kreisliga,Frauen Kreisliga Stade/Harburg,0318KFE3TC00000AVS5489BUVV628VP4-G,4,2,1,0,1,6,5,1,3,1.5,,fussball.de
2016,DFC Allendorf/Eder II,Hessen,Region Gießen / Marburg,7,Oberliga (Region),FKOL GI/MR Gr. 1 · Region Gießen / Marburg,031F9S09RO00000AVS5489BUVSJ4CRAP-G,4,4,2,0,2,8,6,2,6,1.5,,fussball.de
2017,SG Husum II / Linsburg II (9er),Niedersachsen,Kreis Nienburg,7,Kreisliga,Frauen Kreisliga Nienburg,031EFISAMK000006VS5489BUVUR5FS5A-G,5,2,1,0,1,3,2,1,3,1.5,,fussball.de
2018,TuSpo Petershütte,Niedersachsen,Kreis Göttingen-Osterode,7,Kreisliga,Kreisliga Frauen · Kreis Göttingen-Osterode,03168M09SG000004VS5489BUVSBBVPEU-G,8,2,1,0,1,3,2,1,3,1.5,,fussball.de
2019,SG Georgsdorf/Veldhausen/Esche II,Niedersachsen,Kreis Emsland,7,Kreisliga,Frauen Kreisliga Ems-Vechte · Kreis Emsland,0318JGRN2S000005VS5489BTVSK8S3O6-G,7,4,2,0,2,7,6,1,6,1.5,,fussball.de
2020,TV Neuenkirchen (9er),Niedersachsen,Kreis Diepholz,7,Kreisliga,Kreisliga Frauen · Kreis Diepholz,031EAMUNMC000003VS5489BTVUS470OH-G,6,2,1,0,1,6,6,0,3,1.5,,fussball.de
2021,DJK BW Hildesheim II,Niedersachsen,Kreis Hildesheim-Holzminden,7,Kreisliga,Kreisliga Hildesheim/Holzminden · Kreis Hildesheim-Holzminden,031D6SP528000004VS5489BUVUR5FS5A-G,6,4,2,0,2,11,11,0,6,1.5,,fussball.de
2022,SC Glandorf 9er,Niedersachsen,Kreis Osnabrück,7,Kreisliga,Kreisliga Osnabrück,0316EAM4T8000007VS5489BUVSBBVPEU-G,5,2,1,0,1,5,5,0,3,1.5,,fussball.de
2023,SC Tewel,Niedersachsen,Kreis Rotenburg,7,Kreisliga,Frauen Kreisliga Rotenburg,03181DLOQO000005VS5489BTVU7GTVLE-G,6,2,1,0,1,5,5,0,3,1.5,,fussball.de
2024,SG Haitz II,Hessen,Region Frankfurt,7,Oberliga (Region),KOL Frankfurt · Region Frankfurt,031EVOL33C00000BVS5489BTVUS470OH-G,4,2,1,0,1,5,5,0,3,1.5,,fussball.de
2025,SuS Niederbonsfeld II.,Niederrhein,Kreis Essen,7,Kreisliga A,Frauen-Kreisliga Gruppe 3 · Kreis Essen,031G0FMPS4000009VS5489BUVSJ4CRAP-G,7,2,1,0,1,5,5,0,3,1.5,,fussball.de
2026,(SG) TSV Fichtelberg/SV Kulmain/SV Neusorg II,Bayern,Bezirk Oberfranken,7,Bezirksliga,Frauen BZL Ost · Bezirk Oberfranken,031DR3UOF4000007VS5489BTVUS470OH-G,3,2,1,0,1,4,4,0,3,1.5,,fussball.de
2027,RSV Roßdorf,Hessen,Region Gießen / Marburg,7,Oberliga (Region),FKOL GI/MR Gr. 1 · Region Gießen / Marburg,031F9S09RO00000AVS5489BUVSJ4CRAP-G,7,2,1,0,1,4,4,0,3,1.5,,fussball.de
2028,TSV Apensen II,Niedersachsen,Kreis Stade,7,Kreisliga,Frauen Kreisliga Stade/Harburg,0318KFE3TC00000AVS5489BUVV628VP4-G,5,2,1,0,1,4,4,0,3,1.5,,fussball.de
2029,FSV Buchenau,Hessen,Region Gießen / Marburg,7,Oberliga (Region),FKOL GI/MR Gr. 1 · Region Gießen / Marburg,031F9S09RO00000AVS5489BUVSJ4CRAP-G,8,2,1,0,1,3,3,0,3,1.5,,fussball.de
2030,SG Frankenthal,Sachsen,Kreis Westlausitz,7,1.Kreisliga (A),Kreisliga Westlausitz,031DCEHODS000004VS5489BUVUR5FS5A-G,6,2,1,0,1,3,3,0,3,1.5,,fussball.de
2031,Rhenania Bottrop III.,Niederrhein,Kreis Oberhausen-Bottrop,7,Kreisliga A,Frauen-Kreisliga Gruppe 4 · Kreis Oberhausen-Bottrop,031G0GMSC0000008VS5489BUVSJ4CRAP-G,6,2,1,0,1,2,2,0,3,1.5,,fussball.de
2032,SG Kropp-Friedrichsberg (7er),Schleswig-Holstein,Kreis Schleswig-Flensburg,7,Kreisklasse A,Frauen KKA N-O (SL-FL) · Kreis Schleswig-Flensburg,031LFAO8HS000004VS5489BTVSRD0UH9-G,5,2,1,0,1,4,5,-1,3,1.5,,fussball.de
2033,SV Fischbach II,Hessen,Region Wiesbaden,7,Oberliga (Region),FKOL WI Gr. 1 · Region Wiesbaden,031F004GGG00000BVS5489BTVUS470OH-G,5,2,1,0,1,4,5,-1,3,1.5,,fussball.de
2034,SV Seybothenreuth,Bayern,Bezirk Oberfranken,7,Bezirksliga,Frauen BZL Ost · Bezirk Oberfranken,031DR3UOF4000007VS5489BTVUS470OH-G,4,2,1,0,1,4,5,-1,3,1.5,,fussball.de
2035,FC Ummel,Niedersachsen,Kreis Rotenburg,7,Kreisliga,Frauen Kreisliga Rotenburg,03181DLOQO000005VS5489BTVU7GTVLE-G,7,2,1,0,1,3,4,-1,3,1.5,,fussball.de
2036,SpVgg Oberkotzau 1912 e.V.,Bayern,Bezirk Oberfranken,7,Bezirksliga,Frauen BZL Ost · Bezirk Oberfranken,031DR3UOF4000007VS5489BTVUS470OH-G,5,2,1,0,1,3,4,-1,3,1.5,,fussball.de
2037,FC FW Zetel,Niedersachsen,Kreis Jade-Weser-Hunte,7,Kreisliga,Frauen Kreisliga JWH QR · Kreis Jade-Weser-Hunte,031DNOG2O0000004VS5489BTVUS470OH-G,5,4,2,0,2,14,17,-3,6,1.5,,fussball.de
2038,SG Würges II/Dombach,Hessen,Region Wiesbaden,7,Oberliga (Region),FKOL WI Gr. 2 · Region Wiesbaden,031FA3HIP8000004VS5489BUVSJ4CRAP-G,4,2,1,0,1,7,9,-2,3,1.5,,fussball.de
2039,DJK VFL 05/09 Giesenkirchen,Niederrhein,Kreis Grevenbroich-Neuss,7,Kreisliga A,Frauen-Kreisliga Gruppe 6 · Kreis Grevenbroich-Neuss,031G0KED0C000007VS5489BUVSJ4CRAP-G,8,2,1,0,1,6,8,-2,3,1.5,,fussball.de
2040,FSV Bliedersdorf/Nottensdorf,Niedersachsen,Kreis Stade,7,Kreisliga,Frauen Kreisliga Stade/Harburg,0318KFE3TC00000AVS5489BUVV628VP4-G,7,2,1,0,1,5,7,-2,3,1.5,,fussball.de
2041,SV Kettenkamp,Niedersachsen,Kreis Osnabrück,7,Kreisliga,Kreisliga Osnabrück,0316EAM4T8000007VS5489BUVSBBVPEU-G,7,2,1,0,1,4,6,-2,3,1.5,,fussball.de
2042,Niedersachsen Döhren,Niedersachsen,Kreis Region Hannover,7,Kreisliga,Frauen Kreisliga Staffel 2 · Kreis Region Hannover,03154LACNG00000AVS5489BUVSBBVPEU-G,6,2,1,0,1,3,5,-2,3,1.5,,fussball.de
2043,SV Grün-Weiß Hochkirch,Sachsen,Kreis Westlausitz,7,1.Kreisliga (A),Kreisliga Westlausitz,031DCEHODS000004VS5489BUVUR5FS5A-G,7,2,1,0,1,3,5,-2,3,1.5,,fussball.de
2044,FSG Schwülper-Vordorf-Adenbüttel/Rethen,Niedersachsen,Kreis Braunschweig,7,Kreisliga,Frauen Kreisliga A Braunschweig,031NMHED78000004VS5489BUVT2M8LCU-G,5,2,1,0,1,2,4,-2,3,1.5,,fussball.de
2045,HafenCity 2.Fr.,Hamburg,Kreisebene Hamburg,7,Kreisliga,FKL 02 · Kreisebene Hamburg,0314CF1BV000000FVS5489BTVU7GTVLE-G,8,2,1,0,1,2,4,-2,3,1.5,,fussball.de
2046,DJK Arminia Ibbenbüren III,Westfalen,Kreis Steinfurt,7,Kreisliga A,Kreisliga A Steinfurt - Tecklenburg,031HMP0DSO000004VS5489BUVVKNMR0J-G,9,2,1,0,1,1,3,-2,3,1.5,,fussball.de
2047,SG Brietlingen/Erbstorf II,Niedersachsen,Kreis Heide-Wendland,7,Kreisliga,Frauenkreisliga · Kreis Heide-Wendland,031A9HJLUO000004VS5489BTVSK8S3O6-G,5,2,1,0,1,6,9,-3,3,1.5,,fussball.de
2048,SV Listrup,Niedersachsen,Kreis Emsland,7,Kreisliga,Frauen Kreisliga Ems-Vechte · Kreis Emsland,0318JGRN2S000005VS5489BTVSK8S3O6-G,8,4,2,0,2,8,14,-6,6,1.5,,fussball.de
2049,TSV Fichte Hagen,Westfalen,Kreis Dortmund,7,Kreisliga A,Kreisliga A - Dortmund / Hagen,031340MNQO000004VS5489BUVSBBVPEU-G,8,2,1,0,1,4,7,-3,3,1.5,,fussball.de
2050,BV 09 Drabenderhöhe e.V.,Mittelrhein,Kreis Berg,7,Kreisliga A,Kreisliga A · Kreis Berg,031FMBGCLK000004VS5489BTVUS470OH-G,6,2,1,0,1,3,6,-3,3,1.5,,fussball.de
2051,DJK Vierlinden II.,Niederrhein,Kreis Oberhausen-Bottrop,7,Kreisliga A,Frauen-Kreisliga Gruppe 4 · Kreis Oberhausen-Bottrop,031G0GMSC0000008VS5489BUVSJ4CRAP-G,7,2,1,0,1,3,6,-3,3,1.5,,fussball.de
2052,SC Werden-Heidhausen,Niederrhein,Kreis Essen,7,Kreisliga A,Frauen-Kreisliga Gruppe 3 · Kreis Essen,031G0FMPS4000009VS5489BUVSJ4CRAP-G,8,2,1,0,1,2,5,-3,3,1.5,,fussball.de
2053,Eintracht Duisburg II.,Niederrhein,Kreis Essen,7,Kreisliga A,Frauen-Kreisliga Gruppe 3 · Kreis Essen,031G0FMPS4000009VS5489BUVSJ4CRAP-G,9,2,1,0,1,9,13,-4,3,1.5,,fussball.de
2054,Sportfreunde Baumberg (9er),Niederrhein,Kreis Düsseldorf,7,Kreisliga A,Frauen-Kreisliga Gruppe 1 · Kreis Düsseldorf,031FU6U64C00000FVS5489BUVSJ4CRAP-G,8,2,1,0,1,7,11,-4,3,1.5,,fussball.de
2055,TB Oberhausen,Niederrhein,Kreis Oberhausen-Bottrop,7,Kreisliga A,Frauen-Kreisliga Gruppe 4 · Kreis Oberhausen-Bottrop,031G0GMSC0000008VS5489BUVSJ4CRAP-G,8,2,1,0,1,3,7,-4,3,1.5,,fussball.de
2056,VfL Kamen (9er),Westfalen,Kreis Unna-Hamm,7,Kreisliga A,Frauen Kreisliga A Unna/Hamm · Kreis Unna-Hamm,031BT4I5K4000000VS5489BTVUS470OH-G,7,2,1,0,1,2,6,-4,3,1.5,,fussball.de
2057,Königswarthaer SV,Sachsen,Kreis Westlausitz,7,1.Kreisliga (A),Kreisliga Westlausitz,031DCEHODS000004VS5489BUVUR5FS5A-G,8,2,1,0,1,4,9,-5,3,1.5,,fussball.de
2058,DJK EUFootball Flensburg III (7er),Schleswig-Holstein,Kreis Schleswig-Flensburg,7,Kreisklasse A,Frauen KKA N-O (SL-FL) · Kreis Schleswig-Flensburg,031LFAO8HS000004VS5489BTVSRD0UH9-G,6,2,1,0,1,5,13,-8,3,1.5,,fussball.de
2059,HSV Langenfeld 1959 II.,Niederrhein,Kreis Düsseldorf,7,Kreisliga A,Frauen-Kreisliga Gruppe 1 · Kreis Düsseldorf,031FU6U64C00000FVS5489BUVSJ4CRAP-G,9,2,1,0,1,4,13,-9,3,1.5,,fussball.de
2060,TSG Seckenhausen-F.,Niedersachsen,Kreis Diepholz,7,Kreisliga,Kreisliga Frauen · Kreis Diepholz,031EAMUNMC000003VS5489BTVUS470OH-G,7,2,1,0,1,4,13,-9,3,1.5,,fussball.de
2061,GW Holten,Niederrhein,Kreis Oberhausen-Bottrop,7,Kreisliga A,Frauen-Kreisliga Gruppe 4 · Kreis Oberhausen-Bottrop,031G0GMSC0000008VS5489BUVSJ4CRAP-G,9,2,1,0,1,4,17,-13,3,1.5,,fussball.de
2062,SV Blau-Weiß Weitmar (9er),Westfalen,Kreis Bochum,7,Kreisliga A,Frauen Kreisliga A Bochum,0319THQ5EO000004VS5489BUVV628VP4-G,5,3,1,1,1,12,5,7,4,1.33,,fussball.de
2063,SG Schwüblingsen / Hänigsen,Niedersachsen,Kreis Region Hannover,7,Kreisliga,Frauen Kreisliga Staffel 2 · Kreis Region Hannover,03154LACNG00000AVS5489BUVSBBVPEU-G,4,3,1,1,1,11,7,4,4,1.33,,fussball.de
2064,RW Leithe,Westfalen,Kreis Bochum,7,Kreisliga A,Frauen Kreisliga A Bochum,0319THQ5EO000004VS5489BUVV628VP4-G,6,3,1,1,1,6,3,3,4,1.33,,fussball.de
2065,SG Harzhorn,Niedersachsen,Kreis Göttingen-Osterode,7,Kreisliga,Kreisliga Frauen · Kreis Göttingen-Osterode,03168M09SG000004VS5489BUVSBBVPEU-G,6,3,1,1,1,6,5,1,4,1.33,,fussball.de
2066,TSV Eintr. Stadtallendorf,Hessen,Region Gießen / Marburg,7,Oberliga (Region),FKOL GI/MR Gr. 1 · Region Gießen / Marburg,031F9S09RO00000AVS5489BUVSJ4CRAP-G,6,3,1,1,1,5,6,-1,4,1.33,,fussball.de
2067,SV 1930 Langenselbold,Hessen,Region Frankfurt,7,Oberliga (Region),KOL Frankfurt · Region Frankfurt,031EVOL33C00000BVS5489BTVUS470OH-G,3,3,1,1,1,3,4,-1,4,1.33,,fussball.de
2068,SG Denkershausen/Lagersh. II,Niedersachsen,Kreis Göttingen-Osterode,7,Kreisliga,Kreisliga Frauen · Kreis Göttingen-Osterode,03168M09SG000004VS5489BUVSBBVPEU-G,7,3,1,1,1,6,10,-4,4,1.33,,fussball.de
2069,SG Leinepolder I,Niedersachsen,Kreis Göttingen-Osterode,7,Kreisliga,Kreisliga Frauen · Kreis Göttingen-Osterode,03168M09SG000004VS5489BUVSBBVPEU-G,5,4,1,2,1,5,5,0,5,1.25,,fussball.de
2070,FC Marl,Westfalen,Kreis Herne,7,Kreisliga A,Frauen Kreisliga  A HER/GE/RE · Kreis Herne,031DDHDRBS000009VS5489BTVUS470OH-G,9,3,1,0,2,15,8,7,3,1.0,,fussball.de
2071,SV 1980 Konnefeld,Hessen,Region Kassel,7,Oberliga (Region),FKOL KS · Region Kassel,031HSVVFR400000BVS5489BUVVKNMR0J-G,5,3,1,0,2,15,13,2,3,1.0,,fussball.de
2072,Cheruskia Laggenbeck (9er),Westfalen,Kreis Steinfurt,7,Kreisliga A,Kreisliga A Steinfurt - Tecklenburg,031HMP0DSO000004VS5489BUVVKNMR0J-G,8,3,1,0,2,10,9,1,3,1.0,,fussball.de
2073,Iserlohner Turnerschaft (9er),Westfalen,Kreis Iserlohn,7,Kreisliga A,Frauen KL A Iserlohn/Lüdenscheid/Arnsberg,031EL7514800000AVS5489BTVUS470OH-G,4,1,0,1,0,3,3,0,1,1.0,,fussball.de
2074,SSV Küntrop,Westfalen,Kreis Iserlohn,7,Kreisliga A,Frauen KL A Iserlohn/Lüdenscheid/Arnsberg,031EL7514800000AVS5489BTVUS470OH-G,5,1,0,1,0,3,3,0,1,1.0,,fussball.de
2075,Sportfreunde Möhlenwarf,Niedersachsen,Kreis Ostfriesland,7,Kreisliga,Ostfrieslandliga,031CO452U8000004VS5489BUVUR5FS5A-G,7,2,0,2,0,6,6,0,2,1.0,,fussball.de
2076,Eimsbüttel 4.Fr.,Hamburg,Kreisebene Hamburg,7,Kreisliga,FKL 01 · Kreisebene Hamburg,0314CF1BNG00000FVS5489BTVU7GTVLE-G,7,1,0,1,0,2,2,0,1,1.0,,fussball.de
2077,RW Rehme,Westfalen,Kreis Lübbecke,7,Kreisliga A,Frauen Kreisliga A HF/LE/MI/LK · Kreis Lübbecke,031HA3R4QO000008VS5489BUVSJ4CRAP-G,4,1,0,1,0,2,2,0,1,1.0,,fussball.de
2078,SC Bünde,Westfalen,Kreis Lübbecke,7,Kreisliga A,Frauen Kreisliga A HF/LE/MI/LK · Kreis Lübbecke,031HA3R4QO000008VS5489BUVSJ4CRAP-G,5,1,0,1,0,2,2,0,1,1.0,,fussball.de
2079,SG Agathaberg,Mittelrhein,Kreis Berg,7,Kreisliga A,Kreisliga A · Kreis Berg,031FMBGCLK000004VS5489BTVUS470OH-G,8,1,0,1,0,2,2,0,1,1.0,,fussball.de
2080,SG Scharbeutz/Pönitz (7er),Schleswig-Holstein,Kreis Herzogtum Lauenburg,7,Kreisklasse A,Kreisklasse A Süd-Ost · Kreis Herzogtum Lauenburg,031M5A2J94000002VS5489BTVSRD0UH9-G,3,1,0,1,0,2,2,0,1,1.0,,fussball.de
2081,TSV Siems II (7er),Schleswig-Holstein,Kreis Herzogtum Lauenburg,7,Kreisklasse A,Kreisklasse A Süd-Ost · Kreis Herzogtum Lauenburg,031M5A2J94000002VS5489BTVSRD0UH9-G,4,1,0,1,0,2,2,0,1,1.0,,fussball.de
2082,TuS Drakenburg (9er),Niedersachsen,Kreis Nienburg,7,Kreisliga,Frauen Kreisliga Nienburg,031EFISAMK000006VS5489BUVUR5FS5A-G,6,1,0,1,0,2,2,0,1,1.0,,fussball.de
2083,Mellendorfer TV II,Niedersachsen,Kreis Region Hannover,7,Kreisliga,Frauen Kreisliga Staffel 2 · Kreis Region Hannover,03154LACNG00000AVS5489BUVSBBVPEU-G,5,3,1,0,2,5,5,0,3,1.0,,fussball.de
2084,TSV Nesselröden,Niedersachsen,Kreis Göttingen-Osterode,7,Kreisliga,Kreisliga Frauen · Kreis Göttingen-Osterode,03168M09SG000004VS5489BUVSBBVPEU-G,9,3,1,0,2,5,5,0,3,1.0,,fussball.de
2085,SV Eintracht Grumme II,Westfalen,Kreis Bochum,7,Kreisliga A,Frauen Kreisliga A Bochum,0319THQ5EO000004VS5489BUVV628VP4-G,9,2,0,2,0,3,3,0,2,1.0,,fussball.de
2086,(SG ) FC Ezelsdorf 2/FSV Oberferrieden,Bayern,Bezirk Mittelfranken,7,Bezirksliga,Frauen BZL Süd · Bezirk Mittelfranken,031FCOKBPO000000VS5489BUVSJ4CRAP-G,4,1,0,1,0,1,1,0,1,1.0,,fussball.de
2087,(SG ) VFL Ehingen / DJK Großenried / TV 1898 Bechhofen,Bayern,Bezirk Mittelfranken,7,Bezirksliga,Frauen BZL Süd · Bezirk Mittelfranken,031FCOKBPO000000VS5489BUVSJ4CRAP-G,5,1,0,1,0,1,1,0,1,1.0,,fussball.de
2088,(SG) TSV Dietmannsried/SC Untrasried/SV Probstried,Bayern,Bezirk Schwaben,7,Bezirksliga,Frauen BZL Süd · Bezirk Schwaben,031BE717FS000007VS5489BUVUR5FS5A-G,3,1,0,1,0,1,1,0,1,1.0,,fussball.de
2089,1. FC Sonthofen,Bayern,Bezirk Schwaben,7,Bezirksliga,Frauen BZL Süd · Bezirk Schwaben,031BE717FS000007VS5489BUVUR5FS5A-G,4,1,0,1,0,1,1,0,1,1.0,,fussball.de
2090,Alemannia Pfalzdorf II.,Niederrhein,Kreis Moers,7,Kreisliga A,Frauen Kreisliga A Gruppe 7 · Kreis Moers,031G0PR1MS000005VS5489BUVSJ4CRAP-G,9,1,0,1,0,1,1,0,1,1.0,,fussball.de
2091,BSC Blasheim,Westfalen,Kreis Lübbecke,7,Kreisliga A,Frauen Kreisliga A HF/LE/MI/LK · Kreis Lübbecke,031HA3R4QO000008VS5489BUVSJ4CRAP-G,6,1,0,1,0,1,1,0,1,1.0,,fussball.de
2092,FSG Sülztal,Mittelrhein,Kreis Berg,7,Kreisliga A,Kreisliga A · Kreis Berg,031FMBGCLK000004VS5489BTVUS470OH-G,9,1,0,1,0,1,1,0,1,1.0,,fussball.de
2093,SG Nettelstedt / Hille,Westfalen,Kreis Lübbecke,7,Kreisliga A,Frauen Kreisliga A HF/LE/MI/LK · Kreis Lübbecke,031HA3R4QO000008VS5489BUVSJ4CRAP-G,7,1,0,1,0,1,1,0,1,1.0,,fussball.de
2094,VfR Voxtrup,Niedersachsen,Kreis Osnabrück,7,Kreisliga,Kreisliga Osnabrück,0316EAM4T8000007VS5489BUVSBBVPEU-G,6,3,0,3,0,3,3,0,3,1.0,,fussball.de
2095,FSG Gehlenberg-Neuvrees/Hilkenbrook/Rastdorf,Niedersachsen,Kreis Vechta,7,Kreisliga,Kreisliga Vechta CLP OL-Land - VEC,031835JM6C000004VS5489BUVSBBVPEU-G,4,3,0,3,0,2,2,0,3,1.0,,fussball.de
2096,SV SW Kroge-Ehrendorf,Niedersachsen,Kreis Vechta,7,Kreisliga,Kreisliga Vechta CLP OL-Land - VEC,031835JM6C000004VS5489BUVSBBVPEU-G,5,2,0,2,0,1,1,0,2,1.0,,fussball.de
2097,Escheburg 1.Fr.,Hamburg,Kreisebene Hamburg,7,Kreisliga,FKL 02 · Kreisebene Hamburg,0314CF1BV000000FVS5489BTVU7GTVLE-G,9,1,0,1,0,0,0,0,1,1.0,,fussball.de
2098,SC SW Bakum,Niedersachsen,Kreis Vechta,7,Kreisliga,Kreisliga Vechta CLP OL-Land - VEC,031835JM6C000004VS5489BUVSBBVPEU-G,7,1,0,1,0,0,0,0,1,1.0,,fussball.de
2099,SG Trave Segeberg (9er) N,Schleswig-Holstein,Kreis Segeberg,7,Kreisklasse A,Frauen Kreisklasse A Süd · Kreis Segeberg,031M6KFOP4000003VS5489BTVSRD0UH9-G,5,1,0,1,0,0,0,0,1,1.0,,fussball.de
2100,SG Wilnsdorf / Wilgersdorf / Wilden / Johannland,Westfalen,Kreis Siegen-Wittgenstein,7,Kreisliga A,Frauen Kreisliga A - SIWI · Kreis Siegen-Wittgenstein,031F18VB8O000004VS5489BTVUS470OH-G,4,1,0,1,0,0,0,0,1,1.0,,fussball.de
2101,SpVg Kredenbach/Müsen,Westfalen,Kreis Siegen-Wittgenstein,7,Kreisliga A,Frauen Kreisliga A - SIWI · Kreis Siegen-Wittgenstein,031F18VB8O000004VS5489BTVUS470OH-G,5,1,0,1,0,0,0,0,1,1.0,,fussball.de
2102,SpVgg. Blau-Weiß Gießen,Hessen,Region Gießen / Marburg,7,Oberliga (Region),FKOL GI/MR Gr. 2 · Region Gießen / Marburg,031F9S0A6400000BVS5489BUVSJ4CRAP-G,5,1,0,1,0,0,0,0,1,1.0,,fussball.de
2103,Sportfreunde Bispingen,Niedersachsen,Kreis Heide-Wendland,7,Kreisliga,Frauenkreisliga · Kreis Heide-Wendland,031A9HJLUO000004VS5489BTVSK8S3O6-G,4,3,1,0,2,8,9,-1,3,1.0,,fussball.de
2104,ASC Schöppingen II,Westfalen,Kreis Ahaus-Coesfeld,7,Kreisliga A,Frauen Kreisliga A Ahaus-Coesfeld,031LOM6FKC000002VS5489BTVSRD0UH9-G,8,3,1,0,2,7,8,-1,3,1.0,,fussball.de
2105,FC Weimar/Lahn II,Hessen,Region Gießen / Marburg,7,Oberliga (Region),FKOL GI/MR Gr. 1 · Region Gießen / Marburg,031F9S09RO00000AVS5489BUVSJ4CRAP-G,9,3,1,0,2,7,8,-1,3,1.0,,fussball.de
2106,VSV Hedendorf-Neukloster II,Niedersachsen,Kreis Stade,7,Kreisliga,Frauen Kreisliga Stade/Harburg,0318KFE3TC00000AVS5489BUVV628VP4-G,6,3,1,0,2,4,5,-1,3,1.0,,fussball.de
2107,TuS Wüllen (9er),Westfalen,Kreis Ahaus-Coesfeld,7,Kreisliga A,Frauen Kreisliga A Ahaus-Coesfeld,031LOM6FKC000002VS5489BTVSRD0UH9-G,9,3,1,0,2,8,10,-2,3,1.0,,fussball.de
2108,SG Sollingtor/Würgassen II,Westfalen,Kreis Paderborn,7,Kreisliga A,Frauen Kreisliga A PB/DT/HX · Kreis Paderborn,031I8CLV30000004VS5489BTVSRD0UH9-G,7,3,1,0,2,4,6,-2,3,1.0,,fussball.de
2109,VfB 1910 Salzkotten,Westfalen,Kreis Paderborn,7,Kreisliga A,Frauen Kreisliga A PB/DT/HX · Kreis Paderborn,031I8CLV30000004VS5489BTVSRD0UH9-G,8,3,1,0,2,4,6,-2,3,1.0,,fussball.de
2110,FSG Stölzinger Wölfe,Hessen,Region Kassel,7,Oberliga (Region),FKOL KS · Region Kassel,031HSVVFR400000BVS5489BUVVKNMR0J-G,4,4,1,1,2,5,8,-3,4,1.0,,fussball.de
2111,SV Eintracht Dorstfeld,Westfalen,Kreis Dortmund,7,Kreisliga A,Kreisliga A - Dortmund / Hagen,031340MNQO000004VS5489BUVSBBVPEU-G,9,3,1,0,2,3,6,-3,3,1.0,,fussball.de
2112,FC Eintracht Northeim 2,Niedersachsen,Kreis Göttingen-Osterode,7,Kreisliga,Kreisliga Frauen · Kreis Göttingen-Osterode,03168M09SG000004VS5489BUVSBBVPEU-G,10,3,1,0,2,2,5,-3,3,1.0,,fussball.de
2113,SG VV Nordhorn,Niedersachsen,Kreis Emsland,7,Kreisliga,Frauen Kreisliga Ems-Vechte · Kreis Emsland,0318JGRN2S000005VS5489BTVSK8S3O6-G,11,4,1,1,2,12,17,-5,4,1.0,,fussball.de
2114,SV HORST-EMSCHER 9er,Westfalen,Kreis Herne,7,Kreisliga A,Frauen Kreisliga  A HER/GE/RE · Kreis Herne,031DDHDRBS000009VS5489BTVUS470OH-G,10,3,1,0,2,11,15,-4,3,1.0,,fussball.de
2115,Fortuna Gronau 09/54,Westfalen,Kreis Ahaus-Coesfeld,7,Kreisliga A,Frauen Kreisliga A Ahaus-Coesfeld,031LOM6FKC000002VS5489BTVSRD0UH9-G,10,3,1,0,2,8,12,-4,3,1.0,,fussball.de
2116,SG Eime/Banteln,Niedersachsen,Kreis Hildesheim-Holzminden,7,Kreisliga,Kreisliga Hildesheim/Holzminden · Kreis Hildesheim-Holzminden,031D6SP528000004VS5489BUVUR5FS5A-G,7,3,1,0,2,6,10,-4,3,1.0,,fussball.de
2117,SV Heftrich,Hessen,Region Wiesbaden,7,Oberliga (Region),FKOL WI Gr. 2 · Region Wiesbaden,031FA3HIP8000004VS5489BUVSJ4CRAP-G,5,3,1,0,2,3,7,-4,3,1.0,,fussball.de
2118,MTV Himmelpforten,Niedersachsen,Kreis Stade,7,Kreisliga,Frauen Kreisliga Stade/Harburg,0318KFE3TC00000AVS5489BUVV628VP4-G,8,3,1,0,2,9,14,-5,3,1.0,,fussball.de
2119,Kickers Wolthausen,Niedersachsen,Kreis Region Hannover,7,Kreisliga,Frauen Kreisliga Staffel 2 · Kreis Region Hannover,03154LACNG00000AVS5489BUVSBBVPEU-G,7,3,1,0,2,5,10,-5,3,1.0,,fussball.de
2120,TuRa Asseln,Westfalen,Kreis Dortmund,7,Kreisliga A,Kreisliga A - Dortmund / Hagen,031340MNQO000004VS5489BUVSBBVPEU-G,10,3,1,0,2,3,8,-5,3,1.0,,fussball.de
2121,SG Westfalia Hopsten II / Schapen 2,Westfalen,Kreis Steinfurt,7,Kreisliga A,Kreisliga A Steinfurt - Tecklenburg,031HMP0DSO000004VS5489BUVVKNMR0J-G,10,3,1,0,2,2,7,-5,3,1.0,,fussball.de
2122,SV Union Wessum II,Westfalen,Kreis Ahaus-Coesfeld,7,Kreisliga A,Frauen Kreisliga A Ahaus-Coesfeld,031LOM6FKC000002VS5489BTVSRD0UH9-G,11,3,1,0,2,4,10,-6,3,1.0,,fussball.de
2123,Grün-Weiß Steinbeck II,Westfalen,Kreis Steinfurt,7,Kreisliga A,Kreisliga A Steinfurt - Tecklenburg,031HMP0DSO000004VS5489BUVVKNMR0J-G,11,3,1,0,2,3,9,-6,3,1.0,,fussball.de
2124,TSV Bemerode,Niedersachsen,Kreis Region Hannover,7,Kreisliga,Frauen Kreisliga Staffel 2 · Kreis Region Hannover,03154LACNG00000AVS5489BUVSBBVPEU-G,8,3,1,0,2,2,9,-7,3,1.0,,fussball.de
2125,FSG Weene/Egels/Wiesens,Niedersachsen,Kreis Ostfriesland,7,Kreisliga,Ostfrieslandliga,031CO452U8000004VS5489BUVUR5FS5A-G,6,3,1,0,2,4,12,-8,3,1.0,,fussball.de
2126,Phönix 95 Höxter,Westfalen,Kreis Paderborn,7,Kreisliga A,Frauen Kreisliga A PB/DT/HX · Kreis Paderborn,031I8CLV30000004VS5489BTVSRD0UH9-G,9,3,1,0,2,4,25,-21,3,1.0,,fussball.de
2127,SV Völlinghausen,Westfalen,Kreis Lippstadt,7,Kreisliga A,Kreisliga A  Lippstadt/Soest,031O39Q850000004VS5489BTVV1LNS7C-G,5,3,1,0,2,1,23,-22,3,1.0,,fussball.de
2128,SC BW 94 Papenburg,Niedersachsen,Kreis Emsland,7,Kreisliga,Frauen Kreisliga Ems-Vechte · Kreis Emsland,0318JGRN2S000005VS5489BTVSK8S3O6-G,9,5,1,1,3,12,10,2,4,0.8,,fussball.de
2129,FC Wesuwe,Niedersachsen,Kreis Emsland,7,Kreisliga,Frauen Kreisliga Ems-Vechte · Kreis Emsland,0318JGRN2S000005VS5489BTVSK8S3O6-G,10,5,1,1,3,12,17,-5,4,0.8,,fussball.de
2130,SV Förste,Niedersachsen,Kreis Göttingen-Osterode,7,Kreisliga,Kreisliga Frauen · Kreis Göttingen-Osterode,03168M09SG000004VS5489BUVSBBVPEU-G,11,4,1,0,3,5,14,-9,3,0.75,,fussball.de
2131,SV Herbede,Westfalen,Kreis Bochum,7,Kreisliga A,Frauen Kreisliga A Bochum,0319THQ5EO000004VS5489BUVV628VP4-G,10,3,0,2,1,5,6,-1,2,0.67,,fussball.de
2132,FC Oeding II,Westfalen,Kreis Ahaus-Coesfeld,7,Kreisliga A,Frauen Kreisliga A Ahaus-Coesfeld,031LOM6FKC000002VS5489BTVSRD0UH9-G,12,3,0,2,1,4,6,-2,2,0.67,,fussball.de
2133,TV Jahn Delmenhorst II,Niedersachsen,Kreis Vechta,7,Kreisliga,Kreisliga Vechta CLP OL-Land - VEC,031835JM6C000004VS5489BUVSBBVPEU-G,6,3,0,2,1,4,11,-7,2,0.67,,fussball.de
2134,BSV Viktoria Bielstein 1920 e.V.,Mittelrhein,Kreis Berg,7,Kreisliga A,Kreisliga A · Kreis Berg,031FMBGCLK000004VS5489BTVUS470OH-G,7,2,1,1,0,3,2,1,1,0.5,,fussball.de
2135,FC Hansa Schwanewede,Niedersachsen,Kreis Osterholz,7,Kreisliga,Kreisliga Frauen OHZ/VER · Kreis Osterholz,0317IM2VPK000004VS5489BUVSBBVPEU-G,5,2,0,1,1,3,4,-1,1,0.5,,fussball.de
2136,SG VfB Uplengen / GW Firrel,Niedersachsen,Kreis Ostfriesland,7,Kreisliga,Ostfrieslandliga,031CO452U8000004VS5489BUVUR5FS5A-G,8,2,0,1,1,2,3,-1,1,0.5,,fussball.de
2137,DJK Adler Union Frintrop,Niederrhein,Kreis Essen,7,Kreisliga A,Frauen-Kreisliga Gruppe 3 · Kreis Essen,031G0FMPS4000009VS5489BUVSJ4CRAP-G,10,2,0,1,1,1,2,-1,1,0.5,,fussball.de
2138,Hagener SV,Niedersachsen,Kreis Osnabrück,7,Kreisliga,Kreisliga Osnabrück,0316EAM4T8000007VS5489BUVSBBVPEU-G,8,2,0,1,1,1,2,-1,1,0.5,,fussball.de
2139,FC Germ. Ginnheim,Hessen,Region Frankfurt,7,Oberliga (Region),KOL Frankfurt · Region Frankfurt,031EVOL33C00000BVS5489BTVUS470OH-G,5,2,0,1,1,5,7,-2,1,0.5,,fussball.de
2140,BC BW Ermke,Niedersachsen,Kreis Vechta,7,Kreisliga,Kreisliga Vechta CLP OL-Land - VEC,031835JM6C000004VS5489BUVSBBVPEU-G,8,2,0,1,1,2,4,-2,1,0.5,,fussball.de
2141,DJK Teutonia Ehrenfeld,Westfalen,Kreis Bochum,7,Kreisliga A,Frauen Kreisliga A Bochum,0319THQ5EO000004VS5489BUVV628VP4-G,11,2,0,1,1,2,4,-2,1,0.5,,fussball.de
2142,SV Wahlstedt 2 (7er),Schleswig-Holstein,Kreis Segeberg,7,Kreisklasse A,Frauen Kreisklasse A Süd · Kreis Segeberg,031M6KFOP4000003VS5489BTVSRD0UH9-G,6,2,0,1,1,2,4,-2,1,0.5,,fussball.de
2143,VfL Eintracht Hannover III,Niedersachsen,Kreis Region Hannover,7,Kreisliga,Frauen Kreisliga Staffel 1 · Kreis Region Hannover,03154LACGC00000AVS5489BUVSBBVPEU-G,5,2,0,1,1,2,4,-2,1,0.5,,fussball.de
2144,1. FFC Hannover III,Niedersachsen,Kreis Region Hannover,7,Kreisliga,Frauen Kreisliga Staffel 1 · Kreis Region Hannover,03154LACGC00000AVS5489BUVSBBVPEU-G,6,2,0,1,1,1,3,-2,1,0.5,,fussball.de
2145,FC Münster 05,Westfalen,Kreis Münster,7,Kreisliga A,Frauen Kreisliga A · Kreis Münster,031HT6D5G0000008VS5489BUVVKNMR0J-G,5,2,0,1,1,0,2,-2,1,0.5,,fussball.de
2146,FC Stoppenberg,Niederrhein,Kreis Essen,7,Kreisliga A,Frauen-Kreisliga Gruppe 3 · Kreis Essen,031G0FMPS4000009VS5489BUVSJ4CRAP-G,11,2,0,1,1,3,6,-3,1,0.5,,fussball.de
2147,SV Viktoria Kleestadt,Hessen,Region Darmstadt,7,Oberliga (Region),FKOL DA · Region Darmstadt,031F0B2R7C00000CVS5489BTVUS470OH-G,7,2,0,1,1,3,6,-3,1,0.5,,fussball.de
2148,Schwabthaler SV II,Bayern,Bezirk Oberfranken,7,Bezirksliga,Frauen BZL West · Bezirk Oberfranken,031DR3UO7K000006VS5489BTVUS470OH-G,3,2,0,1,1,3,6,-3,1,0.5,,fussball.de
2149,FSG Haren,Niedersachsen,Kreis Emsland,7,Kreisliga,Frauen Kreisliga Ems-Vechte · Kreis Emsland,0318JGRN2S000005VS5489BTVSK8S3O6-G,12,2,0,1,1,2,5,-3,1,0.5,,fussball.de
2150,SV Blau-Gelb FFM,Hessen,Region Frankfurt,7,Oberliga (Region),KOL Frankfurt · Region Frankfurt,031EVOL33C00000BVS5489BTVUS470OH-G,6,2,0,1,1,6,10,-4,1,0.5,,fussball.de
2151,(SG) DJK Schnaid-Rothensand/ASV Sassanfahrt,Bayern,Bezirk Oberfranken,7,Bezirksliga,Frauen BZL West · Bezirk Oberfranken,031DR3UO7K000006VS5489BTVUS470OH-G,4,2,0,1,1,3,7,-4,1,0.5,,fussball.de
2152,SG Reher/Barntrup,Niedersachsen,Kreis Schaumburg,7,Kreisliga,Kreisliga Hameln-Pyrmont/Schaumburg Staffel A,031CHGC3MC000004VS5489BTVUS470OH-G,5,2,0,1,1,2,6,-4,1,0.5,,fussball.de
2153,TSV Achim,Niedersachsen,Kreis Osterholz,7,Kreisliga,Kreisliga Frauen OHZ/VER · Kreis Osterholz,0317IM2VPK000004VS5489BUVSBBVPEU-G,6,2,0,1,1,2,6,-4,1,0.5,,fussball.de
2154,SC Münchholzh./Dutenhofen II,Hessen,Region Gießen / Marburg,7,Oberliga (Region),FKOL GI/MR Gr. 2 · Region Gießen / Marburg,031F9S0A6400000BVS5489BUVSJ4CRAP-G,6,2,0,1,1,0,4,-4,1,0.5,,fussball.de
2155,SG Alstätte / Graes,Westfalen,Kreis Ahaus-Coesfeld,7,Kreisliga A,Frauen Kreisliga A Ahaus-Coesfeld,031LOM6FKC000002VS5489BTVSRD0UH9-G,13,4,0,2,2,9,19,-10,2,0.5,,fussball.de
2156,SF Dönberg,Niederrhein,Kreis Wuppertal-Niederberg,7,Kreisliga A,Frauen-Kreisliga Gruppe 2 · Kreis Wuppertal-Niederberg,031G0E5QFS000004VS5489BUVSJ4CRAP-G,6,2,0,1,1,2,7,-5,1,0.5,,fussball.de
2157,TSV Marl-Hüls,Westfalen,Kreis Herne,7,Kreisliga A,Frauen Kreisliga  A HER/GE/RE · Kreis Herne,031DDHDRBS000009VS5489BTVUS470OH-G,11,2,0,1,1,2,7,-5,1,0.5,,fussball.de
2158,SG Gartow/Breese,Niedersachsen,Kreis Heide-Wendland,7,Kreisliga,Frauenkreisliga · Kreis Heide-Wendland,031A9HJLUO000004VS5489BTVSK8S3O6-G,6,2,0,1,1,3,9,-6,1,0.5,,fussball.de
2159,SV Eilmsen ( 9 er ),Westfalen,Kreis Lippstadt,7,Kreisliga A,Kreisliga A  Lippstadt/Soest,031O39Q850000004VS5489BTVV1LNS7C-G,7,2,0,1,1,3,9,-6,1,0.5,,fussball.de
2160,SC Münster 08,Westfalen,Kreis Münster,7,Kreisliga A,Frauen Kreisliga A · Kreis Münster,031HT6D5G0000008VS5489BUVVKNMR0J-G,6,2,0,1,1,0,8,-8,1,0.5,,fussball.de
2161,SV Ilmenau,Niedersachsen,Kreis Heide-Wendland,7,Kreisliga,Frauenkreisliga · Kreis Heide-Wendland,031A9HJLUO000004VS5489BTVSK8S3O6-G,7,2,0,1,1,3,16,-13,1,0.5,,fussball.de
2162,FC Bochum 10/21 II,Westfalen,Kreis Bochum,7,Kreisliga A,Frauen Kreisliga A Bochum,0319THQ5EO000004VS5489BUVV628VP4-G,12,2,0,1,1,1,17,-16,1,0.5,,fussball.de
2163,SC Reken 24/15,Westfalen,Kreis Ahaus-Coesfeld,7,Kreisliga A,Frauen Kreisliga A Ahaus-Coesfeld,031LOM6FKC000002VS5489BTVSRD0UH9-G,14,3,0,1,2,5,8,-3,1,0.33,,fussball.de
2164,FC Mönninghausen,Westfalen,Kreis Lippstadt,7,Kreisliga A,Kreisliga A  Lippstadt/Soest,031O39Q850000004VS5489BTVV1LNS7C-G,6,3,0,1,2,3,7,-4,1,0.33,,fussball.de
2165,SV Langenhorst Welbergen II,Westfalen,Kreis Steinfurt,7,Kreisliga A,Kreisliga A Steinfurt - Tecklenburg,031HMP0DSO000004VS5489BUVVKNMR0J-G,12,3,0,1,2,2,6,-4,1,0.33,,fussball.de
2166,TuS Blau-Weiß Istrup,Westfalen,Kreis Paderborn,7,Kreisliga A,Frauen Kreisliga A PB/DT/HX · Kreis Paderborn,031I8CLV30000004VS5489BTVSRD0UH9-G,10,3,0,1,2,2,6,-4,1,0.33,,fussball.de
2167,SG Holdorf/Handorf-Langenberg,Niedersachsen,Kreis Vechta,7,Kreisliga,Kreisliga Vechta CLP OL-Land - VEC,031835JM6C000004VS5489BUVSBBVPEU-G,9,3,0,1,2,1,5,-4,1,0.33,,fussball.de
2168,SG Schepsdorf/Darme/Baccum,Niedersachsen,Kreis Emsland,7,Kreisliga,Frauen Kreisliga Ems-Vechte · Kreis Emsland,0318JGRN2S000005VS5489BTVSK8S3O6-G,13,3,0,1,2,4,10,-6,1,0.33,,fussball.de
2169,TSG Wilhelmshöhe II,Hessen,Region Kassel,7,Oberliga (Region),FKOL KS · Region Kassel,031HSVVFR400000BVS5489BUVVKNMR0J-G,6,3,0,1,2,4,10,-6,1,0.33,,fussball.de
2170,SG am Meer II,Niedersachsen,Kreis Jade-Weser-Hunte,7,Kreisliga,Frauen Kreisliga JWH QR · Kreis Jade-Weser-Hunte,031DNOG2O0000004VS5489BTVUS470OH-G,6,3,0,1,2,6,13,-7,1,0.33,,fussball.de
2171,VfL Langeland,Westfalen,Kreis Paderborn,7,Kreisliga A,Frauen Kreisliga A PB/DT/HX · Kreis Paderborn,031I8CLV30000004VS5489BTVSRD0UH9-G,11,3,0,1,2,6,15,-9,1,0.33,,fussball.de
2172,ESV Fortuna Celle II,Niedersachsen,Kreis Region Hannover,7,Kreisliga,Frauen Kreisliga Staffel 2 · Kreis Region Hannover,03154LACNG00000AVS5489BUVSBBVPEU-G,9,3,0,1,2,6,18,-12,1,0.33,,fussball.de
2173,SG Dreierwalde / Hörstel,Westfalen,Kreis Steinfurt,7,Kreisliga A,Kreisliga A Steinfurt - Tecklenburg,031HMP0DSO000004VS5489BUVVKNMR0J-G,13,3,0,1,2,3,17,-14,1,0.33,,fussball.de
2174,SV 1921 Erbenheim,Hessen,Region Wiesbaden,7,Oberliga (Region),FKOL WI Gr. 1 · Region Wiesbaden,031F004GGG00000BVS5489BTVUS470OH-G,6,4,0,1,3,2,25,-23,1,0.25,,fussball.de
2175,(SG ) BV Bergen/SV Nennslingen/DJK Laibstadt,Bayern,Bezirk Mittelfranken,7,Bezirksliga,Frauen BZL Süd · Bezirk Mittelfranken,031FCOKBPO000000VS5489BUVSJ4CRAP-G,6,0,0,0,0,0,0,0,0,0.0,,fussball.de
2176,(SG) 1. FC Viechtach/SV Geiersthal,Bayern,Bezirk Niederbayern,7,Bezirksliga,Frauen BZL Ost · Bezirk Niederbayern,0318D4SMMG000009VS5489BUVSBBVPEU-G,1,0,0,0,0,0,0,0,0,0.0,,fussball.de
2177,(SG) ESV M.-Freimann / SC Bogenhausen I,Bayern,Bezirk Oberbayern,7,Bezirksliga,Frauen BZL  02 · Bezirk Oberbayern,031EVJRKJS000006VS5489BUVUR5FS5A-G,1,0,0,0,0,0,0,0,0,0.0,,fussball.de
2178,(SG) FC Kirchberg/TSV Taufkirchen,Bayern,Bezirk Niederbayern,7,Bezirksliga,Frauen BZL West · Bezirk Niederbayern,0318D4SMU0000008VS5489BUVSBBVPEU-G,1,0,0,0,0,0,0,0,0,0.0,,fussball.de
2179,(SG) FC Puchheim/1.SC Gröbenzell,Bayern,Bezirk Oberbayern,7,Bezirksliga,Frauen BZL  02 · Bezirk Oberbayern,031EVJRKJS000006VS5489BUVUR5FS5A-G,2,0,0,0,0,0,0,0,0,0.0,,fussball.de
2180,(SG) FC Thingau/SV Rückholz,Bayern,Bezirk Schwaben,7,Bezirksliga,Frauen BZL Süd · Bezirk Schwaben,031BE717FS000007VS5489BUVUR5FS5A-G,5,0,0,0,0,0,0,0,0,0.0,,fussball.de
2181,(SG) FC Thulba/Schönderling/Schondra/Oehrberg/Waldfenster/Lauter,Bayern,Bezirk Unterfranken,7,Bezirksliga,Frauen BZL 02 · Bezirk Unterfranken,03196OOC0S000029VS5489BTVSK8S3O6-G,1,0,0,0,0,0,0,0,0,0.0,,fussball.de
2182,(SG) FSV Feldkahl/TSV Keilberg,Bayern,Bezirk Unterfranken,7,Bezirksliga,Frauen BZL 01 · Bezirk Unterfranken,03196OOA6K00001EVS5489BTVSK8S3O6-G,1,0,0,0,0,0,0,0,0,0.0,,fussball.de
2183,(SG) Höcking/SV Ganacker/SV Haidlfing/TSV Pilsting/FC Zeholfing,Bayern,Bezirk Niederbayern,7,Bezirksliga,Frauen BZL West · Bezirk Niederbayern,0318D4SMU0000008VS5489BUVSBBVPEU-G,2,0,0,0,0,0,0,0,0,0.0,,fussball.de
2184,(SG) RSV Drosendorf/SV Gundelsheim,Bayern,Bezirk Oberfranken,7,Bezirksliga,Frauen BZL West · Bezirk Oberfranken,031DR3UO7K000006VS5489BTVUS470OH-G,5,0,0,0,0,0,0,0,0,0.0,,fussball.de
2185,(SG) SC Egglfing/SV Tettenweis,Bayern,Bezirk Niederbayern,7,Bezirksliga,Frauen BZL Ost · Bezirk Niederbayern,0318D4SMMG000009VS5489BUVSBBVPEU-G,2,0,0,0,0,0,0,0,0,0.0,,fussball.de
2186,(SG) SV Albertshausen/KG/TSV Nüdlingen,Bayern,Bezirk Unterfranken,7,Bezirksliga,Frauen BZL 02 · Bezirk Unterfranken,03196OOC0S000029VS5489BTVSK8S3O6-G,2,0,0,0,0,0,0,0,0,0.0,,fussball.de
2187,(SG) SV Kläham-Oberergoldsbach/FC Hohenthann,Bayern,Bezirk Niederbayern,7,Bezirksliga,Frauen BZL West · Bezirk Niederbayern,0318D4SMU0000008VS5489BUVSBBVPEU-G,3,0,0,0,0,0,0,0,0,0.0,,fussball.de
2188,(SG) SV Lupburg / DJK Eichlberg-Neukirchen,Bayern,Bezirk Oberpfalz,7,Bezirksliga,Frauen BZL Süd · Bezirk Oberpfalz,0316VDSH28000002VS5489BTVU7GTVLE-G,4,0,0,0,0,0,0,0,0,0.0,,fussball.de
2189,(SG) SV Neufraunhofen/TSV Vilslern,Bayern,Bezirk Niederbayern,7,Bezirksliga,Frauen BZL West · Bezirk Niederbayern,0318D4SMU0000008VS5489BUVSBBVPEU-G,4,0,0,0,0,0,0,0,0,0.0,,fussball.de
2190,(SG) SV Saal/TSV 1862 Abensberg/FSV Sandharlanden,Bayern,Bezirk Niederbayern,7,Bezirksliga,Frauen BZL West · Bezirk Niederbayern,0318D4SMU0000008VS5489BUVSBBVPEU-G,5,0,0,0,0,0,0,0,0,0.0,,fussball.de
2191,(SG) SpVgg Jettenbach/TSV Gars,Bayern,Bezirk Oberbayern,7,Bezirksliga,Frauen BZL 01 · Bezirk Oberbayern,031EVJRKEK000000VS5489BUVUR5FS5A-G,1,0,0,0,0,0,0,0,0,0.0,,fussball.de
2192,(SG) TSV Babensham/SV Waldhausen/TSV Eiselfing 1,Bayern,Bezirk Oberbayern,7,Bezirksliga,Frauen BZL 01 · Bezirk Oberbayern,031EVJRKEK000000VS5489BUVUR5FS5A-G,2,0,0,0,0,0,0,0,0,0.0,,fussball.de
2193,(SG) TSV Haar/TSV Grasbrunn I,Bayern,Bezirk Oberbayern,7,Bezirksliga,Frauen BZL  02 · Bezirk Oberbayern,031EVJRKJS000006VS5489BUVUR5FS5A-G,3,0,0,0,0,0,0,0,0,0.0,,fussball.de
2194,(SG) TSV St.Wolfgang/FC Lengdorf,Bayern,Bezirk Oberbayern,7,Bezirksliga,Frauen BZL 01 · Bezirk Oberbayern,031EVJRKEK000000VS5489BUVUR5FS5A-G,3,0,0,0,0,0,0,0,0,0.0,,fussball.de
2195,(SG) TV Barbing / SpVgg Illkofen / TSV Wacker Neutraubling (A),Bayern,Bezirk Oberpfalz,7,Bezirksliga,Frauen BZL Süd · Bezirk Oberpfalz,0316VDSH28000002VS5489BTVU7GTVLE-G,5,0,0,0,0,0,0,0,0,0.0,,fussball.de
2196,1. FC Lauchhau-Lauchäcker 04,Württemberg,Bezirk Stuttgart/Böblingen,7,Bezirksliga,Bezirksliga · Bezirk Stuttgart/Böblingen,03160HUGV8000000VS5489BUVSBBVPEU-G,1,0,0,0,0,0,0,0,0,0.0,,fussball.de
2197,1.FC Monheim zg.,Niederrhein,Kreis Wuppertal-Niederberg,7,Kreisliga A,Frauen-Kreisliga Gruppe 2 · Kreis Wuppertal-Niederberg,031G0E5QFS000004VS5489BUVSJ4CRAP-G,7,0,0,0,0,0,0,0,0,0.0,,fussball.de
2198,Alem. Freiburg-Zähringen 3,Südbaden,Freiburg,7,1.Kreisliga (A),Frauen Kreisliga A · Freiburg,031HINM30G00000EVS5489BUVSJ4CRAP-G,1,0,0,0,0,0,0,0,0,0.0,,fussball.de
2199,Arminia Eilendorf,Mittelrhein,Kreis Aachen,7,Kreisliga A,Kreisliga Aachen,031FNFM0U4000005VS5489BTVVG7L386-G,1,0,0,0,0,0,0,0,0,0.0,,fussball.de
2200,Arminia Eilendorf 2,Mittelrhein,Kreis Aachen,7,Kreisliga A,Kreisliga Aachen,031FNFM0U4000005VS5489BTVVG7L386-G,2,0,0,0,0,0,0,0,0,0.0,,fussball.de
2201,BCG Altenkrempe (7er),Schleswig-Holstein,Kreis Herzogtum Lauenburg,7,Kreisklasse A,Kreisklasse A Süd-Ost · Kreis Herzogtum Lauenburg,031M5A2J94000002VS5489BTVSRD0UH9-G,5,0,0,0,0,0,0,0,0,0.0,,fussball.de
2202,BSV Roleber,Mittelrhein,Kreis Bonn,7,Kreisliga A,Frauen Kreisliga A · Kreis Bonn,031BOIP720000004VS5489BTVUS470OH-G,1,0,0,0,0,0,0,0,0,0.0,,fussball.de
2203,BV Viktoria Kirchderne zg.,Westfalen,Kreis Dortmund,7,Kreisliga A,Kreisliga A - Dortmund / Hagen,031340MNQO000004VS5489BUVSBBVPEU-G,11,0,0,0,0,0,0,0,0,0.0,,fussball.de
2204,BW Wittorf Neumünster (7er),Schleswig-Holstein,Kreis Kiel,7,Kreisklasse A,Kreisklasse A  Mitte/Ost · Kreis Kiel,031JJ36HR4000004VS5489BTVSRD0UH9-G,2,0,0,0,0,0,0,0,0,0.0,,fussball.de
2205,Bedburger BV U23,Mittelrhein,Kreis Euskirchen,7,Kreisliga A,Frauen KL A · Kreis Euskirchen,031OLMV2P8000004VS5489BTVV1LNS7C-G,1,0,0,0,0,0,0,0,0,0.0,,fussball.de
2206,Bürrig I,Mittelrhein,Kreis Köln,7,Kreisliga A,Kreisliga A - Frauen · Kreis Köln,030TOD9FC4000003VS5489BUVSOV43J9-G,7,0,0,0,0,0,0,0,0,0.0,,fussball.de
2207,CSC Batzenhofen-Hirblingen 1,Bayern,Bezirk Schwaben,7,Bezirksliga,Frauen BZL Nord · Bezirk Schwaben,031BE7174G000007VS5489BUVUR5FS5A-G,4,0,0,0,0,0,0,0,0,0.0,,fussball.de
2208,DJK Donaueschingen,Südbaden,Schwarzwald,7,1.Kreisliga (A),Kreisliga A1 Frauen · Schwarzwald,031I7M3GN4000004VS5489BUVVKNMR0J-G,1,0,0,0,0,0,0,0,0,0.0,,fussball.de
2209,DJK Eintracht Patriching,Bayern,Bezirk Niederbayern,7,Bezirksliga,Frauen BZL Ost · Bezirk Niederbayern,0318D4SMMG000009VS5489BUVSBBVPEU-G,3,0,0,0,0,0,0,0,0,0.0,,fussball.de
2210,DJK Gnotzheim,Bayern,Bezirk Mittelfranken,7,Bezirksliga,Frauen BZL Süd · Bezirk Mittelfranken,031FCOKBPO000000VS5489BUVSJ4CRAP-G,7,0,0,0,0,0,0,0,0,0.0,,fussball.de
2211,DJK Otting 1,Bayern,Bezirk Oberbayern,7,Bezirksliga,Frauen BZL 01 · Bezirk Oberbayern,031EVJRKEK000000VS5489BUVUR5FS5A-G,4,0,0,0,0,0,0,0,0,0.0,,fussball.de
2212,DJK RW Milte,Westfalen,Kreis Münster,7,Kreisliga A,Frauen Kreisliga A · Kreis Münster,031HT6D5G0000008VS5489BUVVKNMR0J-G,7,0,0,0,0,0,0,0,0,0.0,,fussball.de
2213,DJK Schweinfurt,Bayern,Bezirk Unterfranken,7,Bezirksliga,Frauen BZL 02 · Bezirk Unterfranken,03196OOC0S000029VS5489BTVSK8S3O6-G,3,0,0,0,0,0,0,0,0,0.0,,fussball.de
2214,DJK-SV Rettenbach,Bayern,Bezirk Oberpfalz,7,Bezirksliga,Frauen BZL Nord · Bezirk Oberpfalz,0316VDSGSK000006VS5489BTVU7GTVLE-G,4,0,0,0,0,0,0,0,0,0.0,,fussball.de
2215,Efferener BC,Mittelrhein,Kreis Euskirchen,7,Kreisliga A,Frauen KL A · Kreis Euskirchen,031OLMV2P8000004VS5489BTVV1LNS7C-G,2,0,0,0,0,0,0,0,0,0.0,,fussball.de
2216,Efferener BC 2,Mittelrhein,Kreis Euskirchen,7,Kreisliga A,Frauen KL A · Kreis Euskirchen,031OLMV2P8000004VS5489BTVV1LNS7C-G,3,0,0,0,0,0,0,0,0,0.0,,fussball.de
2217,Eichholzer SV III (7er),Schleswig-Holstein,Kreis Herzogtum Lauenburg,7,Kreisklasse A,Kreisklasse A Süd-Ost · Kreis Herzogtum Lauenburg,031M5A2J94000002VS5489BTVSRD0UH9-G,6,0,0,0,0,0,0,0,0,0.0,,fussball.de
2218,Eintracht Falkenheim,Bayern,Bezirk Mittelfranken,7,Bezirksliga,Frauen BZL Süd · Bezirk Mittelfranken,031FCOKBPO000000VS5489BUVSJ4CRAP-G,8,0,0,0,0,0,0,0,0,0.0,,fussball.de
2219,Elsava 1913 Elsenfeld,Bayern,Bezirk Unterfranken,7,Bezirksliga,Frauen BZL 01 · Bezirk Unterfranken,03196OOA6K00001EVS5489BTVSK8S3O6-G,2,0,0,0,0,0,0,0,0,0.0,,fussball.de
2220,FC Adler 1911 Meindorf 2,Mittelrhein,Kreis Sieg,7,Kreisliga A,Frauen Kreisliga A · Kreis Sieg,031QKMK61O000004VS5489BUVSV0FPBG-G,2,0,0,0,0,0,0,0,0,0.0,,fussball.de
2221,FC Altrandsberg (N),Bayern,Bezirk Oberpfalz,7,Bezirksliga,Frauen BZL Nord · Bezirk Oberpfalz,0316VDSGSK000006VS5489BTVU7GTVLE-G,5,0,0,0,0,0,0,0,0,0.0,,fussball.de
2222,FC Berrenrath,Mittelrhein,Kreis Euskirchen,7,Kreisliga A,Frauen KL A · Kreis Euskirchen,031OLMV2P8000004VS5489BTVV1LNS7C-G,4,0,0,0,0,0,0,0,0,0.0,,fussball.de
2223,FC Biegelk. Erdmannhausen,Württemberg,Bezirk Enz/Murr,7,Bezirksliga,Bezirksliga · Bezirk Enz/Murr,031DG6GDDS000007VS5489BUVUR5FS5A-G,1,0,0,0,0,0,0,0,0,0.0,,fussball.de
2224,FC Blau-Weiß Bellamont III,Württemberg,Bezirk Oberschwaben,7,Bezirksliga,Bezirksliga · Bezirk Oberschwaben,031I0AN018000001VS5489BUVVKNMR0J-G,1,0,0,0,0,0,0,0,0,0.0,,fussball.de
2225,FC Brigachtal,Südbaden,Schwarzwald,7,1.Kreisliga (A),Kreisliga A1 Frauen · Schwarzwald,031I7M3GN4000004VS5489BUVVKNMR0J-G,2,0,0,0,0,0,0,0,0,0.0,,fussball.de
2226,FC Concordia Birgelen,Mittelrhein,Kreis Düren,7,Kreisliga A,Kreisliga A Frauen Düren/Heinsberg,031P3E39FG000003VS5489BTVT8K11BC-G,1,0,0,0,0,0,0,0,0,0.0,,fussball.de
2227,FC Concordia Haaren,Mittelrhein,Kreis Düren,7,Kreisliga A,Kreisliga A Frauen Düren/Heinsberg,031P3E39FG000003VS5489BTVT8K11BC-G,2,0,0,0,0,0,0,0,0,0.0,,fussball.de
2228,FC Concordia Oidtweiler 1908 e.V. Frauen,Mittelrhein,Kreis Aachen,7,Kreisliga A,Kreisliga Aachen,031FNFM0U4000005VS5489BTVVG7L386-G,3,0,0,0,0,0,0,0,0,0.0,,fussball.de
2229,FC Creglingen,Württemberg,Bezirk Franken,7,Bezirksliga,Bezirksliga · Bezirk Franken,031F589R8K000004VS5489BUVSJ4CRAP-G,1,0,0,0,0,0,0,0,0,0.0,,fussball.de
2230,FC Ebenau 9er,Westfalen,Kreis Siegen-Wittgenstein,7,Kreisliga A,Frauen Kreisliga A - SIWI · Kreis Siegen-Wittgenstein,031F18VB8O000004VS5489BTVUS470OH-G,6,0,0,0,0,0,0,0,0,0.0,,fussball.de
2231,FC Ellwangen II,Württemberg,Bezirk Ostwürttemberg,7,Bezirksliga,Bezirksliga · Bezirk Ostwürttemberg,031M3SQJ4000000DVS5489BUVVKNMR0J-G,1,0,0,0,0,0,0,0,0,0.0,,fussball.de
2232,FC Eschweiler 2020 Damen 2,Mittelrhein,Kreis Aachen,7,Kreisliga A,Kreisliga Aachen,031FNFM0U4000005VS5489BTVVG7L386-G,4,0,0,0,0,0,0,0,0,0.0,,fussball.de
2233,FC Esslingen,Württemberg,Bezirk Neckar/Fils,7,Bezirksliga,Bezirksliga · Bezirk Neckar/Fils,03164IGUOK000004VS5489BTVU7GTVLE-G,1,0,0,0,0,0,0,0,0,0.0,,fussball.de
2234,FC Germania Freund 1919 e.V.,Mittelrhein,Kreis Aachen,7,Kreisliga A,Kreisliga Aachen,031FNFM0U4000005VS5489BTVVG7L386-G,5,0,0,0,0,0,0,0,0,0.0,,fussball.de
2235,FC Gerolfing,Bayern,Bezirk Oberbayern,7,Bezirksliga,Frauen BZL 01 · Bezirk Oberbayern,031EVJRKEK000000VS5489BUVUR5FS5A-G,5,0,0,0,0,0,0,0,0,0.0,,fussball.de
2236,FC Gerolsbach,Bayern,Bezirk Schwaben,7,Bezirksliga,Frauen BZL Nord · Bezirk Schwaben,031BE7174G000007VS5489BUVUR5FS5A-G,5,0,0,0,0,0,0,0,0,0.0,,fussball.de
2237,FC Griesbach,Bayern,Bezirk Niederbayern,7,Bezirksliga,Frauen BZL West · Bezirk Niederbayern,0318D4SMU0000008VS5489BUVSBBVPEU-G,6,0,0,0,0,0,0,0,0,0.0,,fussball.de
2238,FC Heitersheim 2,Südbaden,Freiburg,7,1.Kreisliga (A),Frauen Kreisliga A · Freiburg,031HINM30G00000EVS5489BUVSJ4CRAP-G,2,0,0,0,0,0,0,0,0,0.0,,fussball.de
2239,FC Hertha Rheidt,Mittelrhein,Kreis Sieg,7,Kreisliga A,Frauen Kreisliga A · Kreis Sieg,031QKMK61O000004VS5489BUVSV0FPBG-G,3,0,0,0,0,0,0,0,0,0.0,,fussball.de
2240,FC Hilzingen 2,Südbaden,Bodensee,7,1.Kreisliga (A),Frauen Kreisliga A · Bodensee,0319TO1R5S00000CVS5489BUVV628VP4-G,1,0,0,0,0,0,0,0,0,0.0,,fussball.de
2241,FC Holtenau 07(7er),Schleswig-Holstein,Kreis Kiel,7,Kreisklasse A,Kreisklasse A  Mitte/Ost · Kreis Kiel,031JJ36HR4000004VS5489BTVSRD0UH9-G,3,0,0,0,0,0,0,0,0,0.0,,fussball.de
2242,FC Härtsfeld 03,Württemberg,Bezirk Ostwürttemberg,7,Bezirksliga,Bezirksliga · Bezirk Ostwürttemberg,031M3SQJ4000000DVS5489BUVVKNMR0J-G,2,0,0,0,0,0,0,0,0,0.0,,fussball.de
2243,FC Kirchhausen,Württemberg,Bezirk Franken,7,Bezirksliga,Bezirksliga · Bezirk Franken,031F589R8K000004VS5489BUVSJ4CRAP-G,2,0,0,0,0,0,0,0,0,0.0,,fussball.de
2244,FC Mariakirchen,Bayern,Bezirk Niederbayern,7,Bezirksliga,Frauen BZL West · Bezirk Niederbayern,0318D4SMU0000008VS5489BUVSBBVPEU-G,7,0,0,0,0,0,0,0,0,0.0,,fussball.de
2245,FC Moosinning,Bayern,Bezirk Oberbayern,7,Bezirksliga,Frauen BZL 01 · Bezirk Oberbayern,031EVJRKEK000000VS5489BUVUR5FS5A-G,6,0,0,0,0,0,0,0,0,0.0,,fussball.de
2246,FC Ohlsbach,Südbaden,Offenburg,7,1.Kreisliga (A),Kreisliga A 1 · Offenburg,031HAA6V1G000004VS5489BUVSJ4CRAP-G,1,0,0,0,0,0,0,0,0,0.0,,fussball.de
2247,FC Ottenheim,Südbaden,Offenburg,7,1.Kreisliga (A),Kreisliga A 1 · Offenburg,031HAA6V1G000004VS5489BUVSJ4CRAP-G,2,0,0,0,0,0,0,0,0,0.0,,fussball.de
2248,FC Rottenburg,Württemberg,Bezirk Alb,7,Bezirksliga,Bezirksliga · Bezirk Alb,031H8043F4000004VS5489BUVSJ4CRAP-G,1,0,0,0,0,0,0,0,0,0.0,,fussball.de
2249,FC Spfr. Schwaig,Bayern,Bezirk Oberbayern,7,Bezirksliga,Frauen BZL 01 · Bezirk Oberbayern,031EVJRKEK000000VS5489BUVUR5FS5A-G,7,0,0,0,0,0,0,0,0,0.0,,fussball.de
2250,FC Viktoria Birkesdorf,Mittelrhein,Kreis Düren,7,Kreisliga A,Kreisliga A Frauen Düren/Heinsberg,031P3E39FG000003VS5489BTVT8K11BC-G,3,0,0,0,0,0,0,0,0,0.0,,fussball.de
2251,FC Wacker Biberach,Württemberg,Bezirk Oberschwaben,7,Bezirksliga,Bezirksliga · Bezirk Oberschwaben,031I0AN018000001VS5489BUVVKNMR0J-G,2,0,0,0,0,0,0,0,0,0.0,,fussball.de
2252,FC Weisweil 2,Südbaden,Freiburg,7,1.Kreisliga (A),Frauen Kreisliga A · Freiburg,031HINM30G00000EVS5489BUVSJ4CRAP-G,3,0,0,0,0,0,0,0,0,0.0,,fussball.de
2253,FC Welzheim 06,Württemberg,Bezirk Rems/Murr/Hall,7,Bezirksliga,Bezirksliga · Bezirk Rems/Murr/Hall,031LH7MI8G000005VS5489BTVSRD0UH9-G,1,0,0,0,0,0,0,0,0,0.0,,fussball.de
2254,FFC Adelsberg-Karsbach 2,Bayern,Bezirk Unterfranken,7,Bezirksliga,Frauen BZL 02 · Bezirk Unterfranken,03196OOC0S000029VS5489BTVSK8S3O6-G,4,0,0,0,0,0,0,0,0,0.0,,fussball.de
2255,FFC Bergheim,Mittelrhein,Kreis Euskirchen,7,Kreisliga A,Frauen KL A · Kreis Euskirchen,031OLMV2P8000004VS5489BTVV1LNS7C-G,5,0,0,0,0,0,0,0,0,0.0,,fussball.de
2256,FFC Bergheim 2,Mittelrhein,Kreis Euskirchen,7,Kreisliga A,Frauen KL A · Kreis Euskirchen,031OLMV2P8000004VS5489BTVV1LNS7C-G,6,0,0,0,0,0,0,0,0,0.0,,fussball.de
2257,FSG Pollhagen/Wiedensahl/Rehburg,Niedersachsen,Kreis Schaumburg,7,Kreisliga,Kreisliga Hameln-Pymont/Schaumburg Staffel B,031CHGIMSS000004VS5489BTVUS470OH-G,3,0,0,0,0,0,0,0,0,0.0,,fussball.de
2258,FSG Zizenhausen-Hi.-Ho.,Südbaden,Bodensee,7,1.Kreisliga (A),Frauen Kreisliga A · Bodensee,0319TO1R5S00000CVS5489BUVV628VP4-G,2,0,0,0,0,0,0,0,0,0.0,,fussball.de
2259,FSV 07 Holzkirchhausen/Neubrunn e.V.,Bayern,Bezirk Unterfranken,7,Bezirksliga,Frauen BZL 01 · Bezirk Unterfranken,03196OOA6K00001EVS5489BTVSK8S3O6-G,3,0,0,0,0,0,0,0,0,0.0,,fussball.de
2260,FSV 09 Geilenkirchen,Mittelrhein,Kreis Düren,7,Kreisliga A,Kreisliga A Frauen Düren/Heinsberg,031P3E39FG000003VS5489BTVT8K11BC-G,4,0,0,0,0,0,0,0,0,0.0,,fussball.de
2261,FSV Höhenrain,Bayern,Bezirk Oberbayern,7,Bezirksliga,Frauen BZL  02 · Bezirk Oberbayern,031EVJRKJS000006VS5489BUVUR5FS5A-G,4,0,0,0,0,0,0,0,0,0.0,,fussball.de
2262,FSV Ossweil,Württemberg,Bezirk Enz/Murr,7,Bezirksliga,Bezirksliga · Bezirk Enz/Murr,031DG6GDDS000007VS5489BUVUR5FS5A-G,2,0,0,0,0,0,0,0,0,0.0,,fussball.de
2263,FSV VfB Straubing,Bayern,Bezirk Niederbayern,7,Bezirksliga,Frauen BZL Ost · Bezirk Niederbayern,0318D4SMMG000009VS5489BUVSBBVPEU-G,4,0,0,0,0,0,0,0,0,0.0,,fussball.de
2264,FSV Wyk-Föhr (7er),Schleswig-Holstein,Kreis Nordfriesland,7,Kreisklasse A,Frauen KKA N-W (NF) · Kreis Nordfriesland,031LG3V0J4000004VS5489BTVSRD0UH9-G,2,0,0,0,0,0,0,0,0,0.0,,fussball.de
2265,FSV Wörth,Bayern,Bezirk Unterfranken,7,Bezirksliga,Frauen BZL 01 · Bezirk Unterfranken,03196OOA6K00001EVS5489BTVSK8S3O6-G,4,0,0,0,0,0,0,0,0,0.0,,fussball.de
2266,FT Eintracht Rendsburg (7er),Schleswig-Holstein,Kreis Kiel,7,Kreisklasse A,Kreisklasse A  Mitte/Ost · Kreis Kiel,031JJ36HR4000004VS5489BTVSRD0UH9-G,4,0,0,0,0,0,0,0,0,0.0,,fussball.de
2267,FV Auenheim,Südbaden,Offenburg,7,1.Kreisliga (A),Kreisliga A 2 · Offenburg,031HAAOB8O000004VS5489BUVSJ4CRAP-G,1,0,0,0,0,0,0,0,0,0.0,,fussball.de
2268,FV Rot-Weiß Ebingen,Württemberg,Bezirk Schwarzwald/Zollern,7,Bezirksliga,Bezirksliga · Bezirk Schwarzwald/Zollern,031G5494G0000006VS5489BUVSJ4CRAP-G,1,0,0,0,0,0,0,0,0,0.0,,fussball.de
2269,FV Singen,Südbaden,Bodensee,7,1.Kreisliga (A),Frauen Kreisliga A · Bodensee,0319TO1R5S00000CVS5489BUVV628VP4-G,3,0,0,0,0,0,0,0,0,0.0,,fussball.de
2270,FV Steinfeld/Hausen-Rohrbach,Bayern,Bezirk Unterfranken,7,Bezirksliga,Frauen BZL 01 · Bezirk Unterfranken,03196OOA6K00001EVS5489BTVSK8S3O6-G,5,0,0,0,0,0,0,0,0,0.0,,fussball.de
2271,FV Tennenbronn,Südbaden,Schwarzwald,7,1.Kreisliga (A),Kreisliga A1 Frauen · Schwarzwald,031I7M3GN4000004VS5489BUVVKNMR0J-G,3,0,0,0,0,0,0,0,0,0.0,,fussball.de
2272,FV Vaalserquartier e.V.,Mittelrhein,Kreis Aachen,7,Kreisliga A,Kreisliga Aachen,031FNFM0U4000005VS5489BTVVG7L386-G,6,0,0,0,0,0,0,0,0,0.0,,fussball.de
2273,Freiburger FC,Südbaden,Freiburg,7,1.Kreisliga (A),Frauen Kreisliga A · Freiburg,031HINM30G00000EVS5489BUVSJ4CRAP-G,4,0,0,0,0,0,0,0,0,0.0,,fussball.de
2274,GW Brauweiler,Mittelrhein,Kreis Euskirchen,7,Kreisliga A,Frauen KL A · Kreis Euskirchen,031OLMV2P8000004VS5489BTVV1LNS7C-G,7,0,0,0,0,0,0,0,0,0.0,,fussball.de
2275,Gütersloher TV (9-er),Westfalen,Kreis Beckum,7,Kreisliga A,Frauen Kreisliga A Beckum-Gütersloh,031AROBD8G000004VS5489BTVSK8S3O6-G,5,0,0,0,0,0,0,0,0,0.0,,fussball.de
2276,Hammer SpVg,Westfalen,Kreis Unna-Hamm,7,Kreisliga A,Frauen Kreisliga A Unna/Hamm · Kreis Unna-Hamm,031BT4I5K4000000VS5489BTVUS470OH-G,15,0,0,0,0,0,0,0,-3,0.0,,fussball.de
2277,Heikendorfer SV (9er),Schleswig-Holstein,Kreis Kiel,7,Kreisklasse A,Kreisklasse A  Mitte/Ost · Kreis Kiel,031JJ36HR4000004VS5489BTVSRD0UH9-G,5,0,0,0,0,0,0,0,0,0.0,,fussball.de
2278,Husumer SV (7er),Schleswig-Holstein,Kreis Nordfriesland,7,Kreisklasse A,Frauen KKA N-W (NF) · Kreis Nordfriesland,031LG3V0J4000004VS5489BTVSRD0UH9-G,3,0,0,0,0,0,0,0,0,0.0,,fussball.de
2279,Lomnitzer SV,Sachsen,Kreis Westlausitz,7,1.Kreisliga (A),Kreisliga Westlausitz,031DCEHODS000004VS5489BUVUR5FS5A-G,9,0,0,0,0,0,0,0,0,0.0,,fussball.de
2280,M&SG Holsen-Bünde-Bruchmühlen,Westfalen,Kreis Lübbecke,7,Kreisliga A,Frauen Kreisliga A HF/LE/MI/LK · Kreis Lübbecke,031HA3R4QO000008VS5489BUVSJ4CRAP-G,8,0,0,0,0,0,0,0,0,0.0,,fussball.de
2281,MTV Diessen/Ammersee,Bayern,Bezirk Oberbayern,7,Bezirksliga,Frauen BZL  02 · Bezirk Oberbayern,031EVJRKJS000006VS5489BUVUR5FS5A-G,5,0,0,0,0,0,0,0,0,0.0,,fussball.de
2282,MTV Dänischenhagen 2 (7er),Schleswig-Holstein,Kreis Kiel,7,Kreisklasse A,Kreisklasse A  Mitte/Ost · Kreis Kiel,031JJ36HR4000004VS5489BTVSRD0UH9-G,6,0,0,0,0,0,0,0,0,0.0,,fussball.de
2283,Oberkasseler FV,Mittelrhein,Kreis Bonn,7,Kreisliga A,Frauen Kreisliga A · Kreis Bonn,031BOIP720000004VS5489BTVUS470OH-G,2,0,0,0,0,0,0,0,0,0.0,,fussball.de
2284,Roter Stern Kickers FLINTA* (7er),Schleswig-Holstein,Kreis Segeberg,7,Kreisklasse A,Frauen Kreisklasse A Süd · Kreis Segeberg,031M6KFOP4000003VS5489BTVSRD0UH9-G,7,0,0,0,0,0,0,0,0,0.0,,fussball.de
2285,SB DJK Würzburg,Bayern,Bezirk Unterfranken,7,Bezirksliga,Frauen BZL 02 · Bezirk Unterfranken,03196OOC0S000029VS5489BTVSK8S3O6-G,5,0,0,0,0,0,0,0,0,0.0,,fussball.de
2286,SC 1912 Hennen,Westfalen,Kreis Iserlohn,7,Kreisliga A,Frauen KL A Iserlohn/Lüdenscheid/Arnsberg,031EL7514800000AVS5489BTVUS470OH-G,6,0,0,0,0,0,0,0,0,0.0,,fussball.de
2287,SC Blönried,Württemberg,Bezirk Bodensee,7,Bezirksliga,Bezirksliga · Bezirk Bodensee,0316NG2AF000000DVS5489BUVSBBVPEU-G,1,0,0,0,0,0,0,0,0,0.0,,fussball.de
2288,SC Breite Burschen Barmen (9er) zg.,Niederrhein,Kreis Wuppertal-Niederberg,7,Kreisliga A,Frauen-Kreisliga Gruppe 2 · Kreis Wuppertal-Niederberg,031G0E5QFS000004VS5489BUVSJ4CRAP-G,8,0,0,0,0,0,0,0,0,0.0,,fussball.de
2289,SC Hofstetten 2,Südbaden,Offenburg,7,1.Kreisliga (A),Kreisliga A 1 · Offenburg,031HAA6V1G000004VS5489BUVSJ4CRAP-G,3,0,0,0,0,0,0,0,0,0.0,,fussball.de
2290,SC Huglfing,Bayern,Bezirk Oberbayern,7,Bezirksliga,Frauen BZL  02 · Bezirk Oberbayern,031EVJRKJS000006VS5489BUVUR5FS5A-G,6,0,0,0,0,0,0,0,0,0.0,,fussball.de
2291,SC Lahr,Südbaden,Offenburg,7,1.Kreisliga (A),Kreisliga A 2 · Offenburg,031HAAOB8O000004VS5489BUVSJ4CRAP-G,2,0,0,0,0,0,0,0,0,0.0,,fussball.de
2292,SC Pöcking,Bayern,Bezirk Oberbayern,7,Bezirksliga,Frauen BZL  02 · Bezirk Oberbayern,031EVJRKJS000006VS5489BUVUR5FS5A-G,7,0,0,0,0,0,0,0,0,0.0,,fussball.de
2293,SC Rheinbach zg.,Mittelrhein,Kreis Bonn,7,Kreisliga A,Frauen Kreisliga A · Kreis Bonn,031BOIP720000004VS5489BTVUS470OH-G,3,0,0,0,0,0,0,0,0,0.0,,fussball.de
2294,SC Villip 1924 e.V.,Mittelrhein,Kreis Bonn,7,Kreisliga A,Frauen Kreisliga A · Kreis Bonn,031BOIP720000004VS5489BTVUS470OH-G,4,0,0,0,0,0,0,0,0,0.0,,fussball.de
2295,SC Widdig 1922 e.V.,Mittelrhein,Kreis Bonn,7,Kreisliga A,Frauen Kreisliga A · Kreis Bonn,031BOIP720000004VS5489BTVUS470OH-G,5,0,0,0,0,0,0,0,0,0.0,,fussball.de
2296,SG Aach-Linz/Denkingen 3,Südbaden,Bodensee,7,1.Kreisliga (A),Frauen Kreisliga A · Bodensee,0319TO1R5S00000CVS5489BUVV628VP4-G,4,0,0,0,0,0,0,0,0,0.0,,fussball.de
2297,SG Altenrath/Albatros Frauen,Mittelrhein,Kreis Sieg,7,Kreisliga A,Frauen Kreisliga A · Kreis Sieg,031QKMK61O000004VS5489BUVSV0FPBG-G,4,0,0,0,0,0,0,0,0,0.0,,fussball.de
2298,SG Au-Wittnau 2,Südbaden,Freiburg,7,1.Kreisliga (A),Frauen Kreisliga A · Freiburg,031HINM30G00000EVS5489BUVSJ4CRAP-G,5,0,0,0,0,0,0,0,0,0.0,,fussball.de
2299,SG Benefeld-Cordingen (7er) o.W.,Niedersachsen,Kreis Heidekreis,7,Kreisliga,Kreisliga Frauen Heidekreis,03172M1UU8000004VS5489BUVSBBVPEU-G,5,0,0,0,0,0,0,0,0,0.0,,fussball.de
2300,SG Breisach/Bötzingen,Südbaden,Freiburg,7,1.Kreisliga (A),Frauen Kreisliga A · Freiburg,031HINM30G00000EVS5489BUVSJ4CRAP-G,6,0,0,0,0,0,0,0,0,0.0,,fussball.de
2301,SG Buchenbach/Oberried 2,Südbaden,Freiburg,7,1.Kreisliga (A),Frauen Kreisliga A · Freiburg,031HINM30G00000EVS5489BUVSJ4CRAP-G,7,0,0,0,0,0,0,0,0,0.0,,fussball.de
2302,SG Ettenheimweiler / Sulz,Südbaden,Offenburg,7,1.Kreisliga (A),Kreisliga A 2 · Offenburg,031HAAOB8O000004VS5489BUVSJ4CRAP-G,3,0,0,0,0,0,0,0,0,0.0,,fussball.de
2303,SG Freiamt/Ottoschwanden,Südbaden,Freiburg,7,1.Kreisliga (A),Frauen Kreisliga A · Freiburg,031HINM30G00000EVS5489BUVSJ4CRAP-G,8,0,0,0,0,0,0,0,0,0.0,,fussball.de
2304,SG Gottenheim/Vogtsburg 3,Südbaden,Freiburg,7,1.Kreisliga (A),Frauen Kreisliga A · Freiburg,031HINM30G00000EVS5489BUVSJ4CRAP-G,9,0,0,0,0,0,0,0,0,0.0,,fussball.de
2305,SG Hellenthal,Mittelrhein,Kreis Euskirchen,7,Kreisliga A,Frauen KL A · Kreis Euskirchen,031OLMV2P8000004VS5489BTVV1LNS7C-G,8,0,0,0,0,0,0,0,0,0.0,,fussball.de
2306,SG Hevesen/Hespe/Ahnsen (7er),Niedersachsen,Kreis Schaumburg,7,Kreisliga,Kreisliga Hameln-Pymont/Schaumburg Staffel B,031CHGIMSS000004VS5489BTVUS470OH-G,4,0,0,0,0,0,0,0,0,0.0,,fussball.de
2307,SG Hochschwarzwald 2,Südbaden,Schwarzwald,7,1.Kreisliga (A),Kreisliga A1 Frauen · Schwarzwald,031I7M3GN4000004VS5489BUVVKNMR0J-G,4,0,0,0,0,0,0,0,0,0.0,,fussball.de
2308,SG Husum I / Linsburg I,Niedersachsen,Kreis Nienburg,7,Kreisliga,Frauen Kreisliga Nienburg,031EFISAMK000006VS5489BUVUR5FS5A-G,7,0,0,0,0,0,0,0,0,0.0,,fussball.de
2309,SG Immenstaad/FN-Fischbach 2,Südbaden,Bodensee,7,1.Kreisliga (A),Frauen Kreisliga A · Bodensee,0319TO1R5S00000CVS5489BUVV628VP4-G,5,0,0,0,0,0,0,0,0,0.0,,fussball.de
2310,SG Jechtingen/Forchheim,Südbaden,Freiburg,7,1.Kreisliga (A),Frauen Kreisliga A · Freiburg,031HINM30G00000EVS5489BUVSJ4CRAP-G,10,0,0,0,0,0,0,0,0,0.0,,fussball.de
2311,SG Krummesse/Ratzeburg (9er),Schleswig-Holstein,Kreis Herzogtum Lauenburg,7,Kreisklasse A,Kreisklasse A Süd-Ost · Kreis Herzogtum Lauenburg,031M5A2J94000002VS5489BTVSRD0UH9-G,7,0,0,0,0,0,0,0,0,0.0,,fussball.de
2312,SG Langenhorn/Enge-Sande II (7er),Schleswig-Holstein,Kreis Nordfriesland,7,Kreisklasse A,Frauen KKA N-W (NF) · Kreis Nordfriesland,031LG3V0J4000004VS5489BTVSRD0UH9-G,4,0,0,0,0,0,0,0,0,0.0,,fussball.de
2313,SG Marbach/Dürrheim 3,Südbaden,Schwarzwald,7,1.Kreisliga (A),Kreisliga A1 Frauen · Schwarzwald,031I7M3GN4000004VS5489BUVVKNMR0J-G,5,0,0,0,0,0,0,0,0,0.0,,fussball.de
2314,SG Mundelfingen,Südbaden,Schwarzwald,7,1.Kreisliga (A),Kreisliga A1 Frauen · Schwarzwald,031I7M3GN4000004VS5489BUVVKNMR0J-G,6,0,0,0,0,0,0,0,0,0.0,,fussball.de
2315,SG Neuried Niederschopfheim 2,Südbaden,Offenburg,7,1.Kreisliga (A),Kreisliga A 1 · Offenburg,031HAA6V1G000004VS5489BUVSJ4CRAP-G,4,0,0,0,0,0,0,0,0,0.0,,fussball.de
2316,SG No. Radolfz./Öhning.-Gai./Bankh.-Moos 2,Südbaden,Bodensee,7,1.Kreisliga (A),Frauen Kreisliga A · Bodensee,0319TO1R5S00000CVS5489BUVV628VP4-G,6,0,0,0,0,0,0,0,0,0.0,,fussball.de
2317,SG Obermünstertal/Staufen,Südbaden,Freiburg,7,1.Kreisliga (A),Frauen Kreisliga A · Freiburg,031HINM30G00000EVS5489BUVSJ4CRAP-G,11,0,0,0,0,0,0,0,0,0.0,,fussball.de
2318,SG Oberzier/Rommelsheim,Mittelrhein,Kreis Düren,7,Kreisliga A,Kreisliga A Frauen Düren/Heinsberg,031P3E39FG000003VS5489BTVT8K11BC-G,5,0,0,0,0,0,0,0,0,0.0,,fussball.de
2319,SG Reiselfingen/Löffingen,Südbaden,Schwarzwald,7,1.Kreisliga (A),Kreisliga A1 Frauen · Schwarzwald,031I7M3GN4000004VS5489BUVVKNMR0J-G,7,0,0,0,0,0,0,0,0,0.0,,fussball.de
2320,SG Renchtal 2,Südbaden,Offenburg,7,1.Kreisliga (A),Kreisliga A 1 · Offenburg,031HAA6V1G000004VS5489BUVSJ4CRAP-G,5,0,0,0,0,0,0,0,0,0.0,,fussball.de
2321,SG Riedöschingen / Tengen-Watterdingen,Südbaden,Schwarzwald,7,1.Kreisliga (A),Kreisliga A1 Frauen · Schwarzwald,031I7M3GN4000004VS5489BUVVKNMR0J-G,8,0,0,0,0,0,0,0,0,0.0,,fussball.de
2322,SG Rosbach/Weyerbusch,Mittelrhein,Kreis Sieg,7,Kreisliga A,Frauen Kreisliga A · Kreis Sieg,031QKMK61O000004VS5489BUVSV0FPBG-G,5,0,0,0,0,0,0,0,0,0.0,,fussball.de
2323,SG St. Märgen/ St. Peter,Südbaden,Schwarzwald,7,1.Kreisliga (A),Kreisliga A1 Frauen · Schwarzwald,031I7M3GN4000004VS5489BUVVKNMR0J-G,9,0,0,0,0,0,0,0,0,0.0,,fussball.de
2324,SG St.Vit/Langenberg-Benteler,Westfalen,Kreis Beckum,7,Kreisliga A,Frauen Kreisliga A Beckum-Gütersloh,031AROBD8G000004VS5489BTVSK8S3O6-G,6,0,0,0,0,0,0,0,0,0.0,,fussball.de
2325,SG Stuttgart-West,Württemberg,Bezirk Stuttgart/Böblingen,7,Bezirksliga,Bezirksliga · Bezirk Stuttgart/Böblingen,03160HUGV8000000VS5489BUVSBBVPEU-G,2,0,0,0,0,0,0,0,0,0.0,,fussball.de
2326,SG WDB II (7er) zg.,Niedersachsen,Kreis Cuxhaven,7,Kreisliga,Frauen Kreisliga · Kreis Cuxhaven,03153PKDB0000008VS5489BUVSBBVPEU-G,5,0,0,0,0,0,0,0,0,0.0,,fussball.de
2327,SGM AHP,Württemberg,Bezirk Donau/Iller,7,Bezirksliga,Bezirksliga · Bezirk Donau/Iller,031C3HGM6S00000BVS5489BUVUR5FS5A-G,1,0,0,0,0,0,0,0,0,0.0,,fussball.de
2328,SGM AHP II,Württemberg,Bezirk Donau/Iller,7,Bezirksliga,Bezirksliga · Bezirk Donau/Iller,031C3HGM6S00000BVS5489BUVUR5FS5A-G,2,0,0,0,0,0,0,0,0,0.0,,fussball.de
2329,SGM Achberg/Neuravensburg/Hergensweiler,Württemberg,Bezirk Bodensee,7,Bezirksliga,Bezirksliga · Bezirk Bodensee,0316NG2AF000000DVS5489BUVSBBVPEU-G,2,0,0,0,0,0,0,0,0,0.0,,fussball.de
2330,SGM Alberweiler III/Warthausen II,Württemberg,Bezirk Oberschwaben,7,Bezirksliga,Bezirksliga · Bezirk Oberschwaben,031I0AN018000001VS5489BUVVKNMR0J-G,3,0,0,0,0,0,0,0,0,0.0,,fussball.de
2331,SGM Altheim III/Öpfingen II,Württemberg,Bezirk Donau/Iller,7,Bezirksliga,Bezirksliga · Bezirk Donau/Iller,031C3HGM6S00000BVS5489BUVUR5FS5A-G,3,0,0,0,0,0,0,0,0,0.0,,fussball.de
2332,SGM Amrichshausen/Westernhausen/Krautheim,Württemberg,Bezirk Franken,7,Bezirksliga,Bezirksliga · Bezirk Franken,031F589R8K000004VS5489BUVSJ4CRAP-G,3,0,0,0,0,0,0,0,0,0.0,,fussball.de
2333,SGM Asch-Sonderbuch/Blautal,Württemberg,Bezirk Donau/Iller,7,Bezirksliga,Bezirksliga · Bezirk Donau/Iller,031C3HGM6S00000BVS5489BUVUR5FS5A-G,4,0,0,0,0,0,0,0,0,0.0,,fussball.de
2334,SGM Asch-Sonderbuch/Blautal II,Württemberg,Bezirk Donau/Iller,7,Bezirksliga,Bezirksliga · Bezirk Donau/Iller,031C3HGM6S00000BVS5489BUVUR5FS5A-G,5,0,0,0,0,0,0,0,0,0.0,,fussball.de
2335,SGM Beffendorf/Hochmössingen/Aichhalden,Württemberg,Bezirk Schwarzwald/Zollern,7,Bezirksliga,Bezirksliga · Bezirk Schwarzwald/Zollern,031G5494G0000006VS5489BUVSJ4CRAP-G,2,0,0,0,0,0,0,0,0,0.0,,fussball.de
2336,SGM Bellenberg II/Ludwigsfeld,Württemberg,Bezirk Donau/Iller,7,Bezirksliga,Bezirksliga · Bezirk Donau/Iller,031C3HGM6S00000BVS5489BUVUR5FS5A-G,6,0,0,0,0,0,0,0,0,0.0,,fussball.de
2337,SGM Bergfelden/Vöhringen,Württemberg,Bezirk Nordschwarzwald,7,Bezirksliga,Bezirksliga Nordschwarzwald,031NBJ6SA4000004VS5489BTVV1LNS7C-G,1,0,0,0,0,0,0,0,0,0.0,,fussball.de
2338,SGM Bondorf I/Mönchberg I/Kayh I /Herrenberg II,Württemberg,Bezirk Stuttgart/Böblingen,7,Bezirksliga,Bezirksliga · Bezirk Stuttgart/Böblingen,03160HUGV8000000VS5489BUVSBBVPEU-G,3,0,0,0,0,0,0,0,0,0.0,,fussball.de
2339,SGM DJK-SV Wasseralfingen/Neuler,Württemberg,Bezirk Ostwürttemberg,7,Bezirksliga,Bezirksliga · Bezirk Ostwürttemberg,031M3SQJ4000000DVS5489BUVVKNMR0J-G,3,0,0,0,0,0,0,0,0,0.0,,fussball.de
2340,SGM Dettingen/Glems,Württemberg,Bezirk Alb,7,Bezirksliga,Bezirksliga · Bezirk Alb,031H8043F4000004VS5489BUVSJ4CRAP-G,2,0,0,0,0,0,0,0,0,0.0,,fussball.de
2341,SGM Ebnat/Waldhausen,Württemberg,Bezirk Ostwürttemberg,7,Bezirksliga,Bezirksliga · Bezirk Ostwürttemberg,031M3SQJ4000000DVS5489BUVVKNMR0J-G,4,0,0,0,0,0,0,0,0,0.0,,fussball.de
2342,SGM FC Engstingen /SV Lautertal /FC Sonnenbühl II,Württemberg,Bezirk Alb,7,Bezirksliga,Bezirksliga · Bezirk Alb,031H8043F4000004VS5489BUVSJ4CRAP-G,3,0,0,0,0,0,0,0,0,0.0,,fussball.de
2343,SGM Fulgenstadt/Renhardsweiler II,Württemberg,Bezirk Oberschwaben,7,Bezirksliga,Bezirksliga · Bezirk Oberschwaben,031I0AN018000001VS5489BUVVKNMR0J-G,4,0,0,0,0,0,0,0,0,0.0,,fussball.de
2344,SGM Geislingen I / Leidringen II,Württemberg,Bezirk Schwarzwald/Zollern,7,Bezirksliga,Bezirksliga · Bezirk Schwarzwald/Zollern,031G5494G0000006VS5489BUVSJ4CRAP-G,3,0,0,0,0,0,0,0,0,0.0,,fussball.de
2345,SGM Göllsdorf/Zepfenhan,Württemberg,Bezirk Schwarzwald/Zollern,7,Bezirksliga,Bezirksliga · Bezirk Schwarzwald/Zollern,031G5494G0000006VS5489BUVSJ4CRAP-G,4,0,0,0,0,0,0,0,0,0.0,,fussball.de
2346,SGM Hengstfeld-Wallhausen/Gröningen-Satteldorf,Württemberg,Bezirk Rems/Murr/Hall,7,Bezirksliga,Bezirksliga · Bezirk Rems/Murr/Hall,031LH7MI8G000005VS5489BTVSRD0UH9-G,2,0,0,0,0,0,0,0,0,0.0,,fussball.de
2347,SGM Hohenmemmingen/Sontheim,Württemberg,Bezirk Ostwürttemberg,7,Bezirksliga,Bezirksliga · Bezirk Ostwürttemberg,031M3SQJ4000000DVS5489BUVVKNMR0J-G,5,0,0,0,0,0,0,0,0,0.0,,fussball.de
2348,SGM Kirchberg/Dettingen/Kellmünz II,Württemberg,Bezirk Oberschwaben,7,Bezirksliga,Bezirksliga · Bezirk Oberschwaben,031I0AN018000001VS5489BUVVKNMR0J-G,5,0,0,0,0,0,0,0,0,0.0,,fussball.de
2349,SGM Mietingen/Baltringen II,Württemberg,Bezirk Oberschwaben,7,Bezirksliga,Bezirksliga · Bezirk Oberschwaben,031I0AN018000001VS5489BUVVKNMR0J-G,6,0,0,0,0,0,0,0,0,0.0,,fussball.de
2350,SGM Oberreichenbach II / Bad Teinach-Zavelstein I,Württemberg,Bezirk Nordschwarzwald,7,Bezirksliga,Bezirksliga Nordschwarzwald,031NBJ6SA4000004VS5489BTVV1LNS7C-G,2,0,0,0,0,0,0,0,0,0.0,,fussball.de
2351,SGM Ottmarsheim/Neckarwestheim/Ilsfeld II,Württemberg,Bezirk Enz/Murr,7,Bezirksliga,Bezirksliga · Bezirk Enz/Murr,031DG6GDDS000007VS5489BUVUR5FS5A-G,3,0,0,0,0,0,0,0,0,0.0,,fussball.de
2352,SGM Roßwag/Großglattbach,Württemberg,Bezirk Enz/Murr,7,Bezirksliga,Bezirksliga · Bezirk Enz/Murr,031DG6GDDS000007VS5489BUVUR5FS5A-G,4,0,0,0,0,0,0,0,0,0.0,,fussball.de
2353,SGM SC Neubulach/SV Schönbronn,Württemberg,Bezirk Nordschwarzwald,7,Bezirksliga,Bezirksliga Nordschwarzwald,031NBJ6SA4000004VS5489BTVV1LNS7C-G,3,0,0,0,0,0,0,0,0,0.0,,fussball.de
2354,SGM SC Unterzeil/Dietmanns/Hauerz/Aitrach,Württemberg,Bezirk Bodensee,7,Bezirksliga,Bezirksliga · Bezirk Bodensee,0316NG2AF000000DVS5489BUVSBBVPEU-G,3,0,0,0,0,0,0,0,0,0.0,,fussball.de
2355,SGM SV Frohnstetten/TSV Stetten a.k.M./SV Schwenningen II,Württemberg,Bezirk Oberschwaben,7,Bezirksliga,Bezirksliga · Bezirk Oberschwaben,031I0AN018000001VS5489BUVVKNMR0J-G,7,0,0,0,0,0,0,0,0,0.0,,fussball.de
2356,SGM SV Fronhofen/Blitzenreute/Baindt,Württemberg,Bezirk Bodensee,7,Bezirksliga,Bezirksliga · Bezirk Bodensee,0316NG2AF000000DVS5489BUVSBBVPEU-G,4,0,0,0,0,0,0,0,0,0.0,,fussball.de
2357,SGM SV Musbach/VfR Klosterreichenbach II,Württemberg,Bezirk Nordschwarzwald,7,Bezirksliga,Bezirksliga Nordschwarzwald,031NBJ6SA4000004VS5489BTVV1LNS7C-G,4,0,0,0,0,0,0,0,0,0.0,,fussball.de
2358,SGM Stetten/Hechingen,Württemberg,Bezirk Schwarzwald/Zollern,7,Bezirksliga,Bezirksliga · Bezirk Schwarzwald/Zollern,031G5494G0000006VS5489BUVSJ4CRAP-G,5,0,0,0,0,0,0,0,0,0.0,,fussball.de
2359,SGM TSV Crailsheim/VfB Jagstheim/SV Onolzheim II,Württemberg,Bezirk Rems/Murr/Hall,7,Bezirksliga,Bezirksliga · Bezirk Rems/Murr/Hall,031LH7MI8G000005VS5489BTVSRD0UH9-G,3,0,0,0,0,0,0,0,0,0.0,,fussball.de
2360,SGM TSV Ilshofen/TSV Dünsbach,Württemberg,Bezirk Rems/Murr/Hall,7,Bezirksliga,Bezirksliga · Bezirk Rems/Murr/Hall,031LH7MI8G000005VS5489BTVSRD0UH9-G,4,0,0,0,0,0,0,0,0,0.0,,fussball.de
2361,SGM TSV Neuenstein III/TSV Kupferzell I,Württemberg,Bezirk Franken,7,Bezirksliga,Bezirksliga · Bezirk Franken,031F589R8K000004VS5489BUVSJ4CRAP-G,4,0,0,0,0,0,0,0,0,0.0,,fussball.de
2362,SGM Unlingen/Uttenweiler II,Württemberg,Bezirk Oberschwaben,7,Bezirksliga,Bezirksliga · Bezirk Oberschwaben,031I0AN018000001VS5489BUVVKNMR0J-G,8,0,0,0,0,0,0,0,0,0.0,,fussball.de
2363,SGM Weikersheim/Laudenbach,Württemberg,Bezirk Franken,7,Bezirksliga,Bezirksliga · Bezirk Franken,031F589R8K000004VS5489BUVSJ4CRAP-G,5,0,0,0,0,0,0,0,0,0.0,,fussball.de
2364,SGM Wurmlingen/Nendingen,Württemberg,Bezirk Schwarzwald/Zollern,7,Bezirksliga,Bezirksliga · Bezirk Schwarzwald/Zollern,031G5494G0000006VS5489BUVSJ4CRAP-G,6,0,0,0,0,0,0,0,0,0.0,,fussball.de
2365,SSC Donaueschingen,Südbaden,Schwarzwald,7,1.Kreisliga (A),Kreisliga A1 Frauen · Schwarzwald,031I7M3GN4000004VS5489BUVVKNMR0J-G,10,0,0,0,0,0,0,0,0,0.0,,fussball.de
2366,SSC Phoenix Kisdorf (7er),Schleswig-Holstein,Kreis Segeberg,7,Kreisklasse A,Frauen Kreisklasse A Süd · Kreis Segeberg,031M6KFOP4000003VS5489BTVSRD0UH9-G,8,0,0,0,0,0,0,0,0,0.0,,fussball.de
2367,SSV Germania Wuppertal,Niederrhein,Kreis Wuppertal-Niederberg,7,Kreisliga A,Frauen-Kreisliga Gruppe 2 · Kreis Wuppertal-Niederberg,031G0E5QFS000004VS5489BUVSJ4CRAP-G,9,0,0,0,0,0,0,0,0,0.0,,fussball.de
2368,SSV Marienheide o.W.,Mittelrhein,Kreis Berg,7,Kreisliga A,Kreisliga A · Kreis Berg,031FMBGCLK000004VS5489BTVUS470OH-G,10,0,0,0,0,0,0,0,0,0.0,,fussball.de
2369,SSV Plockhorst,Niedersachsen,Kreis Braunschweig,7,Kreisliga,Frauen Kreisliga A Braunschweig,031NMHED78000004VS5489BUVT2M8LCU-G,6,0,0,0,0,0,0,0,0,0.0,,fussball.de
2370,SSV Walddorf,Württemberg,Bezirk Nordschwarzwald,7,Bezirksliga,Bezirksliga Nordschwarzwald,031NBJ6SA4000004VS5489BTVV1LNS7C-G,5,0,0,0,0,0,0,0,0,0.0,,fussball.de
2371,SV 09 Eitorf,Mittelrhein,Kreis Sieg,7,Kreisliga A,Frauen Kreisliga A · Kreis Sieg,031QKMK61O000004VS5489BUVSV0FPBG-G,6,0,0,0,0,0,0,0,0,0.0,,fussball.de
2372,SV 1911 Bottrop 9er zg.,Niederrhein,Kreis Oberhausen-Bottrop,7,Kreisliga A,Frauen-Kreisliga Gruppe 4 · Kreis Oberhausen-Bottrop,031G0GMSC0000008VS5489BUVSJ4CRAP-G,10,0,0,0,0,0,0,0,0,0.0,,fussball.de
2373,SV 1966 Kay,Bayern,Bezirk Oberbayern,7,Bezirksliga,Frauen BZL 01 · Bezirk Oberbayern,031EVJRKEK000000VS5489BUVUR5FS5A-G,8,0,0,0,0,0,0,0,0,0.0,,fussball.de
2374,SV 47 Mutscheid e.V.,Mittelrhein,Kreis Euskirchen,7,Kreisliga A,Frauen KL A · Kreis Euskirchen,031OLMV2P8000004VS5489BTVV1LNS7C-G,9,0,0,0,0,0,0,0,0,0.0,,fussball.de
2375,SV Altenstadt/Voh. 2,Bayern,Bezirk Oberpfalz,7,Bezirksliga,Frauen BZL Nord · Bezirk Oberpfalz,0316VDSGSK000006VS5489BTVU7GTVLE-G,6,0,0,0,0,0,0,0,0,0.0,,fussball.de
2376,SV Amtzell,Württemberg,Bezirk Bodensee,7,Bezirksliga,Bezirksliga · Bezirk Bodensee,0316NG2AF000000DVS5489BUVSBBVPEU-G,5,0,0,0,0,0,0,0,0,0.0,,fussball.de
2377,SV Arnach,Württemberg,Bezirk Bodensee,7,Bezirksliga,Bezirksliga · Bezirk Bodensee,0316NG2AF000000DVS5489BUVSBBVPEU-G,6,0,0,0,0,0,0,0,0,0.0,,fussball.de
2378,SV Bergatreute II,Württemberg,Bezirk Bodensee,7,Bezirksliga,Bezirksliga · Bezirk Bodensee,0316NG2AF000000DVS5489BUVSBBVPEU-G,7,0,0,0,0,0,0,0,0,0.0,,fussball.de
2379,SV Blau-Weiss Wiehre Freiburg 2,Südbaden,Freiburg,7,1.Kreisliga (A),Frauen Kreisliga A · Freiburg,031HINM30G00000EVS5489BUVSJ4CRAP-G,12,0,0,0,0,0,0,0,0,0.0,,fussball.de
2380,SV Bärenthal II,Württemberg,Bezirk Schwarzwald/Zollern,7,Bezirksliga,Bezirksliga · Bezirk Schwarzwald/Zollern,031G5494G0000006VS5489BUVSJ4CRAP-G,7,0,0,0,0,0,0,0,0,0.0,,fussball.de
2381,SV Bütthard,Bayern,Bezirk Unterfranken,7,Bezirksliga,Frauen BZL 01 · Bezirk Unterfranken,03196OOA6K00001EVS5489BTVSK8S3O6-G,6,0,0,0,0,0,0,0,0,0.0,,fussball.de
2382,SV Deggenhausertal 3,Südbaden,Bodensee,7,1.Kreisliga (A),Frauen Kreisliga A · Bodensee,0319TO1R5S00000CVS5489BUVV628VP4-G,7,0,0,0,0,0,0,0,0,0.0,,fussball.de
2383,SV Deilinghofen-Sundwig,Westfalen,Kreis Iserlohn,7,Kreisliga A,Frauen KL A Iserlohn/Lüdenscheid/Arnsberg,031EL7514800000AVS5489BTVUS470OH-G,7,0,0,0,0,0,0,0,0,0.0,,fussball.de
2384,SV Deuchelried II,Württemberg,Bezirk Bodensee,7,Bezirksliga,Bezirksliga · Bezirk Bodensee,0316NG2AF000000DVS5489BUVSBBVPEU-G,8,0,0,0,0,0,0,0,0,0.0,,fussball.de
2385,SV Egg a. d. Günz,Bayern,Bezirk Schwaben,7,Bezirksliga,Frauen BZL Süd · Bezirk Schwaben,031BE717FS000007VS5489BUVUR5FS5A-G,6,0,0,0,0,0,0,0,0,0.0,,fussball.de
2386,SV Eggingen,Südbaden,Schwarzwald,7,1.Kreisliga (A),Kreisliga A1 Frauen · Schwarzwald,031I7M3GN4000004VS5489BUVVKNMR0J-G,11,0,0,0,0,0,0,0,0,0.0,,fussball.de
2387,SV Engertsham,Bayern,Bezirk Niederbayern,7,Bezirksliga,Frauen BZL Ost · Bezirk Niederbayern,0318D4SMMG000009VS5489BUVSBBVPEU-G,5,0,0,0,0,0,0,0,0,0.0,,fussball.de
2388,SV Falke Bergrath 2,Mittelrhein,Kreis Aachen,7,Kreisliga A,Kreisliga Aachen,031FNFM0U4000005VS5489BTVVG7L386-G,7,0,0,0,0,0,0,0,0,0.0,,fussball.de
2389,SV Frauenbiburg 2,Bayern,Bezirk Niederbayern,7,Bezirksliga,Frauen BZL West · Bezirk Niederbayern,0318D4SMU0000008VS5489BUVSBBVPEU-G,8,0,0,0,0,0,0,0,0,0.0,,fussball.de
2390,SV GW Welldorf-Güsten,Mittelrhein,Kreis Düren,7,Kreisliga A,Kreisliga A Frauen Düren/Heinsberg,031P3E39FG000003VS5489BTVT8K11BC-G,6,0,0,0,0,0,0,0,0,0.0,,fussball.de
2391,SV Gemeinfeld,Bayern,Bezirk Unterfranken,7,Bezirksliga,Frauen BZL 02 · Bezirk Unterfranken,03196OOC0S000029VS5489BTVSK8S3O6-G,6,0,0,0,0,0,0,0,0,0.0,,fussball.de
2392,SV Geroldshausen,Bayern,Bezirk Oberbayern,7,Bezirksliga,Frauen BZL 01 · Bezirk Oberbayern,031EVJRKEK000000VS5489BUVUR5FS5A-G,9,0,0,0,0,0,0,0,0,0.0,,fussball.de
2393,SV Grün-Weiß Baiershofen,Bayern,Bezirk Schwaben,7,Bezirksliga,Frauen BZL Nord · Bezirk Schwaben,031BE7174G000007VS5489BUVUR5FS5A-G,6,0,0,0,0,0,0,0,0,0.0,,fussball.de
2394,SV Hegnach II,Württemberg,Bezirk Rems/Murr/Hall,7,Bezirksliga,Bezirksliga · Bezirk Rems/Murr/Hall,031LH7MI8G000005VS5489BTVSRD0UH9-G,5,0,0,0,0,0,0,0,0,0.0,,fussball.de
2395,SV Horrheim II,Württemberg,Bezirk Enz/Murr,7,Bezirksliga,Bezirksliga · Bezirk Enz/Murr,031DG6GDDS000007VS5489BUVUR5FS5A-G,5,0,0,0,0,0,0,0,0,0.0,,fussball.de
2396,SV Hutschdorf,Bayern,Bezirk Oberfranken,7,Bezirksliga,Frauen BZL West · Bezirk Oberfranken,031DR3UO7K000006VS5489BTVUS470OH-G,6,0,0,0,0,0,0,0,0,0.0,,fussball.de
2397,SV Jungingen III,Württemberg,Bezirk Donau/Iller,7,Bezirksliga,Bezirksliga · Bezirk Donau/Iller,031C3HGM6S00000BVS5489BUVUR5FS5A-G,7,0,0,0,0,0,0,0,0,0.0,,fussball.de
2398,SV Kumreut,Bayern,Bezirk Niederbayern,7,Bezirksliga,Frauen BZL Ost · Bezirk Niederbayern,0318D4SMMG000009VS5489BUVSBBVPEU-G,6,0,0,0,0,0,0,0,0,0.0,,fussball.de
2399,SV Laupertshausen,Württemberg,Bezirk Oberschwaben,7,Bezirksliga,Bezirksliga · Bezirk Oberschwaben,031I0AN018000001VS5489BUVVKNMR0J-G,9,0,0,0,0,0,0,0,0,0.0,,fussball.de
2400,SV Leonberg/Eltingen,Württemberg,Bezirk Enz/Murr,7,Bezirksliga,Bezirksliga · Bezirk Enz/Murr,031DG6GDDS000007VS5489BUVUR5FS5A-G,6,0,0,0,0,0,0,0,0,0.0,,fussball.de
2401,SV Litzelstetten,Südbaden,Bodensee,7,1.Kreisliga (A),Frauen Kreisliga A · Bodensee,0319TO1R5S00000CVS5489BUVV628VP4-G,8,0,0,0,0,0,0,0,0,0.0,,fussball.de
2402,SV Maierhöfen-Grünenbach,Württemberg,Bezirk Bodensee,7,Bezirksliga,Bezirksliga · Bezirk Bodensee,0316NG2AF000000DVS5489BUVSBBVPEU-G,9,0,0,0,0,0,0,0,0,0.0,,fussball.de
2403,SV Mühlhausen,Südbaden,Bodensee,7,1.Kreisliga (A),Frauen Kreisliga A · Bodensee,0319TO1R5S00000CVS5489BUVV628VP4-G,9,0,0,0,0,0,0,0,0,0.0,,fussball.de
2404,SV Orsingen-Nenzingen,Südbaden,Bodensee,7,1.Kreisliga (A),Frauen Kreisliga A · Bodensee,0319TO1R5S00000CVS5489BUVV628VP4-G,10,0,0,0,0,0,0,0,0,0.0,,fussball.de
2405,SV Prackenbach,Bayern,Bezirk Niederbayern,7,Bezirksliga,Frauen BZL Ost · Bezirk Niederbayern,0318D4SMMG000009VS5489BUVSBBVPEU-G,7,0,0,0,0,0,0,0,0,0.0,,fussball.de
2406,SV Reichenbach/G,Südbaden,Offenburg,7,1.Kreisliga (A),Kreisliga A 1 · Offenburg,031HAA6V1G000004VS5489BUVSJ4CRAP-G,6,0,0,0,0,0,0,0,0,0.0,,fussball.de
2407,SV Reinstetten,Württemberg,Bezirk Oberschwaben,7,Bezirksliga,Bezirksliga · Bezirk Oberschwaben,031I0AN018000001VS5489BUVVKNMR0J-G,10,0,0,0,0,0,0,0,0,0.0,,fussball.de
2408,SV Rott,Mittelrhein,Kreis Aachen,7,Kreisliga A,Kreisliga Aachen,031FNFM0U4000005VS5489BTVVG7L386-G,8,0,0,0,0,0,0,0,0,0.0,,fussball.de
2409,SV SW Schwanenberg,Mittelrhein,Kreis Düren,7,Kreisliga A,Kreisliga A Frauen Düren/Heinsberg,031P3E39FG000003VS5489BTVT8K11BC-G,7,0,0,0,0,0,0,0,0,0.0,,fussball.de
2410,SV Schameder 9er,Westfalen,Kreis Siegen-Wittgenstein,7,Kreisliga A,Frauen Kreisliga A - SIWI · Kreis Siegen-Wittgenstein,031F18VB8O000004VS5489BTVUS470OH-G,7,0,0,0,0,0,0,0,0,0.0,,fussball.de
2411,SV Schapbach,Südbaden,Offenburg,7,1.Kreisliga (A),Kreisliga A 2 · Offenburg,031HAAOB8O000004VS5489BUVSJ4CRAP-G,4,0,0,0,0,0,0,0,0,0.0,,fussball.de
2412,SV Scharenstetten,Württemberg,Bezirk Donau/Iller,7,Bezirksliga,Bezirksliga · Bezirk Donau/Iller,031C3HGM6S00000BVS5489BUVUR5FS5A-G,8,0,0,0,0,0,0,0,0,0.0,,fussball.de
2413,SV Sigmaringen,Württemberg,Bezirk Oberschwaben,7,Bezirksliga,Bezirksliga · Bezirk Oberschwaben,031I0AN018000001VS5489BUVVKNMR0J-G,11,0,0,0,0,0,0,0,0,0.0,,fussball.de
2414,SV Spaichingen,Württemberg,Bezirk Schwarzwald/Zollern,7,Bezirksliga,Bezirksliga · Bezirk Schwarzwald/Zollern,031G5494G0000006VS5489BUVSJ4CRAP-G,8,0,0,0,0,0,0,0,0,0.0,,fussball.de
2415,SV Sportfreunde Hörn III,Mittelrhein,Kreis Aachen,7,Kreisliga A,Kreisliga Aachen,031FNFM0U4000005VS5489BTVVG7L386-G,9,0,0,0,0,0,0,0,0,0.0,,fussball.de
2416,SV Thierhaupten zg.,Bayern,Bezirk Schwaben,7,Bezirksliga,Frauen BZL Nord · Bezirk Schwaben,031BE7174G000007VS5489BUVUR5FS5A-G,7,0,0,0,0,0,0,0,0,0.0,,fussball.de
2417,SV Untermenzing I,Bayern,Bezirk Oberbayern,7,Bezirksliga,Frauen BZL  02 · Bezirk Oberbayern,031EVJRKJS000006VS5489BUVUR5FS5A-G,8,0,0,0,0,0,0,0,0,0.0,,fussball.de
2418,SV Wernsdorf,Bayern,Bezirk Oberfranken,7,Bezirksliga,Frauen BZL West · Bezirk Oberfranken,031DR3UO7K000006VS5489BTVUS470OH-G,7,0,0,0,0,0,0,0,0,0.0,,fussball.de
2419,SV Wörnitzstein-Berg 1,Bayern,Bezirk Schwaben,7,Bezirksliga,Frauen BZL Nord · Bezirk Schwaben,031BE7174G000007VS5489BUVUR5FS5A-G,8,0,0,0,0,0,0,0,0,0.0,,fussball.de
2420,SV Zinzenzell,Bayern,Bezirk Niederbayern,7,Bezirksliga,Frauen BZL Ost · Bezirk Niederbayern,0318D4SMMG000009VS5489BUVSBBVPEU-G,8,0,0,0,0,0,0,0,0,0.0,,fussball.de
2421,SoccerLife Düren,Mittelrhein,Kreis Düren,7,Kreisliga A,Kreisliga A Frauen Düren/Heinsberg,031P3E39FG000003VS5489BTVT8K11BC-G,8,0,0,0,0,0,0,0,0,0.0,,fussball.de
2422,SpFr Ittendorf-Ahausen,Südbaden,Bodensee,7,1.Kreisliga (A),Frauen Kreisliga A · Bodensee,0319TO1R5S00000CVS5489BUVV628VP4-G,11,0,0,0,0,0,0,0,0,0.0,,fussball.de
2423,SpG BSW Lausitz/Wittichenau,Sachsen,Kreis Westlausitz,7,1.Kreisliga (A),Kreisliga Westlausitz,031DCEHODS000004VS5489BUVUR5FS5A-G,10,0,0,0,0,0,0,0,0,0.0,,fussball.de
2424,SpVg Nöthen-Pesch-Harzheim,Mittelrhein,Kreis Euskirchen,7,Kreisliga A,Frauen KL A · Kreis Euskirchen,031OLMV2P8000004VS5489BTVV1LNS7C-G,10,0,0,0,0,0,0,0,0,0.0,,fussball.de
2425,SpVgg Attenkirchen,Bayern,Bezirk Oberbayern,7,Bezirksliga,Frauen BZL 01 · Bezirk Oberbayern,031EVJRKEK000000VS5489BUVUR5FS5A-G,10,0,0,0,0,0,0,0,0,0.0,,fussball.de
2426,SpVgg Bissingen,Württemberg,Bezirk Enz/Murr,7,Bezirksliga,Bezirksliga · Bezirk Enz/Murr,031DG6GDDS000007VS5489BUVUR5FS5A-G,7,0,0,0,0,0,0,0,0,0.0,,fussball.de
2427,SpVgg Loßburg,Württemberg,Bezirk Nordschwarzwald,7,Bezirksliga,Bezirksliga Nordschwarzwald,031NBJ6SA4000004VS5489BTVV1LNS7C-G,6,0,0,0,0,0,0,0,0,0.0,,fussball.de
2428,Spfr Gechingen,Württemberg,Bezirk Nordschwarzwald,7,Bezirksliga,Bezirksliga Nordschwarzwald,031NBJ6SA4000004VS5489BTVV1LNS7C-G,7,0,0,0,0,0,0,0,0,0.0,,fussball.de
2429,Spfr Widdern,Württemberg,Bezirk Franken,7,Bezirksliga,Bezirksliga · Bezirk Franken,031F589R8K000004VS5489BUVSJ4CRAP-G,6,0,0,0,0,0,0,0,0,0.0,,fussball.de
2430,Spfr. Ippendorf 2,Mittelrhein,Kreis Bonn,7,Kreisliga A,Frauen Kreisliga A · Kreis Bonn,031BOIP720000004VS5489BTVUS470OH-G,6,0,0,0,0,0,0,0,0,0.0,,fussball.de
2431,Spfr. Ippendorf 3,Mittelrhein,Kreis Bonn,7,Kreisliga A,Frauen Kreisliga A · Kreis Bonn,031BOIP720000004VS5489BTVUS470OH-G,7,0,0,0,0,0,0,0,0,0.0,,fussball.de
2432,Sportfreunde Troisdorf 05 e.V. 2,Mittelrhein,Kreis Sieg,7,Kreisliga A,Frauen Kreisliga A · Kreis Sieg,031QKMK61O000004VS5489BUVSV0FPBG-G,7,0,0,0,0,0,0,0,0,0.0,,fussball.de
2433,Sportfreunde Troisdorf 1,Mittelrhein,Kreis Sieg,7,Kreisliga A,Frauen Kreisliga A · Kreis Sieg,031QKMK61O000004VS5489BUVSV0FPBG-G,8,0,0,0,0,0,0,0,0,0.0,,fussball.de
2434,Spvgg Kleinaspach-Allmersbach,Württemberg,Bezirk Rems/Murr/Hall,7,Bezirksliga,Bezirksliga · Bezirk Rems/Murr/Hall,031LH7MI8G000005VS5489BTVSRD0UH9-G,6,0,0,0,0,0,0,0,0,0.0,,fussball.de
2435,Spvgg Rommelshausen,Württemberg,Bezirk Rems/Murr/Hall,7,Bezirksliga,Bezirksliga · Bezirk Rems/Murr/Hall,031LH7MI8G000005VS5489BTVSRD0UH9-G,7,0,0,0,0,0,0,0,0,0.0,,fussball.de
2436,SuS Nippes 12 II zg.,Mittelrhein,Kreis Köln,7,Kreisliga A,Kreisliga A - Frauen · Kreis Köln,030TOD9FC4000003VS5489BUVSOV43J9-G,8,0,0,0,0,0,0,0,0,0.0,,fussball.de
2437,SvO Rieselfeld 2,Südbaden,Freiburg,7,1.Kreisliga (A),Frauen Kreisliga A · Freiburg,031HINM30G00000EVS5489BUVSJ4CRAP-G,13,0,0,0,0,0,0,0,0,0.0,,fussball.de
2438,TG Schweinfurt 1848,Bayern,Bezirk Unterfranken,7,Bezirksliga,Frauen BZL 02 · Bezirk Unterfranken,03196OOC0S000029VS5489BTVSK8S3O6-G,7,0,0,0,0,0,0,0,0,0.0,,fussball.de
2439,TSG Holzhausen-Sylbach,Westfalen,Kreis Lübbecke,7,Kreisliga A,Frauen Kreisliga A HF/LE/MI/LK · Kreis Lübbecke,031HA3R4QO000008VS5489BUVSJ4CRAP-G,9,0,0,0,0,0,0,0,0,0.0,,fussball.de
2440,TSV 1859 Wehrsdorf,Sachsen,Kreis Westlausitz,7,1.Kreisliga (A),Kreisliga Westlausitz,031DCEHODS000004VS5489BUVUR5FS5A-G,11,0,0,0,0,0,0,0,0,0.0,,fussball.de
2441,TSV 1860 München I,Bayern,Bezirk Oberbayern,7,Bezirksliga,Frauen BZL  02 · Bezirk Oberbayern,031EVJRKJS000006VS5489BUVUR5FS5A-G,9,0,0,0,0,0,0,0,0,0.0,,fussball.de
2442,TSV 1920 Ebenhausen,Bayern,Bezirk Unterfranken,7,Bezirksliga,Frauen BZL 02 · Bezirk Unterfranken,03196OOC0S000029VS5489BTVSK8S3O6-G,8,0,0,0,0,0,0,0,0,0.0,,fussball.de
2443,TSV Albeck II,Württemberg,Bezirk Donau/Iller,7,Bezirksliga,Bezirksliga · Bezirk Donau/Iller,031C3HGM6S00000BVS5489BUVUR5FS5A-G,9,0,0,0,0,0,0,0,0,0.0,,fussball.de
2444,TSV Aufhausen,Bayern,Bezirk Oberpfalz,7,Bezirksliga,Frauen BZL Süd · Bezirk Oberpfalz,0316VDSH28000002VS5489BTVU7GTVLE-G,6,0,0,0,0,0,0,0,0,0.0,,fussball.de
2445,TSV Baltmannsweiler,Württemberg,Bezirk Neckar/Fils,7,Bezirksliga,Bezirksliga · Bezirk Neckar/Fils,03164IGUOK000004VS5489BTVU7GTVLE-G,2,0,0,0,0,0,0,0,0,0.0,,fussball.de
2446,TSV Benzingen,Württemberg,Bezirk Schwarzwald/Zollern,7,Bezirksliga,Bezirksliga · Bezirk Schwarzwald/Zollern,031G5494G0000006VS5489BUVSJ4CRAP-G,9,0,0,0,0,0,0,0,0,0.0,,fussball.de
2447,TSV Bernhausen,Württemberg,Bezirk Stuttgart/Böblingen,7,Bezirksliga,Bezirksliga · Bezirk Stuttgart/Böblingen,03160HUGV8000000VS5489BUVSBBVPEU-G,4,0,0,0,0,0,0,0,0,0.0,,fussball.de
2448,TSV Eching,Bayern,Bezirk Oberbayern,7,Bezirksliga,Frauen BZL 01 · Bezirk Oberbayern,031EVJRKEK000000VS5489BUVUR5FS5A-G,11,0,0,0,0,0,0,0,0,0.0,,fussball.de
2449,TSV Eschenbach,Württemberg,Bezirk Neckar/Fils,7,Bezirksliga,Bezirksliga · Bezirk Neckar/Fils,03164IGUOK000004VS5489BTVU7GTVLE-G,3,0,0,0,0,0,0,0,0,0.0,,fussball.de
2450,TSV Frommern II,Württemberg,Bezirk Schwarzwald/Zollern,7,Bezirksliga,Bezirksliga · Bezirk Schwarzwald/Zollern,031G5494G0000006VS5489BUVSJ4CRAP-G,10,0,0,0,0,0,0,0,0,0.0,,fussball.de
2451,TSV Gilching/A. 2,Bayern,Bezirk Oberbayern,7,Bezirksliga,Frauen BZL  02 · Bezirk Oberbayern,031EVJRKJS000006VS5489BUVUR5FS5A-G,10,0,0,0,0,0,0,0,0,0.0,,fussball.de
2452,TSV Grünkraut,Württemberg,Bezirk Bodensee,7,Bezirksliga,Bezirksliga · Bezirk Bodensee,0316NG2AF000000DVS5489BUVSBBVPEU-G,10,0,0,0,0,0,0,0,0,0.0,,fussball.de
2453,TSV Heimsheim II,Württemberg,Bezirk Enz/Murr,7,Bezirksliga,Bezirksliga · Bezirk Enz/Murr,031DG6GDDS000007VS5489BUVUR5FS5A-G,8,0,0,0,0,0,0,0,0,0.0,,fussball.de
2454,TSV Heumaden,Württemberg,Bezirk Stuttgart/Böblingen,7,Bezirksliga,Bezirksliga · Bezirk Stuttgart/Böblingen,03160HUGV8000000VS5489BUVSBBVPEU-G,5,0,0,0,0,0,0,0,0,0.0,,fussball.de
2455,TSV Kammlach,Bayern,Bezirk Schwaben,7,Bezirksliga,Frauen BZL Süd · Bezirk Schwaben,031BE717FS000007VS5489BUVUR5FS5A-G,7,0,0,0,0,0,0,0,0,0.0,,fussball.de
2456,TSV Laichingen,Württemberg,Bezirk Donau/Iller,7,Bezirksliga,Bezirksliga · Bezirk Donau/Iller,031C3HGM6S00000BVS5489BUVUR5FS5A-G,10,0,0,0,0,0,0,0,0,0.0,,fussball.de
2457,TSV Leinfelden,Württemberg,Bezirk Stuttgart/Böblingen,7,Bezirksliga,Bezirksliga · Bezirk Stuttgart/Böblingen,03160HUGV8000000VS5489BUVSBBVPEU-G,6,0,0,0,0,0,0,0,0,0.0,,fussball.de
2458,TSV Ludwigsburg,Württemberg,Bezirk Enz/Murr,7,Bezirksliga,Bezirksliga · Bezirk Enz/Murr,031DG6GDDS000007VS5489BUVUR5FS5A-G,9,0,0,0,0,0,0,0,0,0.0,,fussball.de
2459,TSV Lustnau III,Württemberg,Bezirk Alb,7,Bezirksliga,Bezirksliga · Bezirk Alb,031H8043F4000004VS5489BUVSJ4CRAP-G,4,0,0,0,0,0,0,0,0,0.0,,fussball.de
2460,TSV Mainaschaff,Bayern,Bezirk Unterfranken,7,Bezirksliga,Frauen BZL 01 · Bezirk Unterfranken,03196OOA6K00001EVS5489BTVSK8S3O6-G,7,0,0,0,0,0,0,0,0,0.0,,fussball.de
2461,TSV Michelfeld,Württemberg,Bezirk Rems/Murr/Hall,7,Bezirksliga,Bezirksliga · Bezirk Rems/Murr/Hall,031LH7MI8G000005VS5489BTVSRD0UH9-G,8,0,0,0,0,0,0,0,0,0.0,,fussball.de
2462,TSV Mühlhausen/Stuttgart,Württemberg,Bezirk Stuttgart/Böblingen,7,Bezirksliga,Bezirksliga · Bezirk Stuttgart/Böblingen,03160HUGV8000000VS5489BUVSBBVPEU-G,7,0,0,0,0,0,0,0,0,0.0,,fussball.de
2463,TSV Münchingen III,Württemberg,Bezirk Enz/Murr,7,Bezirksliga,Bezirksliga · Bezirk Enz/Murr,031DG6GDDS000007VS5489BUVUR5FS5A-G,10,0,0,0,0,0,0,0,0,0.0,,fussball.de
2464,TSV Neuried,Bayern,Bezirk Oberbayern,7,Bezirksliga,Frauen BZL  02 · Bezirk Oberbayern,031EVJRKJS000006VS5489BUVUR5FS5A-G,11,0,0,0,0,0,0,0,0,0.0,,fussball.de
2465,TSV Oberensingen,Württemberg,Bezirk Neckar/Fils,7,Bezirksliga,Bezirksliga · Bezirk Neckar/Fils,03164IGUOK000004VS5489BTVU7GTVLE-G,4,0,0,0,0,0,0,0,0,0.0,,fussball.de
2466,TSV Ofterdingen,Württemberg,Bezirk Alb,7,Bezirksliga,Bezirksliga · Bezirk Alb,031H8043F4000004VS5489BUVSJ4CRAP-G,5,0,0,0,0,0,0,0,0,0.0,,fussball.de
2467,TSV Peiting,Bayern,Bezirk Schwaben,7,Bezirksliga,Frauen BZL Süd · Bezirk Schwaben,031BE717FS000007VS5489BUVUR5FS5A-G,8,0,0,0,0,0,0,0,0,0.0,,fussball.de
2468,TSV Plankenfels,Bayern,Bezirk Oberfranken,7,Bezirksliga,Frauen BZL Ost · Bezirk Oberfranken,031DR3UOF4000007VS5489BTVUS470OH-G,6,0,0,0,0,0,0,0,0,0.0,,fussball.de
2469,TSV Regglisweiler,Württemberg,Bezirk Donau/Iller,7,Bezirksliga,Bezirksliga · Bezirk Donau/Iller,031C3HGM6S00000BVS5489BUVUR5FS5A-G,11,0,0,0,0,0,0,0,0,0.0,,fussball.de
2470,TSV Rott/Lech,Bayern,Bezirk Oberbayern,7,Bezirksliga,Frauen BZL  02 · Bezirk Oberbayern,031EVJRKJS000006VS5489BUVUR5FS5A-G,12,0,0,0,0,0,0,0,0,0.0,,fussball.de
2471,TSV Rüningen,Niedersachsen,Kreis Braunschweig,7,Kreisliga,Frauen Kreisliga A Braunschweig,031NMHED78000004VS5489BUVT2M8LCU-G,7,0,0,0,0,0,0,0,0,0.0,,fussball.de
2472,TSV Schafhausen,Württemberg,Bezirk Enz/Murr,7,Bezirksliga,Bezirksliga · Bezirk Enz/Murr,031DG6GDDS000007VS5489BUVUR5FS5A-G,11,0,0,0,0,0,0,0,0,0.0,,fussball.de
2473,TSV Schlachters,Württemberg,Bezirk Bodensee,7,Bezirksliga,Bezirksliga · Bezirk Bodensee,0316NG2AF000000DVS5489BUVSBBVPEU-G,11,0,0,0,0,0,0,0,0,0.0,,fussball.de
2474,TSV Sielmingen,Württemberg,Bezirk Neckar/Fils,7,Bezirksliga,Bezirksliga · Bezirk Neckar/Fils,03164IGUOK000004VS5489BTVU7GTVLE-G,5,0,0,0,0,0,0,0,0,0.0,,fussball.de
2475,TSV Stedesand (7er),Schleswig-Holstein,Kreis Nordfriesland,7,Kreisklasse A,Frauen KKA N-W (NF) · Kreis Nordfriesland,031LG3V0J4000004VS5489BTVSRD0UH9-G,5,0,0,0,0,0,0,0,0,0.0,,fussball.de
2476,TSV Sulzdorf,Württemberg,Bezirk Rems/Murr/Hall,7,Bezirksliga,Bezirksliga · Bezirk Rems/Murr/Hall,031LH7MI8G000005VS5489BTVSRD0UH9-G,9,0,0,0,0,0,0,0,0,0.0,,fussball.de
2477,TSV Weilimdorf,Württemberg,Bezirk Stuttgart/Böblingen,7,Bezirksliga,Bezirksliga · Bezirk Stuttgart/Böblingen,03160HUGV8000000VS5489BUVSBBVPEU-G,8,0,0,0,0,0,0,0,0,0.0,,fussball.de
2478,TSV Wäschenbeuren,Württemberg,Bezirk Neckar/Fils,7,Bezirksliga,Bezirksliga · Bezirk Neckar/Fils,03164IGUOK000004VS5489BTVU7GTVLE-G,6,0,0,0,0,0,0,0,0,0.0,,fussball.de
2479,TSV Überlingen/Ried,Südbaden,Bodensee,7,1.Kreisliga (A),Frauen Kreisliga A · Bodensee,0319TO1R5S00000CVS5489BUVV628VP4-G,12,0,0,0,0,0,0,0,0,0.0,,fussball.de
2480,TV Aldingen 1898 e.V.,Württemberg,Bezirk Enz/Murr,7,Bezirksliga,Bezirksliga · Bezirk Enz/Murr,031DG6GDDS000007VS5489BUVUR5FS5A-G,12,0,0,0,0,0,0,0,0,0.0,,fussball.de
2481,TV Derendingen II,Württemberg,Bezirk Alb,7,Bezirksliga,Bezirksliga · Bezirk Alb,031H8043F4000004VS5489BUVSJ4CRAP-G,6,0,0,0,0,0,0,0,0,0.0,,fussball.de
2482,TV Kefenrod,Hessen,Region Frankfurt,7,Oberliga (Region),KOL Frankfurt · Region Frankfurt,031EVOL33C00000BVS5489BTVUS470OH-G,7,0,0,0,0,0,0,0,0,0.0,,fussball.de
2483,TV Rheindorf,Mittelrhein,Kreis Bonn,7,Kreisliga A,Frauen Kreisliga A · Kreis Bonn,031BOIP720000004VS5489BTVUS470OH-G,8,0,0,0,0,0,0,0,0,0.0,,fussball.de
2484,TV Steinheim,Württemberg,Bezirk Ostwürttemberg,7,Bezirksliga,Bezirksliga · Bezirk Ostwürttemberg,031M3SQJ4000000DVS5489BUVVKNMR0J-G,6,0,0,0,0,0,0,0,0,0.0,,fussball.de
2485,Team Sylt (7er) zg.,Schleswig-Holstein,Kreis Nordfriesland,7,Kreisklasse A,Frauen KKA N-W (NF) · Kreis Nordfriesland,031LG3V0J4000004VS5489BTVSRD0UH9-G,6,0,0,0,0,0,0,0,0,0.0,,fussball.de
2486,TuRa Oberdrees,Mittelrhein,Kreis Bonn,7,Kreisliga A,Frauen Kreisliga A · Kreis Bonn,031BOIP720000004VS5489BTVUS470OH-G,9,0,0,0,0,0,0,0,0,0.0,,fussball.de
2487,TuS 08 Jüngersdorf-St. II,Mittelrhein,Kreis Düren,7,Kreisliga A,Kreisliga A Frauen Düren/Heinsberg,031P3E39FG000003VS5489BTVT8K11BC-G,9,0,0,0,0,0,0,0,0,0.0,,fussball.de
2488,TuS 08 Jüngersdorf-St. III,Mittelrhein,Kreis Düren,7,Kreisliga A,Kreisliga A Frauen Düren/Heinsberg,031P3E39FG000003VS5489BTVT8K11BC-G,10,0,0,0,0,0,0,0,0,0.0,,fussball.de
2489,TuS 08 Senne 1,Westfalen,Kreis Bielefeld,7,Kreisliga A,Kreisliga A · Kreis Bielefeld,03139CLFSK00000HVS5489BUVSBBVPEU-G,6,0,0,0,0,0,0,0,0,0.0,,fussball.de
2490,TuS Legelshurst,Südbaden,Offenburg,7,1.Kreisliga (A),Kreisliga A 2 · Offenburg,031HAAOB8O000004VS5489BUVSJ4CRAP-G,5,0,0,0,0,0,0,0,0,0.0,,fussball.de
2491,TuS Querenburg II zg.,Westfalen,Kreis Bochum,7,Kreisliga A,Frauen Kreisliga A Bochum,0319THQ5EO000004VS5489BUVV628VP4-G,13,0,0,0,0,0,0,0,0,0.0,,fussball.de
2492,TuS Roisdorf 1932 e.V.,Mittelrhein,Kreis Bonn,7,Kreisliga A,Frauen Kreisliga A · Kreis Bonn,031BOIP720000004VS5489BTVUS470OH-G,10,0,0,0,0,0,0,0,0,0.0,,fussball.de
2493,TuS Wadersloh II,Westfalen,Kreis Beckum,7,Kreisliga A,Frauen Kreisliga A Beckum-Gütersloh,031AROBD8G000004VS5489BTVSK8S3O6-G,7,0,0,0,0,0,0,0,0,0.0,,fussball.de
2494,VFL Kommern 2,Mittelrhein,Kreis Euskirchen,7,Kreisliga A,Frauen KL A · Kreis Euskirchen,031OLMV2P8000004VS5489BTVV1LNS7C-G,11,0,0,0,0,0,0,0,0,0.0,,fussball.de
2495,VFR Elgersweier,Südbaden,Offenburg,7,1.Kreisliga (A),Kreisliga A 2 · Offenburg,031HAAOB8O000004VS5489BUVSJ4CRAP-G,6,0,0,0,0,0,0,0,0,0.0,,fussball.de
2496,VfB Tamm,Württemberg,Bezirk Enz/Murr,7,Bezirksliga,Bezirksliga · Bezirk Enz/Murr,031DG6GDDS000007VS5489BUVUR5FS5A-G,13,0,0,0,0,0,0,0,0,0.0,,fussball.de
2497,VfJ Laurensberg,Mittelrhein,Kreis Aachen,7,Kreisliga A,Kreisliga Aachen,031FNFM0U4000005VS5489BTVVG7L386-G,10,0,0,0,0,0,0,0,0,0.0,,fussball.de
2498,VfL Eberstadt,Württemberg,Bezirk Franken,7,Bezirksliga,Bezirksliga · Bezirk Franken,031F589R8K000004VS5489BUVSJ4CRAP-G,7,0,0,0,0,0,0,0,0,0.0,,fussball.de
2499,VfL Eintracht Warden 1922 e.V. Damen,Mittelrhein,Kreis Aachen,7,Kreisliga A,Kreisliga Aachen,031FNFM0U4000005VS5489BTVVG7L386-G,11,0,0,0,0,0,0,0,0,0.0,,fussball.de
2500,VfL Erp,Mittelrhein,Kreis Euskirchen,7,Kreisliga A,Frauen KL A · Kreis Euskirchen,031OLMV2P8000004VS5489BTVV1LNS7C-G,12,0,0,0,0,0,0,0,0,0.0,,fussball.de
2501,VfL Hochdorf,Württemberg,Bezirk Nordschwarzwald,7,Bezirksliga,Bezirksliga Nordschwarzwald,031NBJ6SA4000004VS5489BTVV1LNS7C-G,8,0,0,0,0,0,0,0,0,0.0,,fussball.de
2502,VfL Salder,Niedersachsen,Kreis Braunschweig,7,Kreisliga,Frauen Kreisliga A Braunschweig,031NMHED78000004VS5489BUVT2M8LCU-G,8,0,0,0,0,0,0,0,0,0.0,,fussball.de
2503,VfL Sindelfingen Ladies II,Württemberg,Bezirk Stuttgart/Böblingen,7,Bezirksliga,Bezirksliga · Bezirk Stuttgart/Böblingen,03160HUGV8000000VS5489BUVSBBVPEU-G,9,0,0,0,0,0,0,0,0,0.0,,fussball.de
2504,VfL Ulm/Neu-Ulm II,Württemberg,Bezirk Donau/Iller,7,Bezirksliga,Bezirksliga · Bezirk Donau/Iller,031C3HGM6S00000BVS5489BUVUR5FS5A-G,12,0,0,0,0,0,0,0,0,0.0,,fussball.de
2505,VfR 1923 Großostheim,Bayern,Bezirk Unterfranken,7,Bezirksliga,Frauen BZL 01 · Bezirk Unterfranken,03196OOA6K00001EVS5489BTVSK8S3O6-G,8,0,0,0,0,0,0,0,0,0.0,,fussball.de
2506,VfR Linden-Neusen 1947 e.V.,Mittelrhein,Kreis Aachen,7,Kreisliga A,Kreisliga Aachen,031FNFM0U4000005VS5489BTVVG7L386-G,12,0,0,0,0,0,0,0,0,0.0,,fussball.de
2507,SC Pelkum (9er),Westfalen,Kreis Unna-Hamm,7,Kreisliga A,Frauen Kreisliga A Unna/Hamm · Kreis Unna-Hamm,031BT4I5K4000000VS5489BTVUS470OH-G,8,2,1,0,1,12,13,-1,0,0.0,,fussball.de
2508,Hellas Köln II,Mittelrhein,Kreis Köln,7,Kreisliga A,Kreisliga A - Frauen · Kreis Köln,030TOD9FC4000003VS5489BUVSOV43J9-G,9,1,0,0,1,3,4,-1,0,0.0,,fussball.de
2509,SV Zellhausen II,Hessen,Region Frankfurt,7,Oberliga (Region),KOL Frankfurt · Region Frankfurt,031EVOL33C00000BVS5489BTVUS470OH-G,8,1,0,0,1,3,4,-1,0,0.0,,fussball.de
2510,(SG ) TSV 1957 Sack/TSV Buch Nürnb. 2,Bayern,Bezirk Mittelfranken,7,Bezirksliga,Frauen BZL Nord · Bezirk Mittelfranken,031FCGP6VO000007VS5489BUVSJ4CRAP-G,7,1,0,0,1,2,3,-1,0,0.0,,fussball.de
2511,DJK Dürnsricht-Wolfring (N),Bayern,Bezirk Oberpfalz,7,Bezirksliga,Frauen BZL Nord · Bezirk Oberpfalz,0316VDSGSK000006VS5489BTVU7GTVLE-G,7,1,0,0,1,2,3,-1,0,0.0,,fussball.de
2512,SC Gremsdorf,Bayern,Bezirk Mittelfranken,7,Bezirksliga,Frauen BZL Nord · Bezirk Mittelfranken,031FCGP6VO000007VS5489BUVSJ4CRAP-G,8,1,0,0,1,2,3,-1,0,0.0,,fussball.de
2513,SVW Ahnatal Damen,Hessen,Region Kassel,7,Oberliga (Region),FKOL KS · Region Kassel,031HSVVFR400000BVS5489BUVVKNMR0J-G,7,1,0,0,1,2,3,-1,0,0.0,,fussball.de
2514,TSV Bordesholm (7 er),Schleswig-Holstein,Kreis Kiel,7,Kreisklasse A,Kreisklasse A  Mitte/Ost · Kreis Kiel,031JJ36HR4000004VS5489BTVSRD0UH9-G,7,1,0,0,1,2,3,-1,0,0.0,,fussball.de
2515,TSV Fischerhude-Quelkhorn II,Niedersachsen,Kreis Osterholz,7,Kreisliga,Kreisliga Frauen OHZ/VER · Kreis Osterholz,0317IM2VPK000004VS5489BUVSBBVPEU-G,7,1,0,0,1,2,3,-1,0,0.0,,fussball.de
2516,TuS Eversen-Sülze (9er),Niedersachsen,Kreis Heidekreis,7,Kreisliga,Kreisliga Frauen Heidekreis,03172M1UU8000004VS5489BUVSBBVPEU-G,6,1,0,0,1,2,3,-1,0,0.0,,fussball.de
2517,VfL Benrath,Niederrhein,Kreis Düsseldorf,7,Kreisliga A,Frauen-Kreisliga Gruppe 1 · Kreis Düsseldorf,031FU6U64C00000FVS5489BUVSJ4CRAP-G,10,1,0,0,1,2,3,-1,0,0.0,,fussball.de
2518,VfL Sittensen,Niedersachsen,Kreis Rotenburg,7,Kreisliga,Frauen Kreisliga Rotenburg,03181DLOQO000005VS5489BTVU7GTVLE-G,8,1,0,0,1,2,3,-1,0,0.0,,fussball.de
2519,(SG) TSV Friesenried/SV Eggenthal,Bayern,Bezirk Schwaben,7,Bezirksliga,Frauen BZL Süd · Bezirk Schwaben,031BE717FS000007VS5489BUVUR5FS5A-G,9,1,0,0,1,1,2,-1,0,0.0,,fussball.de
2520,SC SF Niedersachsen Vechta,Niedersachsen,Kreis Vechta,7,Kreisliga,Kreisliga Vechta CLP OL-Land - VEC,031835JM6C000004VS5489BUVSBBVPEU-G,10,1,0,0,1,1,2,-1,0,0.0,,fussball.de
2521,SV Mistelgau,Bayern,Bezirk Oberfranken,7,Bezirksliga,Frauen BZL Ost · Bezirk Oberfranken,031DR3UOF4000007VS5489BTVUS470OH-G,7,1,0,0,1,1,2,-1,0,0.0,,fussball.de
2522,TSV 1946 Altenberg,Bayern,Bezirk Mittelfranken,7,Bezirksliga,Frauen BZL Nord · Bezirk Mittelfranken,031FCGP6VO000007VS5489BUVSJ4CRAP-G,9,1,0,0,1,1,2,-1,0,0.0,,fussball.de
2523,TuS Levern,Westfalen,Kreis Lübbecke,7,Kreisliga A,Frauen Kreisliga A HF/LE/MI/LK · Kreis Lübbecke,031HA3R4QO000008VS5489BUVSJ4CRAP-G,10,1,0,0,1,1,2,-1,0,0.0,,fussball.de
2524,VfB Schloß Holte II,Westfalen,Kreis Beckum,7,Kreisliga A,Frauen Kreisliga A Beckum-Gütersloh,031AROBD8G000004VS5489BTVSK8S3O6-G,8,1,0,0,1,1,2,-1,0,0.0,,fussball.de
2525,VfL Schildesche II,Westfalen,Kreis Bielefeld,7,Kreisliga A,Kreisliga A · Kreis Bielefeld,03139CLFSK00000HVS5489BUVSBBVPEU-G,7,1,0,0,1,1,2,-1,0,0.0,,fussball.de
2526,SG Südkreis (9er),Schleswig-Holstein,Kreis Herzogtum Lauenburg,7,Kreisklasse A,Kreisklasse A Süd-Ost · Kreis Herzogtum Lauenburg,031M5A2J94000002VS5489BTVSRD0UH9-G,8,2,0,0,2,1,3,-2,0,0.0,,fussball.de
2527,FC Kalbensteinberg/Absberg,Bayern,Bezirk Mittelfranken,7,Bezirksliga,Frauen BZL Süd · Bezirk Mittelfranken,031FCOKBPO000000VS5489BUVSJ4CRAP-G,9,1,0,0,1,0,1,-1,0,0.0,,fussball.de
2528,Heeslinger SC,Niedersachsen,Kreis Rotenburg,7,Kreisliga,Frauen Kreisliga Rotenburg,03181DLOQO000005VS5489BTVU7GTVLE-G,9,1,0,0,1,0,1,-1,0,0.0,,fussball.de
2529,SVG Göttingen III,Niedersachsen,Kreis Göttingen-Osterode,7,Kreisliga,Kreisliga Frauen · Kreis Göttingen-Osterode,03168M09SG000004VS5489BUVSBBVPEU-G,12,1,0,0,1,0,1,-1,0,0.0,,fussball.de
2530,TSV Nettelrede,Niedersachsen,Kreis Schaumburg,7,Kreisliga,Kreisliga Hameln-Pymont/Schaumburg Staffel B,031CHGIMSS000004VS5489BTVUS470OH-G,5,1,0,0,1,0,1,-1,0,0.0,,fussball.de
2531,SV Großseelheim,Hessen,Region Gießen / Marburg,7,Oberliga (Region),FKOL GI/MR Gr. 1 · Region Gießen / Marburg,031F9S09RO00000AVS5489BUVSJ4CRAP-G,10,3,0,0,3,0,4,-4,0,0.0,,fussball.de
2532,SuS Rünthe 08,Westfalen,Kreis Unna-Hamm,7,Kreisliga A,Frauen Kreisliga A Unna/Hamm · Kreis Unna-Hamm,031BT4I5K4000000VS5489BTVUS470OH-G,11,2,0,0,2,5,8,-3,0,0.0,,fussball.de
2533,SG Anderlingen/Byhusen II,Niedersachsen,Kreis Rotenburg,7,Kreisliga,Frauen Kreisliga Rotenburg,03181DLOQO000005VS5489BTVU7GTVLE-G,10,2,0,0,2,3,6,-3,0,0.0,,fussball.de
2534,Heimersdorf I,Mittelrhein,Kreis Köln,7,Kreisliga A,Kreisliga A - Frauen · Kreis Köln,030TOD9FC4000003VS5489BUVSOV43J9-G,11,2,0,0,2,1,4,-3,0,0.0,,fussball.de
2535,PSV Bork II,Westfalen,Kreis Unna-Hamm,7,Kreisliga A,Frauen Kreisliga A Unna/Hamm · Kreis Unna-Hamm,031BT4I5K4000000VS5489BTVUS470OH-G,9,1,0,0,1,5,7,-2,0,0.0,,fussball.de
2536,Poll I,Mittelrhein,Kreis Köln,7,Kreisliga A,Kreisliga A - Frauen · Kreis Köln,030TOD9FC4000003VS5489BUVSOV43J9-G,10,1,0,0,1,3,5,-2,0,0.0,,fussball.de
2537,ESV Eintracht Hameln (7er),Niedersachsen,Kreis Schaumburg,7,Kreisliga,Kreisliga Hameln-Pyrmont/Schaumburg Staffel A,031CHGC3MC000004VS5489BTVUS470OH-G,6,2,0,0,2,4,8,-4,0,0.0,,fussball.de
2538,FSV Vohwinkel Wuppertal,Niederrhein,Kreis Wuppertal-Niederberg,7,Kreisliga A,Frauen-Kreisliga Gruppe 2 · Kreis Wuppertal-Niederberg,031G0E5QFS000004VS5489BUVSJ4CRAP-G,10,1,0,0,1,2,4,-2,0,0.0,,fussball.de
2539,Hastener TV,Niederrhein,Kreis Wuppertal-Niederberg,7,Kreisliga A,Frauen-Kreisliga Gruppe 2 · Kreis Wuppertal-Niederberg,031G0E5QFS000004VS5489BUVSJ4CRAP-G,11,1,0,0,1,2,4,-2,0,0.0,,fussball.de
2540,SV 1960 Hummetroth,Hessen,Region Darmstadt,7,Oberliga (Region),FKOL DA · Region Darmstadt,031F0B2R7C00000CVS5489BTVUS470OH-G,8,1,0,0,1,2,4,-2,0,0.0,,fussball.de
2541,VfV Oberode,Niedersachsen,Kreis Göttingen-Osterode,7,Kreisliga,Kreisliga Frauen · Kreis Göttingen-Osterode,03168M09SG000004VS5489BUVSBBVPEU-G,13,3,0,0,3,4,10,-6,0,0.0,,fussball.de
2542,(SG ) DJK SpVgg Effeltrich / SV Hetzles 1,Bayern,Bezirk Mittelfranken,7,Bezirksliga,Frauen BZL Nord · Bezirk Mittelfranken,031FCGP6VO000007VS5489BUVSJ4CRAP-G,10,1,0,0,1,1,3,-2,0,0.0,,fussball.de
2543,FC Schw.-Spork-Wendlinghausen,Westfalen,Kreis Lübbecke,7,Kreisliga A,Frauen Kreisliga A HF/LE/MI/LK · Kreis Lübbecke,031HA3R4QO000008VS5489BUVSJ4CRAP-G,11,1,0,0,1,1,3,-2,0,0.0,,fussball.de
2544,SG Rulle/Haste,Niedersachsen,Kreis Osnabrück,7,Kreisliga,Kreisliga Osnabrück,0316EAM4T8000007VS5489BUVSBBVPEU-G,10,3,0,0,3,3,9,-6,0,0.0,,fussball.de
2545,SV Eidelstedt 2.Fr.,Hamburg,Kreisebene Hamburg,7,Kreisliga,FKL 01 · Kreisebene Hamburg,0314CF1BNG00000FVS5489BTVU7GTVLE-G,8,2,0,0,2,2,6,-4,0,0.0,,fussball.de
2546,SV Fort. Untersteinach,Bayern,Bezirk Oberfranken,7,Bezirksliga,Frauen BZL West · Bezirk Oberfranken,031DR3UO7K000006VS5489BTVUS470OH-G,8,1,0,0,1,1,3,-2,0,0.0,,fussball.de
2547,SV Glückauf Rammelsberg,Niedersachsen,Kreis Braunschweig,7,Kreisliga,Frauen Kreisliga A Braunschweig,031NMHED78000004VS5489BUVT2M8LCU-G,9,1,0,0,1,1,3,-2,0,0.0,,fussball.de
2548,SV Losaurach,Bayern,Bezirk Mittelfranken,7,Bezirksliga,Frauen BZL Nord · Bezirk Mittelfranken,031FCGP6VO000007VS5489BUVSJ4CRAP-G,11,1,0,0,1,1,3,-2,0,0.0,,fussball.de
2549,TSV 1862 Friedberg,Bayern,Bezirk Schwaben,7,Bezirksliga,Frauen BZL Nord · Bezirk Schwaben,031BE7174G000007VS5489BUVUR5FS5A-G,9,1,0,0,1,1,3,-2,0,0.0,,fussball.de
2550,(SG ) 1. FC-Spfrd. Reichenschwand/ 1. FC Schnaittach,Bayern,Bezirk Mittelfranken,7,Bezirksliga,Frauen BZL Nord · Bezirk Mittelfranken,031FCGP6VO000007VS5489BUVSJ4CRAP-G,12,1,0,0,1,0,2,-2,0,0.0,,fussball.de
2551,(SG) SC Regensburg 3/FC Jura 05 (N),Bayern,Bezirk Oberpfalz,7,Bezirksliga,Frauen BZL Süd · Bezirk Oberpfalz,0316VDSH28000002VS5489BTVU7GTVLE-G,7,1,0,0,1,0,2,-2,0,0.0,,fussball.de
2552,FC Gambach,Hessen,Region Gießen / Marburg,7,Oberliga (Region),FKOL GI/MR Gr. 2 · Region Gießen / Marburg,031F9S0A6400000BVS5489BUVSJ4CRAP-G,7,1,0,0,1,0,2,-2,0,0.0,,fussball.de
2553,Kamener SC ( 9er ),Westfalen,Kreis Unna-Hamm,7,Kreisliga A,Frauen Kreisliga A Unna/Hamm · Kreis Unna-Hamm,031BT4I5K4000000VS5489BTVUS470OH-G,10,1,0,0,1,0,2,-2,0,0.0,,fussball.de
2554,LTV von 1861 e.V. (9er),Westfalen,Kreis Iserlohn,7,Kreisliga A,Frauen KL A Iserlohn/Lüdenscheid/Arnsberg,031EL7514800000AVS5489BTVUS470OH-G,8,1,0,0,1,0,2,-2,0,0.0,,fussball.de
2555,SG Grevenstein/Hellefeld-Altenhellefeld II (9er),Westfalen,Kreis Arnsberg,7,Kreisliga A,Kreisliga A Arnsberg/HSK/Olpe,031KRB8FGO000007VS5489BUVVKNMR0J-G,7,1,0,0,1,0,2,-2,0,0.0,,fussball.de
2556,Sportverein SG Bokel,Westfalen,Kreis Beckum,7,Kreisliga A,Frauen Kreisliga A Beckum-Gütersloh,031AROBD8G000004VS5489BTVSK8S3O6-G,9,1,0,0,1,0,2,-2,0,0.0,,fussball.de
2557,VFL Tönisberg,Niederrhein,Kreis Kempen-Krefeld,7,Kreisliga A,Frauen-Kreisliga Gruppe 5 · Kreis Kempen-Krefeld,031G0I78HK000000VS5489BUVSJ4CRAP-G,8,2,0,0,2,0,4,-4,0,0.0,,fussball.de
2558,SV Stern Schwerinsdorf,Niedersachsen,Kreis Ostfriesland,7,Kreisliga,Ostfrieslandliga,031CO452U8000004VS5489BUVUR5FS5A-G,9,3,0,0,3,5,12,-7,0,0.0,,fussball.de
2559,SuS Hochmoor,Westfalen,Kreis Ahaus-Coesfeld,7,Kreisliga A,Frauen Kreisliga A Ahaus-Coesfeld,031LOM6FKC000002VS5489BTVSRD0UH9-G,15,3,0,0,3,4,11,-7,0,0.0,,fussball.de
2560,SG Thier/Frielingsdorf,Mittelrhein,Kreis Berg,7,Kreisliga A,Kreisliga A · Kreis Berg,031FMBGCLK000004VS5489BTVUS470OH-G,12,2,0,0,2,4,9,-5,0,0.0,,fussball.de
2561,SF BW Paderborn,Westfalen,Kreis Paderborn,7,Kreisliga A,Frauen Kreisliga A PB/DT/HX · Kreis Paderborn,031I8CLV30000004VS5489BTVSRD0UH9-G,12,2,0,0,2,2,7,-5,0,0.0,,fussball.de
2562,VfB 03 Hilden,Niederrhein,Kreis Düsseldorf,7,Kreisliga A,Frauen-Kreisliga Gruppe 1 · Kreis Düsseldorf,031FU6U64C00000FVS5489BUVSJ4CRAP-G,11,2,0,0,2,2,7,-5,0,0.0,,fussball.de
2563,FC Lune,Niedersachsen,Kreis Cuxhaven,7,Kreisliga,Frauen Kreisliga · Kreis Cuxhaven,03153PKDB0000008VS5489BUVSBBVPEU-G,6,2,0,0,2,1,6,-5,0,0.0,,fussball.de
2564,SC Marklohe-Lemke (9er),Niedersachsen,Kreis Nienburg,7,Kreisliga,Frauen Kreisliga Nienburg,031EFISAMK000006VS5489BUVUR5FS5A-G,8,2,0,0,2,1,6,-5,0,0.0,,fussball.de
2565,SV Essen-Borbeck,Niederrhein,Kreis Essen,7,Kreisliga A,Frauen-Kreisliga Gruppe 3 · Kreis Essen,031G0FMPS4000009VS5489BUVSJ4CRAP-G,12,2,0,0,2,1,6,-5,0,0.0,,fussball.de
2566,SV Zodel 68,Sachsen,Kreis Westlausitz,7,1.Kreisliga (A),Kreisliga Westlausitz,031DCEHODS000004VS5489BUVUR5FS5A-G,13,2,0,0,2,1,6,-5,0,0.0,,fussball.de
2567,SpVgg 1921 Weißenstadt II,Bayern,Bezirk Oberfranken,7,Bezirksliga,Frauen BZL Ost · Bezirk Oberfranken,031DR3UOF4000007VS5489BTVUS470OH-G,8,2,0,0,2,1,6,-5,0,0.0,,fussball.de
2568,TSG Leihgestern,Hessen,Region Gießen / Marburg,7,Oberliga (Region),FKOL GI/MR Gr. 2 · Region Gießen / Marburg,031F9S0A6400000BVS5489BUVSJ4CRAP-G,9,2,0,0,2,0,5,-5,0,0.0,,fussball.de
2569,SV Arminia Hannover II,Niedersachsen,Kreis Region Hannover,7,Kreisliga,Frauen Kreisliga Staffel 2 · Kreis Region Hannover,03154LACNG00000AVS5489BUVSBBVPEU-G,10,3,0,0,3,2,10,-8,0,0.0,,fussball.de
2570,SG Sende / Verl,Westfalen,Kreis Beckum,7,Kreisliga A,Frauen Kreisliga A Beckum-Gütersloh,031AROBD8G000004VS5489BTVSK8S3O6-G,10,1,0,0,1,4,7,-3,0,0.0,,fussball.de
2571,TSV Wachau,Sachsen,Kreis Westlausitz,7,1.Kreisliga (A),Kreisliga Westlausitz,031DCEHODS000004VS5489BUVUR5FS5A-G,12,1,0,0,1,2,5,-3,0,0.0,,fussball.de
2572,(SG) SV Thenried 2 / SG Schlossberg,Bayern,Bezirk Oberpfalz,7,Bezirksliga,Frauen BZL Nord · Bezirk Oberpfalz,0316VDSGSK000006VS5489BTVU7GTVLE-G,8,1,0,0,1,1,4,-3,0,0.0,,fussball.de
2573,BV Gräfrath II.,Niederrhein,Kreis Wuppertal-Niederberg,7,Kreisliga A,Frauen-Kreisliga Gruppe 2 · Kreis Wuppertal-Niederberg,031G0E5QFS000004VS5489BUVSJ4CRAP-G,12,1,0,0,1,1,4,-3,0,0.0,,fussball.de
2574,FC Weisingen,Bayern,Bezirk Schwaben,7,Bezirksliga,Frauen BZL Nord · Bezirk Schwaben,031BE7174G000007VS5489BUVUR5FS5A-G,10,1,0,0,1,1,4,-3,0,0.0,,fussball.de
2575,FSC Mönchengladbach 9-er,Niederrhein,Kreis Grevenbroich-Neuss,7,Kreisliga A,Frauen-Kreisliga Gruppe 6 · Kreis Grevenbroich-Neuss,031G0KED0C000007VS5489BUVSJ4CRAP-G,9,1,0,0,1,1,4,-3,0,0.0,,fussball.de
2576,SC 1936 Grimlinghausen II.,Niederrhein,Kreis Grevenbroich-Neuss,7,Kreisliga A,Frauen-Kreisliga Gruppe 6 · Kreis Grevenbroich-Neuss,031G0KED0C000007VS5489BUVSJ4CRAP-G,10,1,0,0,1,1,4,-3,0,0.0,,fussball.de
2577,SC Gremmendorf,Westfalen,Kreis Münster,7,Kreisliga A,Frauen Kreisliga A · Kreis Münster,031HT6D5G0000008VS5489BUVVKNMR0J-G,8,1,0,0,1,1,4,-3,0,0.0,,fussball.de
2578,SV BW Aasee II,Westfalen,Kreis Münster,7,Kreisliga A,Frauen Kreisliga A · Kreis Münster,031HT6D5G0000008VS5489BUVVKNMR0J-G,9,1,0,0,1,1,4,-3,0,0.0,,fussball.de
2579,TSV Godshorn,Niedersachsen,Kreis Region Hannover,7,Kreisliga,Frauen Kreisliga Staffel 1 · Kreis Region Hannover,03154LACGC00000AVS5489BUVSBBVPEU-G,7,1,0,0,1,1,4,-3,0,0.0,,fussball.de
2580,Sterkrade 06/07,Niederrhein,Kreis Oberhausen-Bottrop,7,Kreisliga A,Frauen-Kreisliga Gruppe 4 · Kreis Oberhausen-Bottrop,031G0GMSC0000008VS5489BUVSJ4CRAP-G,11,2,0,0,2,1,7,-6,0,0.0,,fussball.de
2581,BV 1910 Remscheid,Niederrhein,Kreis Wuppertal-Niederberg,7,Kreisliga A,Frauen-Kreisliga Gruppe 2 · Kreis Wuppertal-Niederberg,031G0E5QFS000004VS5489BUVSJ4CRAP-G,13,1,0,0,1,0,3,-3,0,0.0,,fussball.de
2582,EFC Kronberg,Hessen,Region Frankfurt,7,Oberliga (Region),KOL Frankfurt · Region Frankfurt,031EVOL33C00000BVS5489BTVUS470OH-G,9,1,0,0,1,0,3,-3,0,0.0,,fussball.de
2583,FSG Hassia Dieburg/Semd II,Hessen,Region Darmstadt,7,Oberliga (Region),FKOL DA · Region Darmstadt,031F0B2R7C00000CVS5489BTVUS470OH-G,9,2,0,0,2,0,6,-6,0,0.0,,fussball.de
2584,SG Flechtdorf-Ittertal II,Hessen,Region Kassel,7,Oberliga (Region),FKOL KS · Region Kassel,031HSVVFR400000BVS5489BUVVKNMR0J-G,8,1,0,0,1,0,3,-3,0,0.0,,fussball.de
2585,SV Ehringshausen,Hessen,Region Gießen / Marburg,7,Oberliga (Region),FKOL GI/MR Gr. 2 · Region Gießen / Marburg,031F9S0A6400000BVS5489BUVSJ4CRAP-G,8,1,0,0,1,0,3,-3,0,0.0,,fussball.de
2586,SV Viktoria Gesmold 9er,Niedersachsen,Kreis Osnabrück,7,Kreisliga,Kreisliga Osnabrück,0316EAM4T8000007VS5489BUVSBBVPEU-G,9,1,0,0,1,0,3,-3,0,0.0,,fussball.de
2587,TSV Barmke II,Niedersachsen,Kreis Braunschweig,7,Kreisliga,Frauen Kreisliga A Braunschweig,031NMHED78000004VS5489BUVT2M8LCU-G,10,1,0,0,1,0,3,-3,0,0.0,,fussball.de
2588,TSV Heimaterde,Niederrhein,Kreis Oberhausen-Bottrop,7,Kreisliga A,Frauen-Kreisliga Gruppe 4 · Kreis Oberhausen-Bottrop,031G0GMSC0000008VS5489BUVSJ4CRAP-G,12,2,0,0,2,0,6,-6,0,0.0,,fussball.de
2589,TuS Ennepe,Westfalen,Kreis Iserlohn,7,Kreisliga A,Frauen KL A Iserlohn/Lüdenscheid/Arnsberg,031EL7514800000AVS5489BTVUS470OH-G,9,1,0,0,1,0,3,-3,0,0.0,,fussball.de
2590,SuS Concordia Flaesheim II,Westfalen,Kreis Ahaus-Coesfeld,7,Kreisliga A,Frauen Kreisliga A Ahaus-Coesfeld,031LOM6FKC000002VS5489BTVSRD0UH9-G,16,3,0,0,3,4,14,-10,0,0.0,,fussball.de
2591,VfL Wingst (7er),Niedersachsen,Kreis Cuxhaven,7,Kreisliga,Frauen Kreisliga · Kreis Cuxhaven,03153PKDB0000008VS5489BUVSBBVPEU-G,7,3,0,0,3,4,14,-10,0,0.0,,fussball.de
2592,SG Eschenburg II,Hessen,Region Gießen / Marburg,7,Oberliga (Region),FKOL GI/MR Gr. 1 · Region Gießen / Marburg,031F9S09RO00000AVS5489BUVSJ4CRAP-G,11,3,0,0,3,3,13,-10,0,0.0,,fussball.de
2593,GS Cappenberg,Westfalen,Kreis Unna-Hamm,7,Kreisliga A,Frauen Kreisliga A Unna/Hamm · Kreis Unna-Hamm,031BT4I5K4000000VS5489BTVUS470OH-G,13,2,0,0,2,3,10,-7,0,0.0,,fussball.de
2594,SG Tülau/Voitze-Bergfeld,Niedersachsen,Kreis Braunschweig,7,Kreisliga,Frauen Kreisliga A Braunschweig,031NMHED78000004VS5489BUVT2M8LCU-G,11,2,0,0,2,2,9,-7,0,0.0,,fussball.de
2595,FSV Hessen Wetzlar III,Hessen,Region Gießen / Marburg,7,Oberliga (Region),FKOL GI/MR Gr. 2 · Region Gießen / Marburg,031F9S0A6400000BVS5489BUVSJ4CRAP-G,10,2,0,0,2,1,8,-7,0,0.0,,fussball.de
2596,SC V. M. 2.Fr.,Hamburg,Kreisebene Hamburg,7,Kreisliga,FKL 02 · Kreisebene Hamburg,0314CF1BV000000FVS5489BTVU7GTVLE-G,10,2,0,0,2,1,8,-7,0,0.0,,fussball.de
2597,SV Aufbau Deutschbaselitz,Sachsen,Kreis Westlausitz,7,1.Kreisliga (A),Kreisliga Westlausitz,031DCEHODS000004VS5489BUVUR5FS5A-G,14,2,0,0,2,1,8,-7,0,0.0,,fussball.de
2598,SV B-E Steimbke,Niedersachsen,Kreis Nienburg,7,Kreisliga,Frauen Kreisliga Nienburg,031EFISAMK000006VS5489BUVUR5FS5A-G,9,2,0,0,2,1,8,-7,0,0.0,,fussball.de
2599,SV Duissern,Niederrhein,Kreis Oberhausen-Bottrop,7,Kreisliga A,Frauen-Kreisliga Gruppe 4 · Kreis Oberhausen-Bottrop,031G0GMSC0000008VS5489BUVSJ4CRAP-G,13,2,0,0,2,0,7,-7,0,0.0,,fussball.de
2600,Victoria 4.Fr.,Hamburg,Kreisebene Hamburg,7,Kreisliga,FKL 01 · Kreisebene Hamburg,0314CF1BNG00000FVS5489BTVU7GTVLE-G,9,2,0,0,2,0,7,-7,0,0.0,,fussball.de
2601,FC Geestland II (7er),Niedersachsen,Kreis Cuxhaven,7,Kreisliga,Frauen Kreisliga · Kreis Cuxhaven,03153PKDB0000008VS5489BUVSBBVPEU-G,8,3,0,0,3,0,11,-11,0,0.0,,fussball.de
2602,SuS Oberaden,Westfalen,Kreis Unna-Hamm,7,Kreisliga A,Frauen Kreisliga A Unna/Hamm · Kreis Unna-Hamm,031BT4I5K4000000VS5489BTVUS470OH-G,14,3,0,0,3,0,11,-11,0,0.0,,fussball.de
2603,FC RW Sande,Niedersachsen,Kreis Jade-Weser-Hunte,7,Kreisliga,Frauen Kreisliga JWH QR · Kreis Jade-Weser-Hunte,031DNOG2O0000004VS5489BTVUS470OH-G,7,4,0,0,4,4,19,-15,0,0.0,,fussball.de
2604,UNITED Wolfsburg FC,Niedersachsen,Kreis Braunschweig,7,Kreisliga,Frauen Kreisliga B Braunschweig,031EM26E60000001VS5489BTVUS470OH-G,4,1,0,0,1,3,7,-4,0,0.0,,fussball.de
2605,BV Union 05 Krefeld II.,Niederrhein,Kreis Kempen-Krefeld,7,Kreisliga A,Frauen-Kreisliga Gruppe 5 · Kreis Kempen-Krefeld,031G0I78HK000000VS5489BUVSJ4CRAP-G,9,2,1,0,1,4,12,-8,0,0.0,,fussball.de
2606,SV Staffhorst (9er),Niedersachsen,Kreis Diepholz,7,Kreisliga,Kreisliga Frauen · Kreis Diepholz,031EAMUNMC000003VS5489BTVUS470OH-G,8,2,0,0,2,3,11,-8,0,0.0,,fussball.de
2607,DJK DÜRSCHEID E.V.,Mittelrhein,Kreis Berg,7,Kreisliga A,Kreisliga A · Kreis Berg,031FMBGCLK000004VS5489BTVUS470OH-G,11,1,0,0,1,1,5,-4,0,0.0,,fussball.de
2608,DSG Rimbach/Auerbach,Hessen,Region Darmstadt,7,Oberliga (Region),FKOL DA · Region Darmstadt,031F0B2R7C00000CVS5489BTVUS470OH-G,10,2,0,0,2,2,10,-8,0,0.0,,fussball.de
2609,SC Sinzing,Bayern,Bezirk Oberpfalz,7,Bezirksliga,Frauen BZL Süd · Bezirk Oberpfalz,0316VDSH28000002VS5489BTVU7GTVLE-G,8,1,0,0,1,1,5,-4,0,0.0,,fussball.de
2610,SpVgg Germania Ebing II,Bayern,Bezirk Oberfranken,7,Bezirksliga,Frauen BZL West · Bezirk Oberfranken,031DR3UO7K000006VS5489BTVUS470OH-G,9,1,0,0,1,1,5,-4,0,0.0,,fussball.de
2611,TSB Flensburg II (7er),Schleswig-Holstein,Kreis Schleswig-Flensburg,7,Kreisklasse A,Frauen KKA N-O (SL-FL) · Kreis Schleswig-Flensburg,031LFAO8HS000004VS5489BTVSRD0UH9-G,7,2,0,0,2,2,10,-8,0,0.0,,fussball.de
2612,Hamminkelner SV,Niederrhein,Kreis Moers,7,Kreisliga A,Frauen Kreisliga A Gruppe 7 · Kreis Moers,031G0PR1MS000005VS5489BUVSJ4CRAP-G,10,2,0,0,2,1,9,-8,0,0.0,,fussball.de
2613,TVV Neu Wulmstorf,Niedersachsen,Kreis Stade,7,Kreisliga,Frauen Kreisliga Stade/Harburg,0318KFE3TC00000AVS5489BUVV628VP4-G,9,2,0,0,2,1,9,-8,0,0.0,,fussball.de
2614,DJK 1. SC Klarenthal,Hessen,Region Wiesbaden,7,Oberliga (Region),FKOL WI Gr. 2 · Region Wiesbaden,031FA3HIP8000004VS5489BUVSJ4CRAP-G,6,1,0,0,1,0,4,-4,0,0.0,,fussball.de
2615,Roter Stern Flensburg FLINTA* (7er),Schleswig-Holstein,Kreis Schleswig-Flensburg,7,Kreisklasse A,Frauen KKA N-O (SL-FL) · Kreis Schleswig-Flensburg,031LFAO8HS000004VS5489BTVSRD0UH9-G,8,2,0,0,2,0,8,-8,0,0.0,,fussball.de
2616,SG Oeventrop 2/Rumbeck 2,Westfalen,Kreis Arnsberg,7,Kreisliga A,Kreisliga A Arnsberg/HSK/Olpe,031KRB8FGO000007VS5489BUVVKNMR0J-G,8,1,0,0,1,0,4,-4,0,0.0,,fussball.de
2617,SG Rodenberg II,Niedersachsen,Kreis Schaumburg,7,Kreisliga,Kreisliga Hameln-Pymont/Schaumburg Staffel B,031CHGIMSS000004VS5489BTVUS470OH-G,6,1,0,0,1,0,4,-4,0,0.0,,fussball.de
2618,SG Sandbostel/Hesedorf/Findorf,Niedersachsen,Kreis Rotenburg,7,Kreisliga,Frauen Kreisliga Rotenburg,03181DLOQO000005VS5489BTVU7GTVLE-G,11,1,0,0,1,0,4,-4,0,0.0,,fussball.de
2619,SG Teutonia Groß Lafferde / VfB Peine,Niedersachsen,Kreis Braunschweig,7,Kreisliga,Frauen Kreisliga B Braunschweig,031EM26E60000001VS5489BTVUS470OH-G,5,1,0,0,1,0,4,-4,0,0.0,,fussball.de
2620,SV Bedburdyck/Gierath,Niederrhein,Kreis Grevenbroich-Neuss,7,Kreisliga A,Frauen-Kreisliga Gruppe 6 · Kreis Grevenbroich-Neuss,031G0KED0C000007VS5489BUVSJ4CRAP-G,11,1,0,0,1,0,4,-4,0,0.0,,fussball.de
2621,SV Oberschledorn/Grafschaft,Westfalen,Kreis Arnsberg,7,Kreisliga A,Kreisliga A Arnsberg/HSK/Olpe,031KRB8FGO000007VS5489BUVVKNMR0J-G,9,1,0,0,1,0,4,-4,0,0.0,,fussball.de
2622,SV Teutonia Uelzen,Niedersachsen,Kreis Heide-Wendland,7,Kreisliga,Frauenkreisliga · Kreis Heide-Wendland,031A9HJLUO000004VS5489BTVSK8S3O6-G,8,1,0,0,1,0,4,-4,0,0.0,,fussball.de
2623,Sportfreunde Bispingen II (7er),Niedersachsen,Kreis Heidekreis,7,Kreisliga,Kreisliga Frauen Heidekreis,03172M1UU8000004VS5489BUVSBBVPEU-G,7,1,0,0,1,0,4,-4,0,0.0,,fussball.de
2624,SG Barenburg/Wehr./H-B. II (9er),Niedersachsen,Kreis Diepholz,7,Kreisliga,Kreisliga Frauen · Kreis Diepholz,031EAMUNMC000003VS5489BTVUS470OH-G,9,2,0,0,2,5,14,-9,0,0.0,,fussball.de
2625,SG Unterstedt,Niedersachsen,Kreis Rotenburg,7,Kreisliga,Frauen Kreisliga Rotenburg,03181DLOQO000005VS5489BTVU7GTVLE-G,12,2,0,0,2,5,14,-9,0,0.0,,fussball.de
2626,SG Elbmarsch / Winsen II,Niedersachsen,Kreis Stade,7,Kreisliga,Frauen Kreisliga Stade/Harburg,0318KFE3TC00000AVS5489BUVV628VP4-G,10,2,0,0,2,3,12,-9,0,0.0,,fussball.de
2627,SG Düdinghausen-Deblinghausen/Pennigsehl-Mainsche,Niedersachsen,Kreis Nienburg,7,Kreisliga,Frauen Kreisliga Nienburg,031EFISAMK000006VS5489BUVUR5FS5A-G,10,2,0,0,2,0,9,-9,0,0.0,,fussball.de
2628,SG Neuengeseke/Schmerlecke/Hovestadt,Westfalen,Kreis Lippstadt,7,Kreisliga A,Kreisliga A  Lippstadt/Soest,031O39Q850000004VS5489BTVV1LNS7C-G,8,2,0,0,2,0,9,-9,0,0.0,,fussball.de
2629,VfL 93 1.Fr.,Hamburg,Kreisebene Hamburg,7,Kreisliga,FKL 02 · Kreisebene Hamburg,0314CF1BV000000FVS5489BTVU7GTVLE-G,11,2,0,0,2,0,9,-9,0,0.0,,fussball.de
2630,Fortuna Emsdetten,Westfalen,Kreis Steinfurt,7,Kreisliga A,Kreisliga A Steinfurt - Tecklenburg,031HMP0DSO000004VS5489BUVVKNMR0J-G,14,3,0,0,3,2,16,-14,0,0.0,,fussball.de
2631,SV Wersten 04 (9er),Niederrhein,Kreis Düsseldorf,7,Kreisliga A,Frauen-Kreisliga Gruppe 1 · Kreis Düsseldorf,031FU6U64C00000FVS5489BUVSJ4CRAP-G,13,2,0,0,2,8,18,-10,0,0.0,,fussball.de
2632,Bostelbek 1.Fr.,Hamburg,Kreisebene Hamburg,7,Kreisliga,FKL 02 · Kreisebene Hamburg,0314CF1BV000000FVS5489BTVU7GTVLE-G,12,2,0,0,2,4,14,-10,0,0.0,,fussball.de
2633,Rot Weiß Unna II ( 9er ),Westfalen,Kreis Unna-Hamm,7,Kreisliga A,Frauen Kreisliga A Unna/Hamm · Kreis Unna-Hamm,031BT4I5K4000000VS5489BTVUS470OH-G,12,1,0,0,1,2,7,-5,0,0.0,,fussball.de
2634,TUS Müden-Dieckhorst (9er),Niedersachsen,Kreis Braunschweig,7,Kreisliga,Frauen Kreisliga B Braunschweig,031EM26E60000001VS5489BTVUS470OH-G,6,1,0,0,1,2,7,-5,0,0.0,,fussball.de
2635,Eintracht Kattenhochstatt,Bayern,Bezirk Mittelfranken,7,Bezirksliga,Frauen BZL Süd · Bezirk Mittelfranken,031FCOKBPO000000VS5489BUVSJ4CRAP-G,10,1,0,0,1,1,6,-5,0,0.0,,fussball.de
2636,SG Ihlpohl/Lesumstotel,Niedersachsen,Kreis Osterholz,7,Kreisliga,Kreisliga Frauen OHZ/VER · Kreis Osterholz,0317IM2VPK000004VS5489BUVSBBVPEU-G,8,1,0,0,1,1,6,-5,0,0.0,,fussball.de
2637,TuRa Löhne II,Westfalen,Kreis Lübbecke,7,Kreisliga A,Frauen Kreisliga A HF/LE/MI/LK · Kreis Lübbecke,031HA3R4QO000008VS5489BUVSJ4CRAP-G,12,1,0,0,1,1,6,-5,0,0.0,,fussball.de
2638,SG Schaag / Leutherheide (9er),Niederrhein,Kreis Kempen-Krefeld,7,Kreisliga A,Frauen-Kreisliga Gruppe 5 · Kreis Kempen-Krefeld,031G0I78HK000000VS5489BUVSJ4CRAP-G,10,2,0,0,2,1,11,-10,0,0.0,,fussball.de
2639,(SG) ASV 1921 Oberpreuschwitz / TSV Donndorf-Eckersdorf / Universitäts-Sportclub Bayreuth I,Bayern,Bezirk Oberfranken,7,Bezirksliga,Frauen BZL Ost · Bezirk Oberfranken,031DR3UOF4000007VS5489BTVUS470OH-G,9,1,0,0,1,0,5,-5,0,0.0,,fussball.de
2640,(SG) FC Maihingen/SpVgg Deiningen,Bayern,Bezirk Schwaben,7,Bezirksliga,Frauen BZL Nord · Bezirk Schwaben,031BE7174G000007VS5489BUVUR5FS5A-G,11,1,0,0,1,0,5,-5,0,0.0,,fussball.de
2641,Erlinghausen SV RW,Westfalen,Kreis Arnsberg,7,Kreisliga A,Kreisliga A Arnsberg/HSK/Olpe,031KRB8FGO000007VS5489BUVVKNMR0J-G,10,1,0,0,1,0,5,-5,0,0.0,,fussball.de
2642,FC Neukirchen-Vluyn III.,Niederrhein,Kreis Grevenbroich-Neuss,7,Kreisliga A,Frauen-Kreisliga Gruppe 6 · Kreis Grevenbroich-Neuss,031G0KED0C000007VS5489BUVSJ4CRAP-G,12,1,0,0,1,0,5,-5,0,0.0,,fussball.de
2643,SV Häger (9er),Westfalen,Kreis Bielefeld,7,Kreisliga A,Kreisliga A · Kreis Bielefeld,03139CLFSK00000HVS5489BUVSBBVPEU-G,8,1,0,0,1,0,5,-5,0,0.0,,fussball.de
2644,SV Hüsten 09,Westfalen,Kreis Arnsberg,7,Kreisliga A,Kreisliga A Arnsberg/HSK/Olpe,031KRB8FGO000007VS5489BUVVKNMR0J-G,11,1,0,0,1,0,5,-5,0,0.0,,fussball.de
2645,SuS Reiste (9er),Westfalen,Kreis Arnsberg,7,Kreisliga A,Kreisliga A Arnsberg/HSK/Olpe,031KRB8FGO000007VS5489BUVVKNMR0J-G,12,1,0,0,1,0,5,-5,0,0.0,,fussball.de
2646,SG BHK Hiddesen,Westfalen,Kreis Paderborn,7,Kreisliga A,Frauen Kreisliga A PB/DT/HX · Kreis Paderborn,031I8CLV30000004VS5489BTVSRD0UH9-G,13,3,0,0,3,2,18,-16,0,0.0,,fussball.de
2647,VfV Borussia Hildesheim,Niedersachsen,Kreis Hildesheim-Holzminden,7,Kreisliga,Kreisliga Hildesheim/Holzminden · Kreis Hildesheim-Holzminden,031D6SP528000004VS5489BUVUR5FS5A-G,8,3,0,0,3,2,18,-16,0,0.0,,fussball.de
2648,1. FC Sarstedt 2. Damen,Niedersachsen,Kreis Hildesheim-Holzminden,7,Kreisliga,Kreisliga Hildesheim/Holzminden · Kreis Hildesheim-Holzminden,031D6SP528000004VS5489BUVUR5FS5A-G,9,3,0,0,3,1,17,-16,0,0.0,,fussball.de
2649,FC BW Voerde,Westfalen,Kreis Dortmund,7,Kreisliga A,Kreisliga A - Dortmund / Hagen,031340MNQO000004VS5489BUVSBBVPEU-G,12,3,0,0,3,1,17,-16,0,0.0,,fussball.de
2650,Wellingsbüttel 2.Fr.,Hamburg,Kreisebene Hamburg,7,Kreisliga,FKL 02 · Kreisebene Hamburg,0314CF1BV000000FVS5489BTVU7GTVLE-G,13,2,0,0,2,4,15,-11,0,0.0,,fussball.de
2651,DJK Wattenscheid,Westfalen,Kreis Bochum,7,Kreisliga A,Frauen Kreisliga A Bochum,0319THQ5EO000004VS5489BUVV628VP4-G,14,2,0,0,2,0,11,-11,0,0.0,,fussball.de
2652,FSG Niedergrafschaft III,Niedersachsen,Kreis Emsland,7,Kreisliga,Frauen Kreisliga Ems-Vechte · Kreis Emsland,0318JGRN2S000005VS5489BTVSK8S3O6-G,14,4,0,0,4,2,25,-23,0,0.0,,fussball.de
2653,SG Heiligenfelde/B/S II,Niedersachsen,Kreis Diepholz,7,Kreisliga,Kreisliga Frauen · Kreis Diepholz,031EAMUNMC000003VS5489BTVUS470OH-G,10,2,0,0,2,4,16,-12,0,0.0,,fussball.de
2654,TSV Bleidenstadt II,Hessen,Region Wiesbaden,7,Oberliga (Region),FKOL WI Gr. 2 · Region Wiesbaden,031FA3HIP8000004VS5489BUVSJ4CRAP-G,7,3,0,0,3,5,23,-18,0,0.0,,fussball.de
2655,DJK/SV Wallnsdorf/Schweigersdorf,Bayern,Bezirk Mittelfranken,7,Bezirksliga,Frauen BZL Süd · Bezirk Mittelfranken,031FCOKBPO000000VS5489BUVSJ4CRAP-G,11,1,0,0,1,1,7,-6,0,0.0,,fussball.de
2656,FC Augsburg 2,Bayern,Bezirk Schwaben,7,Bezirksliga,Frauen BZL Süd · Bezirk Schwaben,031BE717FS000007VS5489BUVUR5FS5A-G,10,1,0,0,1,1,7,-6,0,0.0,,fussball.de
2657,SG Emmerthal/Lüntorf,Niedersachsen,Kreis Schaumburg,7,Kreisliga,Kreisliga Hameln-Pyrmont/Schaumburg Staffel A,031CHGC3MC000004VS5489BTVUS470OH-G,7,2,0,0,2,2,14,-12,0,0.0,,fussball.de
2658,SpVg Schonnebeck II.,Niederrhein,Kreis Essen,7,Kreisliga A,Frauen-Kreisliga Gruppe 3 · Kreis Essen,031G0FMPS4000009VS5489BUVSJ4CRAP-G,13,2,0,0,2,2,14,-12,0,0.0,,fussball.de
2659,TuS Reichshof,Mittelrhein,Kreis Berg,7,Kreisliga A,Kreisliga A · Kreis Berg,031FMBGCLK000004VS5489BTVUS470OH-G,13,1,0,0,1,1,7,-6,0,0.0,,fussball.de
2660,SG Schmalfeld-Hasenmoor (7er),Schleswig-Holstein,Kreis Segeberg,7,Kreisklasse A,Frauen Kreisklasse A Süd · Kreis Segeberg,031M6KFOP4000003VS5489BTVSRD0UH9-G,9,2,0,0,2,1,13,-12,0,0.0,,fussball.de
2661,SV Haldern II. (9er),Niederrhein,Kreis Moers,7,Kreisliga A,Frauen Kreisliga A Gruppe 7 · Kreis Moers,031G0PR1MS000005VS5489BUVSJ4CRAP-G,11,2,0,0,2,1,13,-12,0,0.0,,fussball.de
2662,SC Kickers Mörfelden,Hessen,Region Darmstadt,7,Oberliga (Region),FKOL DA · Region Darmstadt,031F0B2R7C00000CVS5489BTVUS470OH-G,11,3,0,0,3,1,19,-18,0,0.0,,fussball.de
2663,(SG) TSV Winklarn/SG Silbersee/TSV Dieterskirchen,Bayern,Bezirk Oberpfalz,7,Bezirksliga,Frauen BZL Nord · Bezirk Oberpfalz,0316VDSGSK000006VS5489BTVU7GTVLE-G,9,1,0,0,1,0,6,-6,0,0.0,,fussball.de
2664,SV Breitenbrunn (A),Bayern,Bezirk Oberpfalz,7,Bezirksliga,Frauen BZL Süd · Bezirk Oberpfalz,0316VDSH28000002VS5489BTVU7GTVLE-G,9,1,0,0,1,0,6,-6,0,0.0,,fussball.de
2665,SV Westfalia Huckarde II,Westfalen,Kreis Dortmund,7,Kreisliga A,Kreisliga A - Dortmund / Hagen,031340MNQO000004VS5489BUVSBBVPEU-G,13,3,0,0,3,0,18,-18,0,0.0,,fussball.de
2666,SV Westerholt 14/19,Westfalen,Kreis Herne,7,Kreisliga A,Frauen Kreisliga  A HER/GE/RE · Kreis Herne,031DDHDRBS000009VS5489BTVUS470OH-G,13,3,0,0,3,2,21,-19,0,0.0,,fussball.de
2667,SV Eintracht Lüneburg II,Niedersachsen,Kreis Heide-Wendland,7,Kreisliga,Frauenkreisliga · Kreis Heide-Wendland,031A9HJLUO000004VS5489BTVSK8S3O6-G,9,3,0,0,3,1,20,-19,0,0.0,,fussball.de
2668,DJK Rheinkraft Neuss (9er),Niederrhein,Kreis Grevenbroich-Neuss,7,Kreisliga A,Frauen-Kreisliga Gruppe 6 · Kreis Grevenbroich-Neuss,031G0KED0C000007VS5489BUVSJ4CRAP-G,13,2,0,0,2,0,13,-13,0,0.0,,fussball.de
2669,SG Leer 04/Bingum,Niedersachsen,Kreis Ostfriesland,7,Kreisliga,Ostfrieslandliga,031CO452U8000004VS5489BUVUR5FS5A-G,10,3,0,0,3,1,21,-20,0,0.0,,fussball.de
2670,TuS Union Vilsendorf,Westfalen,Kreis Bielefeld,7,Kreisliga A,Kreisliga A · Kreis Bielefeld,03139CLFSK00000HVS5489BUVSBBVPEU-G,9,1,0,0,1,1,8,-7,0,0.0,,fussball.de
2671,Altona 93 2.Fr.,Hamburg,Kreisebene Hamburg,7,Kreisliga,FKL 01 · Kreisebene Hamburg,0314CF1BNG00000FVS5489BTVU7GTVLE-G,11,2,0,0,2,1,15,-14,0,0.0,,fussball.de
2672,Merheim I,Mittelrhein,Kreis Köln,7,Kreisliga A,Kreisliga A - Frauen · Kreis Köln,030TOD9FC4000003VS5489BUVSOV43J9-G,12,2,0,0,2,2,17,-15,0,0.0,,fussball.de
2673,TSV Wietzendorf (9er),Niedersachsen,Kreis Heidekreis,7,Kreisliga,Kreisliga Frauen Heidekreis,03172M1UU8000004VS5489BUVSBBVPEU-G,8,3,0,0,3,2,26,-24,0,0.0,,fussball.de
2674,FC Mettmann 08,Niederrhein,Kreis Düsseldorf,7,Kreisliga A,Frauen-Kreisliga Gruppe 1 · Kreis Düsseldorf,031FU6U64C00000FVS5489BUVSJ4CRAP-G,12,1,0,0,1,0,8,-8,0,0.0,,fussball.de
2675,FSV Bergshausen,Hessen,Region Kassel,7,Oberliga (Region),FKOL KS · Region Kassel,031HSVVFR400000BVS5489BUVVKNMR0J-G,9,2,0,0,2,0,16,-16,0,0.0,,fussball.de
2676,Kiersper SC,Westfalen,Kreis Iserlohn,7,Kreisliga A,Frauen KL A Iserlohn/Lüdenscheid/Arnsberg,031EL7514800000AVS5489BTVUS470OH-G,10,1,0,0,1,0,8,-8,0,0.0,,fussball.de
2677,TSV Amshausen II (9er),Westfalen,Kreis Bielefeld,7,Kreisliga A,Kreisliga A · Kreis Bielefeld,03139CLFSK00000HVS5489BUVSBBVPEU-G,10,1,0,0,1,0,8,-8,0,0.0,,fussball.de
2678,VfB Ginsheim,Hessen,Region Wiesbaden,7,Oberliga (Region),FKOL WI Gr. 1 · Region Wiesbaden,031F004GGG00000BVS5489BTVUS470OH-G,7,2,0,0,2,0,16,-16,0,0.0,,fussball.de
2679,LFC Laer 1906 Damen (9er),Westfalen,Kreis Bochum,7,Kreisliga A,Frauen Kreisliga A Bochum,0319THQ5EO000004VS5489BUVV628VP4-G,15,3,0,0,3,2,27,-25,0,0.0,,fussball.de
2680,SV Schermbeck,Westfalen,Kreis Herne,7,Kreisliga A,Frauen Kreisliga  A HER/GE/RE · Kreis Herne,031DDHDRBS000009VS5489BTVUS470OH-G,12,2,0,0,2,1,18,-17,0,0.0,,fussball.de
2681,Hitdorf I,Mittelrhein,Kreis Köln,7,Kreisliga A,Kreisliga A - Frauen · Kreis Köln,030TOD9FC4000003VS5489BUVSOV43J9-G,13,2,0,0,2,0,17,-17,0,0.0,,fussball.de
2682,TuS Herchen 1922,Mittelrhein,Kreis Sieg,7,Kreisliga A,Frauen Kreisliga A · Kreis Sieg,031QKMK61O000004VS5489BUVSV0FPBG-G,9,1,0,0,1,1,10,-9,0,0.0,,fussball.de
2683,Eintracht Norderstedt 1.Fr.,Hamburg,Kreisebene Hamburg,7,Kreisliga,FKL 01 · Kreisebene Hamburg,0314CF1BNG00000FVS5489BTVU7GTVLE-G,10,1,0,0,1,0,9,-9,0,0.0,,fussball.de
2684,FSG Goldebek-Arlewatt II (7er),Schleswig-Holstein,Kreis Nordfriesland,7,Kreisklasse A,Frauen KKA N-W (NF) · Kreis Nordfriesland,031LG3V0J4000004VS5489BTVSRD0UH9-G,7,1,0,0,1,0,9,-9,0,0.0,,fussball.de
2685,SG Albaum/Saalhausen/Kirchhundem/Rahrbachtal (9er),Westfalen,Kreis Siegen-Wittgenstein,7,Kreisliga A,Frauen Kreisliga A - SIWI · Kreis Siegen-Wittgenstein,031F18VB8O000004VS5489BTVUS470OH-G,8,1,0,0,1,0,9,-9,0,0.0,,fussball.de
2686,VfB Habinghorst 9er,Westfalen,Kreis Herne,7,Kreisliga A,Frauen Kreisliga  A HER/GE/RE · Kreis Herne,031DDHDRBS000009VS5489BTVUS470OH-G,14,2,0,0,2,2,21,-19,0,0.0,,fussball.de
2687,FC Olympia Bocholt II.,Niederrhein,Kreis Moers,7,Kreisliga A,Frauen Kreisliga A Gruppe 7 · Kreis Moers,031G0PR1MS000005VS5489BUVSJ4CRAP-G,13,2,0,0,2,2,22,-20,0,0.0,,fussball.de
2688,DKSV Helene Essen (9er),Niederrhein,Kreis Essen,7,Kreisliga A,Frauen-Kreisliga Gruppe 3 · Kreis Essen,031G0FMPS4000009VS5489BUVSJ4CRAP-G,14,2,0,0,2,0,20,-20,0,0.0,,fussball.de
2689,SSV Delrath,Niederrhein,Kreis Grevenbroich-Neuss,7,Kreisliga A,Frauen-Kreisliga Gruppe 6 · Kreis Grevenbroich-Neuss,031G0KED0C000007VS5489BUVSJ4CRAP-G,14,2,0,0,2,0,20,-20,0,0.0,,fussball.de
2690,SV Oberes Banfetal 9er,Westfalen,Kreis Siegen-Wittgenstein,7,Kreisliga A,Frauen Kreisliga A - SIWI · Kreis Siegen-Wittgenstein,031F18VB8O000004VS5489BTVUS470OH-G,9,1,0,0,1,0,10,-10,0,0.0,,fussball.de
2691,SV Viktoria Birten (9er),Niederrhein,Kreis Moers,7,Kreisliga A,Frauen Kreisliga A Gruppe 7 · Kreis Moers,031G0PR1MS000005VS5489BUVSJ4CRAP-G,14,2,0,0,2,0,20,-20,0,0.0,,fussball.de
2692,Vikt. Winnekendonk II. (9er),Niederrhein,Kreis Kempen-Krefeld,7,Kreisliga A,Frauen-Kreisliga Gruppe 5 · Kreis Kempen-Krefeld,031G0I78HK000000VS5489BUVSJ4CRAP-G,11,1,0,0,1,0,10,-10,0,0.0,,fussball.de
2693,TUS Gümmer,Niedersachsen,Kreis Region Hannover,7,Kreisliga,Frauen Kreisliga Staffel 1 · Kreis Region Hannover,03154LACGC00000AVS5489BUVSBBVPEU-G,8,2,0,0,2,0,21,-21,0,0.0,,fussball.de
2694,GW Eimsbüttel 4.Fr.,Hamburg,Kreisebene Hamburg,7,Kreisliga,FKL 01 · Kreisebene Hamburg,0314CF1BNG00000FVS5489BTVU7GTVLE-G,12,2,0,0,2,1,23,-22,0,0.0,,fussball.de
2695,ASC Nienburg (9er),Niedersachsen,Kreis Nienburg,7,Kreisliga,Frauen Kreisliga Nienburg,031EFISAMK000006VS5489BUVUR5FS5A-G,11,1,0,0,1,0,11,-11,0,0.0,,fussball.de
2696,TuS Dotzlar 9er,Westfalen,Kreis Siegen-Wittgenstein,7,Kreisliga A,Frauen Kreisliga A - SIWI · Kreis Siegen-Wittgenstein,031F18VB8O000004VS5489BTVUS470OH-G,10,1,0,0,1,0,11,-11,0,0.0,,fussball.de
2697,Bimöhler SV (9er),Schleswig-Holstein,Kreis Segeberg,7,Kreisklasse A,Frauen Kreisklasse A Süd · Kreis Segeberg,031M6KFOP4000003VS5489BTVSRD0UH9-G,10,2,0,0,2,0,24,-24,0,0.0,,fussball.de
2698,FC Blau Weiß Italia Oberhausen,Niederrhein,Kreis Oberhausen-Bottrop,7,Kreisliga A,Frauen-Kreisliga Gruppe 4 · Kreis Oberhausen-Bottrop,031G0GMSC0000008VS5489BUVSJ4CRAP-G,14,1,0,0,1,0,12,-12,0,0.0,,fussball.de
2699,SV Spexard,Westfalen,Kreis Beckum,7,Kreisliga A,Frauen Kreisliga A Beckum-Gütersloh,031AROBD8G000004VS5489BTVSK8S3O6-G,11,1,0,0,1,0,13,-13,0,0.0,,fussball.de
2700,SG Eintracht Gelsenkirchen 9er,Westfalen,Kreis Herne,7,Kreisliga A,Frauen Kreisliga  A HER/GE/RE · Kreis Herne,031DDHDRBS000009VS5489BTVUS470OH-G,15,2,0,0,2,2,30,-28,0,0.0,,fussball.de
2701,SV Oppum (9er),Niederrhein,Kreis Kempen-Krefeld,7,Kreisliga A,Frauen-Kreisliga Gruppe 5 · Kreis Kempen-Krefeld,031G0I78HK000000VS5489BUVSJ4CRAP-G,12,2,0,0,2,0,29,-29,0,0.0,,fussball.de
2702,SG Büderich/Menzelen,Niederrhein,Kreis Moers,7,Kreisliga A,Frauen Kreisliga A Gruppe 7 · Kreis Moers,031G0PR1MS000005VS5489BUVSJ4CRAP-G,12,1,0,0,1,0,15,-15,0,0.0,,fussball.de
2703,SV Biehla/Cunnersdorf,Sachsen,Kreis Westlausitz,7,1.Kreisliga (A),Kreisliga Westlausitz,031DCEHODS000004VS5489BUVUR5FS5A-G,15,1,0,0,1,0,15,-15,0,0.0,,fussball.de
2704,SV 21 Büren,Westfalen,Kreis Paderborn,7,Kreisliga A,Frauen Kreisliga A PB/DT/HX · Kreis Paderborn,031I8CLV30000004VS5489BTVSRD0UH9-G,14,1,0,0,1,0,17,-17,0,0.0,,fussball.de
2705,Rahlstedt 3.Fr.,Hamburg,Kreisebene Hamburg,7,Kreisliga,FKL 01 · Kreisebene Hamburg,0314CF1BNG00000FVS5489BTVU7GTVLE-G,13,1,0,0,1,0,22,-22,0,0.0,,fussball.de
2706,SpVg Berghofen,Westfalen,Kreis Dortmund,7,Kreisliga A,Kreisliga A - Dortmund / Hagen,031340MNQO000004VS5489BUVSBBVPEU-G,14,3,1,0,2,4,5,-1,-3,-1.0,,fussball.de
2707,SG Moitzfeld / Refrath / Altenberg,Mittelrhein,Kreis Berg,7,Kreisliga A,Kreisliga A · Kreis Berg,031FMBGCLK000004VS5489BTVUS470OH-G,14,2,0,1,1,1,2,-1,-2,-1.0,,fussball.de
2708,DJK SF Nette,Westfalen,Kreis Dortmund,7,Kreisliga A,Kreisliga A - Dortmund / Hagen,031340MNQO000004VS5489BUVSBBVPEU-G,15,2,0,0,2,1,10,-9,-3,-1.5,,fussball.de
2709,SG ATS Krefeld/SC Krefeld 05,Niederrhein,Kreis Kempen-Krefeld,7,Kreisliga A,Frauen-Kreisliga Gruppe 5 · Kreis Kempen-Krefeld,031G0I78HK000000VS5489BUVSJ4CRAP-G,14,2,0,0,2,0,42,-42,-3,-1.5,,fussball.de
2710,SV Niersia Neersen,Niederrhein,Kreis Kempen-Krefeld,7,Kreisliga A,Frauen-Kreisliga Gruppe 5 · Kreis Kempen-Krefeld,031G0I78HK000000VS5489BUVSJ4CRAP-G,13,1,0,0,1,0,1,-1,-3,-3.0,,fussball.de
2711,SG Halle/Hesseln (9er),Westfalen,Kreis Bielefeld,7,Kreisliga A,Kreisliga A · Kreis Bielefeld,03139CLFSK00000HVS5489BUVSBBVPEU-G,11,1,0,0,1,0,12,-12,-3,-3.0,,fussball.de
2712,SG Maaslingen/SVKT 07 Minden III 9er,Westfalen,Kreis Lemgo,8,Kreisliga B,Frauen Kreisliga B HF/LE/MI/LK · Kreis Lemgo,031DIO80CG000003VS5489BTVUS470OH-G,1,1,1,0,0,14,1,13,3,3.0,,fussball.de
2713,VfL Eintracht Hannover IV (7er),Niedersachsen,Kreis Region Hannover,8,1.Kreisklasse,Frauen Kreisklasse Staffel 2 · Kreis Region Hannover,031558T1QG00000BVS5489BTVU7GTVLE-G,1,2,2,0,0,23,2,21,6,3.0,,fussball.de
2714,SV Fortuna Langenau,Sachsen,Kreis Mittelsachsen,8,1.Kreisklasse,Frauen - Kreisklasse · Kreis Mittelsachsen,031HSR6J7O00000CVS5489BTVSRD0UH9-G,1,1,1,0,0,9,0,9,3,3.0,,fussball.de
2715,Lüner SV,Westfalen,Kreis Hagen,8,Kreisliga B,Frauen Kreisliga B DO/HA · Kreis Hagen,031LE19JQO00000DVS5489BTVSRD0UH9-G,6,2,2,0,0,20,3,17,6,3.0,,fussball.de
2716,FV Preußen Bonn,Mittelrhein,Kreis Bonn,8,Kreisliga B,Frauen Kreisliga B · Kreis Bonn,031BOK84K8000004VS5489BTVUS470OH-G,4,1,1,0,0,9,1,8,3,3.0,,fussball.de
2717,FT Braunschweig II,Niedersachsen,Kreis Braunschweig,8,1.Kreisklasse,Frauen  1.Kreisklasse Braunschweig Ost,031I5MMD28000000VS5489BTVSRD0UH9-G,1,2,2,0,0,16,1,15,6,3.0,,fussball.de
2718,SG Schleper/Lehrte (11er),Niedersachsen,Kreis Emsland,8,1.Kreisklasse,Frauen 1. KKL Ems-Vechte Mitte · Kreis Emsland,03155BU19K000002VS5489BUVSBBVPEU-G,2,3,3,0,0,28,6,22,9,3.0,,fussball.de
2719,(SG) SC Mörslingen/SV Donaualtheim,Bayern,Kreis Donau,8,Kreisliga,Frauen KL 04 · Kreis Donau,031BEATBIG000006VS5489BUVUR5FS5A-G,1,1,1,0,0,8,1,7,3,3.0,,fussball.de
2720,FFC Hüllhorst-Schnathorst,Westfalen,Kreis Lemgo,8,Kreisliga B,Frauen Kreisliga B HF/LE/MI/LK · Kreis Lemgo,031DIO80CG000003VS5489BTVUS470OH-G,2,1,1,0,0,8,1,7,3,3.0,,fussball.de
2721,SV Löhne-Obernbeck 9er,Westfalen,Kreis Lemgo,8,Kreisliga B,Frauen Kreisliga B HF/LE/MI/LK · Kreis Lemgo,031DIO80CG000003VS5489BTVUS470OH-G,3,1,1,0,0,8,1,7,3,3.0,,fussball.de
2722,TV Stemmen 9er,Niedersachsen,Kreis Rotenburg,8,1.Kreisklasse,Frauen Kreisklasse · Kreis Rotenburg,031B6CALUS000007VS5489BTVSK8S3O6-G,1,2,2,0,0,16,2,14,6,3.0,,fussball.de
2723,TSV Großenwörden 11er,Niedersachsen,Kreis Stade,8,1.Kreisklasse,Frauen 1. Kreisklasse Stade/Harburg Nord,0319JRKGTS00000AVS5489BUVV628VP4-G,3,1,1,0,0,7,0,7,3,3.0,,fussball.de
2724,SG Grafeld-Berge II 9er 2,Niedersachsen,Kreis Osnabrück,8,1.Kreisklasse,1. Kreisklasse Osnabrück Staffel A,0316EAOQ1G000004VS5489BUVSBBVPEU-G,4,1,1,0,0,7,1,6,3,3.0,,fussball.de
2725,VfL Güldenstern Stade II 9er/11er,Niedersachsen,Kreis Stade,8,1.Kreisklasse,Frauen 1. Kreisklasse Stade/Harburg Süd,0319RJP174000009VS5489BUVV628VP4-G,1,2,2,0,0,13,1,12,6,3.0,,fussball.de
2726,SpG Zobes/Pfaffengrün,Sachsen,Kreis Vogtland,8,1.Kreisklasse,Vogtlandklasse,031GL911FO000008VS5489BUVSJ4CRAP-G,1,2,2,0,0,12,0,12,6,3.0,,fussball.de
2727,TSV 08 Kulmbach,Bayern,Kreis Hof/Tirschenr./Wunsiedel,8,Kreisliga,Frauen KL Ost · Kreis Hof/Tirschenr./Wunsiedel,031DS4HJK4000005VS5489BUVUR5FS5A-G,3,1,1,0,0,6,0,6,3,3.0,,fussball.de
2728,TSV Engelmannsreuth,Bayern,Kreis Hof/Tirschenr./Wunsiedel,8,Kreisliga,Frauen KL Ost · Kreis Hof/Tirschenr./Wunsiedel,031DS4HJK4000005VS5489BUVUR5FS5A-G,1,2,2,0,0,12,0,12,6,3.0,,fussball.de
2729,SG Egelsbach II,Hessen,Region Frankfurt,8,A-Liga (Region),Kreisliga A FFM Gr. 2 · Region Frankfurt,031DO63PRO00000AVS5489BUVUR5FS5A-G,1,4,4,0,0,28,6,22,12,3.0,,fussball.de
2730,SG Deusen/Rahm 9er,Westfalen,Kreis Hagen,8,Kreisliga B,Frauen Kreisliga B DO/HA · Kreis Hagen,031LE19JQO00000DVS5489BTVSRD0UH9-G,1,3,3,0,0,18,3,15,9,3.0,,fussball.de
2731,SG Alfhausen/Hesepe-Sögeln/Rieste,Niedersachsen,Kreis Osnabrück,8,1.Kreisklasse,1. Kreisklasse Osnabrück Staffel A,0316EAOQ1G000004VS5489BUVSBBVPEU-G,2,2,2,0,0,11,1,10,6,3.0,,fussball.de
2732,(SG) 1.FC Viereth/SPVGG ROSSSTADT,Bayern,Kreis Bamberg/Bayreuth/Kulmb.,8,Kreisliga,Frauen KL Süd · Kreis Bamberg/Bayreuth/Kulmb.,031DS8RQ54000007VS5489BUVUR5FS5A-G,1,2,2,0,0,10,0,10,6,3.0,,fussball.de
2733,DJK Stappenbach,Bayern,Kreis Bamberg/Bayreuth/Kulmb.,8,Kreisliga,Frauen KL Süd · Kreis Bamberg/Bayreuth/Kulmb.,031DS8RQ54000007VS5489BUVUR5FS5A-G,4,1,1,0,0,5,0,5,3,3.0,,fussball.de
2734,FV Bonn-Endenich 1908 II,Mittelrhein,Kreis Bonn,8,Kreisliga B,Frauen Kreisliga B · Kreis Bonn,031BOK84K8000004VS5489BTVUS470OH-G,1,2,2,0,0,10,0,10,6,3.0,,fussball.de
2735,SV Adler Messingen 9er,Niedersachsen,Kreis Bentheim,8,1.Kreisklasse,1. Kreisklasse Ems/Vechte Süd · Kreis Bentheim,0317A162O8000004VS5489BUVSBBVPEU-G,3,2,2,0,0,10,0,10,6,3.0,,fussball.de
2736,VfL Schwerte 9er,Westfalen,Kreis Hagen,8,Kreisliga B,Frauen Kreisliga B DO/HA · Kreis Hagen,031LE19JQO00000DVS5489BTVSRD0UH9-G,2,3,3,0,0,21,7,14,9,3.0,,fussball.de
2737,SV Ems Westbevern,Westfalen,Kreis Münster,8,Kreisliga B,Frauen Kreisliga B · Kreis Münster,031HB9DJH0000006VS5489BTVVG7L386-G,2,2,2,0,0,14,5,9,6,3.0,,fussball.de
2738,LFC Olympia Braunschweig,Niedersachsen,Kreis Braunschweig,8,1.Kreisklasse,Frauen  1.Kreisklasse Braunschweig West,031I5OT5TO000005VS5489BTVSRD0UH9-G,1,2,2,0,0,11,2,9,6,3.0,,fussball.de
2739,TUS Lutten II 9er,Niedersachsen,Kreis Vechta,8,1.Kreisklasse,1.Kreisklasse VEC/CLP/OL-Land-DEL · Kreis Vechta,03187JUS9K000004VS5489BTVU7GTVLE-G,1,2,2,0,0,10,1,9,6,3.0,,fussball.de
2740,SV Eintracht Neulangen II (9er),Niedersachsen,Kreis Emsland,8,1.Kreisklasse,Frauen 1. KKL Ems-Vechte Nord · Kreis Emsland,03155BU134000006VS5489BUVSBBVPEU-G,1,4,4,0,0,22,5,17,12,3.0,,fussball.de
2741,Post SV Hannover (7er),Niedersachsen,Kreis Region Hannover,8,1.Kreisklasse,Frauen Kreisklasse Staffel 2 · Kreis Region Hannover,031558T1QG00000BVS5489BTVU7GTVLE-G,2,2,2,0,0,12,4,8,6,3.0,,fussball.de
2742,SG Schapen/Destedt/Cremlingen (5er),Niedersachsen,Kreis Nordharz,8,1.Kreisklasse,1.Kreisklasse · Kreis Nordharz,031EQ3GG5O000003VS5489BUVUR5FS5A-G,3,1,1,0,0,6,2,4,3,3.0,,fussball.de
2743,SC 06 Oberlind,Bayern,Kreis Coburg/Kronach/Lichtenf.,8,Kreisliga,Frauen KL Nord · Kreis Coburg/Kronach/Lichtenf.,031DRU7NNS000004VS5489BUVUR5FS5A-G,1,2,2,0,0,11,3,8,6,3.0,,fussball.de
2744,FC 1928 Augsburg Hochzoll,Bayern,Kreis Augsburg,8,Kreisliga,Frauen KL 02 · Kreis Augsburg,031BE9QCF4000006VS5489BUVUR5FS5A-G,1,1,1,0,0,5,1,4,3,3.0,,fussball.de
2745,FC Arminia Adersheim (7er),Niedersachsen,Kreis Nordharz,8,1.Kreisklasse,1.Kreisklasse · Kreis Nordharz,031EQ3GG5O000003VS5489BUVUR5FS5A-G,4,1,1,0,0,5,1,4,3,3.0,,fussball.de
2746,FC Talge 9er,Niedersachsen,Kreis Osnabrück,8,1.Kreisklasse,1. Kreisklasse Osnabrück Staffel A,0316EAOQ1G000004VS5489BUVSBBVPEU-G,3,2,2,0,0,10,2,8,6,3.0,,fussball.de
2747,TSV Oberlauter (flex),Bayern,Kreis Coburg/Kronach/Lichtenf.,8,Kreisliga,Frauen KL Nord · Kreis Coburg/Kronach/Lichtenf.,031DRU7NNS000004VS5489BUVUR5FS5A-G,3,1,1,0,0,5,1,4,3,3.0,,fussball.de
2748,SV Yurdumspor Lehrte (7er),Niedersachsen,Kreis Region Hannover,8,1.Kreisklasse,Frauen Kreisklasse Staffel 1 · Kreis Region Hannover,031558T1J400000BVS5489BTVU7GTVLE-G,4,2,2,0,0,9,1,8,6,3.0,,fussball.de
2749,(SG) BC Rinnenthal/SV Ottmaring,Bayern,Kreis Augsburg,8,Kreisliga,Frauen KL 02 · Kreis Augsburg,031BE9QCF4000006VS5489BUVUR5FS5A-G,2,1,1,0,0,4,0,4,3,3.0,,fussball.de
2750,1. FC Redwitz an der Rodach,Bayern,Kreis Coburg/Kronach/Lichtenf.,8,Kreisliga,Frauen KL Nord · Kreis Coburg/Kronach/Lichtenf.,031DRU7NNS000004VS5489BUVUR5FS5A-G,4,1,1,0,0,4,0,4,3,3.0,,fussball.de
2751,FC Loppenhausen 2,Bayern,Kreis Augsburg,8,Kreisliga,Frauen KL 03 · Kreis Augsburg,031BE9QCKS000006VS5489BUVUR5FS5A-G,1,1,1,0,0,4,0,4,3,3.0,,fussball.de
2752,FSV Reimlingen,Bayern,Kreis Donau,8,Kreisliga,Frauen KL 04 · Kreis Donau,031BEATBIG000006VS5489BUVUR5FS5A-G,2,1,1,0,0,4,0,4,3,3.0,,fussball.de
2753,SG Nordheide,Niedersachsen,Kreis Verden,8,1.Kreisklasse,Kreisklasse Verden/Osterholz,031CBUHLKK000004VS5489BTVUS470OH-G,4,1,1,0,0,4,0,4,3,3.0,,fussball.de
2754,SG Oppenwehe II/Stemwede 9er,Westfalen,Kreis Lemgo,8,Kreisliga B,Frauen Kreisliga B HF/LE/MI/LK · Kreis Lemgo,031DIO80CG000003VS5489BTVUS470OH-G,4,1,1,0,0,4,0,4,3,3.0,,fussball.de
2755,SSV Walberberg Damen I,Mittelrhein,Kreis Bonn,8,Kreisliga B,Frauen Kreisliga B · Kreis Bonn,031BOK84K8000004VS5489BTVUS470OH-G,5,1,1,0,0,4,0,4,3,3.0,,fussball.de
2756,SV Prittriching,Bayern,Kreis Augsburg,8,Kreisliga,Frauen KL 02 · Kreis Augsburg,031BE9QCF4000006VS5489BUVUR5FS5A-G,3,1,1,0,0,4,0,4,3,3.0,,fussball.de
2757,TSV Oettingen,Bayern,Kreis Donau,8,Kreisliga,Frauen KL 04 · Kreis Donau,031BEATBIG000006VS5489BUVUR5FS5A-G,3,1,1,0,0,4,0,4,3,3.0,,fussball.de
2758,WSV Wiedelah (7er),Niedersachsen,Kreis Nordharz,8,1.Kreisklasse,1.Kreisklasse · Kreis Nordharz,031EQ3GG5O000003VS5489BUVUR5FS5A-G,1,2,2,0,0,8,0,8,6,3.0,,fussball.de
2759,1.FC Ohmstede II,Niedersachsen,Kreis Jade-Weser-Hunte,8,1.Kreisklasse,Frauen 1. Kreisklasse Staffel 1 JWH QR · Kreis Jade-Weser-Hunte,031DNQ1D3C000003VS5489BTVUS470OH-G,1,3,3,0,0,15,4,11,9,3.0,,fussball.de
2760,BV Viktoria Kirchderne II,Westfalen,Kreis Hagen,8,Kreisliga B,Frauen Kreisliga B DO/HA · Kreis Hagen,031LE19JQO00000DVS5489BTVSRD0UH9-G,3,3,3,0,0,14,3,11,9,3.0,,fussball.de
2761,TSG Fußb. Herdecke (9er),Westfalen,Kreis Hagen,8,Kreisliga B,Frauen Kreisliga B DO/HA · Kreis Hagen,031LE19JQO00000DVS5489BTVSRD0UH9-G,4,3,3,0,0,13,2,11,9,3.0,,fussball.de
2762,SG Osterwick / Darfeld II,Westfalen,Kreis Ahaus-Coesfeld,8,Kreisliga B,Frauen Kreisliga B Ahaus-Coesfeld,031LOUIP78000000VS5489BTVSRD0UH9-G,1,3,3,0,0,12,1,11,9,3.0,,fussball.de
2763,St. Pauli 5.Fr. 7er,Hamburg,Kreisebene Hamburg,8,Sonderklasse,FSK 01 Herbst · Kreisebene Hamburg,0314CMEQSG00000DVS5489BTVU7GTVLE-G,1,3,3,0,0,12,2,10,9,3.0,,fussball.de
2764,SG Wohldenberg/ Ambergau,Niedersachsen,Kreis Hildesheim-Holzminden,8,1.Kreisklasse,1. Kreisklasse Hildesheim/Holzminden · Kreis Hildesheim-Holzminden,031D70KNI8000003VS5489BUVUR5FS5A-G,1,3,3,0,0,11,1,10,9,3.0,,fussball.de
2765,SpVgg Vreden II,Westfalen,Kreis Ahaus-Coesfeld,8,Kreisliga B,Frauen Kreisliga B Ahaus-Coesfeld,031LOUIP78000000VS5489BTVSRD0UH9-G,2,3,3,0,0,11,1,10,9,3.0,,fussball.de
2766,SG Everloh-Ditterke (7er),Niedersachsen,Kreis Region Hannover,8,1.Kreisklasse,Frauen Kreisklasse Staffel 1 · Kreis Region Hannover,031558T1J400000BVS5489BTVU7GTVLE-G,5,2,2,0,0,13,7,6,6,3.0,,fussball.de
2767,TSV 1888 Falkenau,Sachsen,Kreis Mittelsachsen,8,1.Kreisklasse,Frauen - Kreisklasse · Kreis Mittelsachsen,031HSR6J7O00000CVS5489BTVSRD0UH9-G,2,1,1,0,0,6,3,3,3,3.0,,fussball.de
2768,SG Bohmte/Ostercappeln/Schwagstorf II 9er,Niedersachsen,Kreis Osnabrück,8,1.Kreisklasse,1. Kreisklasse Osnabrück Staffel B,0316EAOQ8400000BVS5489BUVSBBVPEU-G,3,1,1,0,0,5,2,3,3,3.0,,fussball.de
2769,SG Scharmb.-Patt.-Ash. II 9er,Niedersachsen,Kreis Stade,8,1.Kreisklasse,Frauen 1. Kreisklasse Stade/Harburg Süd,0319RJP174000009VS5489BUVV628VP4-G,2,1,1,0,0,5,2,3,3,3.0,,fussball.de
2770,(SG) SV Grasheim/SV Waidhofen,Bayern,Kreis Augsburg,8,Kreisliga,Frauen KL 02 · Kreis Augsburg,031BE9QCF4000006VS5489BUVUR5FS5A-G,4,1,1,0,0,4,1,3,3,3.0,,fussball.de
2771,SC Blau- Weiß Ottmarsbocholt,Westfalen,Kreis Münster,8,Kreisliga B,Frauen Kreisliga B · Kreis Münster,031HB9DJH0000006VS5489BTVVG7L386-G,4,1,1,0,0,4,1,3,3,3.0,,fussball.de
2772,SV SW Merzbach 1933 e.V.,Mittelrhein,Kreis Bonn,8,Kreisliga B,Frauen Kreisliga B · Kreis Bonn,031BOK84K8000004VS5489BTVUS470OH-G,2,2,2,0,0,8,2,6,6,3.0,,fussball.de
2773,ATSV Scharmbeckstotel II,Niedersachsen,Kreis Verden,8,1.Kreisklasse,Kreisklasse Verden/Osterholz,031CBUHLKK000004VS5489BTVUS470OH-G,2,2,2,0,0,6,0,6,6,3.0,,fussball.de
2774,Farmsen 1.Fr. 7er,Hamburg,Kreisebene Hamburg,8,Sonderklasse,FSK 02 Herbst · Kreisebene Hamburg,0314CMER5400000FVS5489BTVU7GTVLE-G,3,2,2,0,0,6,0,6,6,3.0,,fussball.de
2775,SV Einheit Bräunsdorf,Sachsen,Kreis Mittelsachsen,8,1.Kreisklasse,Frauen - Kreisklasse · Kreis Mittelsachsen,031HSR6J7O00000CVS5489BTVSRD0UH9-G,3,1,1,0,0,3,0,3,3,3.0,,fussball.de
2776,TUS Tiste II,Niedersachsen,Kreis Rotenburg,8,1.Kreisklasse,Frauen Kreisklasse · Kreis Rotenburg,031B6CALUS000007VS5489BTVSK8S3O6-G,2,2,2,0,0,6,0,6,6,3.0,,fussball.de
2777,Reinbek 2.Fr. 7er,Hamburg,Kreisebene Hamburg,8,Sonderklasse,FSK 02 Herbst · Kreisebene Hamburg,0314CMER5400000FVS5489BTVU7GTVLE-G,1,3,3,0,0,8,0,8,9,3.0,,fussball.de
2778,SG Gretesch / OSC IV 9er,Niedersachsen,Kreis Osnabrück,8,1.Kreisklasse,1. Kreisklasse Osnabrück Staffel B,0316EAOQ8400000BVS5489BUVSBBVPEU-G,1,2,2,0,0,14,9,5,6,3.0,,fussball.de
2779,SV Fortuna Einen,Niedersachsen,Kreis Vechta,8,1.Kreisklasse,1.Kreisklasse VEC/CLP/OL-Land-DEL · Kreis Vechta,03187JUS9K000004VS5489BTVU7GTVLE-G,3,2,2,0,0,9,4,5,6,3.0,,fussball.de
2780,SG Leinepolder II,Niedersachsen,Kreis Northeim-Einbeck,8,1.Kreisklasse,1.Kreisklasse Staffel 1 · Kreis Northeim-Einbeck,031BO0GMJO000004VS5489BUVUR5FS5A-G,1,2,2,0,0,8,3,5,6,3.0,,fussball.de
2781,FC Othfresen (7er),Niedersachsen,Kreis Nordharz,8,1.Kreisklasse,1.Kreisklasse · Kreis Nordharz,031EQ3GG5O000003VS5489BUVUR5FS5A-G,2,2,2,0,0,6,1,5,6,3.0,,fussball.de
2782,SC V. M. 3.Fr. 7er,Hamburg,Kreisebene Hamburg,8,Sonderklasse,FSK 02 Herbst · Kreisebene Hamburg,0314CMER5400000FVS5489BTVU7GTVLE-G,4,2,2,0,0,6,1,5,6,3.0,,fussball.de
2783,SG Schwei-Seefeld-Rönnelmoor,Niedersachsen,Kreis Jade-Weser-Hunte,8,1.Kreisklasse,Frauen 1. Kreisklasse Staffel 1 JWH QR · Kreis Jade-Weser-Hunte,031DNQ1D3C000003VS5489BTVUS470OH-G,2,3,3,0,0,9,2,7,9,3.0,,fussball.de
2784,Harksheide 2.Fr. 7er,Hamburg,Kreisebene Hamburg,8,Sonderklasse,FSK 01 Herbst · Kreisebene Hamburg,0314CMEQSG00000DVS5489BTVU7GTVLE-G,2,3,3,0,0,8,1,7,9,3.0,,fussball.de
2785,VfL Wildenfels,Sachsen,Kreis Vogtland,8,1.Kreisklasse,Vogtlandklasse,031GL911FO000008VS5489BUVSJ4CRAP-G,3,1,1,0,0,5,3,2,3,3.0,,fussball.de
2786,Lions Sports-Club Bonn,Mittelrhein,Kreis Bonn,8,Kreisliga B,Frauen Kreisliga B · Kreis Bonn,031BOK84K8000004VS5489BTVUS470OH-G,6,1,1,0,0,4,2,2,3,3.0,,fussball.de
2787,FC Oste/Oldendorf III 9er/11er,Niedersachsen,Kreis Stade,8,1.Kreisklasse,Frauen 1. Kreisklasse Stade/Harburg Nord,0319JRKGTS00000AVS5489BUVV628VP4-G,2,2,2,0,0,6,2,4,6,3.0,,fussball.de
2788,SG Rulle/Haste II,Niedersachsen,Kreis Osnabrück,8,1.Kreisklasse,1. Kreisklasse Osnabrück Staffel B,0316EAOQ8400000BVS5489BUVSBBVPEU-G,4,1,1,0,0,3,1,2,3,3.0,,fussball.de
2789,SV Kirchberg i. W. 2,Bayern,Kreis Niederbayern Ost,8,Kreisliga,Frauen KL Ost · Kreis Niederbayern Ost,0319TE344C000006VS5489BTVSK8S3O6-G,1,1,1,0,0,3,1,2,3,3.0,,fussball.de
2790,SV Reitsch II (flex),Bayern,Kreis Coburg/Kronach/Lichtenf.,8,Kreisliga,Frauen KL Nord · Kreis Coburg/Kronach/Lichtenf.,031DRU7NNS000004VS5489BUVUR5FS5A-G,6,1,1,0,0,3,1,2,3,3.0,,fussball.de
2791,SV Wahnebergen,Niedersachsen,Kreis Verden,8,1.Kreisklasse,Kreisklasse Verden/Osterholz,031CBUHLKK000004VS5489BTVUS470OH-G,5,1,1,0,0,3,1,2,3,3.0,,fussball.de
2792,TSV Eintracht Essinghausen,Niedersachsen,Kreis Braunschweig,8,1.Kreisklasse,Frauen  1.Kreisklasse Braunschweig West,031I5OT5TO000005VS5489BTVSRD0UH9-G,3,1,1,0,0,3,1,2,3,3.0,,fussball.de
2793,SC Westfalia Kinderhaus II,Westfalen,Kreis Münster,8,Kreisliga B,Frauen Kreisliga B · Kreis Münster,031HB9DJH0000006VS5489BTVVG7L386-G,1,3,3,0,0,8,2,6,9,3.0,,fussball.de
2794,BW Westervesede 9er,Niedersachsen,Kreis Rotenburg,8,1.Kreisklasse,Frauen Kreisklasse · Kreis Rotenburg,031B6CALUS000007VS5489BTVSK8S3O6-G,5,1,1,0,0,2,0,2,3,3.0,,fussball.de
2795,SC Enger 13/53 III 9er,Westfalen,Kreis Lemgo,8,Kreisliga B,Frauen Kreisliga B HF/LE/MI/LK · Kreis Lemgo,031DIO80CG000003VS5489BTVUS470OH-G,5,1,1,0,0,2,0,2,3,3.0,,fussball.de
2796,SV Esbeck,Niedersachsen,Kreis Braunschweig,8,1.Kreisklasse,Frauen  1.Kreisklasse Braunschweig Ost,031I5MMD28000000VS5489BTVSRD0UH9-G,2,1,1,0,0,2,0,2,3,3.0,,fussball.de
2797,SpG Dittersbach/Hainichen,Sachsen,Kreis Mittelsachsen,8,1.Kreisklasse,Frauen - Kreisklasse · Kreis Mittelsachsen,031HSR6J7O00000CVS5489BTVSRD0UH9-G,4,1,1,0,0,2,0,2,3,3.0,,fussball.de
2798,VfB Oberndorf,Bayern,Kreis Donau,8,Kreisliga,Frauen KL 04 · Kreis Donau,031BEATBIG000006VS5489BUVUR5FS5A-G,4,1,1,0,0,2,0,2,3,3.0,,fussball.de
2799,RSV Borken,Westfalen,Kreis Ahaus-Coesfeld,8,Kreisliga B,Frauen Kreisliga B Ahaus-Coesfeld,031LOUIP78000000VS5489BTVSRD0UH9-G,3,3,3,0,0,6,1,5,9,3.0,,fussball.de
2800,SF Merfeld,Westfalen,Kreis Ahaus-Coesfeld,8,Kreisliga B,Frauen Kreisliga B Ahaus-Coesfeld,031LOUIP78000000VS5489BTVSRD0UH9-G,4,3,3,0,0,5,0,5,9,3.0,,fussball.de
2801,(SG) SV Böhen/ TSV Ottobeuren 2,Bayern,Kreis Allgäu,8,Kreisliga,Frauen KL 01 · Kreis Allgäu,031BE90RT8000005VS5489BUVUR5FS5A-G,1,1,1,0,0,6,5,1,3,3.0,,fussball.de
2802,SG Freiburg/Oederquart 11er,Niedersachsen,Kreis Stade,8,1.Kreisklasse,Frauen 1. Kreisklasse Stade/Harburg Nord,0319JRKGTS00000AVS5489BUVV628VP4-G,4,1,1,0,0,4,3,1,3,3.0,,fussball.de
2803,Alsterbrüder 1.Fr. 7er,Hamburg,Kreisebene Hamburg,8,Sonderklasse,FSK 01 Herbst · Kreisebene Hamburg,0314CMEQSG00000DVS5489BTVU7GTVLE-G,4,1,1,0,0,3,2,1,3,3.0,,fussball.de
2804,Ebersbrunner SV,Sachsen,Kreis Vogtland,8,1.Kreisklasse,Vogtlandklasse,031GL911FO000008VS5489BUVSJ4CRAP-G,4,1,1,0,0,3,2,1,3,3.0,,fussball.de
2805,SG Wiking 03 Offenbach 2,Hessen,Region Frankfurt,8,A-Liga (Region),Kreisliga A FFM Gr. 2 · Region Frankfurt,031DO63PRO00000AVS5489BUVUR5FS5A-G,6,1,1,0,0,3,2,1,3,3.0,,fussball.de
2806,(SG) SV Freihalden/TSV Dinkelscherben/TSV Zusmarshausen 1,Bayern,Kreis Augsburg,8,Kreisliga,Frauen KL 03 · Kreis Augsburg,031BE9QCKS000006VS5489BUVUR5FS5A-G,2,1,1,0,0,2,1,1,3,3.0,,fussball.de
2807,SG Bevern/Essen 9er,Niedersachsen,Kreis Vechta,8,1.Kreisklasse,1.Kreisklasse VEC/CLP/OL-Land-DEL · Kreis Vechta,03187JUS9K000004VS5489BTVU7GTVLE-G,4,1,1,0,0,2,1,1,3,3.0,,fussball.de
2808,SG Ildehausen/Kirchberg Damen (7er),Niedersachsen,Kreis Nordharz,8,1.Kreisklasse,1.Kreisklasse · Kreis Nordharz,031EQ3GG5O000003VS5489BUVUR5FS5A-G,6,1,1,0,0,2,1,1,3,3.0,,fussball.de
2809,SG Niederursel II/Eschersheim/SC Riedberg,Hessen,Region Frankfurt,8,A-Liga (Region),Kreisliga A FFM Gr. 1 · Region Frankfurt,031DO63Q5C00000AVS5489BUVUR5FS5A-G,4,1,1,0,0,2,1,1,3,3.0,,fussball.de
2810,ATG Tröstau,Bayern,Kreis Hof/Tirschenr./Wunsiedel,8,Kreisliga,Frauen KL Ost · Kreis Hof/Tirschenr./Wunsiedel,031DS4HJK4000005VS5489BUVUR5FS5A-G,4,1,1,0,0,1,0,1,3,3.0,,fussball.de
2811,SG Uelsen/Neuenhaus II 9er,Niedersachsen,Kreis Bentheim,8,1.Kreisklasse,1. Kreisklasse Ems/Vechte Süd · Kreis Bentheim,0317A162O8000004VS5489BUVSBBVPEU-G,6,1,1,0,0,1,0,1,3,3.0,,fussball.de
2812,SSV Plockhorst 2,Niedersachsen,Kreis Braunschweig,8,1.Kreisklasse,Frauen  1.Kreisklasse Braunschweig West,031I5OT5TO000005VS5489BTVSRD0UH9-G,4,1,1,0,0,1,0,1,3,3.0,,fussball.de
2813,TSV Bassen 9er,Niedersachsen,Kreis Verden,8,1.Kreisklasse,Kreisklasse Verden/Osterholz,031CBUHLKK000004VS5489BTVUS470OH-G,1,3,2,1,0,12,0,12,7,2.33,,fussball.de
2814,Türk Gücü Hanau,Hessen,Region Frankfurt,8,A-Liga (Region),Kreisliga A FFM Gr. 2 · Region Frankfurt,031DO63PRO00000AVS5489BUVUR5FS5A-G,2,3,2,1,0,10,1,9,7,2.33,,fussball.de
2815,FSG Neuharlingersiel/Carolinensiel/Esens,Niedersachsen,Kreis Ostfriesland,8,1.Kreisklasse,"Ostfrieslandklasse A, Staffel A",031CO536QG000004VS5489BUVUR5FS5A-G,1,3,2,1,0,10,4,6,7,2.33,,fussball.de
2816,SV Wilkenburg (7er),Niedersachsen,Kreis Region Hannover,8,1.Kreisklasse,Frauen Kreisklasse Staffel 3 · Kreis Region Hannover,0317CS3NJS000004VS5489BUVSBBVPEU-G,1,3,2,1,0,7,1,6,7,2.33,,fussball.de
2817,SV Eintracht Oldenburg II,Niedersachsen,Kreis Jade-Weser-Hunte,8,1.Kreisklasse,Frauen 1. Kreisklasse Staffel 2 JWH QR · Kreis Jade-Weser-Hunte,031DNQ83I0000004VS5489BTVUS470OH-G,1,3,2,1,0,11,6,5,7,2.33,,fussball.de
2818,Rahlstedt 4.Fr. 7er,Hamburg,Kreisebene Hamburg,8,Sonderklasse,FSK 02 Herbst · Kreisebene Hamburg,0314CMER5400000FVS5489BTVU7GTVLE-G,2,3,2,1,0,5,0,5,7,2.33,,fussball.de
2819,SG Wesertal (7er),Niedersachsen,Kreis Hildesheim-Holzminden,8,1.Kreisklasse,1. Kreisklasse Hildesheim/Holzminden · Kreis Hildesheim-Holzminden,031D70KNI8000003VS5489BUVUR5FS5A-G,3,3,2,1,0,8,4,4,7,2.33,,fussball.de
2820,SG Holthausen Biene / Altenlingen 9er,Niedersachsen,Kreis Bentheim,8,1.Kreisklasse,1. Kreisklasse Ems/Vechte Süd · Kreis Bentheim,0317A162O8000004VS5489BUVSBBVPEU-G,1,4,3,0,1,20,2,18,9,2.25,,fussball.de
2821,SG Renkenberge/Wippingen/Neubörger (9er),Niedersachsen,Kreis Emsland,8,1.Kreisklasse,Frauen 1. KKL Ems-Vechte Nord · Kreis Emsland,03155BU134000006VS5489BUVSBBVPEU-G,2,4,3,0,1,19,2,17,9,2.25,,fussball.de
2822,SV DJK Tinnen (9er),Niedersachsen,Kreis Emsland,8,1.Kreisklasse,Frauen 1. KKL Ems-Vechte Mitte · Kreis Emsland,03155BU19K000002VS5489BUVSBBVPEU-G,3,4,3,0,1,16,5,11,9,2.25,,fussball.de
2823,SV Polle (11er),Niedersachsen,Kreis Emsland,8,1.Kreisklasse,Frauen 1. KKL Ems-Vechte Mitte · Kreis Emsland,03155BU19K000002VS5489BUVSBBVPEU-G,1,6,4,1,1,8,4,4,13,2.17,,fussball.de
2824,SV Frielingen (7er),Niedersachsen,Kreis Region Hannover,8,1.Kreisklasse,Frauen Kreisklasse Staffel 1 · Kreis Region Hannover,031558T1J400000BVS5489BTVU7GTVLE-G,1,3,2,0,1,30,5,25,6,2.0,,fussball.de
2825,SG Alfhausen/Hesepe-Sögeln/Rieste II 9er,Niedersachsen,Kreis Osnabrück,8,1.Kreisklasse,1. Kreisklasse Osnabrück Staffel A,0316EAOQ1G000004VS5489BUVSBBVPEU-G,1,3,2,0,1,25,7,18,6,2.0,,fussball.de
2826,TuS Eichlinghofen II,Westfalen,Kreis Hagen,8,Kreisliga B,Frauen Kreisliga B DO/HA · Kreis Hagen,031LE19JQO00000DVS5489BTVSRD0UH9-G,5,3,2,0,1,20,2,18,6,2.0,,fussball.de
2827,SV Westrich II,Westfalen,Kreis Hagen,8,Kreisliga B,Frauen Kreisliga B DO/HA · Kreis Hagen,031LE19JQO00000DVS5489BTVSRD0UH9-G,7,3,2,0,1,20,6,14,6,2.0,,fussball.de
2828,SV Wachtberg,Mittelrhein,Kreis Bonn,8,Kreisliga B,Frauen Kreisliga B · Kreis Bonn,031BOK84K8000004VS5489BTVUS470OH-G,3,2,1,1,0,9,1,8,4,2.0,,fussball.de
2829,Spvgg. Ffm-Oberrad II,Hessen,Region Frankfurt,8,A-Liga (Region),Kreisliga A FFM Gr. 2 · Region Frankfurt,031DO63PRO00000AVS5489BUVUR5FS5A-G,3,3,2,0,1,16,5,11,6,2.0,,fussball.de
2830,FC SW Silschede II,Westfalen,Kreis Hagen,8,Kreisliga B,Frauen Kreisliga B DO/HA · Kreis Hagen,031LE19JQO00000DVS5489BTVSRD0UH9-G,8,3,2,0,1,16,6,10,6,2.0,,fussball.de
2831,TSV Limmer III (7er),Niedersachsen,Kreis Region Hannover,8,1.Kreisklasse,Frauen Kreisklasse Staffel 1 · Kreis Region Hannover,031558T1J400000BVS5489BTVU7GTVLE-G,2,3,2,0,1,12,3,9,6,2.0,,fussball.de
2832,TSV Stelingen (7er),Niedersachsen,Kreis Region Hannover,8,1.Kreisklasse,Frauen Kreisklasse Staffel 1 · Kreis Region Hannover,031558T1J400000BVS5489BTVU7GTVLE-G,3,3,2,0,1,12,3,9,6,2.0,,fussball.de
2833,SG Wettrup/Lengerich-Handrup (11er),Niedersachsen,Kreis Emsland,8,1.Kreisklasse,Frauen 1. KKL Ems-Vechte Mitte · Kreis Emsland,03155BU19K000002VS5489BUVSBBVPEU-G,6,2,1,1,0,6,1,5,4,2.0,,fussball.de
2834,Billstedt-Horn 1.Fr. 7er,Hamburg,Kreisebene Hamburg,8,Sonderklasse,FSK 02 Herbst · Kreisebene Hamburg,0314CMER5400000FVS5489BTVU7GTVLE-G,5,2,1,1,0,5,0,5,4,2.0,,fussball.de
2835,SG Brögbern/Bawinkel/Clusorth-Bramhar (9er),Niedersachsen,Kreis Emsland,8,1.Kreisklasse,Frauen 1. KKL Ems-Vechte Mitte · Kreis Emsland,03155BU19K000002VS5489BUVSBBVPEU-G,4,3,2,0,1,13,6,7,6,2.0,,fussball.de
2836,FSG Saterland,Niedersachsen,Kreis Vechta,8,1.Kreisklasse,1.Kreisklasse VEC/CLP/OL-Land-DEL · Kreis Vechta,03187JUS9K000004VS5489BTVU7GTVLE-G,2,3,2,0,1,12,5,7,6,2.0,,fussball.de
2837,TB Twixlum e.V. 2,Niedersachsen,Kreis Ostfriesland,8,1.Kreisklasse,"Ostfrieslandklasse A, Staffel A",031CO536QG000004VS5489BUVUR5FS5A-G,2,3,2,0,1,10,3,7,6,2.0,,fussball.de
2838,Rugenbergen 1.Fr. 7er,Hamburg,Kreisebene Hamburg,8,Sonderklasse,FSK 01 Herbst · Kreisebene Hamburg,0314CMEQSG00000DVS5489BTVU7GTVLE-G,3,3,2,0,1,9,2,7,6,2.0,,fussball.de
2839,SV Stikelkamp,Niedersachsen,Kreis Ostfriesland,8,1.Kreisklasse,"Ostfrieslandklasse A, Staffel B",031CO5750C000004VS5489BUVUR5FS5A-G,2,2,1,1,0,10,6,4,4,2.0,,fussball.de
2840,TSV Ostrhauderfehn,Niedersachsen,Kreis Ostfriesland,8,1.Kreisklasse,"Ostfrieslandklasse A, Staffel B",031CO5750C000004VS5489BUVUR5FS5A-G,3,2,1,1,0,7,4,3,4,2.0,,fussball.de
2841,(SG) SpVgg Döbra/FC Konradsreuth/ATS Selbitz,Bayern,Kreis Hof/Tirschenr./Wunsiedel,8,Kreisliga,Frauen KL Ost · Kreis Hof/Tirschenr./Wunsiedel,031DS4HJK4000005VS5489BUVUR5FS5A-G,2,2,1,1,0,4,1,3,4,2.0,,fussball.de
2842,DJK Teuchatz II,Bayern,Kreis Bamberg/Bayreuth/Kulmb.,8,Kreisliga,Frauen KL Süd · Kreis Bamberg/Bayreuth/Kulmb.,031DS8RQ54000007VS5489BUVUR5FS5A-G,2,2,1,1,0,4,1,3,4,2.0,,fussball.de
2843,SpG Erlbach / Eichigt,Sachsen,Kreis Vogtland,8,1.Kreisklasse,Vogtlandklasse,031GL911FO000008VS5489BUVSJ4CRAP-G,2,2,1,1,0,4,1,3,4,2.0,,fussball.de
2844,SUSV Heinbockel 9er/11er,Niedersachsen,Kreis Stade,8,1.Kreisklasse,Frauen 1. Kreisklasse Stade/Harburg Nord,0319JRKGTS00000AVS5489BUVV628VP4-G,1,3,2,0,1,11,7,4,6,2.0,,fussball.de
2845,FC Ummel II 9er,Niedersachsen,Kreis Rotenburg,8,1.Kreisklasse,Frauen Kreisklasse · Kreis Rotenburg,031B6CALUS000007VS5489BTVSK8S3O6-G,3,3,2,0,1,7,3,4,6,2.0,,fussball.de
2846,SV Herbrum (9er),Niedersachsen,Kreis Emsland,8,1.Kreisklasse,Frauen 1. KKL Ems-Vechte Nord · Kreis Emsland,03155BU134000006VS5489BUVSBBVPEU-G,3,4,2,2,0,12,7,5,8,2.0,,fussball.de
2847,VfL Fortuna Veenhusen,Niedersachsen,Kreis Ostfriesland,8,1.Kreisklasse,"Ostfrieslandklasse A, Staffel B",031CO5750C000004VS5489BUVUR5FS5A-G,4,2,1,1,0,4,2,2,4,2.0,,fussball.de
2848,Sp.Vg Eicha II (flex),Bayern,Kreis Coburg/Kronach/Lichtenf.,8,Kreisliga,Frauen KL Nord · Kreis Coburg/Kronach/Lichtenf.,031DRU7NNS000004VS5489BUVUR5FS5A-G,2,2,1,1,0,3,1,2,4,2.0,,fussball.de
2849,1. FFV´97 Oberursel II,Hessen,Region Frankfurt,8,A-Liga (Region),Kreisliga A FFM Gr. 1 · Region Frankfurt,031DO63Q5C00000AVS5489BUVUR5FS5A-G,1,3,2,0,1,5,3,2,6,2.0,,fussball.de
2850,TuS Eversten II,Niedersachsen,Kreis Jade-Weser-Hunte,8,1.Kreisklasse,Frauen 1. Kreisklasse Staffel 2 JWH QR · Kreis Jade-Weser-Hunte,031DNQ83I0000004VS5489BTVUS470OH-G,2,2,1,1,0,5,4,1,4,2.0,,fussball.de
2851,Post-SV 1928 Bamberg,Bayern,Kreis Bamberg/Bayreuth/Kulmb.,8,Kreisliga,Frauen KL Süd · Kreis Bamberg/Bayreuth/Kulmb.,031DS8RQ54000007VS5489BUVUR5FS5A-G,3,2,1,1,0,2,1,1,4,2.0,,fussball.de
2852,TUS Marathon (9er),Niedersachsen,Kreis Region Hannover,8,1.Kreisklasse,Frauen Kreisklasse Staffel 3 · Kreis Region Hannover,0317CS3NJS000004VS5489BUVSBBVPEU-G,2,3,2,0,1,13,12,1,6,2.0,,fussball.de
2853,TSV Neu St. Jürgen II,Niedersachsen,Kreis Verden,8,1.Kreisklasse,Kreisklasse Verden/Osterholz,031CBUHLKK000004VS5489BTVUS470OH-G,3,3,2,0,1,5,4,1,6,2.0,,fussball.de
2854,MTV Groß Buchholz (9er),Niedersachsen,Kreis Region Hannover,8,1.Kreisklasse,Frauen Kreisklasse Staffel 3 · Kreis Region Hannover,0317CS3NJS000004VS5489BUVSBBVPEU-G,3,3,2,0,1,8,9,-1,6,2.0,,fussball.de
2855,SG Lütgendortmund,Westfalen,Kreis Hagen,8,Kreisliga B,Frauen Kreisliga B DO/HA · Kreis Hagen,031LE19JQO00000DVS5489BTVSRD0UH9-G,9,3,2,0,1,7,11,-4,6,2.0,,fussball.de
2856,SSV Förste 2,Niedersachsen,Kreis Hildesheim-Holzminden,8,1.Kreisklasse,1. Kreisklasse Hildesheim/Holzminden · Kreis Hildesheim-Holzminden,031D70KNI8000003VS5489BUVUR5FS5A-G,2,4,2,1,1,21,3,18,7,1.75,,fussball.de
2857,DJK Eintracht Papenburg (11er),Niedersachsen,Kreis Emsland,8,1.Kreisklasse,Frauen 1. KKL Ems-Vechte Nord · Kreis Emsland,03155BU134000006VS5489BUVSBBVPEU-G,4,4,2,1,1,9,4,5,7,1.75,,fussball.de
2858,SV Rot-Weiß Lage II,Niedersachsen,Kreis Bentheim,8,1.Kreisklasse,1. Kreisklasse Ems/Vechte Süd · Kreis Bentheim,0317A162O8000004VS5489BUVSBBVPEU-G,2,4,2,1,1,5,10,-5,7,1.75,,fussball.de
2859,SV Grossefehn,Niedersachsen,Kreis Ostfriesland,8,1.Kreisklasse,"Ostfrieslandklasse A, Staffel B",031CO5750C000004VS5489BUVUR5FS5A-G,1,3,1,2,0,9,5,4,5,1.67,,fussball.de
2860,SpVg Aurich U20,Niedersachsen,Kreis Ostfriesland,8,1.Kreisklasse,"Ostfrieslandklasse A, Staffel A",031CO536QG000004VS5489BUVUR5FS5A-G,3,3,1,2,0,7,3,4,5,1.67,,fussball.de
2861,SV 06 Holzminden (7er),Niedersachsen,Kreis Hildesheim-Holzminden,8,1.Kreisklasse,1. Kreisklasse Hildesheim/Holzminden · Kreis Hildesheim-Holzminden,031D70KNI8000003VS5489BUVUR5FS5A-G,5,3,1,2,0,5,2,3,5,1.67,,fussball.de
2862,SC Spelle-Venhaus/Varenode II 9er,Niedersachsen,Kreis Bentheim,8,1.Kreisklasse,1. Kreisklasse Ems/Vechte Süd · Kreis Bentheim,0317A162O8000004VS5489BUVSBBVPEU-G,4,3,1,2,0,3,2,1,5,1.67,,fussball.de
2863,SV Seulberg,Hessen,Region Frankfurt,8,A-Liga (Region),Kreisliga A FFM Gr. 1 · Region Frankfurt,031DO63Q5C00000AVS5489BUVUR5FS5A-G,3,2,1,0,1,8,2,6,3,1.5,,fussball.de
2864,FSG Lathen/Fresenburg (9er),Niedersachsen,Kreis Emsland,8,1.Kreisklasse,Frauen 1. KKL Ems-Vechte Mitte · Kreis Emsland,03155BU19K000002VS5489BUVSBBVPEU-G,7,2,1,0,1,7,3,4,3,1.5,,fussball.de
2865,SG Borgloh/Kl. Oesede/Hankenberge-Wellendorf,Niedersachsen,Kreis Osnabrück,8,1.Kreisklasse,1. Kreisklasse Osnabrück Staffel B,0316EAOQ8400000BVS5489BUVSBBVPEU-G,2,2,1,0,1,9,6,3,3,1.5,,fussball.de
2866,SG SW Oldenburg II,Niedersachsen,Kreis Jade-Weser-Hunte,8,1.Kreisklasse,Frauen 1. Kreisklasse Staffel 1 JWH QR · Kreis Jade-Weser-Hunte,031DNQ1D3C000003VS5489BTVUS470OH-G,3,2,1,0,1,8,5,3,3,1.5,,fussball.de
2867,VfB 1923 Einberg,Bayern,Kreis Coburg/Kronach/Lichtenf.,8,Kreisliga,Frauen KL Nord · Kreis Coburg/Kronach/Lichtenf.,031DRU7NNS000004VS5489BUVUR5FS5A-G,5,2,1,0,1,6,3,3,3,1.5,,fussball.de
2868,SC HarzTor II,Niedersachsen,Kreis Northeim-Einbeck,8,1.Kreisklasse,1.Kreisklasse Staffel 1 · Kreis Northeim-Einbeck,031BO0GMJO000004VS5489BUVUR5FS5A-G,2,2,1,0,1,5,2,3,3,1.5,,fussball.de
2869,SC Kemmern,Bayern,Kreis Bamberg/Bayreuth/Kulmb.,8,Kreisliga,Frauen KL Süd · Kreis Bamberg/Bayreuth/Kulmb.,031DS8RQ54000007VS5489BUVUR5FS5A-G,5,2,1,0,1,5,2,3,3,1.5,,fussball.de
2870,Eintracht Höhbernsee 2,Niedersachsen,Kreis Northeim-Einbeck,8,1.Kreisklasse,1.Kreisklasse Staffel 1 · Kreis Northeim-Einbeck,031BO0GMJO000004VS5489BUVUR5FS5A-G,3,2,1,0,1,8,6,2,3,1.5,,fussball.de
2871,FC Pf. Broistedt III,Niedersachsen,Kreis Braunschweig,8,1.Kreisklasse,Frauen  1.Kreisklasse Braunschweig West,031I5OT5TO000005VS5489BTVSRD0UH9-G,2,2,1,0,1,6,4,2,3,1.5,,fussball.de
2872,SG Bornheim/GW III,Hessen,Region Frankfurt,8,A-Liga (Region),Kreisliga A FFM Gr. 2 · Region Frankfurt,031DO63PRO00000AVS5489BUVUR5FS5A-G,5,2,1,0,1,6,4,2,3,1.5,,fussball.de
2873,SG Holtwick / Legden II,Westfalen,Kreis Ahaus-Coesfeld,8,Kreisliga B,Frauen Kreisliga B Ahaus-Coesfeld,031LOUIP78000000VS5489BTVSRD0UH9-G,5,2,1,0,1,6,4,2,3,1.5,,fussball.de
2874,SG DJK Schlichthorst/SG Voltlage,Niedersachsen,Kreis Osnabrück,8,1.Kreisklasse,1. Kreisklasse Osnabrück Staffel A,0316EAOQ1G000004VS5489BUVSBBVPEU-G,5,2,1,0,1,5,3,2,3,1.5,,fussball.de
2875,SC 18 Harlingerode (7er),Niedersachsen,Kreis Nordharz,8,1.Kreisklasse,1.Kreisklasse · Kreis Nordharz,031EQ3GG5O000003VS5489BUVUR5FS5A-G,5,2,1,0,1,4,2,2,3,1.5,,fussball.de
2876,BSV Ostbevern II,Westfalen,Kreis Münster,8,Kreisliga B,Frauen Kreisliga B · Kreis Münster,031HB9DJH0000006VS5489BTVVG7L386-G,5,2,1,0,1,5,4,1,3,1.5,,fussball.de
2877,SVNA 1.Fr. 7er,Hamburg,Kreisebene Hamburg,8,Sonderklasse,FSK 02 Herbst · Kreisebene Hamburg,0314CMER5400000FVS5489BTVU7GTVLE-G,6,2,1,0,1,4,3,1,3,1.5,,fussball.de
2878,SG OSC/Gretesch III,Niedersachsen,Kreis Osnabrück,8,1.Kreisklasse,1. Kreisklasse Osnabrück Staffel B,0316EAOQ8400000BVS5489BUVSBBVPEU-G,5,2,1,0,1,8,8,0,3,1.5,,fussball.de
2879,SG Telgte/Handorf,Westfalen,Kreis Münster,8,Kreisliga B,Frauen Kreisliga B · Kreis Münster,031HB9DJH0000006VS5489BTVVG7L386-G,6,2,1,0,1,5,5,0,3,1.5,,fussball.de
2880,Glashütte 1.Fr. 7er,Hamburg,Kreisebene Hamburg,8,Sonderklasse,FSK 01 Herbst · Kreisebene Hamburg,0314CMEQSG00000DVS5489BTVU7GTVLE-G,5,2,1,0,1,3,3,0,3,1.5,,fussball.de
2881,FC Marbeck 58 II,Westfalen,Kreis Ahaus-Coesfeld,8,Kreisliga B,Frauen Kreisliga B Ahaus-Coesfeld,031LOUIP78000000VS5489BTVSRD0UH9-G,6,2,1,0,1,2,2,0,3,1.5,,fussball.de
2882,SV Walsdorf,Bayern,Kreis Bamberg/Bayreuth/Kulmb.,8,Kreisliga,Frauen KL Süd · Kreis Bamberg/Bayreuth/Kulmb.,031DS8RQ54000007VS5489BUVUR5FS5A-G,6,2,1,0,1,2,2,0,3,1.5,,fussball.de
2883,SV Freden,Niedersachsen,Kreis Hildesheim-Holzminden,8,1.Kreisklasse,1. Kreisklasse Hildesheim/Holzminden · Kreis Hildesheim-Holzminden,031D70KNI8000003VS5489BUVUR5FS5A-G,4,4,2,0,2,3,3,0,6,1.5,,fussball.de
2884,FC Hettensen/Ellierode,Niedersachsen,Kreis Northeim-Einbeck,8,1.Kreisklasse,1.Kreisklasse Staffel 1 · Kreis Northeim-Einbeck,031BO0GMJO000004VS5489BUVUR5FS5A-G,4,2,1,0,1,3,4,-1,3,1.5,,fussball.de
2885,1. Rödelheimer FC 02,Hessen,Region Frankfurt,8,A-Liga (Region),Kreisliga A FFM Gr. 1 · Region Frankfurt,031DO63Q5C00000AVS5489BUVUR5FS5A-G,5,2,1,0,1,2,3,-1,3,1.5,,fussball.de
2886,SC Weiss-Blau Ffm,Hessen,Region Frankfurt,8,A-Liga (Region),Kreisliga A FFM Gr. 2 · Region Frankfurt,031DO63PRO00000AVS5489BUVUR5FS5A-G,4,4,2,0,2,7,10,-3,6,1.5,,fussball.de
2887,SG Ramlingen-Ehler./Großmoor (7er),Niedersachsen,Kreis Region Hannover,8,1.Kreisklasse,Frauen Kreisklasse Staffel 2 · Kreis Region Hannover,031558T1QG00000BVS5489BTVU7GTVLE-G,5,2,1,0,1,4,6,-2,3,1.5,,fussball.de
2888,SV Ippensen/Wohnste,Niedersachsen,Kreis Rotenburg,8,1.Kreisklasse,Frauen Kreisklasse · Kreis Rotenburg,031B6CALUS000007VS5489BTVSK8S3O6-G,6,2,1,0,1,2,4,-2,3,1.5,,fussball.de
2889,FC Groß Döhren (7er),Niedersachsen,Kreis Nordharz,8,1.Kreisklasse,1.Kreisklasse · Kreis Nordharz,031EQ3GG5O000003VS5489BUVUR5FS5A-G,7,2,1,0,1,1,3,-2,3,1.5,,fussball.de
2890,TSG 51 Frankfurt II,Hessen,Region Frankfurt,8,A-Liga (Region),Kreisliga A FFM Gr. 1 · Region Frankfurt,031DO63Q5C00000AVS5489BUVUR5FS5A-G,6,2,1,0,1,5,8,-3,3,1.5,,fussball.de
2891,SV Hage 2. Damen 2,Niedersachsen,Kreis Ostfriesland,8,1.Kreisklasse,"Ostfrieslandklasse A, Staffel A",031CO536QG000004VS5489BUVUR5FS5A-G,5,2,1,0,1,2,5,-3,3,1.5,,fussball.de
2892,SG Eggermühlen/Bippen,Niedersachsen,Kreis Osnabrück,8,1.Kreisklasse,1. Kreisklasse Osnabrück Staffel A,0316EAOQ1G000004VS5489BUVSBBVPEU-G,6,2,1,0,1,4,8,-4,3,1.5,,fussball.de
2893,SV Ostfrisia Moordorf,Niedersachsen,Kreis Ostfriesland,8,1.Kreisklasse,"Ostfrieslandklasse A, Staffel A",031CO536QG000004VS5489BUVUR5FS5A-G,6,2,1,0,1,3,7,-4,3,1.5,,fussball.de
2894,VFB Uslar,Niedersachsen,Kreis Northeim-Einbeck,8,1.Kreisklasse,1.Kreisklasse Staffel 1 · Kreis Northeim-Einbeck,031BO0GMJO000004VS5489BUVUR5FS5A-G,5,2,1,0,1,3,7,-4,3,1.5,,fussball.de
2895,TSV Ebensfeld (flex),Bayern,Kreis Coburg/Kronach/Lichtenf.,8,Kreisliga,Frauen KL Nord · Kreis Coburg/Kronach/Lichtenf.,031DRU7NNS000004VS5489BUVUR5FS5A-G,7,2,1,0,1,2,6,-4,3,1.5,,fussball.de
2896,TuS Altenberge,Westfalen,Kreis Münster,8,Kreisliga B,Frauen Kreisliga B · Kreis Münster,031HB9DJH0000006VS5489BTVVG7L386-G,8,2,1,0,1,5,11,-6,3,1.5,,fussball.de
2897,SG Bockhorst/Burlage (9er),Niedersachsen,Kreis Emsland,8,1.Kreisklasse,Frauen 1. KKL Ems-Vechte Nord · Kreis Emsland,03155BU134000006VS5489BUVSBBVPEU-G,5,5,2,1,2,11,14,-3,7,1.4,,fussball.de
2898,DJK Wacker Mecklenbeck III,Westfalen,Kreis Münster,8,Kreisliga B,Frauen Kreisliga B · Kreis Münster,031HB9DJH0000006VS5489BTVVG7L386-G,3,3,1,1,1,13,7,6,4,1.33,,fussball.de
2899,FC Bennigsen (9er),Niedersachsen,Kreis Region Hannover,8,1.Kreisklasse,Frauen Kreisklasse Staffel 3 · Kreis Region Hannover,0317CS3NJS000004VS5489BUVSBBVPEU-G,4,3,1,1,1,7,4,3,4,1.33,,fussball.de
2900,SG Suurhusen/Wirdum/Grimersum,Niedersachsen,Kreis Ostfriesland,8,1.Kreisklasse,"Ostfrieslandklasse A, Staffel A",031CO536QG000004VS5489BUVUR5FS5A-G,4,3,1,1,1,4,1,3,4,1.33,,fussball.de
2901,SG Uetze/Dollbergen II (7er),Niedersachsen,Kreis Region Hannover,8,1.Kreisklasse,Frauen Kreisklasse Staffel 2 · Kreis Region Hannover,031558T1QG00000BVS5489BTVU7GTVLE-G,3,3,1,1,1,9,7,2,4,1.33,,fussball.de
2902,TUS Hoheneggelsen,Niedersachsen,Kreis Hildesheim-Holzminden,8,1.Kreisklasse,1. Kreisklasse Hildesheim/Holzminden · Kreis Hildesheim-Holzminden,031D70KNI8000003VS5489BUVUR5FS5A-G,6,3,1,1,1,4,3,1,4,1.33,,fussball.de
2903,AT Rodenkirchen,Niedersachsen,Kreis Jade-Weser-Hunte,8,1.Kreisklasse,Frauen 1. Kreisklasse Staffel 2 JWH QR · Kreis Jade-Weser-Hunte,031DNQ83I0000004VS5489BTVUS470OH-G,3,3,1,1,1,3,2,1,4,1.33,,fussball.de
2904,GSV Brillit Frauen 9er,Niedersachsen,Kreis Rotenburg,8,1.Kreisklasse,Frauen Kreisklasse · Kreis Rotenburg,031B6CALUS000007VS5489BTVSK8S3O6-G,4,3,1,1,1,3,2,1,4,1.33,,fussball.de
2905,SG Sack/Langenholzen,Niedersachsen,Kreis Hildesheim-Holzminden,8,1.Kreisklasse,1. Kreisklasse Hildesheim/Holzminden · Kreis Hildesheim-Holzminden,031D70KNI8000003VS5489BUVUR5FS5A-G,7,3,1,1,1,3,2,1,4,1.33,,fussball.de
2906,FSV Warfleth 9er,Niedersachsen,Kreis Jade-Weser-Hunte,8,1.Kreisklasse,Frauen 1. Kreisklasse Staffel 2 JWH QR · Kreis Jade-Weser-Hunte,031DNQ83I0000004VS5489BTVUS470OH-G,4,3,1,1,1,5,5,0,4,1.33,,fussball.de
2907,TSV Goltern (9er),Niedersachsen,Kreis Region Hannover,8,1.Kreisklasse,Frauen Kreisklasse Staffel 3 · Kreis Region Hannover,0317CS3NJS000004VS5489BUVSBBVPEU-G,5,3,1,1,1,2,2,0,4,1.33,,fussball.de
2908,Sportfreunde Möhlenwarf 2,Niedersachsen,Kreis Ostfriesland,8,1.Kreisklasse,"Ostfrieslandklasse A, Staffel B",031CO5750C000004VS5489BUVUR5FS5A-G,5,3,1,1,1,9,11,-2,4,1.33,,fussball.de
2909,SUS Rhede (9er),Niedersachsen,Kreis Emsland,8,1.Kreisklasse,Frauen 1. KKL Ems-Vechte Nord · Kreis Emsland,03155BU134000006VS5489BUVSBBVPEU-G,8,3,1,1,1,7,11,-4,4,1.33,,fussball.de
2910,TSV Wettmar (7er),Niedersachsen,Kreis Region Hannover,8,1.Kreisklasse,Frauen Kreisklasse Staffel 2 · Kreis Region Hannover,031558T1QG00000BVS5489BTVU7GTVLE-G,4,3,1,1,1,8,14,-6,4,1.33,,fussball.de
2911,SG Breddenberg/H./Börger/Werpeloh II (9er),Niedersachsen,Kreis Emsland,8,1.Kreisklasse,Frauen 1. KKL Ems-Vechte Nord · Kreis Emsland,03155BU134000006VS5489BUVSBBVPEU-G,6,4,1,2,1,7,8,-1,5,1.25,,fussball.de
2912,SV Concordia Emsbüren II 9er,Niedersachsen,Kreis Bentheim,8,1.Kreisklasse,1. Kreisklasse Ems/Vechte Süd · Kreis Bentheim,0317A162O8000004VS5489BUVSBBVPEU-G,5,4,1,2,1,2,9,-7,5,1.25,,fussball.de
2913,SV Dohren (11er),Niedersachsen,Kreis Emsland,8,1.Kreisklasse,Frauen 1. KKL Ems-Vechte Mitte · Kreis Emsland,03155BU19K000002VS5489BUVSBBVPEU-G,5,4,1,1,2,21,15,6,4,1.0,,fussball.de
2914,SpVg Berghofen II,Westfalen,Kreis Hagen,8,Kreisliga B,Frauen Kreisliga B DO/HA · Kreis Hagen,031LE19JQO00000DVS5489BTVSRD0UH9-G,10,3,1,0,2,14,11,3,3,1.0,,fussball.de
2915,SV Blau-Gelb FFM II,Hessen,Region Frankfurt,8,A-Liga (Region),Kreisliga A FFM Gr. 1 · Region Frankfurt,031DO63Q5C00000AVS5489BUVUR5FS5A-G,2,4,1,1,2,8,6,2,4,1.0,,fussball.de
2916,FSG Dersum/Walchum-Hasselbrock (9er),Niedersachsen,Kreis Emsland,8,1.Kreisklasse,Frauen 1. KKL Ems-Vechte Nord · Kreis Emsland,03155BU134000006VS5489BUVSBBVPEU-G,9,3,1,0,2,10,9,1,3,1.0,,fussball.de
2917,(SG) SG Alerheim/ SV Wechingen 2,Bayern,Kreis Donau,8,Kreisliga,Frauen KL 04 · Kreis Donau,031BEATBIG000006VS5489BUVUR5FS5A-G,5,1,0,1,0,3,3,0,1,1.0,,fussball.de
2918,SG Littel-Benthullen,Niedersachsen,Kreis Vechta,8,1.Kreisklasse,1.Kreisklasse VEC/CLP/OL-Land-DEL · Kreis Vechta,03187JUS9K000004VS5489BTVU7GTVLE-G,5,1,0,1,0,3,3,0,1,1.0,,fussball.de
2919,TSV Bissingen,Bayern,Kreis Donau,8,Kreisliga,Frauen KL 04 · Kreis Donau,031BEATBIG000006VS5489BUVUR5FS5A-G,6,1,0,1,0,3,3,0,1,1.0,,fussball.de
2920,(SG) SV Münsterhausen/ FC Mindeltal Burtenbach/TSG Thannhausen,Bayern,Kreis Augsburg,8,Kreisliga,Frauen KL 03 · Kreis Augsburg,031BE9QCKS000006VS5489BUVUR5FS5A-G,3,1,0,1,0,2,2,0,1,1.0,,fussball.de
2921,SC Wentorf 1.Fr. 7er,Hamburg,Kreisebene Hamburg,8,Sonderklasse,FSK 02 Herbst · Kreisebene Hamburg,0314CMER5400000FVS5489BTVU7GTVLE-G,7,3,1,0,2,6,6,0,3,1.0,,fussball.de
2922,SV Wattenweiler 2,Bayern,Kreis Augsburg,8,Kreisliga,Frauen KL 03 · Kreis Augsburg,031BE9QCKS000006VS5489BUVUR5FS5A-G,4,1,0,1,0,2,2,0,1,1.0,,fussball.de
2923,(SG) TSV Bernbeuren/TSV Burggen,Bayern,Kreis Allgäu,8,Kreisliga,Frauen KL 01 · Kreis Allgäu,031BE90RT8000005VS5489BUVUR5FS5A-G,2,1,0,1,0,1,1,0,1,1.0,,fussball.de
2924,DjK Sparta Langenhagen (7er),Niedersachsen,Kreis Region Hannover,8,1.Kreisklasse,Frauen Kreisklasse Staffel 2 · Kreis Region Hannover,031558T1QG00000BVS5489BTVU7GTVLE-G,6,1,0,1,0,1,1,0,1,1.0,,fussball.de
2925,Oberkasseler FV 2,Mittelrhein,Kreis Bonn,8,Kreisliga B,Frauen Kreisliga B · Kreis Bonn,031BOK84K8000004VS5489BTVUS470OH-G,7,2,0,2,0,2,2,0,2,1.0,,fussball.de
2926,TB 1906 Witterschlick,Mittelrhein,Kreis Bonn,8,Kreisliga B,Frauen Kreisliga B · Kreis Bonn,031BOK84K8000004VS5489BTVUS470OH-G,8,1,0,1,0,1,1,0,1,1.0,,fussball.de
2927,TSV Waldershof,Bayern,Kreis Hof/Tirschenr./Wunsiedel,8,Kreisliga,Frauen KL Ost · Kreis Hof/Tirschenr./Wunsiedel,031DS4HJK4000005VS5489BUVUR5FS5A-G,5,1,0,1,0,1,1,0,1,1.0,,fussball.de
2928,VfB Durach,Bayern,Kreis Allgäu,8,Kreisliga,Frauen KL 01 · Kreis Allgäu,031BE90RT8000005VS5489BUVUR5FS5A-G,3,1,0,1,0,1,1,0,1,1.0,,fussball.de
2929,1. SC Göttingen 05,Niedersachsen,Kreis Northeim-Einbeck,8,1.Kreisklasse,1.Kreisklasse Staffel 1 · Kreis Northeim-Einbeck,031BO0GMJO000004VS5489BUVUR5FS5A-G,6,1,0,1,0,0,0,0,1,1.0,,fussball.de
2930,SV Fronberg Schreiersgrün,Sachsen,Kreis Vogtland,8,1.Kreisklasse,Vogtlandklasse,031GL911FO000008VS5489BUVSJ4CRAP-G,5,1,0,1,0,0,0,0,1,1.0,,fussball.de
2931,Duvenstedt 1.Fr. 7er,Hamburg,Kreisebene Hamburg,8,Sonderklasse,FSK 01 Herbst · Kreisebene Hamburg,0314CMEQSG00000DVS5489BTVU7GTVLE-G,6,3,1,0,2,5,6,-1,3,1.0,,fussball.de
2932,FSG Niedergrafschaft IV,Niedersachsen,Kreis Bentheim,8,1.Kreisklasse,1. Kreisklasse Ems/Vechte Süd · Kreis Bentheim,0317A162O8000004VS5489BUVSBBVPEU-G,7,3,1,0,2,5,6,-1,3,1.0,,fussball.de
2933,FSG Gehlenberg-Neuvrees/Hilkenbrook/Rastdorf II (9er),Niedersachsen,Kreis Emsland,8,1.Kreisklasse,Frauen 1. KKL Ems-Vechte Nord · Kreis Emsland,03155BU134000006VS5489BUVSBBVPEU-G,7,4,1,1,2,10,12,-2,4,1.0,,fussball.de
2934,ASV Bergedorf 85 2.Fr. 7er,Hamburg,Kreisebene Hamburg,8,Sonderklasse,FSK 02 Herbst · Kreisebene Hamburg,0314CMER5400000FVS5489BTVU7GTVLE-G,8,3,1,0,2,3,5,-2,3,1.0,,fussball.de
2935,SG Hannover 74 II (7er),Niedersachsen,Kreis Region Hannover,8,1.Kreisklasse,Frauen Kreisklasse Staffel 3 · Kreis Region Hannover,0317CS3NJS000004VS5489BUVSBBVPEU-G,6,3,1,0,2,8,11,-3,3,1.0,,fussball.de
2936,Senden/Adler Buldern,Westfalen,Kreis Münster,8,Kreisliga B,Frauen Kreisliga B · Kreis Münster,031HB9DJH0000006VS5489BTVVG7L386-G,7,3,1,0,2,6,9,-3,3,1.0,,fussball.de
2937,WSC Frisia Wilhelmshaven,Niedersachsen,Kreis Jade-Weser-Hunte,8,1.Kreisklasse,Frauen 1. Kreisklasse Staffel 1 JWH QR · Kreis Jade-Weser-Hunte,031DNQ1D3C000003VS5489BTVUS470OH-G,4,3,1,0,2,6,9,-3,3,1.0,,fussball.de
2938,SC RW Nienborg,Westfalen,Kreis Ahaus-Coesfeld,8,Kreisliga B,Frauen Kreisliga B Ahaus-Coesfeld,031LOUIP78000000VS5489BTVSRD0UH9-G,7,3,1,0,2,4,7,-3,3,1.0,,fussball.de
2939,VfL Ramsdorf,Westfalen,Kreis Ahaus-Coesfeld,8,Kreisliga B,Frauen Kreisliga B Ahaus-Coesfeld,031LOUIP78000000VS5489BTVSRD0UH9-G,8,3,1,0,2,4,7,-3,3,1.0,,fussball.de
2940,Rantzau 1.Fr. 7er,Hamburg,Kreisebene Hamburg,8,Sonderklasse,FSK 01 Herbst · Kreisebene Hamburg,0314CMEQSG00000DVS5489BTVU7GTVLE-G,7,3,1,0,2,3,6,-3,3,1.0,,fussball.de
2941,TuSpo Lamspringe,Niedersachsen,Kreis Hildesheim-Holzminden,8,1.Kreisklasse,1. Kreisklasse Hildesheim/Holzminden · Kreis Hildesheim-Holzminden,031D70KNI8000003VS5489BUVUR5FS5A-G,8,4,1,1,2,5,10,-5,4,1.0,,fussball.de
2942,Sternschanze 4.Fr. 7er,Hamburg,Kreisebene Hamburg,8,Sonderklasse,FSK 01 Herbst · Kreisebene Hamburg,0314CMEQSG00000DVS5489BTVU7GTVLE-G,8,3,1,0,2,5,9,-4,3,1.0,,fussball.de
2943,DJK Eintr. Coesfeld II (9er),Westfalen,Kreis Ahaus-Coesfeld,8,Kreisliga B,Frauen Kreisliga B Ahaus-Coesfeld,031LOUIP78000000VS5489BTVSRD0UH9-G,9,3,1,0,2,7,12,-5,3,1.0,,fussball.de
2944,SV Westrich,Westfalen,Kreis Hagen,8,Kreisliga B,Frauen Kreisliga B DO/HA · Kreis Hagen,031LE19JQO00000DVS5489BTVSRD0UH9-G,11,3,1,0,2,10,16,-6,3,1.0,,fussball.de
2945,SV Leezdorf,Niedersachsen,Kreis Ostfriesland,8,1.Kreisklasse,"Ostfrieslandklasse A, Staffel A",031CO536QG000004VS5489BUVUR5FS5A-G,7,3,1,0,2,8,14,-6,3,1.0,,fussball.de
2946,PSV Grün-Weiß Hildesheim II,Niedersachsen,Kreis Hildesheim-Holzminden,8,1.Kreisklasse,1. Kreisklasse Hildesheim/Holzminden · Kreis Hildesheim-Holzminden,031D70KNI8000003VS5489BUVUR5FS5A-G,9,4,1,1,2,3,12,-9,4,1.0,,fussball.de
2947,SG Hollenstede/Schwagstorf/Fürstenau II 9er,Niedersachsen,Kreis Osnabrück,8,1.Kreisklasse,1. Kreisklasse Osnabrück Staffel A,0316EAOQ1G000004VS5489BUVSBBVPEU-G,7,3,1,0,2,5,15,-10,3,1.0,,fussball.de
2948,Krusenbuscher SV II,Niedersachsen,Kreis Jade-Weser-Hunte,8,1.Kreisklasse,Frauen 1. Kreisklasse Staffel 1 JWH QR · Kreis Jade-Weser-Hunte,031DNQ1D3C000003VS5489BTVUS470OH-G,5,4,1,0,3,11,16,-5,3,0.75,,fussball.de
2949,SpG Berßen/Eisten-Hüven/Lähden/Stavern II (9er),Niedersachsen,Kreis Emsland,8,1.Kreisklasse,Frauen 1. KKL Ems-Vechte Mitte · Kreis Emsland,03155BU19K000002VS5489BUVSBBVPEU-G,8,4,1,0,3,8,16,-8,3,0.75,,fussball.de
2950,SG Dörpen/Heede/Ahlen-Steinbild (9er),Niedersachsen,Kreis Emsland,8,1.Kreisklasse,Frauen 1. KKL Ems-Vechte Nord · Kreis Emsland,03155BU134000006VS5489BUVSBBVPEU-G,10,4,1,0,3,7,15,-8,3,0.75,,fussball.de
2951,SG Hülsen-Westerloh/Eltern/Flechum (11er),Niedersachsen,Kreis Emsland,8,1.Kreisklasse,Frauen 1. KKL Ems-Vechte Mitte · Kreis Emsland,03155BU19K000002VS5489BUVSBBVPEU-G,9,4,1,0,3,4,16,-12,3,0.75,,fussball.de
2952,SV Frisia Brinkum,Niedersachsen,Kreis Ostfriesland,8,1.Kreisklasse,"Ostfrieslandklasse A, Staffel B",031CO5750C000004VS5489BUVUR5FS5A-G,6,3,0,2,1,7,9,-2,2,0.67,,fussball.de
2953,FSG Obergrafschaft II 9er,Niedersachsen,Kreis Bentheim,8,1.Kreisklasse,1. Kreisklasse Ems/Vechte Süd · Kreis Bentheim,0317A162O8000004VS5489BUVSBBVPEU-G,8,3,0,2,1,3,5,-2,2,0.67,,fussball.de
2954,SV Surwold (9er),Niedersachsen,Kreis Emsland,8,1.Kreisklasse,Frauen 1. KKL Ems-Vechte Nord · Kreis Emsland,03155BU134000006VS5489BUVSBBVPEU-G,11,3,0,2,1,0,2,-2,2,0.67,,fussball.de
2955,SG 05 Ronnenberg (7er),Niedersachsen,Kreis Region Hannover,8,1.Kreisklasse,Frauen Kreisklasse Staffel 3 · Kreis Region Hannover,0317CS3NJS000004VS5489BUVSBBVPEU-G,7,3,0,2,1,5,8,-3,2,0.67,,fussball.de
2956,TSV Lammertsfehn,Niedersachsen,Kreis Ostfriesland,8,1.Kreisklasse,"Ostfrieslandklasse A, Staffel B",031CO5750C000004VS5489BUVUR5FS5A-G,7,3,0,2,1,4,7,-3,2,0.67,,fussball.de
2957,SC Germania Stöppach-Haarth,Bayern,Kreis Coburg/Kronach/Lichtenf.,8,Kreisliga,Frauen KL Nord · Kreis Coburg/Kronach/Lichtenf.,031DRU7NNS000004VS5489BUVUR5FS5A-G,8,2,0,1,1,4,5,-1,1,0.5,,fussball.de
2958,FC Nordkirchen,Westfalen,Kreis Münster,8,Kreisliga B,Frauen Kreisliga B · Kreis Münster,031HB9DJH0000006VS5489BTVVG7L386-G,9,2,0,1,1,3,4,-1,1,0.5,,fussball.de
2959,SV GOTANO,Niedersachsen,Kreis Jade-Weser-Hunte,8,1.Kreisklasse,Frauen 1. Kreisklasse Staffel 2 JWH QR · Kreis Jade-Weser-Hunte,031DNQ83I0000004VS5489BTVUS470OH-G,5,2,0,1,1,7,9,-2,1,0.5,,fussball.de
2960,TuS 1910 Bonn-Dransdorf e.V.,Mittelrhein,Kreis Bonn,8,Kreisliga B,Frauen Kreisliga B · Kreis Bonn,031BOK84K8000004VS5489BTVUS470OH-G,9,2,0,1,1,2,4,-2,1,0.5,,fussball.de
2961,TuS Westerholz II,Niedersachsen,Kreis Rotenburg,8,1.Kreisklasse,Frauen Kreisklasse · Kreis Rotenburg,031B6CALUS000007VS5489BTVSK8S3O6-G,7,2,0,1,1,2,4,-2,1,0.5,,fussball.de
2962,SV Holtebüttel,Niedersachsen,Kreis Verden,8,1.Kreisklasse,Kreisklasse Verden/Osterholz,031CBUHLKK000004VS5489BTVUS470OH-G,6,2,0,1,1,0,2,-2,1,0.5,,fussball.de
2963,FSG Union/Schwefingen II (11er),Niedersachsen,Kreis Emsland,8,1.Kreisklasse,Frauen 1. KKL Ems-Vechte Mitte · Kreis Emsland,03155BU19K000002VS5489BUVSBBVPEU-G,10,4,0,2,2,5,11,-6,2,0.5,,fussball.de
2964,SV Würgau II,Bayern,Kreis Bamberg/Bayreuth/Kulmb.,8,Kreisliga,Frauen KL Süd · Kreis Bamberg/Bayreuth/Kulmb.,031DS8RQ54000007VS5489BUVUR5FS5A-G,7,2,0,1,1,1,4,-3,1,0.5,,fussball.de
2965,FC Alfstedt/Ebersdorf 9er,Niedersachsen,Kreis Rotenburg,8,1.Kreisklasse,Frauen Kreisklasse · Kreis Rotenburg,031B6CALUS000007VS5489BTVSK8S3O6-G,8,2,0,1,1,0,3,-3,1,0.5,,fussball.de
2966,SV BW Oedekoven,Mittelrhein,Kreis Bonn,8,Kreisliga B,Frauen Kreisliga B · Kreis Bonn,031BOK84K8000004VS5489BTVUS470OH-G,10,2,0,1,1,1,5,-4,1,0.5,,fussball.de
2967,TSV Germania Dassensen e.V.,Niedersachsen,Kreis Northeim-Einbeck,8,1.Kreisklasse,1.Kreisklasse Staffel 1 · Kreis Northeim-Einbeck,031BO0GMJO000004VS5489BUVUR5FS5A-G,7,2,0,1,1,1,5,-4,1,0.5,,fussball.de
2968,SG Oste 9er,Niedersachsen,Kreis Rotenburg,8,1.Kreisklasse,Frauen Kreisklasse · Kreis Rotenburg,031B6CALUS000007VS5489BTVSK8S3O6-G,9,2,0,1,1,0,4,-4,1,0.5,,fussball.de
2969,FSG Teglingen/Osterbrock (9er),Niedersachsen,Kreis Emsland,8,1.Kreisklasse,Frauen 1. KKL Ems-Vechte Mitte · Kreis Emsland,03155BU19K000002VS5489BUVSBBVPEU-G,11,2,0,1,1,3,8,-5,1,0.5,,fussball.de
2970,(SG) DJK-SV Geisfeld/DJK-SC Mistendorf,Bayern,Kreis Bamberg/Bayreuth/Kulmb.,8,Kreisliga,Frauen KL Süd · Kreis Bamberg/Bayreuth/Kulmb.,031DS8RQ54000007VS5489BUVUR5FS5A-G,8,2,0,1,1,1,6,-5,1,0.5,,fussball.de
2971,VFB Friedberg,Hessen,Region Frankfurt,8,A-Liga (Region),Kreisliga A FFM Gr. 1 · Region Frankfurt,031DO63Q5C00000AVS5489BUVUR5FS5A-G,7,2,0,1,1,1,8,-7,1,0.5,,fussball.de
2972,SV Arnum (7er),Niedersachsen,Kreis Region Hannover,8,1.Kreisklasse,Frauen Kreisklasse Staffel 3 · Kreis Region Hannover,0317CS3NJS000004VS5489BUVSBBVPEU-G,8,3,0,1,2,4,7,-3,1,0.33,,fussball.de
2973,DJK VfL Billerbeck III (9er),Westfalen,Kreis Ahaus-Coesfeld,8,Kreisliga B,Frauen Kreisliga B Ahaus-Coesfeld,031LOUIP78000000VS5489BTVSRD0UH9-G,10,3,0,1,2,5,9,-4,1,0.33,,fussball.de
2974,SG Heek / Oldenburg II,Westfalen,Kreis Ahaus-Coesfeld,8,Kreisliga B,Frauen Kreisliga B Ahaus-Coesfeld,031LOUIP78000000VS5489BTVSRD0UH9-G,11,3,0,1,2,7,12,-5,1,0.33,,fussball.de
2975,Spvgg. 03 Fechenheim II,Hessen,Region Frankfurt,8,A-Liga (Region),Kreisliga A FFM Gr. 2 · Region Frankfurt,031DO63PRO00000AVS5489BUVUR5FS5A-G,7,3,0,1,2,2,7,-5,1,0.33,,fussball.de
2976,VfB Oldenburg,Niedersachsen,Kreis Jade-Weser-Hunte,8,1.Kreisklasse,Frauen 1. Kreisklasse Staffel 2 JWH QR · Kreis Jade-Weser-Hunte,031DNQ83I0000004VS5489BTVUS470OH-G,6,3,0,1,2,2,7,-5,1,0.33,,fussball.de
2977,SSV Elze II,Niedersachsen,Kreis Hildesheim-Holzminden,8,1.Kreisklasse,1. Kreisklasse Hildesheim/Holzminden · Kreis Hildesheim-Holzminden,031D70KNI8000003VS5489BUVUR5FS5A-G,10,3,0,1,2,0,5,-5,1,0.33,,fussball.de
2978,SV GW Brockdorf 9er,Niedersachsen,Kreis Vechta,8,1.Kreisklasse,1.Kreisklasse VEC/CLP/OL-Land-DEL · Kreis Vechta,03187JUS9K000004VS5489BTVU7GTVLE-G,6,3,0,1,2,4,10,-6,1,0.33,,fussball.de
2979,MTV Eintracht Dedenhausen (7er),Niedersachsen,Kreis Region Hannover,8,1.Kreisklasse,Frauen Kreisklasse Staffel 2 · Kreis Region Hannover,031558T1QG00000BVS5489BTVU7GTVLE-G,7,3,0,1,2,4,23,-19,1,0.33,,fussball.de
2980,SG VV Nordhorn II,Niedersachsen,Kreis Bentheim,8,1.Kreisklasse,1. Kreisklasse Ems/Vechte Süd · Kreis Bentheim,0317A162O8000004VS5489BUVSBBVPEU-G,9,4,0,1,3,6,10,-4,1,0.25,,fussball.de
2981,Delligser SC (7er),Niedersachsen,Kreis Hildesheim-Holzminden,8,1.Kreisklasse,1. Kreisklasse Hildesheim/Holzminden · Kreis Hildesheim-Holzminden,031D70KNI8000003VS5489BUVUR5FS5A-G,11,4,0,1,3,1,19,-18,1,0.25,,fussball.de
2982,Wambeler SV II,Westfalen,Kreis Hagen,8,Kreisliga B,Frauen Kreisliga B DO/HA · Kreis Hagen,031LE19JQO00000DVS5489BTVSRD0UH9-G,12,2,1,0,1,6,4,2,0,0.0,,fussball.de
2983,(SG 1) ASV Möhrendorf / TSV Frauenaurach 2,Bayern,Kreis Erlangen/Pegnitzgrund,8,Kreisliga,Frauen Kreisliga · Kreis Erlangen/Pegnitzgrund,031GNTFAIC000004VS5489BUVSJ4CRAP-G,1,0,0,0,0,0,0,0,0,0.0,,fussball.de
2984,(SG 1) Büchenbacher SC Erlangen/SC Eltersdorf,Bayern,Kreis Erlangen/Pegnitzgrund,8,Kreisliga,Frauen Kreisliga · Kreis Erlangen/Pegnitzgrund,031GNTFAIC000004VS5489BUVSJ4CRAP-G,2,0,0,0,0,0,0,0,0,0.0,,fussball.de
2985,(SG 1) SV 1946 Alfalter / 1. SC Rupprechtstegen,Bayern,Kreis Erlangen/Pegnitzgrund,8,Kreisliga,Frauen Kreisliga · Kreis Erlangen/Pegnitzgrund,031GNTFAIC000004VS5489BUVSJ4CRAP-G,3,0,0,0,0,0,0,0,0,0.0,,fussball.de
2986,(SG 1) SpVgg Erlangen 2/TV 1848 Erlangen,Bayern,Kreis Erlangen/Pegnitzgrund,8,Kreisliga,Frauen Kreisliga · Kreis Erlangen/Pegnitzgrund,031GNTFAIC000004VS5489BUVSJ4CRAP-G,4,0,0,0,0,0,0,0,0,0.0,,fussball.de
2987,(SG 1) SpVgg Hüttenbach-Simmelsdorf/SPVGG Diepersdorf,Bayern,Kreis Erlangen/Pegnitzgrund,8,Kreisliga,Frauen Kreisliga · Kreis Erlangen/Pegnitzgrund,031GNTFAIC000004VS5489BUVSJ4CRAP-G,5,0,0,0,0,0,0,0,0,0.0,,fussball.de
2988,(SG) ASV Burglengenfeld / SC Katzdorf,Bayern,Kreis Regensburg,8,Kreisliga,Frauen KL 03 · Kreis Regensburg,03195JV0C4000006VS5489BUVV628VP4-G,1,0,0,0,0,0,0,0,0,0.0,,fussball.de
2989,(SG) DJK Eichlberg-Neukirchen 2 / SV Lupburg 2,Bayern,Kreis Regensburg,8,Kreisliga,Frauen KL 03 · Kreis Regensburg,03195JV0C4000006VS5489BUVV628VP4-G,2,0,0,0,0,0,0,0,0,0.0,,fussball.de
2990,(SG) DJK Ursensollen/SV Illschwang/SV Kauerhof,Bayern,Kreis Amberg/Weiden,8,Kreisliga,Frauen KL 01 · Kreis Amberg/Weiden,03195HTEMS000001VS5489BUVV628VP4-G,1,0,0,0,0,0,0,0,0,0.0,,fussball.de
2991,(SG) DJK Veitsaurach/TSC Weissenbronn1,Bayern,Kreis Neumarkt/Jura,8,Kreisliga,Frauen Kreisliga · Kreis Neumarkt/Jura,031HBHH480000007VS5489BTVVG7L386-G,1,0,0,0,0,0,0,0,0,0.0,,fussball.de
2992,(SG) DJK-SV Rettenbach 2 / SV Zinzenzell 2,Bayern,Kreis Cham/Schwandorf,8,Kreisliga,Frauen KL 02 · Kreis Cham/Schwandorf,03195J7FIC000006VS5489BUVV628VP4-G,1,0,0,0,0,0,0,0,0,0.0,,fussball.de
2993,(SG) DTV Diespeck/SV Steigerwald Münchsteinach/SpVgg Markt Baudenbach/FC Schauerheim,Bayern,Kreis Nürnberg/Frankenhöhe,8,Kreisliga,Frauen Kreisliga · Kreis Nürnberg/Frankenhöhe,031J8NURMK000004VS5489BUVVKNMR0J-G,1,0,0,0,0,0,0,0,0,0.0,,fussball.de
2994,(SG) FC Aschheim/Kirchheimer SC,Bayern,Kreis München,8,Kreisliga,Frauen KL 01 · Kreis München,031HCC6CE0000003VS5489BUVSJ4CRAP-G,1,0,0,0,0,0,0,0,0,0.0,,fussball.de
2995,(SG) FC Hendungen/TSV Nordheim/FC Ober-Mittelstreu,Bayern,Kreis Rhön,8,Kreisliga,Frauen KL 03 · Kreis Rhön,0319U59JCC000004VS5489BUVV628VP4-G,1,0,0,0,0,0,0,0,0,0.0,,fussball.de
2996,(SG) FC Horgau/SV Bonstetten,Bayern,Kreis Augsburg,8,Kreisliga,Frauen KL 03 · Kreis Augsburg,031BE9QCKS000006VS5489BUVUR5FS5A-G,5,0,0,0,0,0,0,0,0,0.0,,fussball.de
2997,(SG) FV Rannungen/Pfändhausen/Holzhausen/WMP Lauertal,Bayern,Kreis Rhön,8,Kreisliga,Frauen KL 03 · Kreis Rhön,0319U59JCC000004VS5489BUVV628VP4-G,2,0,0,0,0,0,0,0,0,0.0,,fussball.de
2998,(SG) FV Röthenbach/ 1.FC Altdorf/TSV Burgthann1,Bayern,Kreis Neumarkt/Jura,8,Kreisliga,Frauen Kreisliga · Kreis Neumarkt/Jura,031HBHH480000007VS5489BTVVG7L386-G,2,0,0,0,0,0,0,0,0,0.0,,fussball.de
2999,(SG) Freising United,Bayern,Kreis Donau/Isar,8,Kreisliga,Frauen KL 04 · Kreis Donau/Isar,030VA1BKMK00005IVS5489BUVVARDA0V-G,1,0,0,0,0,0,0,0,0,0.0,,fussball.de
3000,(SG) Regensburger Turnerschaft/Freier TuS Regensburg,Bayern,Kreis Regensburg,8,Kreisliga,Frauen KL 03 · Kreis Regensburg,03195JV0C4000006VS5489BUVV628VP4-G,3,0,0,0,0,0,0,0,0,0.0,,fussball.de
3001,(SG) SC Kirchdorf 2/TSV Rohr/SV Adlhausen,Bayern,Kreis Niederbayern West,8,Kreisliga,Frauen KL West · Kreis Niederbayern West,0319TE5J14000007VS5489BTVSK8S3O6-G,1,0,0,0,0,0,0,0,0,0.0,,fussball.de
3002,(SG) SC Rechtmehring/DJK SV Oberndorf,Bayern,Kreis Inn/Salzach,8,Kreisliga,Frauen KL 03 · Kreis Inn/Salzach,031CIME7AC00003OVS5489BTVUS470OH-G,1,0,0,0,0,0,0,0,0,0.0,,fussball.de
3003,(SG) SC Rügland/TSV Flachslanden,Bayern,Kreis Nürnberg/Frankenhöhe,8,Kreisliga,Frauen Kreisliga · Kreis Nürnberg/Frankenhöhe,031J8NURMK000004VS5489BUVVKNMR0J-G,2,0,0,0,0,0,0,0,0,0.0,,fussball.de
3004,(SG) SF Laubendorf/SV Burggrafenhof,Bayern,Kreis Nürnberg/Frankenhöhe,8,Kreisliga,Frauen Kreisliga · Kreis Nürnberg/Frankenhöhe,031J8NURMK000004VS5489BUVVKNMR0J-G,3,0,0,0,0,0,0,0,0,0.0,,fussball.de
3005,(SG) SSV Alsmoos-Petersdorf/TSV Hollenbach,Bayern,Kreis Augsburg,8,Kreisliga,Frauen KL 02 · Kreis Augsburg,031BE9QCF4000006VS5489BUVUR5FS5A-G,5,0,0,0,0,0,0,0,0,0.0,,fussball.de
3006,(SG) ST Scheyern / FC Gerolsbach 2,Bayern,Kreis Donau/Isar,8,Kreisliga,Frauen KL 04 · Kreis Donau/Isar,030VA1BKMK00005IVS5489BUVVARDA0V-G,2,0,0,0,0,0,0,0,0,0.0,,fussball.de
3007,(SG) SV Bernried/SpVgg Plattling/SV Deggenau,Bayern,Kreis Niederbayern Ost,8,Kreisliga,Frauen KL Ost · Kreis Niederbayern Ost,0319TE344C000006VS5489BTVSK8S3O6-G,2,0,0,0,0,0,0,0,0,0.0,,fussball.de
3008,(SG) SV Friesenhausen/SC Hesselbach,Bayern,Kreis Rhön,8,Kreisliga,Frauen KL 03 · Kreis Rhön,0319U59JCC000004VS5489BUVV628VP4-G,3,0,0,0,0,0,0,0,0,0.0,,fussball.de
3009,(SG) SV Hadrian Hienheim/TSV Neustadt/Donau,Bayern,Kreis Niederbayern West,8,Kreisliga,Frauen KL West · Kreis Niederbayern West,0319TE5J14000007VS5489BTVSK8S3O6-G,2,0,0,0,0,0,0,0,0,0.0,,fussball.de
3010,(SG) SV Kürnach/SV Heidingsfeld,Bayern,Kreis Würzburg,8,Kreisliga,Frauen KL 02 · Kreis Würzburg,0319U26MJO00000EVS5489BUVV628VP4-G,1,0,0,0,0,0,0,0,0,0.0,,fussball.de
3011,(SG) SV Neufraunhofen 2/TSV Vilslern 2,Bayern,Kreis Niederbayern West,8,Kreisliga,Frauen KL West · Kreis Niederbayern West,0319TE5J14000007VS5489BTVSK8S3O6-G,3,0,0,0,0,0,0,0,0,0.0,,fussball.de
3012,(SG) SV Neukirchen/FC Hammerau,Bayern,Kreis Inn/Salzach,8,Kreisliga,Frauen KL 03 · Kreis Inn/Salzach,031CIME7AC00003OVS5489BTVUS470OH-G,2,0,0,0,0,0,0,0,0,0.0,,fussball.de
3013,(SG) SV Pullenried/TSV Eslarn,Bayern,Kreis Cham/Schwandorf,8,Kreisliga,Frauen KL 02 · Kreis Cham/Schwandorf,03195J7FIC000006VS5489BUVV628VP4-G,2,0,0,0,0,0,0,0,0,0.0,,fussball.de
3014,(SG) SV Schechen/ASV Rott a. Inn 1,Bayern,Kreis Inn/Salzach,8,Kreisliga,Frauen KL 03 · Kreis Inn/Salzach,031CIME7AC00003OVS5489BTVUS470OH-G,3,0,0,0,0,0,0,0,0,0.0,,fussball.de
3015,(SG) SV Söllhuben/SC Frasdorf/SV Riedering,Bayern,Kreis Inn/Salzach,8,Kreisliga,Frauen KL 03 · Kreis Inn/Salzach,031CIME7AC00003OVS5489BTVUS470OH-G,4,0,0,0,0,0,0,0,0,0.0,,fussball.de
3016,(SG) SV Weidenberg/TSV Bayreuth-St. Johannis 2,Bayern,Kreis Hof/Tirschenr./Wunsiedel,8,Kreisliga,Frauen KL Ost · Kreis Hof/Tirschenr./Wunsiedel,031DS4HJK4000005VS5489BUVUR5FS5A-G,6,0,0,0,0,0,0,0,0,0.0,,fussball.de
3017,(SG) SpVgg Ebermannsdorf / TuS Rosenberg,Bayern,Kreis Amberg/Weiden,8,Kreisliga,Frauen KL 01 · Kreis Amberg/Weiden,03195HTEMS000001VS5489BUVV628VP4-G,2,0,0,0,0,0,0,0,0,0.0,,fussball.de
3018,(SG) SpVgg Langenneufnach/SV Schwabegg/ASV Hiltenfingen,Bayern,Kreis Augsburg,8,Kreisliga,Frauen KL 03 · Kreis Augsburg,031BE9QCKS000006VS5489BUVUR5FS5A-G,6,0,0,0,0,0,0,0,0,0.0,,fussball.de
3019,(SG) SpVgg Langerringen/SV Hurlach/SpVgg Wiedergeltingen/VfL Kaufering,Bayern,Kreis Augsburg,8,Kreisliga,Frauen KL 03 · Kreis Augsburg,031BE9QCKS000006VS5489BUVUR5FS5A-G,7,0,0,0,0,0,0,0,0,0.0,,fussball.de
3020,(SG) TSV Colmberg/SC Wernsbach-Weihenzell,Bayern,Kreis Nürnberg/Frankenhöhe,8,Kreisliga,Frauen Kreisliga · Kreis Nürnberg/Frankenhöhe,031J8NURMK000004VS5489BUVVKNMR0J-G,4,0,0,0,0,0,0,0,0,0.0,,fussball.de
3021,(SG) TSV Fridolfing/SV Laufen,Bayern,Kreis Inn/Salzach,8,Kreisliga,Frauen KL 03 · Kreis Inn/Salzach,031CIME7AC00003OVS5489BTVUS470OH-G,5,0,0,0,0,0,0,0,0,0.0,,fussball.de
3022,(SG) TSV München-Solln / BSC Sendling,Bayern,Kreis München,8,Kreisliga,Frauen KL 01 · Kreis München,031HCC6CE0000003VS5489BUVSJ4CRAP-G,2,0,0,0,0,0,0,0,0,0.0,,fussball.de
3023,(SG) TSV Otterfing/SV Sachsenkam,Bayern,Kreis Zugspitze,8,Kreisliga,Frauen KL 02 · Kreis Zugspitze,031E59M414000004VS5489BTVUS470OH-G,1,0,0,0,0,0,0,0,0,0.0,,fussball.de
3024,(SG) TSV Rohrbach/FC Geisenfeld,Bayern,Kreis Donau/Isar,8,Kreisliga,Frauen KL 04 · Kreis Donau/Isar,030VA1BKMK00005IVS5489BUVVARDA0V-G,3,0,0,0,0,0,0,0,0,0.0,,fussball.de
3025,(SG) TSV Triftern/SV DJK Wittibreut,Bayern,Kreis Niederbayern Ost,8,Kreisliga,Frauen KL Ost · Kreis Niederbayern Ost,0319TE344C000006VS5489BTVSK8S3O6-G,3,0,0,0,0,0,0,0,0,0.0,,fussball.de
3026,(SG) TSV Ustersbach/SSV Anhausen 1,Bayern,Kreis Augsburg,8,Kreisliga,Frauen KL 03 · Kreis Augsburg,031BE9QCKS000006VS5489BUVUR5FS5A-G,8,0,0,0,0,0,0,0,0,0.0,,fussball.de
3027,(SG) TV Hilpoltstein/TSV Mörsdorf 2,Bayern,Kreis Neumarkt/Jura,8,Kreisliga,Frauen Kreisliga · Kreis Neumarkt/Jura,031HBHH480000007VS5489BTVVG7L386-G,3,0,0,0,0,0,0,0,0,0.0,,fussball.de
3028,(SG) TuS Engelsberg/TuS Garching 1,Bayern,Kreis Inn/Salzach,8,Kreisliga,Frauen KL 03 · Kreis Inn/Salzach,031CIME7AC00003OVS5489BTVUS470OH-G,6,0,0,0,0,0,0,0,0,0.0,,fussball.de
3029,(SG) VfB Regensburg 2/BSC Regensburg 2,Bayern,Kreis Regensburg,8,Kreisliga,Frauen KL 03 · Kreis Regensburg,03195JV0C4000006VS5489BUVV628VP4-G,4,0,0,0,0,0,0,0,0,0.0,,fussball.de
3030,(SG)TV 73 Würzburg/DJK Würzburg 2,Bayern,Kreis Würzburg,8,Kreisliga,Frauen KL 02 · Kreis Würzburg,0319U26MJO00000EVS5489BUVV628VP4-G,2,0,0,0,0,0,0,0,0,0.0,,fussball.de
3031,ASV Spartania Eislingen,Württemberg,Bezirk Neckar/Fils (K),8,Kreisliga A; Kreisliga,Kreisliga A · Bezirk Neckar/Fils (K),03164C6ARO000004VS5489BTVU7GTVLE-G,1,0,0,0,0,0,0,0,0,0.0,,fussball.de
3032,Centro Argentino de Munich 1,Bayern,Kreis München,8,Kreisliga,Frauen KL 01 · Kreis München,031HCC6CE0000003VS5489BUVSJ4CRAP-G,3,0,0,0,0,0,0,0,0,0.0,,fussball.de
3033,Coburg Locals zg.,Bayern,Kreis Coburg/Kronach/Lichtenf.,8,Kreisliga,Frauen KL Nord · Kreis Coburg/Kronach/Lichtenf.,031DRU7NNS000004VS5489BUVUR5FS5A-G,9,0,0,0,0,0,0,0,0,0.0,,fussball.de
3034,DJK Fiegenstall 2,Bayern,Kreis Neumarkt/Jura,8,Kreisliga,Frauen Kreisliga · Kreis Neumarkt/Jura,031HBHH480000007VS5489BTVVG7L386-G,4,0,0,0,0,0,0,0,0,0.0,,fussball.de
3035,DJK Ingolstadt,Bayern,Kreis Donau/Isar,8,Kreisliga,Frauen KL 04 · Kreis Donau/Isar,030VA1BKMK00005IVS5489BUVVARDA0V-G,4,0,0,0,0,0,0,0,0,0.0,,fussball.de
3036,DJK Pasing,Bayern,Kreis München,8,Kreisliga,Frauen KL 01 · Kreis München,031HCC6CE0000003VS5489BUVSJ4CRAP-G,4,0,0,0,0,0,0,0,0,0.0,,fussball.de
3037,DJK Rieden e.V. 1947,Bayern,Kreis Würzburg,8,Kreisliga,Frauen KL 02 · Kreis Würzburg,0319U26MJO00000EVS5489BUVV628VP4-G,3,0,0,0,0,0,0,0,0,0.0,,fussball.de
3038,ETSV Würzburg,Bayern,Kreis Würzburg,8,Kreisliga,Frauen KL 02 · Kreis Würzburg,0319U26MJO00000EVS5489BUVV628VP4-G,4,0,0,0,0,0,0,0,0,0.0,,fussball.de
3039,Elsava 1913 Elsenfeld 2,Bayern,Kreis Aschaffenburg,8,Kreisliga,Frauen KL 01 · Kreis Aschaffenburg,0319U1JDFS000059VS5489BUVV628VP4-G,1,0,0,0,0,0,0,0,0,0.0,,fussball.de
3040,FB Reichertshofen,Bayern,Kreis Neumarkt/Jura,8,Kreisliga,Frauen Kreisliga · Kreis Neumarkt/Jura,031HBHH480000007VS5489BTVVG7L386-G,5,0,0,0,0,0,0,0,0,0.0,,fussball.de
3041,FC Alburg 2,Bayern,Kreis Niederbayern Ost,8,Kreisliga,Frauen KL Ost · Kreis Niederbayern Ost,0319TE344C000006VS5489BTVSK8S3O6-G,4,0,0,0,0,0,0,0,0,0.0,,fussball.de
3042,FC Ampertal Unterbruck,Bayern,Kreis Donau/Isar,8,Kreisliga,Frauen KL 04 · Kreis Donau/Isar,030VA1BKMK00005IVS5489BUVVARDA0V-G,5,0,0,0,0,0,0,0,0,0.0,,fussball.de
3043,FC Amsham,Bayern,Kreis Niederbayern Ost,8,Kreisliga,Frauen KL Ost · Kreis Niederbayern Ost,0319TE344C000006VS5489BTVSK8S3O6-G,5,0,0,0,0,0,0,0,0,0.0,,fussball.de
3044,FC Edelsfeld,Bayern,Kreis Amberg/Weiden,8,Kreisliga,Frauen KL 01 · Kreis Amberg/Weiden,03195HTEMS000001VS5489BUVV628VP4-G,3,0,0,0,0,0,0,0,0,0.0,,fussball.de
3045,FC Ergolding 2,Bayern,Kreis Niederbayern West,8,Kreisliga,Frauen KL West · Kreis Niederbayern West,0319TE5J14000007VS5489BTVSK8S3O6-G,4,0,0,0,0,0,0,0,0,0.0,,fussball.de
3046,FC Fasanerie-Nord 1,Bayern,Kreis München,8,Kreisliga,Frauen KL 01 · Kreis München,031HCC6CE0000003VS5489BUVSJ4CRAP-G,5,0,0,0,0,0,0,0,0,0.0,,fussball.de
3047,FC Gollhofen 2,Bayern,Kreis Würzburg,8,Kreisliga,Frauen KL 02 · Kreis Würzburg,0319U26MJO00000EVS5489BUVV628VP4-G,5,0,0,0,0,0,0,0,0,0.0,,fussball.de
3048,FC Hopferstadt 2,Bayern,Kreis Würzburg,8,Kreisliga,Frauen KL 02 · Kreis Würzburg,0319U26MJO00000EVS5489BUVV628VP4-G,6,0,0,0,0,0,0,0,0,0.0,,fussball.de
3049,FC Issing,Bayern,Kreis Zugspitze,8,Kreisliga,Frauen KL 02 · Kreis Zugspitze,031E59M414000004VS5489BTVUS470OH-G,2,0,0,0,0,0,0,0,0,0.0,,fussball.de
3050,FC Langengeisling 2,Bayern,Kreis Donau/Isar,8,Kreisliga,Frauen KL 04 · Kreis Donau/Isar,030VA1BKMK00005IVS5489BUVVARDA0V-G,6,0,0,0,0,0,0,0,0,0.0,,fussball.de
3051,FC Moosburg,Bayern,Kreis Donau/Isar,8,Kreisliga,Frauen KL 04 · Kreis Donau/Isar,030VA1BKMK00005IVS5489BUVVARDA0V-G,7,0,0,0,0,0,0,0,0,0.0,,fussball.de
3052,FC OVI-Teunz,Bayern,Kreis Cham/Schwandorf,8,Kreisliga,Frauen KL 02 · Kreis Cham/Schwandorf,03195J7FIC000006VS5489BUVV628VP4-G,3,0,0,0,0,0,0,0,0,0.0,,fussball.de
3053,FC RW Sande II zg.,Niedersachsen,Kreis Jade-Weser-Hunte,8,1.Kreisklasse,Frauen 1. Kreisklasse Staffel 2 JWH QR · Kreis Jade-Weser-Hunte,031DNQ83I0000004VS5489BTVUS470OH-G,7,0,0,0,0,0,0,0,0,0.0,,fussball.de
3054,FC Real Kreuth,Bayern,Kreis Zugspitze,8,Kreisliga,Frauen KL 02 · Kreis Zugspitze,031E59M414000004VS5489BTVUS470OH-G,3,0,0,0,0,0,0,0,0,0.0,,fussball.de
3055,FC Rottershausen,Bayern,Kreis Rhön,8,Kreisliga,Frauen KL 03 · Kreis Rhön,0319U59JCC000004VS5489BUVV628VP4-G,4,0,0,0,0,0,0,0,0,0.0,,fussball.de
3056,FC Ruderting 3,Bayern,Kreis Niederbayern Ost,8,Kreisliga,Frauen KL Ost · Kreis Niederbayern Ost,0319TE344C000006VS5489BTVSK8S3O6-G,6,0,0,0,0,0,0,0,0,0.0,,fussball.de
3057,FC Schunter,Niedersachsen,Kreis Braunschweig,8,1.Kreisklasse,Frauen  1.Kreisklasse Braunschweig Ost,031I5MMD28000000VS5489BTVSRD0UH9-G,3,0,0,0,0,0,0,0,0,0.0,,fussball.de
3058,FC Schwandorf-Wornd.-Neuh.,Südbaden,Schwarzwald,8,2.Kreisliga (B),Kreisliga B Frauen Staffel · Schwarzwald,031I7N0GFO000004VS5489BUVVKNMR0J-G,1,0,0,0,0,0,0,0,0,0.0,,fussball.de
3059,FC Stern München 3,Bayern,Kreis München,8,Kreisliga,Frauen KL 01 · Kreis München,031HCC6CE0000003VS5489BUVSJ4CRAP-G,6,0,0,0,0,0,0,0,0,0.0,,fussball.de
3060,FC Teutonia München 1,Bayern,Kreis München,8,Kreisliga,Frauen KL 01 · Kreis München,031HCC6CE0000003VS5489BUVSJ4CRAP-G,7,0,0,0,0,0,0,0,0,0.0,,fussball.de
3061,FC Thalhofen,Bayern,Kreis Allgäu,8,Kreisliga,Frauen KL 01 · Kreis Allgäu,031BE90RT8000005VS5489BUVUR5FS5A-G,4,0,0,0,0,0,0,0,0,0.0,,fussball.de
3062,FC Thüngfeld,Bayern,Kreis Bamberg/Bayreuth/Kulmb.,8,Kreisliga,Frauen KL Süd · Kreis Bamberg/Bayreuth/Kulmb.,031DS8RQ54000007VS5489BUVUR5FS5A-G,9,0,0,0,0,0,0,0,0,0.0,,fussball.de
3063,FC Wichsenstein,Bayern,Kreis Erlangen/Pegnitzgrund,8,Kreisliga,Frauen Kreisliga · Kreis Erlangen/Pegnitzgrund,031GNTFAIC000004VS5489BUVSJ4CRAP-G,6,0,0,0,0,0,0,0,0,0.0,,fussball.de
3064,FC Wiebelsberg,Bayern,Kreis Rhön,8,Kreisliga,Frauen KL 03 · Kreis Rhön,0319U59JCC000004VS5489BUVV628VP4-G,5,0,0,0,0,0,0,0,0,0.0,,fussball.de
3065,FC Wolterdingen,Südbaden,Schwarzwald,8,2.Kreisliga (B),Kreisliga B Frauen Staffel · Schwarzwald,031I7N0GFO000004VS5489BUVVKNMR0J-G,2,0,0,0,0,0,0,0,0,0.0,,fussball.de
3066,FC/DJK Burgoberbach,Bayern,Kreis Nürnberg/Frankenhöhe,8,Kreisliga,Frauen Kreisliga · Kreis Nürnberg/Frankenhöhe,031J8NURMK000004VS5489BUVVKNMR0J-G,5,0,0,0,0,0,0,0,0,0.0,,fussball.de
3067,FSV Friedrichshaller SV,Württemberg,Bezirk Franken (K),8,Kreisliga A; Kreisliga,Kreisliga · Bezirk Franken (K),031FLPVBNG000004VS5489BUVSJ4CRAP-G,1,0,0,0,0,0,0,0,0,0.0,,fussball.de
3068,FSV Schwaigern,Württemberg,Bezirk Franken (K),8,Kreisliga A; Kreisliga,Kreisliga · Bezirk Franken (K),031FLPVBNG000004VS5489BUVSJ4CRAP-G,2,0,0,0,0,0,0,0,0,0.0,,fussball.de
3069,FSV Steinsberg,Bayern,Kreis Regensburg,8,Kreisliga,Frauen KL 03 · Kreis Regensburg,03195JV0C4000006VS5489BUVV628VP4-G,5,0,0,0,0,0,0,0,0,0.0,,fussball.de
3070,FSV VfB Straubing 2 (flex),Bayern,Kreis Niederbayern Ost,8,Kreisliga,Frauen KL Ost · Kreis Niederbayern Ost,0319TE344C000006VS5489BTVSK8S3O6-G,7,0,0,0,0,0,0,0,0,0.0,,fussball.de
3071,FSV Zellingen,Bayern,Kreis Aschaffenburg,8,Kreisliga,Frauen KL 01 · Kreis Aschaffenburg,0319U1JDFS000059VS5489BUVV628VP4-G,2,0,0,0,0,0,0,0,0,0.0,,fussball.de
3072,FV 09 Nürtingen II,Württemberg,Bezirk Neckar/Fils (K),8,Kreisliga A; Kreisliga,Kreisliga A · Bezirk Neckar/Fils (K),03164C6ARO000004VS5489BTVU7GTVLE-G,2,0,0,0,0,0,0,0,0,0.0,,fussball.de
3073,FV Bad Vilbel,Hessen,Region Frankfurt,8,A-Liga (Region),Kreisliga A FFM Gr. 1 · Region Frankfurt,031DO63Q5C00000AVS5489BUVUR5FS5A-G,8,0,0,0,0,0,0,0,0,0.0,,fussball.de
3074,FV Dittenheim,Bayern,Kreis Neumarkt/Jura,8,Kreisliga,Frauen Kreisliga · Kreis Neumarkt/Jura,031HBHH480000007VS5489BTVVG7L386-G,6,0,0,0,0,0,0,0,0,0.0,,fussball.de
3075,FV Karlstadt,Bayern,Kreis Aschaffenburg,8,Kreisliga,Frauen KL 01 · Kreis Aschaffenburg,0319U1JDFS000059VS5489BUVV628VP4-G,3,0,0,0,0,0,0,0,0,0.0,,fussball.de
3076,FV Weithart,Württemberg,Bezirk Bodensee (K),8,Kreisliga A; Kreisliga,Kreisliga A · Bezirk Bodensee (K),0316NFT09K000000VS5489BUVSBBVPEU-G,1,0,0,0,0,0,0,0,0,0.0,,fussball.de
3077,FV Wüstenrot,Württemberg,Bezirk Franken (K),8,Kreisliga A; Kreisliga,Kreisliga · Bezirk Franken (K),031FLPVBNG000004VS5489BUVSJ4CRAP-G,3,0,0,0,0,0,0,0,0,0.0,,fussball.de
3078,FV/DJK St. Georgen,Südbaden,Schwarzwald,8,2.Kreisliga (B),Kreisliga B Frauen Staffel · Schwarzwald,031I7N0GFO000004VS5489BUVVKNMR0J-G,3,0,0,0,0,0,0,0,0,0.0,,fussball.de
3079,FVgg Kickers Aschaffenburg 2,Bayern,Kreis Aschaffenburg,8,Kreisliga,Frauen KL 01 · Kreis Aschaffenburg,0319U1JDFS000059VS5489BUVV628VP4-G,4,0,0,0,0,0,0,0,0,0.0,,fussball.de
3080,Miltenberger SV,Bayern,Kreis Aschaffenburg,8,Kreisliga,Frauen KL 01 · Kreis Aschaffenburg,0319U1JDFS000059VS5489BUVV628VP4-G,5,0,0,0,0,0,0,0,0,0.0,,fussball.de
3081,Post SV Nürnberg 2,Bayern,Kreis Nürnberg/Frankenhöhe,8,Kreisliga,Frauen Kreisliga · Kreis Nürnberg/Frankenhöhe,031J8NURMK000004VS5489BUVVKNMR0J-G,6,0,0,0,0,0,0,0,0,0.0,,fussball.de
3082,SC Adelshofen,Bayern,Kreis Nürnberg/Frankenhöhe,8,Kreisliga,Frauen Kreisliga · Kreis Nürnberg/Frankenhöhe,031J8NURMK000004VS5489BUVVKNMR0J-G,7,0,0,0,0,0,0,0,0,0.0,,fussball.de
3083,SC Bruckberg,Bayern,Kreis Niederbayern West,8,Kreisliga,Frauen KL West · Kreis Niederbayern West,0319TE5J14000007VS5489BTVSK8S3O6-G,5,0,0,0,0,0,0,0,0,0.0,,fussball.de
3084,SC Eibsee Grainau,Bayern,Kreis Zugspitze,8,Kreisliga,Frauen KL 02 · Kreis Zugspitze,031E59M414000004VS5489BTVUS470OH-G,4,0,0,0,0,0,0,0,0,0.0,,fussball.de
3085,SC Eschenbach,Bayern,Kreis Amberg/Weiden,8,Kreisliga,Frauen KL 01 · Kreis Amberg/Weiden,03195HTEMS000001VS5489BUVV628VP4-G,4,0,0,0,0,0,0,0,0,0.0,,fussball.de
3086,SC Kirchenthumbach,Bayern,Kreis Amberg/Weiden,8,Kreisliga,Frauen KL 01 · Kreis Amberg/Weiden,03195HTEMS000001VS5489BUVV628VP4-G,5,0,0,0,0,0,0,0,0,0.0,,fussball.de
3087,SC Luhe-Wildenau 2,Bayern,Kreis Amberg/Weiden,8,Kreisliga,Frauen KL 01 · Kreis Amberg/Weiden,03195HTEMS000001VS5489BUVV628VP4-G,6,0,0,0,0,0,0,0,0,0.0,,fussball.de
3088,SC Melle,Niedersachsen,Kreis Osnabrück,8,1.Kreisklasse,1. Kreisklasse Osnabrück Staffel B,0316EAOQ8400000BVS5489BUVSBBVPEU-G,6,0,0,0,0,0,0,0,0,0.0,,fussball.de
3089,SC Schwarzach,Bayern,Kreis Würzburg,8,Kreisliga,Frauen KL 02 · Kreis Würzburg,0319U26MJO00000EVS5489BUVV628VP4-G,7,0,0,0,0,0,0,0,0,0.0,,fussball.de
3090,SC Urbach,Württemberg,Bezirk Rems/Murr/Hall (K),8,Kreisliga A; Kreisliga,Kreisliga · Bezirk Rems/Murr/Hall (K),031LPMEH40000006VS5489BTVSRD0UH9-G,1,0,0,0,0,0,0,0,0,0.0,,fussball.de
3091,SF Steinsdorf,Bayern,Kreis Donau/Isar,8,Kreisliga,Frauen KL 04 · Kreis Donau/Isar,030VA1BKMK00005IVS5489BUVVARDA0V-G,8,0,0,0,0,0,0,0,0,0.0,,fussball.de
3092,SF Wüsting-Altmoorhausen 9er,Niedersachsen,Kreis Vechta,8,1.Kreisklasse,1.Kreisklasse VEC/CLP/OL-Land-DEL · Kreis Vechta,03187JUS9K000004VS5489BTVU7GTVLE-G,7,0,0,0,0,0,0,0,0,0.0,,fussball.de
3093,SG Böbing-Uffing,Bayern,Kreis Zugspitze,8,Kreisliga,Frauen KL 02 · Kreis Zugspitze,031E59M414000004VS5489BTVUS470OH-G,5,0,0,0,0,0,0,0,0,0.0,,fussball.de
3094,SG GoLüWa zg.,Niedersachsen,Kreis Hildesheim-Holzminden,8,1.Kreisklasse,1. Kreisklasse Hildesheim/Holzminden · Kreis Hildesheim-Holzminden,031D70KNI8000003VS5489BUVUR5FS5A-G,12,0,0,0,0,0,0,0,0,0.0,,fussball.de
3095,SG Isarwinkel,Bayern,Kreis Zugspitze,8,Kreisliga,Frauen KL 02 · Kreis Zugspitze,031E59M414000004VS5489BTVUS470OH-G,6,0,0,0,0,0,0,0,0,0.0,,fussball.de
3096,SG Lapautal,Niedersachsen,Kreis Braunschweig,8,1.Kreisklasse,Frauen  1.Kreisklasse Braunschweig Ost,031I5MMD28000000VS5489BTVSRD0UH9-G,4,0,0,0,0,0,0,0,0,0.0,,fussball.de
3097,SG SpVgg Wildenroth / FC Aich,Bayern,Kreis Zugspitze,8,Kreisliga,Frauen KL 02 · Kreis Zugspitze,031E59M414000004VS5489BTVUS470OH-G,7,0,0,0,0,0,0,0,0,0.0,,fussball.de
3098,SG Stuttgart-West II,Württemberg,Bezirk Stuttgart/Böblingen (K),8,Kreisliga A; Kreisliga,Kreisliga A · Bezirk Stuttgart/Böblingen (K),03160IRTKO000005VS5489BUVSBBVPEU-G,1,0,0,0,0,0,0,0,0,0.0,,fussball.de
3099,SG TSV Peissenberg / ASV Eglfing,Bayern,Kreis Zugspitze,8,Kreisliga,Frauen KL 02 · Kreis Zugspitze,031E59M414000004VS5489BTVUS470OH-G,8,0,0,0,0,0,0,0,0,0.0,,fussball.de
3100,SGM Aufhausen/Nellingen II,Württemberg,Bezirk Neckar/Fils (K),8,Kreisliga A; Kreisliga,Kreisliga A · Bezirk Neckar/Fils (K),03164C6ARO000004VS5489BTVU7GTVLE-G,3,0,0,0,0,0,0,0,0,0.0,,fussball.de
3101,SGM Bondorf II/Mönchberg II/Kayh II/Herrenberg III,Württemberg,Bezirk Stuttgart/Böblingen (K),8,Kreisliga A; Kreisliga,Kreisliga A · Bezirk Stuttgart/Böblingen (K),03160IRTKO000005VS5489BUVSBBVPEU-G,2,0,0,0,0,0,0,0,0,0.0,,fussball.de
3102,SGM DJK Bühlerzell/SC Bühlertann,Württemberg,Bezirk Rems/Murr/Hall (K),8,Kreisliga A; Kreisliga,Kreisliga · Bezirk Rems/Murr/Hall (K),031LPMEH40000006VS5489BTVSRD0UH9-G,2,0,0,0,0,0,0,0,0,0.0,,fussball.de
3103,SGM FV Bad Waldsee/SV Reute II,Württemberg,Bezirk Bodensee (K),8,Kreisliga A; Kreisliga,Kreisliga A · Bezirk Bodensee (K),0316NFT09K000000VS5489BUVSBBVPEU-G,2,0,0,0,0,0,0,0,0,0.0,,fussball.de
3104,SGM Grafenberg / Neuffen,Württemberg,Bezirk Neckar/Fils (K),8,Kreisliga A; Kreisliga,Kreisliga A · Bezirk Neckar/Fils (K),03164C6ARO000004VS5489BTVU7GTVLE-G,4,0,0,0,0,0,0,0,0,0.0,,fussball.de
3105,SGM Oppenweiler III/Sulzbach III/Backnang II,Württemberg,Bezirk Rems/Murr/Hall (K),8,Kreisliga A; Kreisliga,Kreisliga · Bezirk Rems/Murr/Hall (K),031LPMEH40000006VS5489BTVSRD0UH9-G,3,0,0,0,0,0,0,0,0,0.0,,fussball.de
3106,SGM SV Immenried II/ SV Gebrazhofen I,Württemberg,Bezirk Bodensee (K),8,Kreisliga A; Kreisliga,Kreisliga A · Bezirk Bodensee (K),0316NFT09K000000VS5489BUVSBBVPEU-G,3,0,0,0,0,0,0,0,0,0.0,,fussball.de
3107,SGM SV Kressbronn/Langenargen II,Württemberg,Bezirk Bodensee (K),8,Kreisliga A; Kreisliga,Kreisliga A · Bezirk Bodensee (K),0316NFT09K000000VS5489BUVSBBVPEU-G,4,0,0,0,0,0,0,0,0,0.0,,fussball.de
3108,SGM TSG Salach/VfR Süßen,Württemberg,Bezirk Neckar/Fils (K),8,Kreisliga A; Kreisliga,Kreisliga A · Bezirk Neckar/Fils (K),03164C6ARO000004VS5489BTVU7GTVLE-G,5,0,0,0,0,0,0,0,0,0.0,,fussball.de
3109,SGM TSV Berg / TSB Ravensburg / FV Ravensburg,Württemberg,Bezirk Bodensee (K),8,Kreisliga A; Kreisliga,Kreisliga A · Bezirk Bodensee (K),0316NFT09K000000VS5489BUVSBBVPEU-G,5,0,0,0,0,0,0,0,0,0.0,,fussball.de
3110,SGM TSV Blaufelden/Wiesenbach/Schrozberg II,Württemberg,Bezirk Rems/Murr/Hall (K),8,Kreisliga A; Kreisliga,Kreisliga · Bezirk Rems/Murr/Hall (K),031LPMEH40000006VS5489BTVSRD0UH9-G,4,0,0,0,0,0,0,0,0,0.0,,fussball.de
3111,SGM Unterheimbach/Neulautern,Württemberg,Bezirk Franken (K),8,Kreisliga A; Kreisliga,Kreisliga · Bezirk Franken (K),031FLPVBNG000004VS5489BUVSJ4CRAP-G,4,0,0,0,0,0,0,0,0,0.0,,fussball.de
3112,SGM Wendlingen/Ötlingen II,Württemberg,Bezirk Neckar/Fils (K),8,Kreisliga A; Kreisliga,Kreisliga A · Bezirk Neckar/Fils (K),03164C6ARO000004VS5489BTVU7GTVLE-G,6,0,0,0,0,0,0,0,0,0.0,,fussball.de
3113,SGV Nürnberg-Fürth 2,Bayern,Kreis Nürnberg/Frankenhöhe,8,Kreisliga,Frauen Kreisliga · Kreis Nürnberg/Frankenhöhe,031J8NURMK000004VS5489BUVVKNMR0J-G,8,0,0,0,0,0,0,0,0,0.0,,fussball.de
3114,SK Fichtenberg,Württemberg,Bezirk Rems/Murr/Hall (K),8,Kreisliga A; Kreisliga,Kreisliga · Bezirk Rems/Murr/Hall (K),031LPMEH40000006VS5489BTVSRD0UH9-G,5,0,0,0,0,0,0,0,0,0.0,,fussball.de
3115,SK Heuchling 2,Bayern,Kreis Erlangen/Pegnitzgrund,8,Kreisliga,Frauen Kreisliga · Kreis Erlangen/Pegnitzgrund,031GNTFAIC000004VS5489BUVSJ4CRAP-G,7,0,0,0,0,0,0,0,0,0.0,,fussball.de
3116,SSV Aurach,Bayern,Kreis Nürnberg/Frankenhöhe,8,Kreisliga,Frauen Kreisliga · Kreis Nürnberg/Frankenhöhe,031J8NURMK000004VS5489BUVVKNMR0J-G,9,0,0,0,0,0,0,0,0,0.0,,fussball.de
3117,SSV Schorndorf,Bayern,Kreis Cham/Schwandorf,8,Kreisliga,Frauen KL 02 · Kreis Cham/Schwandorf,03195J7FIC000006VS5489BUVV628VP4-G,4,0,0,0,0,0,0,0,0,0.0,,fussball.de
3118,SV 1928 Veitshöchheim 2,Bayern,Kreis Aschaffenburg,8,Kreisliga,Frauen KL 01 · Kreis Aschaffenburg,0319U1JDFS000059VS5489BUVV628VP4-G,6,0,0,0,0,0,0,0,0,0.0,,fussball.de
3119,SV Ahlerstedt/Ottendorf IV 9er/11er,Niedersachsen,Kreis Stade,8,1.Kreisklasse,Frauen 1. Kreisklasse Stade/Harburg Süd,0319RJP174000009VS5489BUVV628VP4-G,3,0,0,0,0,0,0,0,0,0.0,,fussball.de
3120,SV Altenstadt/WN,Bayern,Kreis Amberg/Weiden,8,Kreisliga,Frauen KL 01 · Kreis Amberg/Weiden,03195HTEMS000001VS5489BUVV628VP4-G,7,0,0,0,0,0,0,0,0,0.0,,fussball.de
3121,SV Beuren II,Württemberg,Bezirk Bodensee (K),8,Kreisliga A; Kreisliga,Kreisliga A · Bezirk Bodensee (K),0316NFT09K000000VS5489BUVSBBVPEU-G,6,0,0,0,0,0,0,0,0,0.0,,fussball.de
3122,SV Dornach,Bayern,Kreis München,8,Kreisliga,Frauen KL 01 · Kreis München,031HCC6CE0000003VS5489BUVSJ4CRAP-G,8,0,0,0,0,0,0,0,0,0.0,,fussball.de
3123,SV Gemeinfeld 2,Bayern,Kreis Rhön,8,Kreisliga,Frauen KL 03 · Kreis Rhön,0319U59JCC000004VS5489BUVV628VP4-G,6,0,0,0,0,0,0,0,0,0.0,,fussball.de
3124,SV Haisterkirch,Württemberg,Bezirk Bodensee (K),8,Kreisliga A; Kreisliga,Kreisliga A · Bezirk Bodensee (K),0316NFT09K000000VS5489BUVSBBVPEU-G,7,0,0,0,0,0,0,0,0,0.0,,fussball.de
3125,SV Harderberg II,Niedersachsen,Kreis Osnabrück,8,1.Kreisklasse,1. Kreisklasse Osnabrück Staffel B,0316EAOQ8400000BVS5489BUVSBBVPEU-G,7,0,0,0,0,0,0,0,0,0.0,,fussball.de
3126,SV Hoffeld II,Württemberg,Bezirk Stuttgart/Böblingen (K),8,Kreisliga A; Kreisliga,Kreisliga A · Bezirk Stuttgart/Böblingen (K),03160IRTKO000005VS5489BUVSBBVPEU-G,3,0,0,0,0,0,0,0,0,0.0,,fussball.de
3127,SV Horgenzell,Württemberg,Bezirk Bodensee (K),8,Kreisliga A; Kreisliga,Kreisliga A · Bezirk Bodensee (K),0316NFT09K000000VS5489BUVSBBVPEU-G,8,0,0,0,0,0,0,0,0,0.0,,fussball.de
3128,SV Höhenberg,Bayern,Kreis Neumarkt/Jura,8,Kreisliga,Frauen Kreisliga · Kreis Neumarkt/Jura,031HBHH480000007VS5489BTVVG7L386-G,7,0,0,0,0,0,0,0,0,0.0,,fussball.de
3129,SV Karlskron,Bayern,Kreis Donau/Isar,8,Kreisliga,Frauen KL 04 · Kreis Donau/Isar,030VA1BKMK00005IVS5489BUVVARDA0V-G,9,0,0,0,0,0,0,0,0,0.0,,fussball.de
3130,SV Landshut-Münchnerau,Bayern,Kreis Niederbayern West,8,Kreisliga,Frauen KL West · Kreis Niederbayern West,0319TE5J14000007VS5489BTVSK8S3O6-G,6,0,0,0,0,0,0,0,0,0.0,,fussball.de
3131,SV Lohberg,Bayern,Kreis Cham/Schwandorf,8,Kreisliga,Frauen KL 02 · Kreis Cham/Schwandorf,03195J7FIC000006VS5489BUVV628VP4-G,5,0,0,0,0,0,0,0,0,0.0,,fussball.de
3132,SV Mitterkreith,Bayern,Kreis Cham/Schwandorf,8,Kreisliga,Frauen KL 02 · Kreis Cham/Schwandorf,03195J7FIC000006VS5489BUVV628VP4-G,6,0,0,0,0,0,0,0,0,0.0,,fussball.de
3133,SV Morsbach,Württemberg,Bezirk Franken (K),8,Kreisliga A; Kreisliga,Kreisliga · Bezirk Franken (K),031FLPVBNG000004VS5489BUVSJ4CRAP-G,5,0,0,0,0,0,0,0,0,0.0,,fussball.de
3134,SV Mosbach,Bayern,Kreis Nürnberg/Frankenhöhe,8,Kreisliga,Frauen Kreisliga · Kreis Nürnberg/Frankenhöhe,031J8NURMK000004VS5489BUVVKNMR0J-G,10,0,0,0,0,0,0,0,0,0.0,,fussball.de
3135,SV München Laim,Bayern,Kreis München,8,Kreisliga,Frauen KL 01 · Kreis München,031HCC6CE0000003VS5489BUVSJ4CRAP-G,9,0,0,0,0,0,0,0,0,0.0,,fussball.de
3136,SV Oberhatzkofen,Bayern,Kreis Niederbayern West,8,Kreisliga,Frauen KL West · Kreis Niederbayern West,0319TE5J14000007VS5489BTVSK8S3O6-G,7,0,0,0,0,0,0,0,0,0.0,,fussball.de
3137,SV Poppenreuth,Bayern,Kreis Nürnberg/Frankenhöhe,8,Kreisliga,Frauen Kreisliga · Kreis Nürnberg/Frankenhöhe,031J8NURMK000004VS5489BUVVKNMR0J-G,11,0,0,0,0,0,0,0,0,0.0,,fussball.de
3138,SV Prutting 1,Bayern,Kreis Inn/Salzach,8,Kreisliga,Frauen KL 03 · Kreis Inn/Salzach,031CIME7AC00003OVS5489BTVUS470OH-G,7,0,0,0,0,0,0,0,0,0.0,,fussball.de
3139,SV RW Überacker 2,Bayern,Kreis Zugspitze,8,Kreisliga,Frauen KL 02 · Kreis Zugspitze,031E59M414000004VS5489BTVUS470OH-G,9,0,0,0,0,0,0,0,0,0.0,,fussball.de
3140,SV Schwaig bei Nürnberg,Bayern,Kreis Erlangen/Pegnitzgrund,8,Kreisliga,Frauen Kreisliga · Kreis Erlangen/Pegnitzgrund,031GNTFAIC000004VS5489BUVSJ4CRAP-G,8,0,0,0,0,0,0,0,0,0.0,,fussball.de
3141,SV Schöllkrippen,Bayern,Kreis Aschaffenburg,8,Kreisliga,Frauen KL 01 · Kreis Aschaffenburg,0319U1JDFS000059VS5489BUVV628VP4-G,7,0,0,0,0,0,0,0,0,0.0,,fussball.de
3142,SV Schönau,Bayern,Kreis Niederbayern Ost,8,Kreisliga,Frauen KL Ost · Kreis Niederbayern Ost,0319TE344C000006VS5489BTVSK8S3O6-G,8,0,0,0,0,0,0,0,0,0.0,,fussball.de
3143,SV Stauf,Bayern,Kreis Neumarkt/Jura,8,Kreisliga,Frauen Kreisliga · Kreis Neumarkt/Jura,031HBHH480000007VS5489BTVVG7L386-G,8,0,0,0,0,0,0,0,0,0.0,,fussball.de
3144,SV Sulzkirchen,Bayern,Kreis Neumarkt/Jura,8,Kreisliga,Frauen Kreisliga · Kreis Neumarkt/Jura,031HBHH480000007VS5489BTVVG7L386-G,9,0,0,0,0,0,0,0,0,0.0,,fussball.de
3145,SV Sülzbach II,Württemberg,Bezirk Franken (K),8,Kreisliga A; Kreisliga,Kreisliga · Bezirk Franken (K),031FLPVBNG000004VS5489BUVSJ4CRAP-G,6,0,0,0,0,0,0,0,0,0.0,,fussball.de
3146,SV Türkgücü Königsbrunn,Bayern,Kreis Augsburg,8,Kreisliga,Frauen KL 02 · Kreis Augsburg,031BE9QCF4000006VS5489BUVUR5FS5A-G,6,0,0,0,0,0,0,0,0,0.0,,fussball.de
3147,SV Wenzenbach 2,Bayern,Kreis Regensburg,8,Kreisliga,Frauen KL 03 · Kreis Regensburg,03195JV0C4000006VS5489BUVV628VP4-G,6,0,0,0,0,0,0,0,0,0.0,,fussball.de
3148,SV Weser Leteln 9er,Westfalen,Kreis Lemgo,8,Kreisliga B,Frauen Kreisliga B HF/LE/MI/LK · Kreis Lemgo,031DIO80CG000003VS5489BTVUS470OH-G,6,0,0,0,0,0,0,0,0,0.0,,fussball.de
3149,SV Wilting 2,Bayern,Kreis Cham/Schwandorf,8,Kreisliga,Frauen KL 02 · Kreis Cham/Schwandorf,03195J7FIC000006VS5489BUVV628VP4-G,7,0,0,0,0,0,0,0,0,0.0,,fussball.de
3150,SV Ölkofen,Württemberg,Bezirk Bodensee (K),8,Kreisliga A; Kreisliga,Kreisliga A · Bezirk Bodensee (K),0316NFT09K000000VS5489BUVSBBVPEU-G,9,0,0,0,0,0,0,0,0,0.0,,fussball.de
3151,SpFrd. 48 Unterhohenried,Bayern,Kreis Rhön,8,Kreisliga,Frauen KL 03 · Kreis Rhön,0319U59JCC000004VS5489BUVV628VP4-G,7,0,0,0,0,0,0,0,0,0.0,,fussball.de
3152,SpVgg Wolfsbuch/Zell,Bayern,Kreis Donau/Isar,8,Kreisliga,Frauen KL 04 · Kreis Donau/Isar,030VA1BKMK00005IVS5489BUVVARDA0V-G,10,0,0,0,0,0,0,0,0,0.0,,fussball.de
3153,Spfr Widdern II,Württemberg,Bezirk Franken (K),8,Kreisliga A; Kreisliga,Kreisliga · Bezirk Franken (K),031FLPVBNG000004VS5489BUVSJ4CRAP-G,7,0,0,0,0,0,0,0,0,0.0,,fussball.de
3154,Spfrd Herbstadt,Bayern,Kreis Rhön,8,Kreisliga,Frauen KL 03 · Kreis Rhön,0319U59JCC000004VS5489BUVV628VP4-G,8,0,0,0,0,0,0,0,0,0.0,,fussball.de
3155,Sportverein Heilbronn am Leinbach II,Württemberg,Bezirk Franken (K),8,Kreisliga A; Kreisliga,Kreisliga · Bezirk Franken (K),031FLPVBNG000004VS5489BUVSJ4CRAP-G,8,0,0,0,0,0,0,0,0,0.0,,fussball.de
3156,Spvgg Oedheim II,Württemberg,Bezirk Franken (K),8,Kreisliga A; Kreisliga,Kreisliga · Bezirk Franken (K),031FLPVBNG000004VS5489BUVSJ4CRAP-G,9,0,0,0,0,0,0,0,0,0.0,,fussball.de
3157,TB Ruit,Württemberg,Bezirk Neckar/Fils (K),8,Kreisliga A; Kreisliga,Kreisliga A · Bezirk Neckar/Fils (K),03164C6ARO000004VS5489BTVU7GTVLE-G,7,0,0,0,0,0,0,0,0,0.0,,fussball.de
3158,TSG Kirchberg/Jagst,Württemberg,Bezirk Rems/Murr/Hall (K),8,Kreisliga A; Kreisliga,Kreisliga · Bezirk Rems/Murr/Hall (K),031LPMEH40000006VS5489BTVSRD0UH9-G,6,0,0,0,0,0,0,0,0,0.0,,fussball.de
3159,TSV 1860 München 2,Bayern,Kreis München,8,Kreisliga,Frauen KL 01 · Kreis München,031HCC6CE0000003VS5489BUVSJ4CRAP-G,10,0,0,0,0,0,0,0,0,0.0,,fussball.de
3160,TSV 1893 Gangkofen,Bayern,Kreis Niederbayern West,8,Kreisliga,Frauen KL West · Kreis Niederbayern West,0319TE5J14000007VS5489BTVSK8S3O6-G,8,0,0,0,0,0,0,0,0,0.0,,fussball.de
3161,TSV 1904 Welden,Bayern,Kreis Augsburg,8,Kreisliga,Frauen KL 03 · Kreis Augsburg,031BE9QCKS000006VS5489BUVUR5FS5A-G,9,0,0,0,0,0,0,0,0,0.0,,fussball.de
3162,TSV Altenmarkt/Alz,Bayern,Kreis Inn/Salzach,8,Kreisliga,Frauen KL 03 · Kreis Inn/Salzach,031CIME7AC00003OVS5489BTVUS470OH-G,8,0,0,0,0,0,0,0,0,0.0,,fussball.de
3163,TSV Brunn,Bayern,Kreis Regensburg,8,Kreisliga,Frauen KL 03 · Kreis Regensburg,03195JV0C4000006VS5489BUVV628VP4-G,7,0,0,0,0,0,0,0,0,0.0,,fussball.de
3164,TSV Drügendorf/T,Bayern,Kreis Erlangen/Pegnitzgrund,8,Kreisliga,Frauen Kreisliga · Kreis Erlangen/Pegnitzgrund,031GNTFAIC000004VS5489BUVSJ4CRAP-G,9,0,0,0,0,0,0,0,0,0.0,,fussball.de
3165,TSV Eintracht Karlsfeld,Bayern,Kreis München,8,Kreisliga,Frauen KL 01 · Kreis München,031HCC6CE0000003VS5489BUVSJ4CRAP-G,11,0,0,0,0,0,0,0,0,0.0,,fussball.de
3166,TSV Heumaden II,Württemberg,Bezirk Stuttgart/Böblingen (K),8,Kreisliga A; Kreisliga,Kreisliga A · Bezirk Stuttgart/Böblingen (K),03160IRTKO000005VS5489BUVSBBVPEU-G,4,0,0,0,0,0,0,0,0,0.0,,fussball.de
3167,TSV Kohlberg,Württemberg,Bezirk Neckar/Fils (K),8,Kreisliga A; Kreisliga,Kreisliga A · Bezirk Neckar/Fils (K),03164C6ARO000004VS5489BTVU7GTVLE-G,8,0,0,0,0,0,0,0,0,0.0,,fussball.de
3168,TSV Leinfelden II,Württemberg,Bezirk Stuttgart/Böblingen (K),8,Kreisliga A; Kreisliga,Kreisliga A · Bezirk Stuttgart/Böblingen (K),03160IRTKO000005VS5489BUVSBBVPEU-G,5,0,0,0,0,0,0,0,0,0.0,,fussball.de
3169,TSV Michelfeld 2,Württemberg,Bezirk Rems/Murr/Hall (K),8,Kreisliga A; Kreisliga,Kreisliga · Bezirk Rems/Murr/Hall (K),031LPMEH40000006VS5489BTVSRD0UH9-G,7,0,0,0,0,0,0,0,0,0.0,,fussball.de
3170,TSV Mühlhausen/Stuttgart II,Württemberg,Bezirk Stuttgart/Böblingen (K),8,Kreisliga A; Kreisliga,Kreisliga A · Bezirk Stuttgart/Böblingen (K),03160IRTKO000005VS5489BUVSBBVPEU-G,6,0,0,0,0,0,0,0,0,0.0,,fussball.de
3171,TSV Neudorf 2,Bayern,Kreis Amberg/Weiden,8,Kreisliga,Frauen KL 01 · Kreis Amberg/Weiden,03195HTEMS000001VS5489BUVV628VP4-G,8,0,0,0,0,0,0,0,0,0.0,,fussball.de
3172,TSV Neuhaus/Aisch,Bayern,Kreis Erlangen/Pegnitzgrund,8,Kreisliga,Frauen Kreisliga · Kreis Erlangen/Pegnitzgrund,031GNTFAIC000004VS5489BUVSJ4CRAP-G,10,0,0,0,0,0,0,0,0,0.0,,fussball.de
3173,TSV Neukirch,Württemberg,Bezirk Bodensee (K),8,Kreisliga A; Kreisliga,Kreisliga A · Bezirk Bodensee (K),0316NFT09K000000VS5489BUVSBBVPEU-G,10,0,0,0,0,0,0,0,0,0.0,,fussball.de
3174,TSV Obertaufkirchen 1,Bayern,Kreis Inn/Salzach,8,Kreisliga,Frauen KL 03 · Kreis Inn/Salzach,031CIME7AC00003OVS5489BTVUS470OH-G,9,0,0,0,0,0,0,0,0,0.0,,fussball.de
3175,TSV Ohrnberg,Württemberg,Bezirk Franken (K),8,Kreisliga A; Kreisliga,Kreisliga · Bezirk Franken (K),031FLPVBNG000004VS5489BUVSJ4CRAP-G,10,0,0,0,0,0,0,0,0,0.0,,fussball.de
3176,TSV Prosselsheim,Bayern,Kreis Würzburg,8,Kreisliga,Frauen KL 02 · Kreis Würzburg,0319U26MJO00000EVS5489BUVV628VP4-G,8,0,0,0,0,0,0,0,0,0.0,,fussball.de
3177,TSV Schlechtbach,Württemberg,Bezirk Rems/Murr/Hall (K),8,Kreisliga A; Kreisliga,Kreisliga · Bezirk Rems/Murr/Hall (K),031LPMEH40000006VS5489BTVSRD0UH9-G,8,0,0,0,0,0,0,0,0,0.0,,fussball.de
3178,TSV Steinhaldenfeld,Württemberg,Bezirk Stuttgart/Böblingen (K),8,Kreisliga A; Kreisliga,Kreisliga A · Bezirk Stuttgart/Böblingen (K),03160IRTKO000005VS5489BUVSBBVPEU-G,7,0,0,0,0,0,0,0,0,0.0,,fussball.de
3179,TSV Weilheim,Württemberg,Bezirk Neckar/Fils (K),8,Kreisliga A; Kreisliga,Kreisliga A · Bezirk Neckar/Fils (K),03164C6ARO000004VS5489BTVU7GTVLE-G,9,0,0,0,0,0,0,0,0,0.0,,fussball.de
3180,TSVgg Plattenhardt,Württemberg,Bezirk Stuttgart/Böblingen (K),8,Kreisliga A; Kreisliga,Kreisliga A · Bezirk Stuttgart/Böblingen (K),03160IRTKO000005VS5489BUVSBBVPEU-G,8,0,0,0,0,0,0,0,0,0.0,,fussball.de
3181,TV 1861 Hassfurt,Bayern,Kreis Rhön,8,Kreisliga,Frauen KL 03 · Kreis Rhön,0319U59JCC000004VS5489BUVV628VP4-G,9,0,0,0,0,0,0,0,0,0.0,,fussball.de
3182,TV21 Büchenbach 2,Bayern,Kreis Neumarkt/Jura,8,Kreisliga,Frauen Kreisliga · Kreis Neumarkt/Jura,031HBHH480000007VS5489BTVVG7L386-G,10,0,0,0,0,0,0,0,0,0.0,,fussball.de
3183,TVV Neu Wulmstorf II 9er/11er,Niedersachsen,Kreis Stade,8,1.Kreisklasse,Frauen 1. Kreisklasse Stade/Harburg Süd,0319RJP174000009VS5489BUVV628VP4-G,4,0,0,0,0,0,0,0,0,0.0,,fussball.de
3184,TuS Falke Rußdorf,Sachsen,Kreis Mittelsachsen,8,1.Kreisklasse,Frauen - Kreisklasse · Kreis Mittelsachsen,031HSR6J7O00000CVS5489BTVSRD0UH9-G,5,0,0,0,0,0,0,0,0,0.0,,fussball.de
3185,Union 03/BSV 19 1.Fr. 7er SG,Hamburg,Kreisebene Hamburg,8,Sonderklasse,FSK 01 Herbst · Kreisebene Hamburg,0314CMEQSG00000DVS5489BTVU7GTVLE-G,9,0,0,0,0,0,0,0,0,0.0,,fussball.de
3186,VFR Bockenheim,Hessen,Region Frankfurt,8,A-Liga (Region),Kreisliga A FFM Gr. 1 · Region Frankfurt,031DO63Q5C00000AVS5489BUVUR5FS5A-G,9,0,0,0,0,0,0,0,0,0.0,,fussball.de
3187,VfL Kaltental,Württemberg,Bezirk Stuttgart/Böblingen (K),8,Kreisliga A; Kreisliga,Kreisliga A · Bezirk Stuttgart/Böblingen (K),03160IRTKO000005VS5489BUVSBBVPEU-G,9,0,0,0,0,0,0,0,0,0.0,,fussball.de
3188,VfL Kirchheim,Württemberg,Bezirk Neckar/Fils (K),8,Kreisliga A; Kreisliga,Kreisliga A · Bezirk Neckar/Fils (K),03164C6ARO000004VS5489BTVU7GTVLE-G,10,0,0,0,0,0,0,0,0,0.0,,fussball.de
3189,VfR 1923 Großostheim 2,Bayern,Kreis Aschaffenburg,8,Kreisliga,Frauen KL 01 · Kreis Aschaffenburg,0319U1JDFS000059VS5489BUVV628VP4-G,8,0,0,0,0,0,0,0,0,0.0,,fussball.de
3190,VfR Bibergau,Bayern,Kreis Würzburg,8,Kreisliga,Frauen KL 02 · Kreis Würzburg,0319U26MJO00000EVS5489BUVV628VP4-G,9,0,0,0,0,0,0,0,0,0.0,,fussball.de
3191,VfR Laberweinting,Bayern,Kreis Niederbayern West,8,Kreisliga,Frauen KL West · Kreis Niederbayern West,0319TE5J14000007VS5489BTVSK8S3O6-G,9,0,0,0,0,0,0,0,0,0.0,,fussball.de
3192,TSV Roßhaupten 1,Bayern,Kreis Allgäu,8,Kreisliga,Frauen KL 01 · Kreis Allgäu,031BE90RT8000005VS5489BUVUR5FS5A-G,5,1,0,0,1,5,6,-1,0,0.0,,fussball.de
3193,SV B-W Galgenmoor 9er,Niedersachsen,Kreis Vechta,8,1.Kreisklasse,1.Kreisklasse VEC/CLP/OL-Land-DEL · Kreis Vechta,03187JUS9K000004VS5489BTVU7GTVLE-G,8,1,0,0,1,1,2,-1,0,0.0,,fussball.de
3194,SV Kleinbeuren,Bayern,Kreis Augsburg,8,Kreisliga,Frauen KL 03 · Kreis Augsburg,031BE9QCKS000006VS5489BUVUR5FS5A-G,10,1,0,0,1,1,2,-1,0,0.0,,fussball.de
3195,TSG 2005 Bamberg 2,Bayern,Kreis Bamberg/Bayreuth/Kulmb.,8,Kreisliga,Frauen KL Süd · Kreis Bamberg/Bayreuth/Kulmb.,031DS8RQ54000007VS5489BUVUR5FS5A-G,10,1,0,0,1,1,2,-1,0,0.0,,fussball.de
3196,FC Westharz 2,Niedersachsen,Kreis Northeim-Einbeck,8,1.Kreisklasse,1.Kreisklasse Staffel 1 · Kreis Northeim-Einbeck,031BO0GMJO000004VS5489BUVUR5FS5A-G,8,1,0,0,1,0,1,-1,0,0.0,,fussball.de
3197,SV BW Aasee III,Westfalen,Kreis Münster,8,Kreisliga B,Frauen Kreisliga B · Kreis Münster,031HB9DJH0000006VS5489BTVVG7L386-G,10,3,1,0,2,6,10,-4,0,0.0,,fussball.de
3198,SG Wenden/Kralenriede,Niedersachsen,Kreis Braunschweig,8,1.Kreisklasse,Frauen  1.Kreisklasse Braunschweig West,031I5OT5TO000005VS5489BTVSRD0UH9-G,5,2,0,0,2,1,4,-3,0,0.0,,fussball.de
3199,VfR Jagdshof 1931 e.V. (flex),Bayern,Kreis Coburg/Kronach/Lichtenf.,8,Kreisliga,Frauen KL Nord · Kreis Coburg/Kronach/Lichtenf.,031DRU7NNS000004VS5489BUVUR5FS5A-G,10,2,0,0,2,1,4,-3,0,0.0,,fussball.de
3200,ASV Ellewick,Westfalen,Kreis Ahaus-Coesfeld,8,Kreisliga B,Frauen Kreisliga B Ahaus-Coesfeld,031LOUIP78000000VS5489BTVSRD0UH9-G,12,3,0,0,3,1,6,-5,0,0.0,,fussball.de
3201,SV Grün-Weiß Wernesgrün,Sachsen,Kreis Vogtland,8,1.Kreisklasse,Vogtlandklasse,031GL911FO000008VS5489BUVSJ4CRAP-G,6,1,0,0,1,3,5,-2,0,0.0,,fussball.de
3202,TSG Ahlten II (7er),Niedersachsen,Kreis Region Hannover,8,1.Kreisklasse,Frauen Kreisklasse Staffel 2 · Kreis Region Hannover,031558T1QG00000BVS5489BTVU7GTVLE-G,8,2,0,0,2,5,9,-4,0,0.0,,fussball.de
3203,Ay Yildiz Hagen (9er),Westfalen,Kreis Hagen,8,Kreisliga B,Frauen Kreisliga B DO/HA · Kreis Hagen,031LE19JQO00000DVS5489BTVSRD0UH9-G,13,2,0,0,2,2,6,-4,0,0.0,,fussball.de
3204,SG Hollen/Lamstedt 9er/11er,Niedersachsen,Kreis Stade,8,1.Kreisklasse,Frauen 1. Kreisklasse Stade/Harburg Nord,0319JRKGTS00000AVS5489BUVV628VP4-G,5,1,0,0,1,1,3,-2,0,0.0,,fussball.de
3205,SG Kalkriese/Engter/Venne,Niedersachsen,Kreis Osnabrück,8,1.Kreisklasse,1. Kreisklasse Osnabrück Staffel B,0316EAOQ8400000BVS5489BUVSBBVPEU-G,8,1,0,0,1,1,3,-2,0,0.0,,fussball.de
3206,SV Perkam,Bayern,Kreis Niederbayern Ost,8,Kreisliga,Frauen KL Ost · Kreis Niederbayern Ost,0319TE344C000006VS5489BTVSK8S3O6-G,9,1,0,0,1,1,3,-2,0,0.0,,fussball.de
3207,TSV Brunsbrock II,Niedersachsen,Kreis Verden,8,1.Kreisklasse,Kreisklasse Verden/Osterholz,031CBUHLKK000004VS5489BTVUS470OH-G,7,2,0,0,2,1,5,-4,0,0.0,,fussball.de
3208,SSV Schwarzenbach a.Wald,Bayern,Kreis Hof/Tirschenr./Wunsiedel,8,Kreisliga,Frauen KL Ost · Kreis Hof/Tirschenr./Wunsiedel,031DS4HJK4000005VS5489BUVUR5FS5A-G,8,2,0,0,2,0,4,-4,0,0.0,,fussball.de
3209,SV Wörnitzstein-Berg 2,Bayern,Kreis Donau,8,Kreisliga,Frauen KL 04 · Kreis Donau,031BEATBIG000006VS5489BUVUR5FS5A-G,7,1,0,0,1,0,2,-2,0,0.0,,fussball.de
3210,SpG Marienberg/Gelobtland,Sachsen,Kreis Mittelsachsen,8,1.Kreisklasse,Frauen - Kreisklasse · Kreis Mittelsachsen,031HSR6J7O00000CVS5489BTVSRD0UH9-G,6,1,0,0,1,0,2,-2,0,0.0,,fussball.de
3211,TSV Westerode (5er),Niedersachsen,Kreis Nordharz,8,1.Kreisklasse,1.Kreisklasse · Kreis Nordharz,031EQ3GG5O000003VS5489BUVUR5FS5A-G,8,1,0,0,1,0,2,-2,0,0.0,,fussball.de
3212,VfL Klosterbauerschaft 9er,Westfalen,Kreis Lemgo,8,Kreisliga B,Frauen Kreisliga B HF/LE/MI/LK · Kreis Lemgo,031DIO80CG000003VS5489BTVUS470OH-G,7,1,0,0,1,0,2,-2,0,0.0,,fussball.de
3213,SV Engerhafe/BSV Wiegboldsbur,Niedersachsen,Kreis Ostfriesland,8,1.Kreisklasse,"Ostfrieslandklasse A, Staffel A",031CO536QG000004VS5489BUVUR5FS5A-G,8,3,0,0,3,5,12,-7,0,0.0,,fussball.de
3214,Ellerau 2.Fr. 7er,Hamburg,Kreisebene Hamburg,8,Sonderklasse,FSK 01 Herbst · Kreisebene Hamburg,0314CMEQSG00000DVS5489BTVU7GTVLE-G,10,3,0,0,3,3,10,-7,0,0.0,,fussball.de
3215,FC Wischhafen/Dornbusch 9er/11er,Niedersachsen,Kreis Stade,8,1.Kreisklasse,Frauen 1. Kreisklasse Stade/Harburg Nord,0319JRKGTS00000AVS5489BUVV628VP4-G,6,2,0,0,2,3,8,-5,0,0.0,,fussball.de
3216,FC Ilsetal (7er),Niedersachsen,Kreis Nordharz,8,1.Kreisklasse,1.Kreisklasse · Kreis Nordharz,031EQ3GG5O000003VS5489BUVUR5FS5A-G,9,2,0,0,2,2,7,-5,0,0.0,,fussball.de
3217,TSV Lichtentanne,Sachsen,Kreis Vogtland,8,1.Kreisklasse,Vogtlandklasse,031GL911FO000008VS5489BUVSJ4CRAP-G,7,2,0,0,2,1,6,-5,0,0.0,,fussball.de
3218,SV Eintr. Neuenkirchen II,Niedersachsen,Kreis Osnabrück,8,1.Kreisklasse,1. Kreisklasse Osnabrück Staffel A,0316EAOQ1G000004VS5489BUVSBBVPEU-G,9,3,0,0,3,3,11,-8,0,0.0,,fussball.de
3219,SV Eiche Reichenbrand 2,Sachsen,Kreis Mittelsachsen,8,1.Kreisklasse,Frauen - Kreisklasse · Kreis Mittelsachsen,031HSR6J7O00000CVS5489BTVSRD0UH9-G,7,1,0,0,1,3,6,-3,0,0.0,,fussball.de
3220,SC Rhauderfehn/Langholt,Niedersachsen,Kreis Ostfriesland,8,1.Kreisklasse,"Ostfrieslandklasse A, Staffel B",031CO5750C000004VS5489BUVUR5FS5A-G,8,2,0,0,2,3,9,-6,0,0.0,,fussball.de
3221,(SG) BC Aresing/TSV Weilach,Bayern,Kreis Augsburg,8,Kreisliga,Frauen KL 02 · Kreis Augsburg,031BE9QCF4000006VS5489BUVUR5FS5A-G,7,1,0,0,1,1,4,-3,0,0.0,,fussball.de
3222,SG Großenmeer/Bardenfleth/Elsfleth II,Niedersachsen,Kreis Jade-Weser-Hunte,8,1.Kreisklasse,Frauen 1. Kreisklasse Staffel 1 JWH QR · Kreis Jade-Weser-Hunte,031DNQ1D3C000003VS5489BTVUS470OH-G,6,1,0,0,1,1,4,-3,0,0.0,,fussball.de
3223,SV SW Kroge-Ehrendorf 2,Niedersachsen,Kreis Vechta,8,1.Kreisklasse,1.Kreisklasse VEC/CLP/OL-Land-DEL · Kreis Vechta,03187JUS9K000004VS5489BTVU7GTVLE-G,9,1,0,0,1,1,4,-3,0,0.0,,fussball.de
3224,1. FC Trogen (flex),Bayern,Kreis Hof/Tirschenr./Wunsiedel,8,Kreisliga,Frauen KL Ost · Kreis Hof/Tirschenr./Wunsiedel,031DS4HJK4000005VS5489BUVUR5FS5A-G,7,1,0,0,1,0,3,-3,0,0.0,,fussball.de
3225,Dassendorf/Düneberg 2.Fr. 7er SG,Hamburg,Kreisebene Hamburg,8,Sonderklasse,FSK 02 Herbst · Kreisebene Hamburg,0314CMER5400000FVS5489BTVU7GTVLE-G,9,2,0,0,2,0,6,-6,0,0.0,,fussball.de
3226,FC Nordheide 9er,Niedersachsen,Kreis Rotenburg,8,1.Kreisklasse,Frauen Kreisklasse · Kreis Rotenburg,031B6CALUS000007VS5489BTVSK8S3O6-G,10,1,0,0,1,0,3,-3,0,0.0,,fussball.de
3227,FSV Motor Brand-Erbisdorf,Sachsen,Kreis Mittelsachsen,8,1.Kreisklasse,Frauen - Kreisklasse · Kreis Mittelsachsen,031HSR6J7O00000CVS5489BTVSRD0UH9-G,8,1,0,0,1,0,3,-3,0,0.0,,fussball.de
3228,Voran Ohe 1.Fr. 7er,Hamburg,Kreisebene Hamburg,8,Sonderklasse,FSK 02 Herbst · Kreisebene Hamburg,0314CMER5400000FVS5489BTVU7GTVLE-G,10,3,0,0,3,0,10,-10,0,0.0,,fussball.de
3229,FSG 3 Meilen Altes Land II 9er,Niedersachsen,Kreis Stade,8,1.Kreisklasse,Frauen 1. Kreisklasse Stade/Harburg Süd,0319RJP174000009VS5489BUVV628VP4-G,5,2,0,0,2,3,10,-7,0,0.0,,fussball.de
3230,SG Steinlah/Haverlah (5er),Niedersachsen,Kreis Nordharz,8,1.Kreisklasse,1.Kreisklasse · Kreis Nordharz,031EQ3GG5O000003VS5489BUVUR5FS5A-G,10,2,0,0,2,3,10,-7,0,0.0,,fussball.de
3231,S.K.G. Rodgau,Hessen,Region Frankfurt,8,A-Liga (Region),Kreisliga A FFM Gr. 2 · Region Frankfurt,031DO63PRO00000AVS5489BUVUR5FS5A-G,8,2,0,0,2,1,8,-7,0,0.0,,fussball.de
3232,TSV Blender,Niedersachsen,Kreis Verden,8,1.Kreisklasse,Kreisklasse Verden/Osterholz,031CBUHLKK000004VS5489BTVUS470OH-G,9,2,0,0,2,0,7,-7,0,0.0,,fussball.de
3233,SG Eversburg/Gaste-Hasbergen/Hellern II 9er,Niedersachsen,Kreis Osnabrück,8,1.Kreisklasse,1. Kreisklasse Osnabrück Staffel B,0316EAOQ8400000BVS5489BUVSBBVPEU-G,9,3,0,0,3,9,20,-11,0,0.0,,fussball.de
3234,GW Marathon Münster,Westfalen,Kreis Münster,8,Kreisliga B,Frauen Kreisliga B · Kreis Münster,031HB9DJH0000006VS5489BTVVG7L386-G,11,3,0,0,3,5,16,-11,0,0.0,,fussball.de
3235,TSG Dülmen II (9er),Westfalen,Kreis Ahaus-Coesfeld,8,Kreisliga B,Frauen Kreisliga B Ahaus-Coesfeld,031LOUIP78000000VS5489BTVSRD0UH9-G,13,2,0,0,2,3,11,-8,0,0.0,,fussball.de
3236,Club Galicia Bonn Damen,Mittelrhein,Kreis Bonn,8,Kreisliga B,Frauen Kreisliga B · Kreis Bonn,031BOK84K8000004VS5489BTVUS470OH-G,11,2,0,0,2,2,10,-8,0,0.0,,fussball.de
3237,FSV Inningen,Bayern,Kreis Augsburg,8,Kreisliga,Frauen KL 02 · Kreis Augsburg,031BE9QCF4000006VS5489BUVUR5FS5A-G,8,1,0,0,1,1,5,-4,0,0.0,,fussball.de
3238,Finkenwerder 1.Fr. 7er,Hamburg,Kreisebene Hamburg,8,Sonderklasse,FSK 02 Herbst · Kreisebene Hamburg,0314CMER5400000FVS5489BTVU7GTVLE-G,11,3,0,0,3,2,14,-12,0,0.0,,fussball.de
3239,(SG) 1.FC Michelau II / 1.FC Fortuna Roth II,Bayern,Kreis Coburg/Kronach/Lichtenf.,8,Kreisliga,Frauen KL Nord · Kreis Coburg/Kronach/Lichtenf.,031DRU7NNS000004VS5489BUVUR5FS5A-G,12,2,0,0,2,1,9,-8,0,0.0,,fussball.de
3240,SG Lutter/Sehlde (5er),Niedersachsen,Kreis Nordharz,8,1.Kreisklasse,1.Kreisklasse · Kreis Nordharz,031EQ3GG5O000003VS5489BUVUR5FS5A-G,11,2,0,0,2,1,9,-8,0,0.0,,fussball.de
3241,SSV Plittersdorf 1922 e.V.,Mittelrhein,Kreis Bonn,8,Kreisliga B,Frauen Kreisliga B · Kreis Bonn,031BOK84K8000004VS5489BTVUS470OH-G,12,2,0,0,2,1,9,-8,0,0.0,,fussball.de
3242,(SG) SV Ehingen-Ortlfingen/FC Osterbuch,Bayern,Kreis Donau,8,Kreisliga,Frauen KL 04 · Kreis Donau,031BEATBIG000006VS5489BUVUR5FS5A-G,8,1,0,0,1,0,4,-4,0,0.0,,fussball.de
3243,(SG) SV Scheppach/TSV Offingen/FC Rettenbach/SpVgg Gundremmingen,Bayern,Kreis Augsburg,8,Kreisliga,Frauen KL 03 · Kreis Augsburg,031BE9QCKS000006VS5489BUVUR5FS5A-G,11,1,0,0,1,0,4,-4,0,0.0,,fussball.de
3244,(SG) SV Wagenhofen-Ballersdorf/SC Feldkirchen,Bayern,Kreis Augsburg,8,Kreisliga,Frauen KL 02 · Kreis Augsburg,031BE9QCF4000006VS5489BUVUR5FS5A-G,9,1,0,0,1,0,4,-4,0,0.0,,fussball.de
3245,FC BW Holtrup 9er,Westfalen,Kreis Lemgo,8,Kreisliga B,Frauen Kreisliga B HF/LE/MI/LK · Kreis Lemgo,031DIO80CG000003VS5489BTVUS470OH-G,8,1,0,0,1,0,4,-4,0,0.0,,fussball.de
3246,FC Unterbechingen (Flex),Bayern,Kreis Donau,8,Kreisliga,Frauen KL 04 · Kreis Donau,031BEATBIG000006VS5489BUVUR5FS5A-G,9,1,0,0,1,0,4,-4,0,0.0,,fussball.de
3247,TSV 1909 Gersthofen,Bayern,Kreis Augsburg,8,Kreisliga,Frauen KL 02 · Kreis Augsburg,031BE9QCF4000006VS5489BUVUR5FS5A-G,10,1,0,0,1,0,4,-4,0,0.0,,fussball.de
3248,TSV St. Jürgen,Niedersachsen,Kreis Verden,8,1.Kreisklasse,Kreisklasse Verden/Osterholz,031CBUHLKK000004VS5489BTVUS470OH-G,8,1,0,0,1,0,4,-4,0,0.0,,fussball.de
3249,SV Drochtersen/Assel 9er,Niedersachsen,Kreis Stade,8,1.Kreisklasse,Frauen 1. Kreisklasse Stade/Harburg Nord,0319JRKGTS00000AVS5489BUVV628VP4-G,7,2,0,0,2,1,10,-9,0,0.0,,fussball.de
3250,SpVgg Wacker Braunschweig 2,Niedersachsen,Kreis Braunschweig,8,1.Kreisklasse,Frauen  1.Kreisklasse Braunschweig Ost,031I5MMD28000000VS5489BTVSRD0UH9-G,6,2,0,0,2,1,10,-9,0,0.0,,fussball.de
3251,SG Gahmen 24/74,Westfalen,Kreis Hagen,8,Kreisliga B,Frauen Kreisliga B DO/HA · Kreis Hagen,031LE19JQO00000DVS5489BTVSRD0UH9-G,14,3,0,0,3,5,19,-14,0,0.0,,fussball.de
3252,TSV Kolenfeld (7er),Niedersachsen,Kreis Region Hannover,8,1.Kreisklasse,Frauen Kreisklasse Staffel 1 · Kreis Region Hannover,031558T1J400000BVS5489BTVU7GTVLE-G,6,1,0,0,1,3,8,-5,0,0.0,,fussball.de
3253,SVE Wildenloh,Niedersachsen,Kreis Jade-Weser-Hunte,8,1.Kreisklasse,Frauen 1. Kreisklasse Staffel 1 JWH QR · Kreis Jade-Weser-Hunte,031DNQ1D3C000003VS5489BTVUS470OH-G,7,2,0,0,2,2,12,-10,0,0.0,,fussball.de
3254,(SG) SC Prölsdorf/SV Priesendorf (flex),Bayern,Kreis Bamberg/Bayreuth/Kulmb.,8,Kreisliga,Frauen KL Süd · Kreis Bamberg/Bayreuth/Kulmb.,031DS8RQ54000007VS5489BUVUR5FS5A-G,11,1,0,0,1,0,5,-5,0,0.0,,fussball.de
3255,DUWO 08 1.Fr. 7er,Hamburg,Kreisebene Hamburg,8,Sonderklasse,FSK 01 Herbst · Kreisebene Hamburg,0314CMEQSG00000DVS5489BTVU7GTVLE-G,11,2,0,0,2,0,10,-10,0,0.0,,fussball.de
3256,SV Muldental Wilkau-Haßlau,Sachsen,Kreis Vogtland,8,1.Kreisklasse,Vogtlandklasse,031GL911FO000008VS5489BUVSJ4CRAP-G,8,2,0,0,2,2,13,-11,0,0.0,,fussball.de
3257,TSV Bildung Peine,Niedersachsen,Kreis Braunschweig,8,1.Kreisklasse,Frauen  1.Kreisklasse Braunschweig West,031I5OT5TO000005VS5489BTVSRD0UH9-G,6,2,0,0,2,2,13,-11,0,0.0,,fussball.de
3258,SV H. Andervenne III 9er,Niedersachsen,Kreis Bentheim,8,1.Kreisklasse,1. Kreisklasse Ems/Vechte Süd · Kreis Bentheim,0317A162O8000004VS5489BUVSBBVPEU-G,10,2,0,0,2,1,12,-11,0,0.0,,fussball.de
3259,TUS Seelze (7er),Niedersachsen,Kreis Region Hannover,8,1.Kreisklasse,Frauen Kreisklasse Staffel 1 · Kreis Region Hannover,031558T1J400000BVS5489BTVU7GTVLE-G,7,2,0,0,2,1,13,-12,0,0.0,,fussball.de
3260,1. FC 1928 Schwarzenbach/Saale (flex),Bayern,Kreis Hof/Tirschenr./Wunsiedel,8,Kreisliga,Frauen KL Ost · Kreis Hof/Tirschenr./Wunsiedel,031DS4HJK4000005VS5489BUVUR5FS5A-G,9,1,0,0,1,0,6,-6,0,0.0,,fussball.de
3261,SG Markhausen/Mehrenkamp,Niedersachsen,Kreis Vechta,8,1.Kreisklasse,1.Kreisklasse VEC/CLP/OL-Land-DEL · Kreis Vechta,03187JUS9K000004VS5489BTVU7GTVLE-G,10,2,0,0,2,0,12,-12,0,0.0,,fussball.de
3262,SV Eiche Wehm (11er),Niedersachsen,Kreis Emsland,8,1.Kreisklasse,Frauen 1. KKL Ems-Vechte Nord · Kreis Emsland,03155BU134000006VS5489BUVSBBVPEU-G,12,4,0,0,4,5,30,-25,0,0.0,,fussball.de
3263,TSV Basdahl-Volkmarst 9er,Niedersachsen,Kreis Rotenburg,8,1.Kreisklasse,Frauen Kreisklasse · Kreis Rotenburg,031B6CALUS000007VS5489BTVSK8S3O6-G,11,2,0,0,2,1,14,-13,0,0.0,,fussball.de
3264,TSG Neu-Isenburg,Hessen,Region Frankfurt,8,A-Liga (Region),Kreisliga A FFM Gr. 2 · Region Frankfurt,031DO63PRO00000AVS5489BUVUR5FS5A-G,9,2,0,0,2,0,13,-13,0,0.0,,fussball.de
3265,1. FCR 09 Bramsche,Niedersachsen,Kreis Osnabrück,8,1.Kreisklasse,1. Kreisklasse Osnabrück Staffel A,0316EAOQ1G000004VS5489BUVSBBVPEU-G,8,1,0,0,1,1,8,-7,0,0.0,,fussball.de
3266,FC Rennertshofen,Bayern,Kreis Donau,8,Kreisliga,Frauen KL 04 · Kreis Donau,031BEATBIG000006VS5489BUVUR5FS5A-G,10,1,0,0,1,1,8,-7,0,0.0,,fussball.de
3267,SG Gehlenbeck/Frotheim-9er,Westfalen,Kreis Lemgo,8,Kreisliga B,Frauen Kreisliga B HF/LE/MI/LK · Kreis Lemgo,031DIO80CG000003VS5489BTVUS470OH-G,9,1,0,0,1,1,8,-7,0,0.0,,fussball.de
3268,TuS Bardüttingdorf-Wallenbrück 9er,Westfalen,Kreis Lemgo,8,Kreisliga B,Frauen Kreisliga B HF/LE/MI/LK · Kreis Lemgo,031DIO80CG000003VS5489BTVUS470OH-G,10,1,0,0,1,1,8,-7,0,0.0,,fussball.de
3269,(SG)TSV 1883 Ludwigsstadt/Steinbach A.Wald (flex),Bayern,Kreis Coburg/Kronach/Lichtenf.,8,Kreisliga,Frauen KL Nord · Kreis Coburg/Kronach/Lichtenf.,031DRU7NNS000004VS5489BUVUR5FS5A-G,11,1,0,0,1,0,7,-7,0,0.0,,fussball.de
3270,DJK BW Huckarde 9er,Westfalen,Kreis Hagen,8,Kreisliga B,Frauen Kreisliga B DO/HA · Kreis Hagen,031LE19JQO00000DVS5489BTVSRD0UH9-G,16,3,0,0,3,4,26,-22,0,0.0,,fussball.de
3271,TuS Eving Lindenhorst,Westfalen,Kreis Hagen,8,Kreisliga B,Frauen Kreisliga B DO/HA · Kreis Hagen,031LE19JQO00000DVS5489BTVSRD0UH9-G,17,3,0,0,3,3,25,-22,0,0.0,,fussball.de
3272,FC Heeseberg,Niedersachsen,Kreis Braunschweig,8,1.Kreisklasse,Frauen  1.Kreisklasse Braunschweig Ost,031I5MMD28000000VS5489BTVSRD0UH9-G,5,1,0,0,1,0,8,-8,0,0.0,,fussball.de
3273,FC Union Verden 9er,Niedersachsen,Kreis Verden,8,1.Kreisklasse,Kreisklasse Verden/Osterholz,031CBUHLKK000004VS5489BTVUS470OH-G,10,1,0,0,1,0,8,-8,0,0.0,,fussball.de
3274,SG Buchholzer FC / SV Holm-S. II 9er/11er,Niedersachsen,Kreis Stade,8,1.Kreisklasse,Frauen 1. Kreisklasse Stade/Harburg Süd,0319RJP174000009VS5489BUVV628VP4-G,6,1,0,0,1,0,8,-8,0,0.0,,fussball.de
3275,SG DJK SV Sambach I / SC Adelsdorf II (flex),Bayern,Kreis Bamberg/Bayreuth/Kulmb.,8,Kreisliga,Frauen KL Süd · Kreis Bamberg/Bayreuth/Kulmb.,031DS8RQ54000007VS5489BUVUR5FS5A-G,12,1,0,0,1,0,8,-8,0,0.0,,fussball.de
3276,FSG SpVg Hagen 1911 / TSV Dahl (9er),Westfalen,Kreis Hagen,8,Kreisliga B,Frauen Kreisliga B DO/HA · Kreis Hagen,031LE19JQO00000DVS5489BTVSRD0UH9-G,18,3,0,0,3,0,25,-25,0,0.0,,fussball.de
3277,RW Großauheim,Hessen,Region Frankfurt,8,A-Liga (Region),Kreisliga A FFM Gr. 2 · Region Frankfurt,031DO63PRO00000AVS5489BUVUR5FS5A-G,10,2,0,0,2,2,19,-17,0,0.0,,fussball.de
3278,Mengede 08/20 (9er),Westfalen,Kreis Hagen,8,Kreisliga B,Frauen Kreisliga B DO/HA · Kreis Hagen,031LE19JQO00000DVS5489BTVSRD0UH9-G,15,2,0,0,2,0,18,-18,0,0.0,,fussball.de
3279,SV Fortschritt Glauchau,Sachsen,Kreis Mittelsachsen,8,1.Kreisklasse,Frauen - Kreisklasse · Kreis Mittelsachsen,031HSR6J7O00000CVS5489BTVSRD0UH9-G,9,1,0,0,1,0,9,-9,0,0.0,,fussball.de
3280,TSV Berenbostel (7er),Niedersachsen,Kreis Region Hannover,8,1.Kreisklasse,Frauen Kreisklasse Staffel 1 · Kreis Region Hannover,031558T1J400000BVS5489BTVU7GTVLE-G,8,2,0,0,2,0,18,-18,0,0.0,,fussball.de
3281,VfB Moschendorf (flex),Bayern,Kreis Hof/Tirschenr./Wunsiedel,8,Kreisliga,Frauen KL Ost · Kreis Hof/Tirschenr./Wunsiedel,031DS4HJK4000005VS5489BUVUR5FS5A-G,10,1,0,0,1,0,9,-9,0,0.0,,fussball.de
3282,TSV Groß Munzel II (7er),Niedersachsen,Kreis Region Hannover,8,1.Kreisklasse,Frauen Kreisklasse Staffel 1 · Kreis Region Hannover,031558T1J400000BVS5489BTVU7GTVLE-G,9,2,0,0,2,0,22,-22,0,0.0,,fussball.de
3283,SV Wüsten 9er,Westfalen,Kreis Lemgo,8,Kreisliga B,Frauen Kreisliga B HF/LE/MI/LK · Kreis Lemgo,031DIO80CG000003VS5489BTVUS470OH-G,11,1,0,0,1,1,14,-13,0,0.0,,fussball.de
3284,SV Dalum,Niedersachsen,Kreis Emsland,8,1.Kreisklasse,Frauen 1. KKL Ems-Vechte Mitte · Kreis Emsland,03155BU19K000002VS5489BUVSBBVPEU-G,12,2,0,0,2,0,28,-28,0,0.0,,fussball.de
3285,Quakenbrücker SC 9er,Niedersachsen,Kreis Osnabrück,8,1.Kreisklasse,1. Kreisklasse Osnabrück Staffel A,0316EAOQ1G000004VS5489BUVSBBVPEU-G,10,1,0,0,1,1,16,-15,0,0.0,,fussball.de
3286,SV Beuel 06 Frauen,Mittelrhein,Kreis Bonn,8,Kreisliga B,Frauen Kreisliga B · Kreis Bonn,031BOK84K8000004VS5489BTVUS470OH-G,13,2,0,0,2,1,17,-16,-6,-3.0,,fussball.de
3287,SV Wittmund 9er,Niedersachsen,Kreis Ostfriesland,9,2.Kreisklasse,Ostfrieslandklasse B Staffel A,031FTBVESK000003VS5489BTVVG7L386-G,1,2,2,0,0,17,2,15,6,3.0,,fussball.de
3288,TuS Rot Weiss Emden 9er,Niedersachsen,Kreis Ostfriesland,9,2.Kreisklasse,Ostfrieslandklasse B Staffel A,031FTBVESK000003VS5489BTVVG7L386-G,2,2,2,0,0,8,2,6,6,3.0,,fussball.de
3289,SG Ockenhausen/Hesel/Schwerinsdorf II (9er),Niedersachsen,Kreis Ostfriesland,9,2.Kreisklasse,Ostfrieslandklasse B Staffel A,031FTBVESK000003VS5489BTVVG7L386-G,5,1,1,0,0,3,2,1,3,3.0,,fussball.de
3290,SV BW Filsum 9er,Niedersachsen,Kreis Ostfriesland,9,2.Kreisklasse,Ostfrieslandklasse B Staffel B,031COCO49C000004VS5489BUVUR5FS5A-G,1,4,3,1,0,18,3,15,10,2.5,,fussball.de
3291,SV Baris Delmenhorst 9er,Niedersachsen,Kreis Vechta,9,2.Kreisklasse,2.Kreisklasse CLP DEL-Ol-Land VEC · Kreis Vechta,03187L624G000003VS5489BTVU7GTVLE-G,1,3,2,1,0,10,3,7,7,2.33,,fussball.de
3292,FC Frisia Völlenerkönigsfehn 9er,Niedersachsen,Kreis Ostfriesland,9,2.Kreisklasse,Ostfrieslandklasse B Staffel B,031COCO49C000004VS5489BUVUR5FS5A-G,2,3,2,1,0,9,4,5,7,2.33,,fussball.de
3293,TSV Ganderkesee II,Niedersachsen,Kreis Vechta,9,2.Kreisklasse,2.Kreisklasse CLP DEL-Ol-Land VEC · Kreis Vechta,03187L624G000003VS5489BTVU7GTVLE-G,2,3,2,1,0,7,4,3,7,2.33,,fussball.de
3294,TV Dinklage II 9er,Niedersachsen,Kreis Vechta,9,2.Kreisklasse,2.Kreisklasse CLP DEL-Ol-Land VEC · Kreis Vechta,03187L624G000003VS5489BTVU7GTVLE-G,3,3,2,0,1,23,8,15,6,2.0,,fussball.de
3295,VfL Oythe 9er,Niedersachsen,Kreis Vechta,9,2.Kreisklasse,2.Kreisklasse CLP DEL-Ol-Land VEC · Kreis Vechta,03187L624G000003VS5489BTVU7GTVLE-G,4,3,2,0,1,16,4,12,6,2.0,,fussball.de
3296,Sportfreunde Möhlenwarf 3 (9er),Niedersachsen,Kreis Ostfriesland,9,2.Kreisklasse,Ostfrieslandklasse B Staffel B,031COCO49C000004VS5489BUVUR5FS5A-G,3,3,2,0,1,10,3,7,6,2.0,,fussball.de
3297,SG Damme / Lembruch II 9er,Niedersachsen,Kreis Vechta,9,2.Kreisklasse,2.Kreisklasse CLP DEL-Ol-Land VEC · Kreis Vechta,03187L624G000003VS5489BTVU7GTVLE-G,5,2,1,1,0,8,5,3,4,2.0,,fussball.de
3298,SC Winkum 9er,Niedersachsen,Kreis Vechta,9,2.Kreisklasse,2.Kreisklasse CLP DEL-Ol-Land VEC · Kreis Vechta,03187L624G000003VS5489BTVU7GTVLE-G,6,2,1,1,0,6,4,2,4,2.0,,fussball.de
3299,SV Ems Jemgum 2 (9er),Niedersachsen,Kreis Ostfriesland,9,2.Kreisklasse,Ostfrieslandklasse B Staffel B,031COCO49C000004VS5489BUVUR5FS5A-G,4,2,1,0,1,11,3,8,3,1.5,,fussball.de
3300,SG Elisabethfehn/Harkebrügge II 9er,Niedersachsen,Kreis Vechta,9,2.Kreisklasse,2.Kreisklasse CLP DEL-Ol-Land VEC · Kreis Vechta,03187L624G000003VS5489BTVU7GTVLE-G,7,2,1,0,1,11,4,7,3,1.5,,fussball.de
3301,BSC Burhafe 9er,Niedersachsen,Kreis Ostfriesland,9,2.Kreisklasse,Ostfrieslandklasse B Staffel A,031FTBVESK000003VS5489BTVVG7L386-G,3,2,1,0,1,10,4,6,3,1.5,,fussball.de
3302,FSG Tergast/BW Borssum,Niedersachsen,Kreis Ostfriesland,9,2.Kreisklasse,Ostfrieslandklasse B Staffel A,031FTBVESK000003VS5489BTVVG7L386-G,4,2,1,0,1,9,6,3,3,1.5,,fussball.de
3303,Borussia Leer 9er,Niedersachsen,Kreis Ostfriesland,9,2.Kreisklasse,Ostfrieslandklasse B Staffel B,031COCO49C000004VS5489BUVUR5FS5A-G,5,2,1,0,1,8,7,1,3,1.5,,fussball.de
3304,VfB Germania Wiesmoor II (7er),Niedersachsen,Kreis Ostfriesland,9,2.Kreisklasse,Ostfrieslandklasse B Staffel A,031FTBVESK000003VS5489BTVVG7L386-G,6,2,1,0,1,4,4,0,3,1.5,,fussball.de
3305,SV Evenkamp 9er,Niedersachsen,Kreis Vechta,9,2.Kreisklasse,2.Kreisklasse CLP DEL-Ol-Land VEC · Kreis Vechta,03187L624G000003VS5489BTVU7GTVLE-G,8,2,1,0,1,3,5,-2,3,1.5,,fussball.de
3306,VFL Wildeshausen II,Niedersachsen,Kreis Vechta,9,2.Kreisklasse,2.Kreisklasse CLP DEL-Ol-Land VEC · Kreis Vechta,03187L624G000003VS5489BTVU7GTVLE-G,9,3,1,0,2,5,14,-9,3,1.0,,fussball.de
3307,(SG 1) FC Dormitz/TSV Brand 2/1. FC Kalchreuth,Bayern,Kreis Erlangen/Pegnitzgrund,9,Kreisklasse,Frauen Kreisklasse · Kreis Erlangen/Pegnitzgrund,031L6EAN2S000004VS5489BTVSRD0UH9-G,1,0,0,0,0,0,0,0,0,0.0,,fussball.de
3308,(SG 1) FC Stöckach/ASV Pettensiedel/SG Rüsselbach,Bayern,Kreis Erlangen/Pegnitzgrund,9,Kreisklasse,Frauen Kreisklasse · Kreis Erlangen/Pegnitzgrund,031L6EAN2S000004VS5489BTVSRD0UH9-G,2,0,0,0,0,0,0,0,0,0.0,,fussball.de
3309,(SG 2) 1. FC Burk 2/DJK FC Schlaifhausen 2/SpVgg Reuth,Bayern,Kreis Erlangen/Pegnitzgrund,9,Kreisklasse,Frauen Kreisklasse · Kreis Erlangen/Pegnitzgrund,031L6EAN2S000004VS5489BTVSRD0UH9-G,3,0,0,0,0,0,0,0,0,0.0,,fussball.de
3310,(SG 2) DJK SpVgg Effeltrich 2/SV Langensendelbach/SV Hetzles 2/SV Poxdorf,Bayern,Kreis Erlangen/Pegnitzgrund,9,Kreisklasse,Frauen Kreisklasse · Kreis Erlangen/Pegnitzgrund,031L6EAN2S000004VS5489BTVSRD0UH9-G,4,0,0,0,0,0,0,0,0,0.0,,fussball.de
3311,(SG) ASV Rott a. Inn/SV Schechen 2,Bayern,Kreis Inn/Salzach,9,Kreisklasse,Frauen KK 03 · Kreis Inn/Salzach,031CIMFU50000000VS5489BTVUS470OH-G,1,0,0,0,0,0,0,0,0,0.0,,fussball.de
3312,(SG) DJK Emmerting/TV 1868 Burghausen,Bayern,Kreis Inn/Salzach,9,Kreisklasse,Frauen KK 03 · Kreis Inn/Salzach,031CIMFU50000000VS5489BTVUS470OH-G,2,0,0,0,0,0,0,0,0,0.0,,fussball.de
3313,(SG) DJK Weildorf/TSV Petting,Bayern,Kreis Inn/Salzach,9,Kreisklasse,Frauen KK 03 · Kreis Inn/Salzach,031CIMFU50000000VS5489BTVUS470OH-G,3,0,0,0,0,0,0,0,0,0.0,,fussball.de
3314,(SG) ESV München-Freimann/ SC Bogenhausen 2,Bayern,Kreis München,9,Kreisklasse,Frauen KK 02 · Kreis München,031HCPN3B4000004VS5489BUVSJ4CRAP-G,1,0,0,0,0,0,0,0,0,0.0,,fussball.de
3315,(SG) Langlau/Pfofeld/Theilenhofen/Ramsberg,Bayern,Kreis Neumarkt/Jura,9,Kreisklasse,Frauen Kreisklasse · Kreis Neumarkt/Jura,031JABM4Q0000004VS5489BUVVKNMR0J-G,1,0,0,0,0,0,0,0,0,0.0,,fussball.de
3316,(SG) Post-SV / TSV Milbertshofen / SC Amicitia 2,Bayern,Kreis München,9,Kreisklasse,Frauen KK 02 · Kreis München,031HCPN3B4000004VS5489BUVSJ4CRAP-G,2,0,0,0,0,0,0,0,0,0.0,,fussball.de
3317,(SG) SC Kirchasch / SV Walpertskirchen,Bayern,Kreis Donau/Isar,9,Kreisklasse,Frauen KK 05 · Kreis Donau/Isar,031B36N9UG000000VS5489BTVSK8S3O6-G,1,0,0,0,0,0,0,0,0,0.0,,fussball.de
3318,(SG) SPVGG Zabo Eintracht Nürnberg/SPVGG Mögeldorf 1,Bayern,Kreis Erlangen/Pegnitzgrund,9,Kreisklasse,Frauen Kreisklasse · Kreis Erlangen/Pegnitzgrund,031L6EAN2S000004VS5489BTVSRD0UH9-G,5,0,0,0,0,0,0,0,0,0.0,,fussball.de
3319,(SG) SV DJK Taufkirchen 1/FC Stern München 4,Bayern,Kreis München,9,Kreisklasse,Frauen KK 01 · Kreis München,031HCPI9F4000007VS5489BUVSJ4CRAP-G,1,0,0,0,0,0,0,0,0,0.0,,fussball.de
3320,(SG) SV Sentilo-Blumenau / SV Pullach,Bayern,Kreis München,9,Kreisklasse,Frauen KK 02 · Kreis München,031HCPN3B4000004VS5489BUVSJ4CRAP-G,3,0,0,0,0,0,0,0,0,0.0,,fussball.de
3321,(SG) TSV Grafing 1/TSV Aßling 2,Bayern,Kreis München,9,Kreisklasse,Frauen KK 01 · Kreis München,031HCPI9F4000007VS5489BUVSJ4CRAP-G,2,0,0,0,0,0,0,0,0,0.0,,fussball.de
3322,(SG) TSV Hohenthann-Beyharting 1/FFC 07 Bad Aibling 2,Bayern,Kreis Inn/Salzach,9,Kreisklasse,Frauen KK 03 · Kreis Inn/Salzach,031CIMFU50000000VS5489BTVUS470OH-G,4,0,0,0,0,0,0,0,0,0.0,,fussball.de
3323,(SG) TSV Lonnerstadt 2/ASV Weisendorf 1,Bayern,Kreis Nürnberg/Frankenhöhe,9,Kreisklasse,Frauen Kreisklasse · Kreis Nürnberg/Frankenhöhe,031J9P9V88000004VS5489BUVVKNMR0J-G,1,0,0,0,0,0,0,0,0,0.0,,fussball.de
3324,(SG) TSV Neubeuern/ TSV Rohrdorf-Thansau,Bayern,Kreis Inn/Salzach,9,Kreisklasse,Frauen KK 03 · Kreis Inn/Salzach,031CIMFU50000000VS5489BTVUS470OH-G,5,0,0,0,0,0,0,0,0,0.0,,fussball.de
3325,(SG) TSV Wassermungenau/Georgensgmünd,Bayern,Kreis Neumarkt/Jura,9,Kreisklasse,Frauen Kreisklasse · Kreis Neumarkt/Jura,031JABM4Q0000004VS5489BUVVKNMR0J-G,2,0,0,0,0,0,0,0,0,0.0,,fussball.de
3326,(SG) TSV Wassertrüdingen/FC Geilsheim/SV Obermögersheim/TSV Unterschwaningen,Bayern,Kreis Neumarkt/Jura,9,Kreisklasse,Frauen Kreisklasse · Kreis Neumarkt/Jura,031JABM4Q0000004VS5489BUVVKNMR0J-G,3,0,0,0,0,0,0,0,0,0.0,,fussball.de
3327,(SG) TV Münchsmünster/SV Schwaig,Bayern,Kreis Donau/Isar,9,Kreisklasse,Frauen KK 04 · Kreis Donau/Isar,030VA1HG5800000KVS5489BUVVARDA0V-G,1,0,0,0,0,0,0,0,0,0.0,,fussball.de
3328,(SG)TSV München-Ost/MSV Bajuwaren 1,Bayern,Kreis München,9,Kreisklasse,Frauen KK 01 · Kreis München,031HCPI9F4000007VS5489BUVSJ4CRAP-G,3,0,0,0,0,0,0,0,0,0.0,,fussball.de
3329,1. FC Heilsbronn,Bayern,Kreis Neumarkt/Jura,9,Kreisklasse,Frauen Kreisklasse · Kreis Neumarkt/Jura,031JABM4Q0000004VS5489BUVVKNMR0J-G,4,0,0,0,0,0,0,0,0,0.0,,fussball.de
3330,1. FC Herzogenaurach,Bayern,Kreis Erlangen/Pegnitzgrund,9,Kreisklasse,Frauen Kreisklasse · Kreis Erlangen/Pegnitzgrund,031L6EAN2S000004VS5489BTVSRD0UH9-G,6,0,0,0,0,0,0,0,0,0.0,,fussball.de
3331,ASV Herzogenaurach,Bayern,Kreis Erlangen/Pegnitzgrund,9,Kreisklasse,Frauen Kreisklasse · Kreis Erlangen/Pegnitzgrund,031L6EAN2S000004VS5489BTVSRD0UH9-G,7,0,0,0,0,0,0,0,0,0.0,,fussball.de
3332,ATSV Forchheim,Bayern,Kreis Erlangen/Pegnitzgrund,9,Kreisklasse,Frauen Kreisklasse · Kreis Erlangen/Pegnitzgrund,031L6EAN2S000004VS5489BTVSRD0UH9-G,8,0,0,0,0,0,0,0,0,0.0,,fussball.de
3333,ATV 1873 Frankonia Nürnberg,Bayern,Kreis Nürnberg/Frankenhöhe,9,Kreisklasse,Frauen Kreisklasse · Kreis Nürnberg/Frankenhöhe,031J9P9V88000004VS5489BUVVKNMR0J-G,2,0,0,0,0,0,0,0,0,0.0,,fussball.de
3334,DJK Nbg.-Eibach 2,Bayern,Kreis Nürnberg/Frankenhöhe,9,Kreisklasse,Frauen Kreisklasse · Kreis Nürnberg/Frankenhöhe,031J9P9V88000004VS5489BUVVKNMR0J-G,3,0,0,0,0,0,0,0,0,0.0,,fussball.de
3335,DJK Nußdorf 1,Bayern,Kreis Inn/Salzach,9,Kreisklasse,Frauen KK 03 · Kreis Inn/Salzach,031CIMFU50000000VS5489BTVUS470OH-G,6,0,0,0,0,0,0,0,0,0.0,,fussball.de
3336,FC Ampertal Unterbruck 2,Bayern,Kreis Donau/Isar,9,Kreisklasse,Frauen KK 05 · Kreis Donau/Isar,031B36N9UG000000VS5489BTVSK8S3O6-G,2,0,0,0,0,0,0,0,0,0.0,,fussball.de
3337,FC Croatia 1970 München,Bayern,Kreis München,9,Kreisklasse,Frauen KK 02 · Kreis München,031HCPN3B4000004VS5489BUVSJ4CRAP-G,4,0,0,0,0,0,0,0,0,0.0,,fussball.de
3338,FC Dreistern NT,Bayern,Kreis München,9,Kreisklasse,Frauen KK 01 · Kreis München,031HCPI9F4000007VS5489BUVSJ4CRAP-G,4,0,0,0,0,0,0,0,0,0.0,,fussball.de
3339,FC Moosinning 2,Bayern,Kreis Donau/Isar,9,Kreisklasse,Frauen KK 05 · Kreis Donau/Isar,031B36N9UG000000VS5489BTVSK8S3O6-G,3,0,0,0,0,0,0,0,0,0.0,,fussball.de
3340,FC Neufahrn,Bayern,Kreis Donau/Isar,9,Kreisklasse,Frauen KK 05 · Kreis Donau/Isar,031B36N9UG000000VS5489BTVSK8S3O6-G,4,0,0,0,0,0,0,0,0,0.0,,fussball.de
3341,FC Teutonia München 2,Bayern,Kreis München,9,Kreisklasse,Frauen KK 02 · Kreis München,031HCPN3B4000004VS5489BUVSJ4CRAP-G,5,0,0,0,0,0,0,0,0,0.0,,fussball.de
3342,FC/DJK Burgoberbach 2,Bayern,Kreis Neumarkt/Jura,9,Kreisklasse,Frauen Kreisklasse · Kreis Neumarkt/Jura,031JABM4Q0000004VS5489BUVVKNMR0J-G,5,0,0,0,0,0,0,0,0,0.0,,fussball.de
3343,FSV Ipsheim,Bayern,Kreis Nürnberg/Frankenhöhe,9,Kreisklasse,Frauen Kreisklasse · Kreis Nürnberg/Frankenhöhe,031J9P9V88000004VS5489BUVVKNMR0J-G,4,0,0,0,0,0,0,0,0,0.0,,fussball.de
3344,FSV Stadeln,Bayern,Kreis Nürnberg/Frankenhöhe,9,Kreisklasse,Frauen Kreisklasse · Kreis Nürnberg/Frankenhöhe,031J9P9V88000004VS5489BUVVKNMR0J-G,5,0,0,0,0,0,0,0,0,0.0,,fussball.de
3345,MTV 1881 Ingolstadt zg.,Bayern,Kreis Donau/Isar,9,Kreisklasse,Frauen KK 04 · Kreis Donau/Isar,030VA1HG5800000KVS5489BUVVARDA0V-G,2,0,0,0,0,0,0,0,0,0.0,,fussball.de
3346,Munich Irish Rovers FC,Bayern,Kreis München,9,Kreisklasse,Frauen KK 01 · Kreis München,031HCPI9F4000007VS5489BUVSJ4CRAP-G,5,0,0,0,0,0,0,0,0,0.0,,fussball.de
3347,SC Baldham-Vaterstetten,Bayern,Kreis München,9,Kreisklasse,Frauen KK 01 · Kreis München,031HCPI9F4000007VS5489BUVSJ4CRAP-G,6,0,0,0,0,0,0,0,0,0.0,,fussball.de
3348,SG FC Penzing/FC Hofstetten,Bayern,Kreis Zugspitze,9,Kreisklasse,Frauen KK 02 · Kreis Zugspitze,031E5EFFKS000004VS5489BTVUS470OH-G,1,0,0,0,0,0,0,0,0,0.0,,fussball.de
3349,SG FT J. Landsberg / SV Erpfting e.V. / SV Igling,Bayern,Kreis Zugspitze,9,Kreisklasse,Frauen KK 02 · Kreis Zugspitze,031E5EFFKS000004VS5489BTVUS470OH-G,2,0,0,0,0,0,0,0,0,0.0,,fussball.de
3350,SG SF Bichl/ESV Penzberg I,Bayern,Kreis Zugspitze,9,Kreisklasse,Frauen KK 02 · Kreis Zugspitze,031E5EFFKS000004VS5489BTVUS470OH-G,3,0,0,0,0,0,0,0,0,0.0,,fussball.de
3351,SG SV Baiernrain-Linden / BCF Wolfratshausen II,Bayern,Kreis Zugspitze,9,Kreisklasse,Frauen KK 02 · Kreis Zugspitze,031E5EFFKS000004VS5489BTVUS470OH-G,4,0,0,0,0,0,0,0,0,0.0,,fussball.de
3352,SG SV Haunshofen / SV Söchering,Bayern,Kreis Zugspitze,9,Kreisklasse,Frauen KK 02 · Kreis Zugspitze,031E5EFFKS000004VS5489BTVUS470OH-G,5,0,0,0,0,0,0,0,0,0.0,,fussball.de
3353,SG SV Münsing-Ammerland / TSV Königsdorf,Bayern,Kreis Zugspitze,9,Kreisklasse,Frauen KK 02 · Kreis Zugspitze,031E5EFFKS000004VS5489BTVUS470OH-G,6,0,0,0,0,0,0,0,0,0.0,,fussball.de
3354,SG TSV Farchant/1. FC Garmisch-Partenkirchen,Bayern,Kreis Zugspitze,9,Kreisklasse,Frauen KK 02 · Kreis Zugspitze,031E5EFFKS000004VS5489BTVUS470OH-G,7,0,0,0,0,0,0,0,0,0.0,,fussball.de
3355,SG Tegernbach/Pfaffenhofen,Bayern,Kreis Donau/Isar,9,Kreisklasse,Frauen KK 04 · Kreis Donau/Isar,030VA1HG5800000KVS5489BUVVARDA0V-G,3,0,0,0,0,0,0,0,0,0.0,,fussball.de
3356,SV 1880 München 2,Bayern,Kreis München,9,Kreisklasse,Frauen KK 02 · Kreis München,031HCPN3B4000004VS5489BUVSJ4CRAP-G,6,0,0,0,0,0,0,0,0,0.0,,fussball.de
3357,SV 1963 Unterneukirchen,Bayern,Kreis Inn/Salzach,9,Kreisklasse,Frauen KK 03 · Kreis Inn/Salzach,031CIMFU50000000VS5489BTVUS470OH-G,7,0,0,0,0,0,0,0,0,0.0,,fussball.de
3358,SV 66 Oberbergkirchen,Bayern,Kreis Inn/Salzach,9,Kreisklasse,Frauen KK 03 · Kreis Inn/Salzach,031CIMFU50000000VS5489BTVUS470OH-G,8,0,0,0,0,0,0,0,0,0.0,,fussball.de
3359,SV Adelshofen-Nassenhausen,Bayern,Kreis Zugspitze,9,Kreisklasse,Frauen KK 02 · Kreis Zugspitze,031E5EFFKS000004VS5489BTVUS470OH-G,8,0,0,0,0,0,0,0,0,0.0,,fussball.de
3360,SV Barthelmesaurach,Bayern,Kreis Neumarkt/Jura,9,Kreisklasse,Frauen Kreisklasse · Kreis Neumarkt/Jura,031JABM4Q0000004VS5489BUVVKNMR0J-G,6,0,0,0,0,0,0,0,0,0.0,,fussball.de
3361,SV Eitensheim,Bayern,Kreis Donau/Isar,9,Kreisklasse,Frauen KK 04 · Kreis Donau/Isar,030VA1HG5800000KVS5489BUVVARDA0V-G,4,0,0,0,0,0,0,0,0,0.0,,fussball.de
3362,SV Fuchstal,Bayern,Kreis Zugspitze,9,Kreisklasse,Frauen KK 02 · Kreis Zugspitze,031E5EFFKS000004VS5489BTVUS470OH-G,9,0,0,0,0,0,0,0,0,0.0,,fussball.de
3363,SV Heuberg,Bayern,Kreis Neumarkt/Jura,9,Kreisklasse,Frauen Kreisklasse · Kreis Neumarkt/Jura,031JABM4Q0000004VS5489BUVVKNMR0J-G,7,0,0,0,0,0,0,0,0,0.0,,fussball.de
3364,SV Losaurach 2,Bayern,Kreis Nürnberg/Frankenhöhe,9,Kreisklasse,Frauen Kreisklasse · Kreis Nürnberg/Frankenhöhe,031J9P9V88000004VS5489BUVVKNMR0J-G,6,0,0,0,0,0,0,0,0,0.0,,fussball.de
3365,SV Osternohe,Bayern,Kreis Erlangen/Pegnitzgrund,9,Kreisklasse,Frauen Kreisklasse · Kreis Erlangen/Pegnitzgrund,031L6EAN2S000004VS5489BTVSRD0UH9-G,9,0,0,0,0,0,0,0,0,0.0,,fussball.de
3366,SV Segringen 2,Bayern,Kreis Neumarkt/Jura,9,Kreisklasse,Frauen Kreisklasse · Kreis Neumarkt/Jura,031JABM4Q0000004VS5489BUVVKNMR0J-G,8,0,0,0,0,0,0,0,0,0.0,,fussball.de
3367,SV WB Allianz München,Bayern,Kreis München,9,Kreisklasse,Frauen KK 02 · Kreis München,031HCPN3B4000004VS5489BUVSJ4CRAP-G,7,0,0,0,0,0,0,0,0,0.0,,fussball.de
3368,SpVgg Altenerding,Bayern,Kreis Donau/Isar,9,Kreisklasse,Frauen KK 05 · Kreis Donau/Isar,031B36N9UG000000VS5489BTVSK8S3O6-G,5,0,0,0,0,0,0,0,0,0.0,,fussball.de
3369,SpVgg Attenkirchen 2 (flex),Bayern,Kreis Donau/Isar,9,Kreisklasse,Frauen KK 05 · Kreis Donau/Isar,031B36N9UG000000VS5489BTVSK8S3O6-G,6,0,0,0,0,0,0,0,0,0.0,,fussball.de
3370,SpVgg Steinkirchen,Bayern,Kreis Donau/Isar,9,Kreisklasse,Frauen KK 04 · Kreis Donau/Isar,030VA1HG5800000KVS5489BUVVARDA0V-G,5,0,0,0,0,0,0,0,0,0.0,,fussball.de
3371,SpVgg Thierberg zg.,Bayern,Kreis Nürnberg/Frankenhöhe,9,Kreisklasse,Frauen Kreisklasse · Kreis Nürnberg/Frankenhöhe,031J9P9V88000004VS5489BUVVKNMR0J-G,7,0,0,0,0,0,0,0,0,0.0,,fussball.de
3372,TSV 1880 Wasserburg am Inn,Bayern,Kreis Inn/Salzach,9,Kreisklasse,Frauen KK 03 · Kreis Inn/Salzach,031CIMFU50000000VS5489BTVUS470OH-G,9,0,0,0,0,0,0,0,0,0.0,,fussball.de
3373,TSV 1946 Altenberg 2,Bayern,Kreis Nürnberg/Frankenhöhe,9,Kreisklasse,Frauen Kreisklasse · Kreis Nürnberg/Frankenhöhe,031J9P9V88000004VS5489BUVVKNMR0J-G,8,0,0,0,0,0,0,0,0,0.0,,fussball.de
3374,TSV Allach 09 München,Bayern,Kreis München,9,Kreisklasse,Frauen KK 02 · Kreis München,031HCPN3B4000004VS5489BUVSJ4CRAP-G,8,0,0,0,0,0,0,0,0,0.0,,fussball.de
3375,TSV Altenfurt Nürnberg,Bayern,Kreis Nürnberg/Frankenhöhe,9,Kreisklasse,Frauen Kreisklasse · Kreis Nürnberg/Frankenhöhe,031J9P9V88000004VS5489BUVVKNMR0J-G,9,0,0,0,0,0,0,0,0,0.0,,fussball.de
3376,TSV Brodswinden 2,Bayern,Kreis Neumarkt/Jura,9,Kreisklasse,Frauen Kreisklasse · Kreis Neumarkt/Jura,031JABM4Q0000004VS5489BUVVKNMR0J-G,9,0,0,0,0,0,0,0,0,0.0,,fussball.de
3377,TSV Hohenbrunn-Riemerling,Bayern,Kreis München,9,Kreisklasse,Frauen KK 01 · Kreis München,031HCPI9F4000007VS5489BUVSJ4CRAP-G,7,0,0,0,0,0,0,0,0,0.0,,fussball.de
3378,TSV Katzwang 2,Bayern,Kreis Neumarkt/Jura,9,Kreisklasse,Frauen Kreisklasse · Kreis Neumarkt/Jura,031JABM4Q0000004VS5489BUVVKNMR0J-G,10,0,0,0,0,0,0,0,0,0.0,,fussball.de
3379,TSV Neustadt/Aisch,Bayern,Kreis Nürnberg/Frankenhöhe,9,Kreisklasse,Frauen Kreisklasse · Kreis Nürnberg/Frankenhöhe,031J9P9V88000004VS5489BUVVKNMR0J-G,10,0,0,0,0,0,0,0,0,0.0,,fussball.de
3380,TSV Peterskirchen,Bayern,Kreis Inn/Salzach,9,Kreisklasse,Frauen KK 03 · Kreis Inn/Salzach,031CIMFU50000000VS5489BTVUS470OH-G,10,0,0,0,0,0,0,0,0,0.0,,fussball.de
3381,TSV Poing,Bayern,Kreis München,9,Kreisklasse,Frauen KK 01 · Kreis München,031HCPI9F4000007VS5489BUVSJ4CRAP-G,8,0,0,0,0,0,0,0,0,0.0,,fussball.de
3382,TSV Turnerbund München 2,Bayern,Kreis München,9,Kreisklasse,Frauen KK 02 · Kreis München,031HCPN3B4000004VS5489BUVSJ4CRAP-G,9,0,0,0,0,0,0,0,0,0.0,,fussball.de
3383,Team München,Bayern,Kreis München,9,Kreisklasse,Frauen KK 01 · Kreis München,031HCPI9F4000007VS5489BUVSJ4CRAP-G,9,0,0,0,0,0,0,0,0,0.0,,fussball.de
3384,VfB Pörnbach,Bayern,Kreis Donau/Isar,9,Kreisklasse,Frauen KK 04 · Kreis Donau/Isar,030VA1HG5800000KVS5489BUVVARDA0V-G,6,0,0,0,0,0,0,0,0,0.0,,fussball.de
3385,SG Wymeer/Heidjer (9er),Niedersachsen,Kreis Ostfriesland,9,2.Kreisklasse,Ostfrieslandklasse B Staffel B,031COCO49C000004VS5489BUVUR5FS5A-G,6,2,0,0,2,2,7,-5,0,0.0,,fussball.de
3386,VFL Mullberg 9er,Niedersachsen,Kreis Ostfriesland,9,2.Kreisklasse,Ostfrieslandklasse B Staffel A,031FTBVESK000003VS5489BTVVG7L386-G,7,1,0,0,1,2,5,-3,0,0.0,,fussball.de
3387,TuS Neuenkirchen II 9er,Niedersachsen,Kreis Vechta,9,2.Kreisklasse,2.Kreisklasse CLP DEL-Ol-Land VEC · Kreis Vechta,03187L624G000003VS5489BTVU7GTVLE-G,10,1,0,0,1,1,4,-3,0,0.0,,fussball.de
3388,BW Lohne II,Niedersachsen,Kreis Vechta,9,2.Kreisklasse,2.Kreisklasse CLP DEL-Ol-Land VEC · Kreis Vechta,03187L624G000003VS5489BTVU7GTVLE-G,11,3,0,0,3,2,17,-15,0,0.0,,fussball.de
3389,SV Hage 3. Damen 3 (7er),Niedersachsen,Kreis Ostfriesland,9,2.Kreisklasse,Ostfrieslandklasse B Staffel A,031FTBVESK000003VS5489BTVVG7L386-G,9,3,0,0,3,3,19,-16,0,0.0,,fussball.de
3390,TUS Hasbergen 9er,Niedersachsen,Kreis Vechta,9,2.Kreisklasse,2.Kreisklasse CLP DEL-Ol-Land VEC · Kreis Vechta,03187L624G000003VS5489BTVU7GTVLE-G,12,3,0,0,3,5,25,-20,0,0.0,,fussball.de
3391,FC SF Godensholt 7er,Niedersachsen,Kreis Ostfriesland,9,2.Kreisklasse,Ostfrieslandklasse B Staffel B,031COCO49C000004VS5489BUVUR5FS5A-G,7,2,0,0,2,1,15,-14,0,0.0,,fussball.de
3392,TUS Strudden 7er,Niedersachsen,Kreis Ostfriesland,9,2.Kreisklasse,Ostfrieslandklasse B Staffel B,031COCO49C000004VS5489BUVUR5FS5A-G,8,2,0,0,2,1,18,-17,0,0.0,,fussball.de
3393,RSV Visquard 9er,Niedersachsen,Kreis Ostfriesland,9,2.Kreisklasse,Ostfrieslandklasse B Staffel A,031FTBVESK000003VS5489BTVVG7L386-G,8,1,0,0,1,0,12,-12,0,0.0,,fussball.de
3394,(SG) ASV Au/SV Parsberg,Bayern,Kreis Inn/Salzach,10,A Klasse,Frauen A-Klasse 04 · Kreis Inn/Salzach,031CIMH9KS000007VS5489BTVUS470OH-G,1,0,0,0,0,0,0,0,0,0.0,,fussball.de
3395,(SG) DJK Würmtal Planegg/SC Unterpfaffenhofen,Bayern,Kreis München,10,A Klasse,Frauen A-Klasse 02 · Kreis München,031IL2MGFG000007VS5489BUVVKNMR0J-G,1,0,0,0,0,0,0,0,0,0.0,,fussball.de
3396,(SG) FC Aschheim/Kirchheimer SC 2,Bayern,Kreis München,10,A Klasse,Frauen A-Klasse 01 · Kreis München,031IL2MG8G000007VS5489BUVVKNMR0J-G,1,0,0,0,0,0,0,0,0,0.0,,fussball.de
3397,(SG) SC Vierkirchen/TSV Indersdorf,Bayern,Kreis München,10,A Klasse,Frauen A-Klasse 02 · Kreis München,031IL2MGFG000007VS5489BUVVKNMR0J-G,2,0,0,0,0,0,0,0,0,0.0,,fussball.de
3398,(SG) SV Bruckmühl/SC Höhenrain,Bayern,Kreis Inn/Salzach,10,A Klasse,Frauen A-Klasse 04 · Kreis Inn/Salzach,031CIMH9KS000007VS5489BTVUS470OH-G,2,0,0,0,0,0,0,0,0,0.0,,fussball.de
3399,(SG) SV Hohenlinden 1/FC Markt Schwaben 2/FC Forstern 3,Bayern,Kreis München,10,A Klasse,Frauen A-Klasse 01 · Kreis München,031IL2MG8G000007VS5489BUVVKNMR0J-G,2,0,0,0,0,0,0,0,0,0.0,,fussball.de
3400,(SG) SV Waldhausen/TSV Babensham/TSV Eiselfing 2,Bayern,Kreis Inn/Salzach,10,A Klasse,Frauen A-Klasse 04 · Kreis Inn/Salzach,031CIMH9KS000007VS5489BTVUS470OH-G,3,0,0,0,0,0,0,0,0,0.0,,fussball.de
3401,(SG) TSV 1921 Bernau/WSV Aschau i.Ch.,Bayern,Kreis Inn/Salzach,10,A Klasse,Frauen A-Klasse 04 · Kreis Inn/Salzach,031CIMH9KS000007VS5489BTVUS470OH-G,4,0,0,0,0,0,0,0,0,0.0,,fussball.de
3402,(SG) TSV 66 Polling/FC Mühldorf 1/SpVgg Jettenbach/TSV Gars 2 (flex),Bayern,Kreis Inn/Salzach,10,A Klasse,Frauen A-Klasse 05 · Kreis Inn/Salzach,031CIMMD08000004VS5489BTVUS470OH-G,1,0,0,0,0,0,0,0,0,0.0,,fussball.de
3403,(SG) TSV Grafing 2/TSV Aßling 3,Bayern,Kreis Inn/Salzach,10,A Klasse,Frauen A-Klasse 04 · Kreis Inn/Salzach,031CIMH9KS000007VS5489BTVUS470OH-G,5,0,0,0,0,0,0,0,0,0.0,,fussball.de
3404,(SG) TSV München-Ost /MSV Bajuwaren 2,Bayern,Kreis München,10,A Klasse,Frauen A-Klasse 01 · Kreis München,031IL2MG8G000007VS5489BUVVKNMR0J-G,3,0,0,0,0,0,0,0,0,0.0,,fussball.de
3405,(SG) TSV Schwabhausen 1/SpVgg Röhrmoos 2,Bayern,Kreis München,10,A Klasse,Frauen A-Klasse 02 · Kreis München,031IL2MGFG000007VS5489BUVVKNMR0J-G,3,0,0,0,0,0,0,0,0,0.0,,fussball.de
3406,(SG) TuS Alztal Garching/Alz/TuS Engelsberg 2 (flex),Bayern,Kreis Inn/Salzach,10,A Klasse,Frauen A-Klasse 05 · Kreis Inn/Salzach,031CIMMD08000004VS5489BTVUS470OH-G,2,0,0,0,0,0,0,0,0,0.0,,fussball.de
3407,ASV Grassau,Bayern,Kreis Inn/Salzach,10,A Klasse,Frauen A-Klasse 05 · Kreis Inn/Salzach,031CIMMD08000004VS5489BTVUS470OH-G,3,0,0,0,0,0,0,0,0,0.0,,fussball.de
3408,Centro Argentino de Munich 2,Bayern,Kreis München,10,A Klasse,Frauen A-Klasse 01 · Kreis München,031IL2MG8G000007VS5489BUVVKNMR0J-G,4,0,0,0,0,0,0,0,0,0.0,,fussball.de
3409,DJK Nußdorf 2 (flex),Bayern,Kreis Inn/Salzach,10,A Klasse,Frauen A-Klasse 05 · Kreis Inn/Salzach,031CIMMD08000004VS5489BTVUS470OH-G,4,0,0,0,0,0,0,0,0,0.0,,fussball.de
3410,DJK Otting 2 (flex),Bayern,Kreis Inn/Salzach,10,A Klasse,Frauen A-Klasse 05 · Kreis Inn/Salzach,031CIMMD08000004VS5489BTVUS470OH-G,5,0,0,0,0,0,0,0,0,0.0,,fussball.de
3411,ESV München,Bayern,Kreis München,10,A Klasse,Frauen A-Klasse 02 · Kreis München,031IL2MGFG000007VS5489BUVVKNMR0J-G,4,0,0,0,0,0,0,0,0,0.0,,fussball.de
3412,ESV Penzberg 2 (FLEX),Bayern,Kreis Zugspitze,10,A Klasse,Frauen A-Klasse 03 · Kreis Zugspitze,031E5H71K0000004VS5489BTVUS470OH-G,1,0,0,0,0,0,0,0,0,0.0,,fussball.de
3413,FC Fasanerie-Nord 2,Bayern,Kreis München,10,A Klasse,Frauen A-Klasse 02 · Kreis München,031IL2MGFG000007VS5489BUVVKNMR0J-G,5,0,0,0,0,0,0,0,0,0.0,,fussball.de
3414,FC Hertha München,Bayern,Kreis München,10,A Klasse,Frauen A-Klasse 02 · Kreis München,031IL2MGFG000007VS5489BUVVKNMR0J-G,6,0,0,0,0,0,0,0,0,0.0,,fussball.de
3415,FC Perlach 1925 München zg.,Bayern,Kreis München,10,A Klasse,Frauen A-Klasse 01 · Kreis München,031IL2MG8G000007VS5489BUVVKNMR0J-G,5,0,0,0,0,0,0,0,0,0.0,,fussball.de
3416,SG 1. SC Gröbenzell/FC Puchheim 2,Bayern,Kreis Zugspitze,10,A Klasse,Frauen A-Klasse 03 · Kreis Zugspitze,031E5H71K0000004VS5489BTVUS470OH-G,2,0,0,0,0,0,0,0,0,0.0,,fussball.de
3417,SG FC Grün-Weiß Gröbenzell/SV Lochhausen,Bayern,Kreis Zugspitze,10,A Klasse,Frauen A-Klasse 03 · Kreis Zugspitze,031E5H71K0000004VS5489BTVUS470OH-G,3,0,0,0,0,0,0,0,0,0.0,,fussball.de
3418,SG Puch/Biburg/Olching,Bayern,Kreis Zugspitze,10,A Klasse,Frauen A-Klasse 03 · Kreis Zugspitze,031E5H71K0000004VS5489BTVUS470OH-G,4,0,0,0,0,0,0,0,0,0.0,,fussball.de
3419,SV Aubing München,Bayern,Kreis München,10,A Klasse,Frauen A-Klasse 02 · Kreis München,031IL2MGFG000007VS5489BUVVKNMR0J-G,7,0,0,0,0,0,0,0,0,0.0,,fussball.de
3420,SV Gendorf Burgkirchen (flex),Bayern,Kreis Inn/Salzach,10,A Klasse,Frauen A-Klasse 05 · Kreis Inn/Salzach,031CIMMD08000004VS5489BTVUS470OH-G,6,0,0,0,0,0,0,0,0,0.0,,fussball.de
3421,SV Hohenfurch,Bayern,Kreis Zugspitze,10,A Klasse,Frauen A-Klasse 03 · Kreis Zugspitze,031E5H71K0000004VS5489BTVUS470OH-G,5,0,0,0,0,0,0,0,0,0.0,,fussball.de
3422,SV Prutting 2,Bayern,Kreis Inn/Salzach,10,A Klasse,Frauen A-Klasse 04 · Kreis Inn/Salzach,031CIMH9KS000007VS5489BTVUS470OH-G,6,0,0,0,0,0,0,0,0,0.0,,fussball.de
3423,SV Saaldorf 2,Bayern,Kreis Inn/Salzach,10,A Klasse,Frauen A-Klasse 05 · Kreis Inn/Salzach,031CIMMD08000004VS5489BTVUS470OH-G,7,0,0,0,0,0,0,0,0,0.0,,fussball.de
3424,SV Untermenzing 2,Bayern,Kreis München,10,A Klasse,Frauen A-Klasse 02 · Kreis München,031IL2MGFG000007VS5489BUVVKNMR0J-G,8,0,0,0,0,0,0,0,0,0.0,,fussball.de
3425,SpVgg Höhenkirchen,Bayern,Kreis München,10,A Klasse,Frauen A-Klasse 01 · Kreis München,031IL2MG8G000007VS5489BUVVKNMR0J-G,6,0,0,0,0,0,0,0,0,0.0,,fussball.de
3426,TSV Egmating,Bayern,Kreis München,10,A Klasse,Frauen A-Klasse 01 · Kreis München,031IL2MG8G000007VS5489BUVVKNMR0J-G,7,0,0,0,0,0,0,0,0,0.0,,fussball.de
3427,TSV Gilching/A. 3,Bayern,Kreis Zugspitze,10,A Klasse,Frauen A-Klasse 03 · Kreis Zugspitze,031E5H71K0000004VS5489BTVUS470OH-G,6,0,0,0,0,0,0,0,0,0.0,,fussball.de
3428,TSV Hechendorf,Bayern,Kreis Zugspitze,10,A Klasse,Frauen A-Klasse 03 · Kreis Zugspitze,031E5H71K0000004VS5489BTVUS470OH-G,7,0,0,0,0,0,0,0,0,0.0,,fussball.de
3429,TSV Rott/Lech 2 (FLEX),Bayern,Kreis Zugspitze,10,A Klasse,Frauen A-Klasse 03 · Kreis Zugspitze,031E5H71K0000004VS5489BTVUS470OH-G,8,0,0,0,0,0,0,0,0,0.0,,fussball.de
3430,TuS 1878 Prien am Chiemsee (flex),Bayern,Kreis Inn/Salzach,10,A Klasse,Frauen A-Klasse 04 · Kreis Inn/Salzach,031CIMH9KS000007VS5489BTVUS470OH-G,7,0,0,0,0,0,0,0,0,0.0,,fussball.de
3431,TuS Holzkirchen,Bayern,Kreis Zugspitze,10,A Klasse,Frauen A-Klasse 03 · Kreis Zugspitze,031E5H71K0000004VS5489BTVUS470OH-G,9,0,0,0,0,0,0,0,0,0.0,,fussball.de
