staffel_id,verband,gebiet,ligastufe,spielklasse,staffel,mannschaften,spiele_gesamt,tore_gesamt,punkte_gesamt,tabellenfuehrer,tabellenfuehrer_punkte,quelle
bl1/2026,,,1,Bundesliga,Bundesliga,18,18,71,51,FC Augsburg,6,OpenLigaDB
bl2/2026,,,2,2. Bundesliga,2. Bundesliga,18,36,131,99,Hertha BSC,12,OpenLigaDB
bl3/2026,,,3,3. Liga,3. Liga,20,40,132,113,MSV Duisburg,12,OpenLigaDB
rln/2026,,,4,Regionalliga Nord,Regionalliga Nord,18,63,236,175,SC Weiche Flensburg 08,19,OpenLigaDB
rlno/2026,,,4,Regionalliga Nordost,Regionalliga Nordost,18,63,193,172,Rot-Weiß Erfurt,17,OpenLigaDB
031D0NRQ3O000004VS5489BUVUR5FS5A-G,,Deutschland,4,Regionalliga,Regionalliga Südwest,18,51,158,135,Kickers Offenbach,16,fussball.de
031253DN8G000005VS5489BTVT51B5B5-G,,Deutschland,4,Regionalliga,Regionalliga West,18,62,207,167,FC Gütersloh,19,fussball.de
0307PKMJ7S000009VS5489BUVT69HBT7-G,Bayern,Bayern,4,Regionalliga Bayern,Regionalliga Bayern,19,63,199,173,TSV Buchbach,17,fussball.de
031DMS4JCO000009VS5489BUVUR5FS5A-G,,Deutschland,5,Oberliga,Herren Oberliga Rheinland-Pfalz/Saar,18,55,210,156,FV Engers 07,14,fussball.de
0316DLRBJC00000AVS5489BUVSBBVPEU-G,,Deutschland,5,Oberliga,NOFV-Oberliga Nord,16,24,63,65,Berliner AK 07,7,fussball.de
0316DLRBR8000009VS5489BUVSBBVPEU-G,,Deutschland,5,Oberliga,NOFV-Oberliga Süd,16,24,86,69,VfB Germania Halberstadt,9,fussball.de
0307PKTD20000000VS5489BUVT69HBT7-G,Bayern,Bayern,5,Bayernliga,Bayernliga Nord,18,79,258,220,ASV Cham,24,fussball.de
0307PKTEL0000054VS5489BUVT69HBT7-G,Bayern,Bayern,5,Bayernliga,Bayernliga Süd,18,81,272,218,FC Pipinsried,22,fussball.de
031DQ5CNJG00000QVS5489BTVUS470OH-G,Bremen,Bremen,5,Verbandsliga,Bremen-Liga,16,39,171,112,Blumenthaler SV,15,fussball.de
0318JRPNOS000007VS5489BTVSK8S3O6-G,Hamburg,Hamburg,5,Verbandsliga,Gamesright Oberliga Hamburg,18,52,200,148,Dassendorf 1.Hr.,16,fussball.de
0318HOM0R000000BVS5489BUVV628VP4-G,Hessen,Hessen,5,Hessenliga,Lotto Hessenliga,18,64,224,170,SV Unter-Flockenbach,16,fussball.de
031CNVCRES00000FVS5489BUVUR5FS5A-G,Mittelrhein,Mittelrhein,5,Verbandsliga,Mittelrheinliga,16,16,63,43,SV Eintracht Hohkeppel,4,fussball.de
0311F9LVPS00000FVS5489BUVVARDA0V-G,Niederrhein,Niederrhein,5,Oberliga Niederrhein,Oberliga Niederrhein,18,34,129,92,SpVg Schonnebeck,10,fussball.de
0318JH0SCK000006VS5489BUVV628VP4-G,Niedersachsen,Niedersachsen,5,Oberliga Niedersachsen,Oberliga Niedersachsen,16,39,137,107,Heeslinger SC,13,fussball.de
031AVH9TIC000004VS5489BTVSK8S3O6-G,Schleswig-Holstein,Schleswig-Holstein,5,Oberliga Schleswig-Holstein,Flens-Oberliga · Schleswig-Holstein,16,55,222,151,Holstein Kiel II - U23,16,fussball.de
0313Q1DCFS000012VS5489BTVU7GTVLE-G,Westfalen,Westfalen,5,Oberliga Westfalen,Oberliga Westfalen,18,45,157,125,Spvgg. Erkenschwick 1916,11,fussball.de
030J1UFK04000006VS5489BTVTDO5LMG-G,Württemberg,Württemberg,5,Oberliga,Oberliga Baden-Württemberg,18,44,151,125,SSV Reutlingen 1905 Fußball,15,fussball.de
03188V27L800000JVS5489BTVU7GTVLE-G,Baden,Baden,6,Verbandsliga,bfv-Verbandsliga · Baden,15,28,108,76,FC-Astoria Walldorf 2,9,fussball.de
0307PL23RO000007VS5489BUVT69HBT7-G,Bayern,Bayern,6,Landesliga,Landesliga Mitte · Bayern,18,88,314,250,ASV Burglengenfeld,22,fussball.de
0307PL24GS00001SVS5489BUVT69HBT7-G,Bayern,Bayern,6,Landesliga,Landesliga Nordost · Bayern,18,87,293,239,SpVgg Mögeldorf,25,fussball.de
0307PL25JS000057VS5489BUVT69HBT7-G,Bayern,Bayern,6,Landesliga,Landesliga Nordwest · Bayern,18,90,327,255,TSV Abtswind,30,fussball.de
0307PL235S00003OVS5489BUVT69HBT7-G,Bayern,Bayern,6,Landesliga,Landesliga Südost · Bayern,18,87,384,246,TSV Murnau 1865,26,fussball.de
0307PL268O000006VS5489BUVT69HBT7-G,Bayern,Bayern,6,Landesliga,Landesliga Südwest · Bayern,18,87,314,253,VfB Durach e.V.,27,fussball.de
0317AFL2VO000008VS5489BUVSBBVPEU-G,Berlin,Berlin,6,Verbandsliga,Herren Berlin-Liga,19,19,70,50,SC Charlottenburg,6,fussball.de
0314O7IITS000005VS5489BUVSBBVPEU-G,Brandenburg,Brandenburg,6,Verbandsliga,Brandenburgliga,16,10,34,29,SV 1908 Grün-Weiss Ahrensfelde,3,fussball.de
031DQALTOO00000UVS5489BTVUS470OH-G,Bremen,Bremen,6,Landesliga,Landesliga · Bremen,16,24,101,70,Bremen United,9,fussball.de
0318JS8A0C00000FVS5489BTVSK8S3O6-G,Hamburg,Hamburg,6,Landesliga,LL 01 · Hamburg,16,32,147,93,Voran Ohe 1.Hr.,12,fussball.de
0318JS8A88000004VS5489BTVSK8S3O6-G,Hamburg,Hamburg,6,Landesliga,LL 02 · Hamburg,16,31,106,86,Rugenbergen 1.Hr.,10,fussball.de
0318I3K77C00000BVS5489BUVV628VP4-G,Hessen,Hessen,6,Verbandsliga,VL Gr.Mitte · Hessen,17,52,244,147,SV Zeilsheim,16,fussball.de
0318HV9REO00000AVS5489BUVV628VP4-G,Hessen,Hessen,6,Verbandsliga,VL Gr.Nord · Hessen,17,58,223,162,FSV Wolfhagen,15,fussball.de
0318I2SMPG00000CVS5489BUVV628VP4-G,Hessen,Hessen,6,Verbandsliga,VL Gr.Süd · Hessen,17,56,221,159,SV Pars Neu-Isenburg,19,fussball.de
03162F6VV0000001VS5489BTVU7GTVLE-G,Mecklenburg-Vorpommern,Mecklenburg-Vorpommern,6,Verbandsliga,Verbandsliga Herren · Mecklenburg-Vorpommern,16,10,40,29,1. FC Neubrandenburg 04,6,fussball.de
031CO3JQMO00000HVS5489BUVUR5FS5A-G,Mittelrhein,Mittelrhein,6,Landesliga,"Landesliga, Staffel 1 · Mittelrhein",16,16,67,47,FV Bonn-Endenich,6,fussball.de
031CO3JR0C00000FVS5489BUVUR5FS5A-G,Mittelrhein,Mittelrhein,6,Landesliga,"Landesliga, Staffel 2 · Mittelrhein",16,16,65,44,Eintracht Verlautenheide,6,fussball.de
0311F9JM0S00000CVS5489BUVVARDA0V-G,Niederrhein,Niederrhein,6,Landesliga,Landesliga Gruppe 1 · Niederrhein,18,36,132,101,DJK Arminia Klosterhardt,12,fussball.de
0311F9JMFO00000IVS5489BUVVARDA0V-G,Niederrhein,Niederrhein,6,Landesliga,Landesliga Gruppe 2 · Niederrhein,18,36,139,101,DJK Adler Union Frintrop,12,fussball.de
0318NLIBU0000008VS5489BUVV628VP4-G,Niedersachsen,Bezirk Braunschweig,6,Landesliga,Landesliga Braunschweig,16,40,178,116,MTV Wolfenbüttel,15,fussball.de
0316M6KR58000004VS5489BUVSBBVPEU-G,Niedersachsen,Bezirk Hannover,6,Landesliga,Landesliga Hannover,15,35,144,100,SV Arminia Hannover,13,fussball.de
0312IJRKOK000005VS5489BUVSBBVPEU-G,Niedersachsen,Bezirk Lüneburg,6,Landesliga,Landesliga Lüneburg,16,41,187,116,MTV Eintracht Celle,15,fussball.de
03142CTJRC00000CVS5489BUVSBBVPEU-G,Niedersachsen,Bezirk Weser-Ems,6,Landesliga,Landesliga Weser-Ems,16,48,159,138,SV Eintracht Nordhorn,18,fussball.de
031AU2ESDK00000IVS5489BUVV628VP4-G,Rheinland,Rheinland,6,Rheinlandliga,Rheinlandliga Herren,18,45,192,126,SG 2000 Mülheim-Kärlich,13,fussball.de
03108N8AOK000011VS5489BTVT51B5B5-G,Saarland,Saarland,6,Saarland-Liga,Schröder-Liga Saar · Saarland,18,72,277,199,SF Köllerbach,19,fussball.de
031B6510Q4000003VS5489BUVV628VP4-G,Sachsen,Sachsen,6,Landesliga,Sachsenliga,16,25,111,71,SG Taucha 99,9,fussball.de
0318MJ8884000004VS5489BTVSK8S3O6-G,Sachsen-Anhalt,Sachsen-Anhalt,6,Verbandsliga,Verbandsliga · Sachsen-Anhalt,16,24,82,67,SV Dessau 05,9,fussball.de
031AHTIHHC000008VS5489BUVV628VP4-G,Schleswig-Holstein,Schleswig-Holstein,6,Landesliga,Senioren Landesliga Holstein · Schleswig-Holstein,16,55,250,155,Eichholzer SV,21,fussball.de
031AHTGOGS000008VS5489BUVV628VP4-G,Schleswig-Holstein,Schleswig-Holstein,6,Landesliga,Senioren Landesliga Schleswig · Schleswig-Holstein,16,54,222,151,TSV Kronshagen,19,fussball.de
031BOPI4N0000004VS5489BUVUR5FS5A-G,Südbaden,Südbaden,6,Verbandsliga,Verbandsliga Südbaden,16,32,109,87,FC Denzlingen,9,fussball.de
0314L2G148000006VS5489BUVSBBVPEU-G,Südwest,Südwest,6,Verbandsliga,Herren Verbandsliga Südwest,17,48,167,131,TuS Marienborn,13,fussball.de
03155QQ1O0000009VS5489BUVSBBVPEU-G,Thüringen,Thüringen,6,Verbandsliga,11Teamsports Thüringenliga,16,31,112,87,SV SCHOTT Jena,10,fussball.de
0313Q1I0V800001GVS5489BTVU7GTVLE-G,Westfalen,Westfalen,6,Verbandsliga,Westfalenliga Herren Staffel 1,16,40,165,113,SV Eintracht Ahaus,12,fussball.de
0313Q1I1E800001OVS5489BTVU7GTVLE-G,Westfalen,Westfalen,6,Verbandsliga,Westfalenliga Herren Staffel 2,16,40,167,114,FC Roj,15,fussball.de
03160STGBC000005VS5489BUVSBBVPEU-G,Württemberg,Württemberg,6,Verbandsliga,Verbandsliga · Württemberg,16,32,115,89,FSV Hollenbach,10,fussball.de
03188VGCUS00000GVS5489BTVU7GTVLE-G,Baden,Baden,7,Landesliga,bfv-Landesliga Mittelbaden,17,40,177,113,ASV Durlach,15,fussball.de
03188VGCFS000000VS5489BTVU7GTVLE-G,Baden,Baden,7,Landesliga,bfv-Landesliga Odenwald · Baden,16,32,107,89,FC Grünsfeld,10,fussball.de
03188VGCOG00000HVS5489BTVU7GTVLE-G,Baden,Baden,7,Landesliga,bfv-Landesliga Rhein-Neckar · Baden,15,28,99,78,FV 1918 Brühl,10,fussball.de
0319QP91EO000005VS5489BUVV628VP4-G,Bayern,Bezirk Mittelfranken,7,Bezirksliga,BZL Mittelfranken Nord,16,70,247,200,ASV Vach,24,fussball.de
031B3M2RRC000006VS5489BTVSK8S3O6-G,Bayern,Bezirk Mittelfranken,7,Bezirksliga,BZL Mittelfranken Süd,16,70,278,192,SV Alesheim,19,fussball.de
03152BU2G8000005VS5489BTVU7GTVLE-G,Bayern,Bezirk Niederbayern,7,Bezirksliga,BzL Ndb. Ost · Bezirk Niederbayern,16,72,236,197,TSV Karpfham,27,fussball.de
03152BU248000005VS5489BTVU7GTVLE-G,Bayern,Bezirk Niederbayern,7,Bezirksliga,BzL Ndb. West · Bezirk Niederbayern,16,72,281,203,FSV Landau/Isar,23,fussball.de
0318M7EJ2O000006VS5489BUVV628VP4-G,Bayern,Bezirk Oberbayern,7,Bezirksliga,001 BZL Oberbayern Nord,16,63,218,179,FC Türk Sport Garching,18,fussball.de
0318M7HIL4000009VS5489BUVV628VP4-G,Bayern,Bezirk Oberbayern,7,Bezirksliga,002 BZL Oberbayern Ost,15,52,170,146,FC Töging,16,fussball.de
0318M7IG8C000035VS5489BUVV628VP4-G,Bayern,Bezirk Oberbayern,7,Bezirksliga,003 BZL Oberbayern Süd,16,63,250,181,TSV Moorenweis,22,fussball.de
03124F6F3S000003VS5489BUVVARDA0V-G,Bayern,Bezirk Oberfranken,7,Bezirksliga,Bezirksliga Oberfranken Ost,16,72,259,202,FC Vorwärts Röslau,25,fussball.de
03124EQN4C000004VS5489BUVVARDA0V-G,Bayern,Bezirk Oberfranken,7,Bezirksliga,Bezirksliga Oberfranken West,16,72,270,205,1. FC Lichtenfels,25,fussball.de
03106RABB4000004VS5489BTVT51B5B5-G,Bayern,Bezirk Oberpfalz,7,Bezirksliga,Bezirksliga Oberpfalz Nord,16,71,277,200,SV Etzenricht,19,fussball.de
03106R6CFG000004VS5489BTVT51B5B5-G,Bayern,Bezirk Oberpfalz,7,Bezirksliga,Bezirksliga Oberpfalz Süd,15,66,199,174,TV Parsberg,23,fussball.de
03151UJ1KC000005VS5489BUVSBBVPEU-G,Bayern,Bezirk Schwaben,7,Bezirksliga,BZL Schwaben Nord,16,64,210,179,BC Rinnenthal,18,fussball.de
03151UJ1C4000006VS5489BUVSBBVPEU-G,Bayern,Bezirk Schwaben,7,Bezirksliga,BZL Schwaben Süd,16,58,226,163,FC Thalhofen,16,fussball.de
030V9PBJRG00002TVS5489BTVT51B5B5-G,Bayern,Bezirk Unterfranken,7,Bezirksliga,BZL Ufr-Ost · Bezirk Unterfranken,17,64,241,179,TSV Ettleben,19,fussball.de
030V9PBLI800001VVS5489BTVT51B5B5-G,Bayern,Bezirk Unterfranken,7,Bezirksliga,BZL Ufr-West · Bezirk Unterfranken,17,63,219,177,FC Würzburger Kickers 2,18,fussball.de
0317AFVR84000006VS5489BUVSBBVPEU-G,Berlin,Berlin,7,Landesliga,Herren Landesliga St.1 · Berlin,16,16,71,43,VSG Altglienicke II,6,fussball.de
0317AFVREC000003VS5489BUVSBBVPEU-G,Berlin,Berlin,7,Landesliga,Herren Landesliga St.2 · Berlin,16,16,77,48,SC Union 06,6,fussball.de
0318RO2U5O000009VS5489BTVSK8S3O6-G,Brandenburg,Brandenburg,7,Landesliga,Landesliga Nord · Brandenburg,15,11,45,33,FC Schwedt 02,6,fussball.de
0318RO2UDG000002VS5489BTVSK8S3O6-G,Brandenburg,Brandenburg,7,Landesliga,Landesliga Süd · Brandenburg,16,10,46,30,VfB 1921 Krieschow II,6,fussball.de
031DQB5JTK00000CVS5489BTVUS470OH-G,Bremen,Bezirk Bremen,7,Bezirksliga,Bezirksliga · Bezirk Bremen,15,21,105,58,TV Eiche Horn II,9,fussball.de
0318JSU6DO000006VS5489BTVSK8S3O6-G,Hamburg,Bezirksebene Hamburg,7,Bezirksliga,BZL 01 · Bezirksebene Hamburg,16,32,156,89,SVNA 1.Hr.,12,fussball.de
0318JSU6K4000006VS5489BTVSK8S3O6-G,Hamburg,Bezirksebene Hamburg,7,Bezirksliga,BZL 02 · Bezirksebene Hamburg,16,31,139,85,DSC Hanseat 1.Hr.,9,fussball.de
0318JSU6OS000006VS5489BTVSK8S3O6-G,Hamburg,Bezirksebene Hamburg,7,Bezirksliga,BZL 03 · Bezirksebene Hamburg,16,31,139,88,Union Tornesch 2.Hr.,12,fussball.de
0318JSU6U8000006VS5489BTVSK8S3O6-G,Hamburg,Bezirksebene Hamburg,7,Bezirksliga,BZL 04 · Bezirksebene Hamburg,16,32,130,89,HFC Falke 1.Hr.,12,fussball.de
03196IO82S00000IVS5489BUVV628VP4-G,Hessen,Region Darmstadt,7,Gruppenliga,GL Darmstadt · Region Darmstadt,16,52,219,144,TSV Auerbach,18,fussball.de
0318IGJNQ000000IVS5489BUVV628VP4-G,Hessen,Region Frankfurt,7,Gruppenliga,GL Frankfurt Gr.Ost · Region Frankfurt,18,64,256,184,KV Mühlheim,19,fussball.de
0318IGJO4S00000EVS5489BUVV628VP4-G,Hessen,Region Frankfurt,7,Gruppenliga,GL Frankfurt Gr.West · Region Frankfurt,17,56,265,161,FSV Friedrichsdorf,18,fussball.de
0318IH34PO000007VS5489BTVSK8S3O6-G,Hessen,Region Fulda,7,Gruppenliga,GL Fulda · Region Fulda,16,62,224,178,SG Sickels,21,fussball.de
0318IL73VG00000BVS5489BUVV628VP4-G,Hessen,Region Gießen / Marburg,7,Gruppenliga,GL Gießen/Marburg · Region Gießen / Marburg,16,47,179,131,FSG Grünberg/Lehnheim/Stangenrod,16,fussball.de
0318I9358400000HVS5489BUVV628VP4-G,Hessen,Region Kassel,7,Gruppenliga,GL Kassel Gr.1 · Region Kassel,16,54,256,153,SSV Sand,16,fussball.de
0318I935H400000EVS5489BUVV628VP4-G,Hessen,Region Kassel,7,Gruppenliga,GL Kassel Gr.2 · Region Kassel,16,56,270,161,TSG Sandershausen,21,fussball.de
0318K728B4000006VS5489BUVV628VP4-G,Hessen,Region Wiesbaden,7,Gruppenliga,GL Wiesbaden · Region Wiesbaden,18,63,274,175,FC TÜRK Kelsterbach,19,fussball.de
03162FD6S8000007VS5489BTVU7GTVLE-G,Mecklenburg-Vorpommern,Mecklenburg-Vorpommern,7,Landesliga,Landesliga Ost Herren · Mecklenburg-Vorpommern,14,7,29,19,SpVgg Torgelow-Ueckermünde,3,fussball.de
03162FD72G000007VS5489BTVU7GTVLE-G,Mecklenburg-Vorpommern,Mecklenburg-Vorpommern,7,Landesliga,Landesliga West Herren · Mecklenburg-Vorpommern,14,7,48,21,Güstrower SC 09,3,fussball.de
031CO3N6CG00000IVS5489BUVUR5FS5A-G,Mittelrhein,Bezirk Mittelrhein,7,Bezirksliga,"Bezirksliga, Staffel 1 · Bezirk Mittelrhein",16,16,84,45,SV Frielingsdorf,6,fussball.de
031CO3N6LC00000IVS5489BUVUR5FS5A-G,Mittelrhein,Bezirk Mittelrhein,7,Bezirksliga,"Bezirksliga, Staffel 2 · Bezirk Mittelrhein",16,16,81,46,SV Leuscheid,6,fussball.de
031CO3N6SS00000HVS5489BUVUR5FS5A-G,Mittelrhein,Bezirk Mittelrhein,7,Bezirksliga,"Bezirksliga, Staffel 3 · Bezirk Mittelrhein",16,16,66,46,SC Alemannia Lendersdorf,6,fussball.de
031CO3N73G00000HVS5489BUVUR5FS5A-G,Mittelrhein,Bezirk Mittelrhein,7,Bezirksliga,"Bezirksliga, Staffel 4 · Bezirk Mittelrhein",16,14,58,41,Germania Hilfarth,6,fussball.de
0311F9OIVK000000VS5489BUVVARDA0V-G,Niederrhein,Bezirk Niederrhein,7,Bezirksliga,Bezirksliga Gruppe 1 · Bezirk Niederrhein,18,32,149,89,SG Benrath-Hassels,9,fussball.de
0311F9OJB000000DVS5489BUVVARDA0V-G,Niederrhein,Bezirk Niederrhein,7,Bezirksliga,Bezirksliga Gruppe 2 · Bezirk Niederrhein,18,36,166,104,FSV Vohwinkel,12,fussball.de
0311F9OJLC000000VS5489BUVVARDA0V-G,Niederrhein,Bezirk Niederrhein,7,Bezirksliga,Bezirksliga Gruppe 3 · Bezirk Niederrhein,18,36,163,100,TuS Wickrath,12,fussball.de
0311F9OJU4000000VS5489BUVVARDA0V-G,Niederrhein,Bezirk Niederrhein,7,Bezirksliga,Bezirksliga Gruppe 4 · Bezirk Niederrhein,18,36,149,101,SuS 09 Dinslaken,12,fussball.de
0311F9OK7C00000NVS5489BUVVARDA0V-G,Niederrhein,Bezirk Niederrhein,7,Bezirksliga,Bezirksliga Gruppe 5 · Bezirk Niederrhein,18,36,231,102,Duisburger SV 1900,12,fussball.de
0311F9OKHG00000GVS5489BUVVARDA0V-G,Niederrhein,Bezirk Niederrhein,7,Bezirksliga,Bezirksliga Gruppe 6 · Bezirk Niederrhein,18,36,156,102,SV Burgaltendorf,12,fussball.de
0318NLOQIS00000DVS5489BUVV628VP4-G,Niedersachsen,Bezirk Braunschweig,7,Bezirksliga,Bezirksliga Braunschweig 1,16,38,192,110,HSV Hankensbüttel,15,fussball.de
0318NLOQUS00000GVS5489BUVV628VP4-G,Niedersachsen,Bezirk Braunschweig,7,Bezirksliga,Bezirksliga Braunschweig 2,16,39,184,115,TSC Vahdet Braunschweig,13,fussball.de
0318NLOR9000000EVS5489BUVV628VP4-G,Niedersachsen,Bezirk Braunschweig,7,Bezirksliga,Bezirksliga Braunschweig 3,16,41,174,117,Goslarer SC,13,fussball.de
0318NLORJ400000BVS5489BUVV628VP4-G,Niedersachsen,Bezirk Braunschweig,7,Bezirksliga,Bezirksliga Braunschweig 4,16,43,178,121,SV Rotenberg,15,fussball.de
0316M7I65K000006VS5489BUVSBBVPEU-G,Niedersachsen,Bezirk Hannover,7,Bezirksliga,Bezirksliga Hannover Staffel 1,16,39,147,115,STK Eilvese,15,fussball.de
0316M7KQOG000004VS5489BUVSBBVPEU-G,Niedersachsen,Bezirk Hannover,7,Bezirksliga,Bezirksliga Hannover Staffel 2,16,39,171,115,SV Germania Grasdorf,12,fussball.de
0316M82URK000004VS5489BUVSBBVPEU-G,Niedersachsen,Bezirk Hannover,7,Bezirksliga,Bezirksliga Hannover Staffel 3,17,48,263,140,TSV Barsinghausen,18,fussball.de
0316M8F5E8000000VS5489BUVSBBVPEU-G,Niedersachsen,Bezirk Hannover,7,Bezirksliga,Bezirksliga Hannover Staffel 4,17,48,187,137,SV Türk Gücü Hildesheim,15,fussball.de
0312IJGSBK00000AVS5489BUVSBBVPEU-G,Niedersachsen,Bezirk Lüneburg,7,Bezirksliga,Bezirksliga Lüneburg 1,16,40,174,116,TuS Reppenstedt,13,fussball.de
0312IJGSJ400000AVS5489BUVSBBVPEU-G,Niedersachsen,Bezirk Lüneburg,7,Bezirksliga,Bezirksliga Lüneburg 2,16,40,180,115,VfL Westercelle,13,fussball.de
0312IJGSOS000000VS5489BUVSBBVPEU-G,Niedersachsen,Bezirk Lüneburg,7,Bezirksliga,Bezirksliga Lüneburg 3,16,42,165,122,FC Verden 04 II U23,15,fussball.de
0312IJGSV4000009VS5489BUVSBBVPEU-G,Niedersachsen,Bezirk Lüneburg,7,Bezirksliga,Bezirksliga Lüneburg 4,17,39,196,113,SV Ahlerstedt/Ottendorf II,15,fussball.de
03142DDU6O000007VS5489BUVSBBVPEU-G,Niedersachsen,Bezirk Weser-Ems,7,Bezirksliga,Bezirksliga Weser-Ems 1,17,56,233,159,GW Firrel,15,fussball.de
03142DDTOG000007VS5489BUVSBBVPEU-G,Niedersachsen,Bezirk Weser-Ems,7,Bezirksliga,Bezirksliga Weser-Ems 2,16,48,239,138,Wilhelmshavener SC Frisia,18,fussball.de
03142DDU0S000005VS5489BUVSBBVPEU-G,Niedersachsen,Bezirk Weser-Ems,7,Bezirksliga,Bezirksliga Weser-Ems 3,16,45,181,126,SV Vorwärts Nordhorn II,16,fussball.de
03142DDUC8000008VS5489BUVSBBVPEU-G,Niedersachsen,Bezirk Weser-Ems,7,Bezirksliga,Bezirksliga Weser-Ems 4,16,48,189,137,SV Hansa Friesoythe,18,fussball.de
03142DDUHO000007VS5489BUVSBBVPEU-G,Niedersachsen,Bezirk Weser-Ems,7,Bezirksliga,Bezirksliga Weser-Ems 5,16,47,170,131,SSC Dodesheide,16,fussball.de
031C3OBN2400000EVS5489BTVUS470OH-G,Rheinland,Bezirk Rheinland,7,Bezirksliga,Bezirksliga Mitte Herren · Bezirk Rheinland,16,38,175,104,SG Augst Eitelborn,13,fussball.de
03142NF3H400000FVS5489BTVU7GTVLE-G,Rheinland,Bezirk Rheinland,7,Bezirksliga,Bezirksliga Ost Herren · Bezirk Rheinland,16,40,183,114,VfB Wissen,15,fussball.de
031B4VH834000009VS5489BTVSK8S3O6-G,Rheinland,Bezirk Rheinland,7,Bezirksliga,Bezirksliga West Herren · Bezirk Rheinland,16,39,166,105,SG Ellscheid,13,fussball.de
030UT2JVB800000AVS5489BUVVARDA0V-G,Saarland,Saarland,7,Verbandsliga,Verbandsliga Nord / Ost · Saarland,16,48,222,134,SV Bliesmengen-B.,18,fussball.de
03108NFRFC000005VS5489BTVT51B5B5-G,Saarland,Saarland,7,Verbandsliga,Verbandsliga Süd / West · Saarland,16,48,249,137,SG Mettlach / Merzig,16,fussball.de
031B608474000000VS5489BUVV628VP4-G,Sachsen,Sachsen,7,Landesklasse,Sachsenklasse Nord,16,23,113,63,"ATSV ""Frisch Auf"" Wurzen",9,fussball.de
031B6082V0000008VS5489BUVV628VP4-G,Sachsen,Sachsen,7,Landesklasse,Sachsenklasse Ost,16,21,85,59,Radebeuler BC,9,fussball.de
031B6083R0000006VS5489BUVV628VP4-G,Sachsen,Sachsen,7,Landesklasse,Sachsenklasse West,16,24,113,70,FC Stollberg,9,fussball.de
0318RGG1JC000004VS5489BTVSK8S3O6-G,Sachsen-Anhalt,Sachsen-Anhalt,7,Landesliga,LOTTO-Landesliga Nord · Sachsen-Anhalt,16,22,97,64,Burger BC 08 I,9,fussball.de
0318RGG1SO000005VS5489BTVSK8S3O6-G,Sachsen-Anhalt,Sachsen-Anhalt,7,Landesliga,LOTTO-Landesliga Süd · Sachsen-Anhalt,16,24,70,65,FSV Bennstedt,9,fussball.de
031BUN18UK000004VS5489BTVUS470OH-G,Schleswig-Holstein,Schleswig-Holstein,7,Verbandsliga,Verbandsliga Nord · Schleswig-Holstein,16,55,245,159,TSB Flensburg II,21,fussball.de
031AGKT7D0000006VS5489BTVSK8S3O6-G,Schleswig-Holstein,Schleswig-Holstein,7,Verbandsliga,Verbandsliga Ost · Schleswig-Holstein,16,53,240,150,Probsteier SG 2012,21,fussball.de
031BUP6OCO000005VS5489BTVUS470OH-G,Schleswig-Holstein,Schleswig-Holstein,7,Verbandsliga,Verbandsliga Süd · Schleswig-Holstein,16,54,256,155,SV Eichede II,16,fussball.de
031AGL8ER0000006VS5489BTVSK8S3O6-G,Schleswig-Holstein,Schleswig-Holstein,7,Verbandsliga,Verbandsliga West · Schleswig-Holstein,16,45,163,126,TuS Krempe,15,fussball.de
031BP5PVC000000BVS5489BTVUS470OH-G,Südbaden,Südbaden,7,Landesliga,Landesliga 1 · Südbaden,16,32,142,91,Offenburger FV,9,fussball.de
031BP987KC000004VS5489BTVUS470OH-G,Südbaden,Südbaden,7,Landesliga,Landesliga 2 · Südbaden,16,32,167,92,SV Weil 1910,10,fussball.de
031C3L4KVK000004VS5489BUVUR5FS5A-G,Südbaden,Südbaden,7,Landesliga,Landesliga 3 · Südbaden,16,32,134,91,FC 08 Villingen 2,12,fussball.de
03141ST64K00000AVS5489BUVSBBVPEU-G,Südwest,Südwest,7,Landesliga,Herren Landesliga Ost · Südwest,16,48,204,139,FC Speyer,18,fussball.de
03141ST5SO000007VS5489BUVSBBVPEU-G,Südwest,Südwest,7,Landesliga,Herren Landesliga West · Südwest,16,48,220,137,SV Hermersberg,13,fussball.de
03155QUIEG000000VS5489BUVSBBVPEU-G,Thüringen,Thüringen,7,Landesklasse,Landesklasse Staffel 1 · Thüringen,16,33,116,89,SV Schmölln 1913,9,fussball.de
03155QUIL4000008VS5489BUVSBBVPEU-G,Thüringen,Thüringen,7,Landesklasse,Landesklasse Staffel 2 · Thüringen,16,31,131,86,FC Union Mühlhausen,12,fussball.de
03155QUIRC000008VS5489BUVSBBVPEU-G,Thüringen,Thüringen,7,Landesklasse,Landesklasse Staffel 3 · Thüringen,16,32,131,91,VfL Meiningen,12,fussball.de
0313Q1LFPS000013VS5489BTVU7GTVLE-G,Westfalen,Westfalen,7,Landesliga,IGA 2027 Landesliga Staffel 1 · Westfalen,17,40,149,110,Delbrücker SC,15,fussball.de
0313Q1LG6400001IVS5489BTVU7GTVLE-G,Westfalen,Westfalen,7,Landesliga,IGA 2027 Landesliga Staffel 2 · Westfalen,15,35,123,99,SC Neheim,13,fussball.de
0313Q1LGIO00001JVS5489BTVU7GTVLE-G,Westfalen,Westfalen,7,Landesliga,IGA 2027 Landesliga Staffel 3 · Westfalen,17,39,149,115,BV Herne-Süd,15,fussball.de
0313Q1LGTS000017VS5489BTVU7GTVLE-G,Westfalen,Westfalen,7,Landesliga,IGA 2027 Landesliga Staffel 4 · Westfalen,17,40,163,110,SpVg Emsdetten 05,12,fussball.de
03160T9UQ000000GVS5489BUVSBBVPEU-G,Württemberg,Württemberg,7,Landesliga,Landesliga 1 · Württemberg,17,40,142,110,SSV Schwäbisch Hall,11,fussball.de
03160T9V3O00000EVS5489BUVSBBVPEU-G,Württemberg,Württemberg,7,Landesliga,Landesliga 2 · Württemberg,17,40,155,112,FC Esslingen,13,fussball.de
03160T9VE0000001VS5489BUVSBBVPEU-G,Württemberg,Württemberg,7,Landesliga,Landesliga 3 · Württemberg,16,32,125,89,VfL Nagold,12,fussball.de
03152JT9NG00000GVS5489BUVSBBVPEU-G,Württemberg,Württemberg,7,Landesliga,Landesliga 4 · Württemberg,16,32,112,94,SSV Ehingen-Süd,12,fussball.de
031CPIQCT000000GVS5489BTVUS470OH-G,Baden,Kreis Bruchsal,8,Kreisliga,bfv-Kreisliga Bruchsal,14,14,57,40,SV Kickers Büchig,6,fussball.de
0312UDBTM000000JVS5489BUVSBBVPEU-G,Baden,Kreis Buchen,8,Kreisliga,bfv-Kreisliga Buchen,17,48,203,138,TSV Oberwittstadt,18,fussball.de
031CI6CF5S00000BVS5489BTVUS470OH-G,Baden,Kreis Heidelberg,8,Kreisliga,bfv-Kreisliga Heidelberg,15,28,115,78,1.FC Mühlhausen 2,9,fussball.de
030S9PFS3G00000BVS5489BUVSEBP30S-G,Baden,Kreis Karlsruhe,8,Kreisliga,bfv-Kreisliga Karlsruhe,15,27,113,76,TV Spöck,10,fussball.de
031EKNM2HG00000LVS5489BUVUR5FS5A-G,Baden,Kreis Mannheim,8,Kreisliga,Kreisliga Mannheim,16,16,61,47,SpVgg 03 Ilvesheim,6,fussball.de
0318DFTSLC000004VS5489BTVU7GTVLE-G,Baden,Kreis Mosbach,8,Kreisliga,bfv-Kreisliga Mosbach,15,27,127,76,FV Elztal,10,fussball.de
0316CL21RK000004VS5489BTVU7GTVLE-G,Baden,Kreis Pforzheim,8,Kreisliga,bfv-Kreisliga Pforzheim,16,13,45,36,SV Königsbach,6,fussball.de
031426MIL000000FVS5489BUVSBBVPEU-G,Baden,Kreis Sinsheim,8,Kreisliga,bfv - Kreisliga Sinsheim,16,31,142,89,Türkspor Eppingen,12,fussball.de
031AG1MT3C000002VS5489BTVSK8S3O6-G,Baden,Kreis Tauberbischofsheim,8,Kreisliga,bfv-Kreisliga Tauberbischofsheim,14,21,81,60,SV Schönfeld,9,fussball.de
03143KTVF4000016VS5489BUVSBBVPEU-G,Bayern,Kreis Allgäu,8,Kreisliga,KL Allgäu Nord,16,46,198,129,TV Bad Grönenbach,18,fussball.de
03143KV4K400005IVS5489BUVSBBVPEU-G,Bayern,Kreis Allgäu,8,Kreisliga,KL Allgäu Süd,16,47,182,133,TSV Obergünzburg,16,fussball.de
03138D9JBK000006VS5489BUVSBBVPEU-G,Bayern,Kreis Amberg/Weiden,8,Kreisliga,Kreisliga AM/WEN Nord · Kreis Amberg/Weiden,14,49,211,139,SV TuS/DJK Grafenwöhr,21,fussball.de
03138D9J4C000003VS5489BUVSBBVPEU-G,Bayern,Kreis Amberg/Weiden,8,Kreisliga,Kreisliga AM/WEN Süd · Kreis Amberg/Weiden,14,47,168,133,TuS Rosenberg,15,fussball.de
0316LHPOJ0000002VS5489BTVU7GTVLE-G,Bayern,Kreis Aschaffenburg,8,Kreisliga,KL-AB · Kreis Aschaffenburg,16,61,234,171,Eintracht Leidersbach,22,fussball.de
0310VQLQFK000003VS5489BTVT51B5B5-G,Bayern,Kreis Augsburg,8,Kreisliga,KL Augsburg,16,47,198,133,SpVgg Lagerlechfeld,15,fussball.de
0310VQLRA8000038VS5489BTVT51B5B5-G,Bayern,Kreis Augsburg,8,Kreisliga,KL Ost · Kreis Augsburg,16,48,182,139,BC Aichach,18,fussball.de
0313POT35K000006VS5489BUVSBBVPEU-G,Bayern,Kreis Bamberg/Bayreuth/Kulmb.,8,Kreisliga,KL 1 BA · Kreis Bamberg/Bayreuth/Kulmb.,16,71,303,203,ASV 1926 Sassanfahrt,25,fussball.de
0311F7AILG000006VS5489BUVVARDA0V-G,Bayern,Kreis Bamberg/Bayreuth/Kulmb.,8,Kreisliga,KL 2 BT KU · Kreis Bamberg/Bayreuth/Kulmb.,16,70,266,196,SV Heinersreuth,20,fussball.de
0314N69PLK000006VS5489BTVU7GTVLE-G,Bayern,Kreis Cham/Schwandorf,8,Kreisliga,Kreisliga CHA/SAD  Ost · Kreis Cham/Schwandorf,14,56,217,160,DJK Arnschwang,24,fussball.de
0314N69OT8000006VS5489BTVU7GTVLE-G,Bayern,Kreis Cham/Schwandorf,8,Kreisliga,Kreisliga CHA/SAD  West · Kreis Cham/Schwandorf,14,56,211,155,SV Schwandorf-Ettmannsdorf II,19,fussball.de
03124AMMSG000004VS5489BTVT51B5B5-G,Bayern,Kreis Coburg/Kronach/Lichtenf.,8,Kreisliga,Kreisliga 1 · Kreis Coburg/Kronach/Lichtenf.,16,63,260,179,TSV 1860 Staffelstein,22,fussball.de
03124AQD74000004VS5489BTVT51B5B5-G,Bayern,Kreis Coburg/Kronach/Lichtenf.,8,Kreisliga,Kreisliga 2 · Kreis Coburg/Kronach/Lichtenf.,16,64,258,182,(SG 1) SV Wolfers/Neuengrün 1/SV Nurn 1,20,fussball.de
0314HDGKQO000005VS5489BTVU7GTVLE-G,Bayern,Kreis Donau,8,Kreisliga,KL Nord · Kreis Donau,15,42,146,118,SSV Dillingen,13,fussball.de
0314HDGKI0000005VS5489BTVU7GTVLE-G,Bayern,Kreis Donau,8,Kreisliga,KL West · Kreis Donau,14,33,127,92,SV Neuburg/Kammel,15,fussball.de
03154QDEKS00003CVS5489BUVSBBVPEU-G,Bayern,Kreis Donau/Isar,8,Kreisliga,401 Kreisliga 1 · Kreis Donau/Isar,15,41,179,114,SV Zuchering,15,fussball.de
03154QDGIG00002EVS5489BUVSBBVPEU-G,Bayern,Kreis Donau/Isar,8,Kreisliga,402 Kreisliga 2 · Kreis Donau/Isar,14,28,101,79,FC Lengdorf,9,fussball.de
0313OUEQBS000006VS5489BTVU7GTVLE-G,Bayern,Kreis Erlangen/Pegnitzgrund,8,Kreisliga,Kreisliga 1 · Kreis Erlangen/Pegnitzgrund,14,35,144,101,SpVgg Hessdorf,15,fussball.de
0313OUEQJO000006VS5489BTVU7GTVLE-G,Bayern,Kreis Erlangen/Pegnitzgrund,8,Kreisliga,Kreisliga 2 · Kreis Erlangen/Pegnitzgrund,14,35,143,99,TSV Neunkirchen,15,fussball.de
0314C1RIKK000006VS5489BUVSBBVPEU-G,Bayern,Kreis Hof/Tirschenr./Wunsiedel,8,Kreisliga,KL  1 HO/TIR/WUN · Kreis Hof/Tirschenr./Wunsiedel,14,56,193,160,(SG1) Bayern Hof II / Trogen II,21,fussball.de
0314C1RIUO000006VS5489BUVSBBVPEU-G,Bayern,Kreis Hof/Tirschenr./Wunsiedel,8,Kreisliga,KL 2 HO/TIR/WUN · Kreis Hof/Tirschenr./Wunsiedel,14,55,243,147,VfB Arzberg,20,fussball.de
030UHNFT4S000005VS5489BTVT51B5B5-G,Bayern,Kreis Inn/Salzach,8,Kreisliga,Kreisliga 1 Inn/Salzach,14,28,94,77,TSV 1860 Rosenheim 2,9,fussball.de
030UHNFTD4000001VS5489BTVT51B5B5-G,Bayern,Kreis Inn/Salzach,8,Kreisliga,Kreisliga 2 Inn/Salzach,14,28,102,81,TSV Reischach,12,fussball.de
0316NR0H1G000004VS5489BTVU7GTVLE-G,Bayern,Kreis München,8,Kreisliga,Kreisliga München,40,59,234,162,TSV 1877 Ebersberg,9,fussball.de
0312SMUAJG000006VS5489BUVSBBVPEU-G,Bayern,Kreis Neumarkt/Jura,8,Kreisliga,Kreisliga Ost · Kreis Neumarkt/Jura,14,33,133,89,SC Pollanten,13,fussball.de
0312SMUAQS000006VS5489BUVSBBVPEU-G,Bayern,Kreis Neumarkt/Jura,8,Kreisliga,Kreisliga West · Kreis Neumarkt/Jura,14,35,120,99,SSV Oberhochstatt,13,fussball.de
0314139HTG000006VS5489BTVU7GTVLE-G,Bayern,Kreis Niederbayern Ost,8,Kreisliga,KL 2 Bayerwald · Kreis Niederbayern Ost,14,49,204,138,SV Schöfweg,16,fussball.de
0314139IA0000006VS5489BTVU7GTVLE-G,Bayern,Kreis Niederbayern Ost,8,Kreisliga,KL 3 Passauer Land · Kreis Niederbayern Ost,14,48,173,135,FC Sturm Hauzenberg 2,21,fussball.de
03145PFO4G000004VS5489BUVSBBVPEU-G,Bayern,Kreis Niederbayern West,8,Kreisliga,KL 1 Donau/Laaber · Kreis Niederbayern West,14,49,175,135,TV Geisenhausen,15,fussball.de
03145PM83C000004VS5489BUVSBBVPEU-G,Bayern,Kreis Niederbayern West,8,Kreisliga,KL 2 Isar/Rott · Kreis Niederbayern West,14,49,167,131,TuS 1860 Pfarrkirchen,14,fussball.de
0317T7GM6800000DVS5489BUVSBBVPEU-G,Bayern,Kreis Nürnberg/Frankenhöhe,8,Kreisliga,KL-Gr 1 N/F · Kreis Nürnberg/Frankenhöhe,14,39,153,113,SV Ornbau-Weidenbach,16,fussball.de
0317T7GNS800001CVS5489BUVSBBVPEU-G,Bayern,Kreis Nürnberg/Frankenhöhe,8,Kreisliga,KL-Gr 2 N/F · Kreis Nürnberg/Frankenhöhe,15,54,194,148,Türk. SV Gostenhof Nürnberg,16,fussball.de
030UDGMFUS00000EVS5489BUVVARDA0V-G,Bayern,Kreis Regensburg,8,Kreisliga,Kreisliga Rgbg Gruppe 1 · Kreis Regensburg,14,55,233,154,TSV Wörth/Do.,19,fussball.de
030UDGMHTK000056VS5489BUVVARDA0V-G,Bayern,Kreis Regensburg,8,Kreisliga,Kreisliga Rgbg Gruppe 2 · Kreis Regensburg,14,56,216,157,TSV Grossberg,22,fussball.de
03135BF8S0000007VS5489BTVU7GTVLE-G,Bayern,Kreis Rhön,8,Kreisliga,Kreisliga Rhön,15,48,170,135,DJK Schondra,18,fussball.de
03135AVG8S000008VS5489BTVU7GTVLE-G,Bayern,Kreis Schweinfurt,8,Kreisliga,KL-Gr1 SW · Kreis Schweinfurt,15,52,234,142,FC Röthlein/Schwebheim e.V.,16,fussball.de
03135AVGGC000009VS5489BTVU7GTVLE-G,Bayern,Kreis Schweinfurt,8,Kreisliga,KL-Gr2 SW · Kreis Schweinfurt,14,48,195,134,TSV Forst,15,fussball.de
0310BHF1CK00005EVS5489BTVT51B5B5-G,Bayern,Kreis Würzburg,8,Kreisliga,KL-Gr 1 WÜ · Kreis Würzburg,16,64,231,184,SpVgg Gülchsheim,20,fussball.de
0310BHF3D800002EVS5489BTVT51B5B5-G,Bayern,Kreis Würzburg,8,Kreisliga,KL-Gr 2 WÜ · Kreis Würzburg,14,47,190,131,FV 1926 Thüngersheim,15,fussball.de
030RC38J9S000037VS5489BTVVR5L0PB-G,Bayern,Kreis Zugspitze,8,Kreisliga,Kreisliga Gruppe 1 · Kreis Zugspitze,15,31,115,88,FT Starnberg 09,15,fussball.de
030RC38L3S000038VS5489BTVVR5L0PB-G,Bayern,Kreis Zugspitze,8,Kreisliga,Kreisliga Gruppe 2 · Kreis Zugspitze,16,37,148,104,FC Aich,10,fussball.de
0317AGKT5S000004VS5489BUVSBBVPEU-G,Berlin,Bezirk Berlin,8,Bezirksliga,Herren Bezirksliga St.1 · Bezirk Berlin,16,16,85,44,FC Liria,6,fussball.de
0317AGKTBG000006VS5489BUVSBBVPEU-G,Berlin,Bezirk Berlin,8,Bezirksliga,Herren Bezirksliga St.2 · Bezirk Berlin,16,16,74,47,JFC Berlin,6,fussball.de
0317AGKTGO000006VS5489BUVSBBVPEU-G,Berlin,Bezirk Berlin,8,Bezirksliga,Herren Bezirksliga St.3 · Bezirk Berlin,16,16,79,46,Delay Sports Berlin II,6,fussball.de
0318RR14TS000008VS5489BTVSK8S3O6-G,Brandenburg,Brandenburg,8,Landesklasse,Landesklasse Nord · Brandenburg,16,15,56,43,VfB Gramzow,6,fussball.de
0318RR15BC000007VS5489BTVSK8S3O6-G,Brandenburg,Brandenburg,8,Landesklasse,Landesklasse Ost · Brandenburg,16,15,82,44,1. FC Frankfurt II,6,fussball.de
0318RR15HC000000VS5489BTVSK8S3O6-G,Brandenburg,Brandenburg,8,Landesklasse,Landesklasse Süd · Brandenburg,16,14,74,42,Kolkwitzer SV 1896,6,fussball.de
0318RR153S000007VS5489BTVSK8S3O6-G,Brandenburg,Brandenburg,8,Landesklasse,Landesklasse West · Brandenburg,16,14,51,39,VfL Nauen,6,fussball.de
031FM68FKC00000KVS5489BTVUS470OH-G,Bremen,Kreis Bremen-Stadt,8,1.Kreisliga (A),Kreisliga A · Kreis Bremen-Stadt,14,21,117,57,TUS Schwachhausen II,9,fussball.de
031FM6AOM000000EVS5489BTVUS470OH-G,Bremen,Kreis Bremerhaven,8,1.Kreisliga (A),Kreisliga A · Kreis Bremerhaven,12,17,110,48,SFL Bremerhaven,9,fussball.de
0318JTBDCK00000EVS5489BTVSK8S3O6-G,Hamburg,Kreisebene Hamburg,8,Kreisliga,KL 01 · Kreisebene Hamburg,15,30,177,82,FSV Geesthacht 1.Hr.,12,fussball.de
0318JTBDK800000EVS5489BTVSK8S3O6-G,Hamburg,Kreisebene Hamburg,8,Kreisliga,KL 02 · Kreisebene Hamburg,16,27,116,74,Condor 2.Hr.,10,fussball.de
0318JTBDR400000DVS5489BTVSK8S3O6-G,Hamburg,Kreisebene Hamburg,8,Kreisliga,KL 03 · Kreisebene Hamburg,16,32,155,93,SC FU 1.Hr.,12,fussball.de
0318JTBE1G00000EVS5489BTVSK8S3O6-G,Hamburg,Kreisebene Hamburg,8,Kreisliga,KL 04 · Kreisebene Hamburg,16,30,159,85,Hansa 11 3.Hr.,10,fussball.de
0318JTBE7O00000EVS5489BTVSK8S3O6-G,Hamburg,Kreisebene Hamburg,8,Kreisliga,KL 05 · Kreisebene Hamburg,16,28,138,80,St. Pauli 6.Hr.,10,fussball.de
0318JTBEDS00000EVS5489BTVSK8S3O6-G,Hamburg,Kreisebene Hamburg,8,Kreisliga,KL 06 · Kreisebene Hamburg,16,31,181,89,Hansa 11 1.Hr.,12,fussball.de
0318JTBEK000000EVS5489BTVSK8S3O6-G,Hamburg,Kreisebene Hamburg,8,Kreisliga,KL 07 · Kreisebene Hamburg,16,28,129,78,Sparrieshoop 1.Hr.,12,fussball.de
0318JTBF0K00000EVS5489BTVSK8S3O6-G,Hamburg,Kreisebene Hamburg,8,Kreisliga,KL 08 · Kreisebene Hamburg,16,30,167,89,Harburger TB 2.Hr.,12,fussball.de
031B3GD13S00000CVS5489BTVSK8S3O6-G,Hessen,Kreis Bergstraße,8,Kreisoberliga,KOL Bergstraße,15,40,203,113,SG Reichenbach,15,fussball.de
031B6LRDRG000006VS5489BTVSK8S3O6-G,Hessen,Kreis Biedenkopf,8,Kreisoberliga,KOL GI/MR Gr.Nord · Kreis Biedenkopf,17,56,241,153,TSV Caldern,16,fussball.de
0318JH52QK00000CVS5489BUVV628VP4-G,Hessen,Kreis Büdingen,8,Kreisoberliga,KOL Büdingen,16,48,205,137,Viktoria Nidda,15,fussball.de
0319701G2G000009VS5489BUVV628VP4-G,Hessen,Kreis Darmstadt,8,Kreisoberliga,KOL DA/GG · Kreis Darmstadt,17,47,210,128,Türk Gücü Darmstadt,16,fussball.de
031APK80FG00000BVS5489BTVSK8S3O6-G,Hessen,Kreis Dieburg,8,Kreisoberliga,KOL DI-ODW · Kreis Dieburg,15,42,165,116,TSV Seckmauern,16,fussball.de
0318TSBVFO000004VS5489BUVV628VP4-G,Hessen,Kreis Frankenberg,8,Kreisoberliga,KOL WA-FKB · Kreis Frankenberg,16,46,224,132,TSV Gemünden,14,fussball.de
031BO9VAG4000001VS5489BUVUR5FS5A-G,Hessen,Kreis Frankfurt,8,Kreisoberliga,KOL Frankfurt,17,48,246,136,SG Westend Ffm,16,fussball.de
031AFQLCRS00000AVS5489BTVSK8S3O6-G,Hessen,Kreis Friedberg,8,Kreisoberliga,KOL Friedberg,17,57,269,160,SV Steinfurth,18,fussball.de
031BPOCG2C000009VS5489BUVUR5FS5A-G,Hessen,Kreis Fulda,8,Kreisoberliga,KOL Fulda Mitte,16,63,267,175,SG Reulbach/Brand,18,fussball.de
031B5OOJKG00000AVS5489BTVSK8S3O6-G,Hessen,Kreis Gelnhausen,8,Kreisoberliga,KOL Gelnhausen,17,57,232,155,SV Bieber,16,fussball.de
031CPOVMAC00000EVS5489BUVUR5FS5A-G,Hessen,Kreis Gießen,8,Kreisoberliga,KOL GI/MR Süd · Kreis Gießen,16,55,257,154,Kurdischer FC GI,16,fussball.de
031B47D48O00000BVS5489BTVSK8S3O6-G,Hessen,Kreis Hanau,8,Kreisoberliga,KOL Hanau,17,55,235,154,SV Kilianstädten,21,fussball.de
031BEP2TNC00000CVS5489BTVUS470OH-G,Hessen,Kreis Hersfeld-Rotenburg,8,Kreisoberliga,KOL Fulda Nord · Kreis Hersfeld-Rotenburg,16,58,260,169,ESV Hönebach,18,fussball.de
031F9FKDDO00000EVS5489BTVUS470OH-G,Hessen,Kreis Hochtaunus,8,Kreisoberliga,KOL Hochtaunus,18,57,284,166,SG Oberhöchstadt,18,fussball.de
0318JTNF0O000008VS5489BUVV628VP4-G,Hessen,Kreis Hofgeismar-Wolfhagen,8,Kreisoberliga,KOL Hofgeism-Wolfh · Kreis Hofgeismar-Wolfhagen,14,42,193,121,TSV Deisel,18,fussball.de
0317AGA45C000004VS5489BUVSBBVPEU-G,Hessen,Kreis Kassel,8,Kreisoberliga,KOL Kassel,16,56,236,153,TSV Ihringshausen,18,fussball.de
03196CNCIG00000CVS5489BUVV628VP4-G,Hessen,Kreis Limburg-Weilburg,8,Kreisoberliga,KOL Limb-Weilb · Kreis Limburg-Weilburg,16,47,207,133,TSG Oberbrechen,18,fussball.de
03198D13MG00000DVS5489BTVSK8S3O6-G,Hessen,Kreis Maintaunus,8,Kreisoberliga,KOL Maintaunus,15,45,233,130,FC 1957 Marxheim,16,fussball.de
031DCP7TH800000CVS5489BTVUS470OH-G,Hessen,Kreis Offenbach,8,Kreisoberliga,KOL Offenbach,16,48,220,138,SVG Steinheim,18,fussball.de
031BDTDM90000000VS5489BTVUS470OH-G,Hessen,Kreis Rheingau-Taunus,8,Kreisoberliga,KOL Rheingau-Taunus,15,41,201,117,SV Walsdorf,15,fussball.de
0318GN9G0K000009VS5489BTVSK8S3O6-G,Hessen,Kreis Schlüchtern,8,Kreisoberliga,KOL Fulda Süd · Kreis Schlüchtern,16,63,228,176,FSG Vogelsberg,21,fussball.de
0318K2GEK400000BVS5489BUVV628VP4-G,Hessen,Kreis Schwalm-Eder,8,Kreisoberliga,KOL Schwalm-Eder,15,49,189,136,FV Felsberg/Lohre/N-V,19,fussball.de
0319HR1EDS000006VS5489BUVV628VP4-G,Hessen,Kreis Werra/Meißner,8,Kreisoberliga,KOL Werra-Meißner · Kreis Werra/Meißner,15,52,282,149,TSG Bad Sooden-Allendorf,19,fussball.de
0318U6OST4000007VS5489BUVV628VP4-G,Hessen,Kreis Wetzlar,8,Kreisoberliga,KOL GI/MR West · Kreis Wetzlar,16,45,192,129,SG Eschenburg,15,fussball.de
0318MATNNK00000CVS5489BTVSK8S3O6-G,Hessen,Kreis Wiesbaden,8,Kreisoberliga,KOL Wiesbaden,15,39,206,112,FV Delkenheim 1949,18,fussball.de
03162FKMJC00000IVS5489BTVU7GTVLE-G,Mecklenburg-Vorpommern,Mecklenburg-Vorpommern,8,Landesklasse,Landesklasse I Herren · Mecklenburg-Vorpommern,14,7,24,19,SV Wittenbeck,3,fussball.de
03162FKMRS00000JVS5489BTVU7GTVLE-G,Mecklenburg-Vorpommern,Mecklenburg-Vorpommern,8,Landesklasse,Landesklasse II Herren · Mecklenburg-Vorpommern,14,7,40,19,Penkuner SV Rot-Weiß,3,fussball.de
03162FKN2O000007VS5489BTVU7GTVLE-G,Mecklenburg-Vorpommern,Mecklenburg-Vorpommern,8,Landesklasse,Landesklasse III Herren · Mecklenburg-Vorpommern,14,8,38,24,FC-KSG Lalendorf,6,fussball.de
03162FKNA400000JVS5489BTVU7GTVLE-G,Mecklenburg-Vorpommern,Mecklenburg-Vorpommern,8,Landesklasse,Landesklasse IV Herren · Mecklenburg-Vorpommern,14,7,26,19,VfB Goldenstädt,3,fussball.de
031FNFC57K000001VS5489BTVVG7L386-G,Mittelrhein,Kreis Aachen,8,Kreisliga A,Kreisliga A · Kreis Aachen,15,15,71,45,SV Rott,6,fussball.de
0313OUBHAG00000CVS5489BTVU7GTVLE-G,Mittelrhein,Kreis Berg,8,Kreisliga A,Kreisliga A · Kreis Berg,16,16,83,47,TuS Homburg-Bröltal,6,fussball.de
031BONFSMC000004VS5489BTVUS470OH-G,Mittelrhein,Kreis Bonn,8,Kreisliga A,Kreisliga A · Kreis Bonn,16,16,59,46,Spfr. Ippendorf,6,fussball.de
031GUU1ID8000004VS5489BUVSJ4CRAP-G,Mittelrhein,Kreis Düren,8,Kreisliga A,Kreisliga A · Kreis Düren,16,20,90,57,SC Jülich 1910/97/Hoengen e.V.,7,fussball.de
031IIMRLTG000006VS5489BUVVKNMR0J-G,Mittelrhein,Kreis Euskirchen,8,Kreisliga A,Kreisliga A · Kreis Euskirchen,13,12,63,36,SG Flamersheim / Kirchheim,6,fussball.de
031D5QC0T8000002VS5489BUVUR5FS5A-G,Mittelrhein,Kreis Heinsberg,8,Kreisliga A,"Kreisliga A, Staffel 1 · Kreis Heinsberg",16,24,133,71,SC Selfkant,9,fussball.de
030TOCD0SK000003VS5489BUVSOV43J9-G,Mittelrhein,Kreis Köln,8,Kreisliga A,Kreisliga A · Kreis Köln,16,15,76,43,Borussia Kalk I,6,fussball.de
031KSBC44K000000VS5489BUVVKNMR0J-G,Mittelrhein,Kreis Rhein-Erft,8,Kreisliga A,Kreisliga A Staffel 1 · Kreis Rhein-Erft,16,16,79,44,TSV Weiß,6,fussball.de
031DDUF9M4000000VS5489BTVUS470OH-G,Mittelrhein,Kreis Sieg,8,Kreisliga A,Kreisliga A Staffel 1 · Kreis Sieg,16,15,71,43,Wahlscheider SV,6,fussball.de
031D3EOE1400000GVS5489BUVUR5FS5A-G,Niederrhein,Kreis Duisburg-Mülheim-Dinslak,8,Kreisliga A,"Kreisliga A, Gruppe 1 · Kreis Duisburg-Mülheim-Dinslak",15,28,138,80,TuS Viktoria Buchholz,12,fussball.de
031D3EOEJ4000005VS5489BUVUR5FS5A-G,Niederrhein,Kreis Duisburg-Mülheim-Dinslak,8,Kreisliga A,"Kreisliga A, Gruppe 2 · Kreis Duisburg-Mülheim-Dinslak",14,14,90,40,Viktoria Buchholz II,6,fussball.de
031CH5EUGO000004VS5489BTVUS470OH-G,Niederrhein,Kreis Düsseldorf,8,Kreisliga A,Kreisliga A Herren 2026/2027 · Kreis Düsseldorf,18,36,174,105,SC SW 06 Düsseldorf,12,fussball.de
031FK22CV4000004VS5489BTVUS470OH-G,Niederrhein,Kreis Essen,8,Kreisliga A,Kreisliga A Gruppe 1 · Kreis Essen,16,32,213,94,AL-ARZ Libanon Essen 08,12,fussball.de
031FK257H0000004VS5489BTVUS470OH-G,Niederrhein,Kreis Essen,8,Kreisliga A,Kreisliga A Gruppe 2 · Kreis Essen,16,32,157,90,DJK TuS Essen-Holsterhausen,10,fussball.de
031FTR1GCK000004VS5489BUVSJ4CRAP-G,Niederrhein,Kreis Grevenbroich-Neuss,8,Kreisliga A,Kreisliga A · Kreis Grevenbroich-Neuss,16,32,158,90,SF Vorst,12,fussball.de
031HBIDKBG000007VS5489BTVVG7L386-G,Niederrhein,Kreis Kempen-Krefeld,8,Kreisliga A,Kreisliga A · Kreis Kempen-Krefeld,18,32,150,91,Osterather SV Meerbusch 2,12,fussball.de
031B925F1400000AVS5489BUVV628VP4-G,Niederrhein,Kreis Kleve-Geldern,8,Kreisliga A,Kreisliga A · Kreis Kleve-Geldern,16,31,137,88,Uedemer SV,10,fussball.de
031H97LK70000004VS5489BUVSJ4CRAP-G,Niederrhein,Kreis Moers,8,Kreisliga A,Kreisliga A · Kreis Moers,16,17,67,47,FC Neukirchen-Vluyn II,6,fussball.de
0311FB9E9000000IVS5489BUVVARDA0V-G,Niederrhein,Kreis Mönchengladbach-Viersen,8,Kreisliga A,Kreisliga A · Kreis Mönchengladbach-Viersen,16,32,168,89,1. FC Viersen,12,fussball.de
031FVVH164000004VS5489BUVSJ4CRAP-G,Niederrhein,Kreis Oberhausen-Bottrop,8,Kreisliga A,Kreisliga A Johanning · Kreis Oberhausen-Bottrop,18,34,188,100,SC 1912 Buschhausen,12,fussball.de
031DF3E7I4000007VS5489BUVUR5FS5A-G,Niederrhein,Kreis Rees-Bocholt,8,Kreisliga A,Kreisliga A · Kreis Rees-Bocholt,18,31,149,89,VfR Mehrhoog,12,fussball.de
031IKDBDVO000004VS5489BTVSRD0UH9-G,Niederrhein,Kreis Remscheid-Solingen,8,Kreisliga A,Kreisliga A Gruppe 1 · Kreis Remscheid-Solingen,16,22,123,62,1. FC Monheim 2,12,fussball.de
031IKF9KSO000004VS5489BTVSRD0UH9-G,Niederrhein,Kreis Remscheid-Solingen,8,Kreisliga A,Kreisliga A Gruppe 2 · Kreis Remscheid-Solingen,16,22,133,62,SSV Lützenkirchen,9,fussball.de
031HAS8NV000000GVS5489BTVVG7L386-G,Niederrhein,Kreis Wuppertal-Niederberg,8,Kreisliga A,Kreisliga A · Kreis Wuppertal-Niederberg,19,36,193,105,TSV Beyenburg,12,fussball.de
0319B2QODS000004VS5489BUVV628VP4-G,Niedersachsen,Kreis Bentheim,8,Kreisliga,Kreisliga Grafschaft Bentheim,15,49,218,141,SV Wietmarschen,22,fussball.de
031C3OEUEC000004VS5489BTVUS470OH-G,Niedersachsen,Kreis Braunschweig,8,Kreisliga,Kreisliga Braunschweig,14,26,119,75,SV Kralenriede,12,fussball.de
03190DIOFS000004VS5489BTVSK8S3O6-G,Niedersachsen,Kreis Celle,8,Kreisliga,Kreisliga Celle,15,35,175,98,SV Nienhagen,11,fussball.de
0316KBN1EC000004VS5489BUVSBBVPEU-G,Niedersachsen,Kreis Cloppenburg,8,Kreisliga,Kreisliga Cloppenburg,15,40,165,115,SV BW Ramsloh,15,fussball.de
03153IT38S000009VS5489BUVSBBVPEU-G,Niedersachsen,Kreis Cuxhaven,8,Kreisliga,Kreisliga Cuxhaven,16,40,166,112,TSV Geversdorf,15,fussball.de
031DN5TAJ8000007VS5489BUVUR5FS5A-G,Niedersachsen,Kreis Diepholz,8,Kreisliga,Kreisliga DH · Kreis Diepholz,16,31,147,86,TSV Heiligenrode,10,fussball.de
03150AMG2S000006VS5489BTVU7GTVLE-G,Niedersachsen,Kreis Emsland,8,Kreisliga,Kreisliga Mitte/Nord · Kreis Emsland,14,27,126,75,SV Esterwegen,12,fussball.de
03150AMFU4000006VS5489BTVU7GTVLE-G,Niedersachsen,Kreis Emsland,8,Kreisliga,Kreisliga Süd/Mitte · Kreis Emsland,14,25,96,69,BW Lünne,12,fussball.de
03150AMFHK000006VS5489BTVU7GTVLE-G,Niedersachsen,Kreis Emsland,8,Kreisliga,Opti Wohnwelt Emslandliga,15,32,130,91,SV Bawinkel,9,fussball.de
031AP1887O000004VS5489BTVSK8S3O6-G,Niedersachsen,Kreis Gifhorn,8,Kreisliga,Kreisliga · Kreis Gifhorn,15,21,98,59,SV GW Calberlah,9,fussball.de
0316JHRELC00000AVS5489BUVSBBVPEU-G,Niedersachsen,Kreis Göttingen-Osterode,8,Kreisliga,Kreisliga Göttingen-Osterode,14,40,179,113,VfR Dostluk Osterode,15,fussball.de
0312RJURCC000004VS5489BUVSBBVPEU-G,Niedersachsen,Kreis Hameln-Pyrmont,8,Kreisliga,Kreisliga Hameln-Pyrmont,14,47,164,131,SSV Königsförde,17,fussball.de
0319ALG3PK000004VS5489BUVV628VP4-G,Niedersachsen,Kreis Harburg,8,Kreisliga,Kreisliga Harburg,15,35,152,104,TuS Fleestedt,15,fussball.de
0318GKCBO4000008VS5489BUVV628VP4-G,Niedersachsen,Kreis Heide-Wendland,8,Kreisliga,Kreisliga · Kreis Heide-Wendland,16,46,222,132,TuS Woltersdorf,16,fussball.de
03196PR3GK000004VS5489BTVSK8S3O6-G,Niedersachsen,Kreis Heidekreis,8,Kreisliga,Kreisliga · Kreis Heidekreis,13,29,144,83,SVV Rethem,13,fussball.de
031AI79OHG000004VS5489BUVV628VP4-G,Niedersachsen,Kreis Helmstedt,8,Kreisliga,Kreisliga Helmstedt,14,29,170,84,FC Vatan Spor Königslutter,15,fussball.de
031B9MN614000004VS5489BTVSK8S3O6-G,Niedersachsen,Kreis Hildesheim-Holzminden,8,Kreisliga,Kreisliga Staffel A · Kreis Hildesheim-Holzminden,16,57,256,166,Spvgg. Hüdd.-Machtsum,22,fussball.de
0319KEVQD4000004VS5489BTVSK8S3O6-G,Niedersachsen,Kreis Hildesheim-Holzminden,8,Kreisliga,Kreisliga Staffel B · Kreis Hildesheim-Holzminden,16,55,265,157,SV 06 Holzminden,19,fussball.de
031DEJVS7C000005VS5489BTVUS470OH-G,Niedersachsen,Kreis Jade-Weser-Hunte,8,Kreisliga,Kreisliga JWH · Kreis Jade-Weser-Hunte,15,35,165,100,TuS Eversten,13,fussball.de
031AF8TQJC000005VS5489BTVSK8S3O6-G,Niedersachsen,Kreis Nienburg,8,Kreisliga,Kreisliga Nienburg,15,47,181,129,SC Uchte I,16,fussball.de
031463J7VK000006VS5489BTVU7GTVLE-G,Niedersachsen,Kreis Nordharz,8,Kreisliga,Nordharzliga,16,42,198,118,SV Rammelsberg,14,fussball.de
0315FD81EC000006VS5489BUVSBBVPEU-G,Niedersachsen,Kreis Northeim-Einbeck,8,Kreisliga,Kreisliga · Kreis Northeim-Einbeck,14,41,171,116,SV 07 Moringen,16,fussball.de
0315AM5LMK000004VS5489BTVU7GTVLE-G,Niedersachsen,Kreis Oldenburg-L./Delmenhorst,8,Kreisliga,Kreisliga IV OLL/DEL · Kreis Oldenburg-L./Delmenhorst,16,55,265,153,RW Hürriyet Delmenhorst,17,fussball.de
0316E9VU50000004VS5489BUVSBBVPEU-G,Niedersachsen,Kreis Osnabrück,8,Kreisliga,Kreisliga Osnabrück Staffel A,16,43,186,118,SV B-W Merzen,13,fussball.de
0316E9VUCS00000BVS5489BUVSBBVPEU-G,Niedersachsen,Kreis Osnabrück,8,Kreisliga,Kreisliga Osnabrück Staffel B,17,48,214,132,Hagener SV,16,fussball.de
0317ILJR40000004VS5489BUVSBBVPEU-G,Niedersachsen,Kreis Osterholz,8,Kreisliga,Kreisliga Osterholz,16,37,156,103,FC Hansa Schwanewede,15,fussball.de
031FPGK9V8000004VS5489BUVSJ4CRAP-G,Niedersachsen,Kreis Ostfriesland,8,Kreisliga,Ostfrieslandliga,17,56,201,156,VfB Uplengen,22,fussball.de
03126VS1JO000004VS5489BTVT51B5B5-G,Niedersachsen,Kreis Peine,8,Kreisliga,Kreisliga Peine,15,47,214,135,VFL Woltorf,16,fussball.de
031E1K0F9C00000BVS5489BUVUR5FS5A-G,Niedersachsen,Kreis Region Hannover,8,Kreisliga,Kreisliga Region Hannover Staffel 1,14,30,148,86,SV Uetze 08,12,fussball.de
031E1K0FIG000007VS5489BUVUR5FS5A-G,Niedersachsen,Kreis Region Hannover,8,Kreisliga,Kreisliga Region Hannover Staffel 2,16,40,185,115,TSV Poggenhagen,13,fussball.de
031E1K0FP8000008VS5489BUVUR5FS5A-G,Niedersachsen,Kreis Region Hannover,8,Kreisliga,Kreisliga Region Hannover Staffel 3,16,39,193,107,SV Degersen,13,fussball.de
031E1K0G0S000004VS5489BUVUR5FS5A-G,Niedersachsen,Kreis Region Hannover,8,Kreisliga,Kreisliga Region Hannover Staffel 4,16,40,169,113,TSV Kirchrode,12,fussball.de
03182HC84K000004VS5489BTVU7GTVLE-G,Niedersachsen,Kreis Rotenburg,8,Kreisliga,Kreisliga · Kreis Rotenburg,15,35,142,97,TuS Zeven,13,fussball.de
0315EK6SGS000005VS5489BTVU7GTVLE-G,Niedersachsen,Kreis Schaumburg,8,Kreisliga,Kreisliga Schaumburg,16,47,239,136,TSV Hagenburg,16,fussball.de
031COCRVAO000005VS5489BTVUS470OH-G,Niedersachsen,Kreis Stade,8,Kreisliga,Kreisliga Stade,14,34,146,97,FC Oste/Oldendorf,15,fussball.de
0314GPPKHG000003VS5489BUVSBBVPEU-G,Niedersachsen,Kreis Vechta,8,Kreisliga,Kreisliga Vechta,17,46,201,132,VfL Oythe II,18,fussball.de
031DVFQUNG000006VS5489BTVUS470OH-G,Niedersachsen,Kreis Verden,8,Kreisliga,Kreisliga Verden,14,27,120,77,TSV Etelsen II,12,fussball.de
031A70M9QG000008VS5489BTVSK8S3O6-G,Niedersachsen,Kreis Wolfsburg,8,Kreisliga,Kreisliga Wolfsburg,14,20,103,54,Vatanspor Wolfsburg,9,fussball.de
0316JM748000000IVS5489BTVU7GTVLE-G,Rheinland,Kreis Eifel,8,Kreisliga A,Kreisliga A8 · Kreis Eifel,14,35,138,97,SG Preist,13,fussball.de
0316269OMO000004VS5489BTVU7GTVLE-G,Rheinland,Kreis Hunsrück/Mosel,8,Kreisliga A,Kreisliga A 6 · Kreis Hunsrück/Mosel,14,34,115,94,SV Strimmig,13,fussball.de
031DD1J540000006VS5489BUVUR5FS5A-G,Rheinland,Kreis Koblenz,8,Kreisliga A,Kreisliga A4 · Kreis Koblenz,14,30,136,83,TuS Niederberg,13,fussball.de
031C5MBEAC000003VS5489BTVUS470OH-G,Rheinland,Kreis Mosel,8,Kreisliga A,Kreisliga A 9 · Kreis Mosel,14,33,146,93,SG Laufeld/Buchholz,12,fussball.de
031CDPE7T0000008VS5489BUVUR5FS5A-G,Rheinland,Kreis Rhein/Ahr,8,Kreisliga A,Kreisliga A5 · Kreis Rhein/Ahr,14,31,141,85,SGL Heimersheim,13,fussball.de
031C4TU738000004VS5489BUVUR5FS5A-G,Rheinland,Kreis Rhein/Lahn,8,Kreisliga A,Kreisliga A3 · Kreis Rhein/Lahn,14,35,148,96,TuS Niederahr,13,fussball.de
031C68BVT8000009VS5489BTVUS470OH-G,Rheinland,Kreis Trier/Saarburg,8,Kreisliga A,Kreisliga A7 · Kreis Trier/Saarburg,14,35,139,102,SW Pluwig/Gusterath,15,fussball.de
031CHEGQVC000004VS5489BTVUS470OH-G,Rheinland,Kreis Westerwald/Sieg,8,Kreisliga A,Kreisliga A1 · Kreis Westerwald/Sieg,14,35,165,93,SG Herschbach-Schenkelberg,13,fussball.de
031CIKJJOK000008VS5489BTVUS470OH-G,Rheinland,Kreis Westerwald/Wied,8,Kreisliga A,Kreisliga A2 · Kreis Westerwald/Wied,14,34,168,97,SG Vettelschoß-St. Katharinen,13,fussball.de
030UT2EVIG00000GVS5489BUVVARDA0V-G,Saarland,Saarland,8,Landesliga,Landesliga Nord · Saarland,16,48,243,142,SG Saubach,18,fussball.de
030VIH8LF8000005VS5489BUVVARDA0V-G,Saarland,Saarland,8,Landesliga,Landesliga Ost · Saarland,16,42,218,120,SC Ludwigsthal,16,fussball.de
03108NJN0C00000KVS5489BTVT51B5B5-G,Saarland,Saarland,8,Landesliga,Landesliga Süd · Saarland,16,47,219,135,SV 19 Bübingen,14,fussball.de
030S2R3ISO00000IVS5489BUVSEBP30S-G,Saarland,Saarland,8,Landesliga,Landesliga West · Saarland,16,48,214,132,SV Düren-Bedersdorf,16,fussball.de
031AV35AOC000004VS5489BTVSK8S3O6-G,Sachsen,Kreis Chemnitz,8,Kreisoberliga,MARX Städter Kreisoberliga · Kreis Chemnitz,14,21,97,61,VfL Chemnitz e.V.,9,fussball.de
03180H57TO00000BVS5489BTVU7GTVLE-G,Sachsen,Kreis Dresden,8,Kreisoberliga,Sparkassenoberliga · Kreis Dresden,16,31,157,91,Radebeuler BC 2,12,fussball.de
0319B525EO000007VS5489BUVV628VP4-G,Sachsen,Kreis Erzgebirge,8,Kreisoberliga,Erzgebirgssparkassen-Liga · Kreis Erzgebirge,14,21,87,59,FC Concordia Schneeberg,9,fussball.de
03168LR9PS000007VS5489BUVSBBVPEU-G,Sachsen,Kreis Leipzig,8,Kreisoberliga,Herren Stadtliga · Kreis Leipzig,16,30,145,87,SV Tapfer 06 Leipzig II,12,fussball.de
03181OEN3C000004VS5489BUVSBBVPEU-G,Sachsen,Kreis Meißen,8,Kreisoberliga,TEAMBRO-Kreisoberliga · Kreis Meißen,14,21,105,59,SV Fortschritt Meißen-West,9,fussball.de
031F0G4P7C00000BVS5489BUVUR5FS5A-G,Sachsen,Kreis Mittelsachsen,8,Kreisoberliga,Mittelsachsenliga,14,21,84,59,SV Germania Mittweida,9,fussball.de
031B649O20000006VS5489BTVSK8S3O6-G,Sachsen,Kreis Muldental/Leipziger Land,8,Kreisoberliga,Kreisoberliga · Kreis Muldental/Leipziger Land,14,14,59,40,SV 50 Traktor Mochau,6,fussball.de
031DLGGBBO000009VS5489BUVUR5FS5A-G,Sachsen,Kreis Nordsachsen,8,Kreisoberliga,Ur-Krostitzer Nordsachsenliga,14,11,48,30,FSV Glesien,4,fussball.de
031DGC245O000004VS5489BUVUR5FS5A-G,Sachsen,Kreis Oberlausitz,8,Kreisoberliga,Landskron Oberlausitzliga,14,14,69,37,FV Eintracht Niesky 2.,6,fussball.de
031IA868F0000007VS5489BUVVKNMR0J-G,Sachsen,Kreis Sächs.Schweiz/Osterzgeb.,8,Kreisoberliga,TEAMBRO-Kreisoberliga · Kreis Sächs.Schweiz/Osterzgeb.,14,12,45,34,SG Kesselsdorf,6,fussball.de
031DOUTJ9C000007VS5489BTVUS470OH-G,Sachsen,Kreis Vogtland,8,Kreisoberliga,Sparkassenvogtlandliga,14,21,95,56,BSV 53 Irfersgrün,9,fussball.de
03125AIIKO000004VS5489BUVVARDA0V-G,Sachsen,Kreis Westlausitz,8,Kreisoberliga,Sparkassen-Kreisoberliga · Kreis Westlausitz,16,24,105,70,SG Großnaundorf,9,fussball.de
031624JCI0000004VS5489BTVU7GTVLE-G,Sachsen,Kreis Zwickau,8,Kreisoberliga,Westsachsenliga · Kreis Zwickau,14,21,86,61,SV 1946 Mosel,7,fussball.de
030TLMNN5S000000VS5489BTVVR5L0PB-G,Sachsen-Anhalt,Sachsen-Anhalt,8,Landesklasse,LK - 1 · Sachsen-Anhalt,14,7,34,20,1. FC Lok Stendal II,3,fussball.de
030TLMNNGS00000HVS5489BTVVR5L0PB-G,Sachsen-Anhalt,Sachsen-Anhalt,8,Landesklasse,LK - 2 · Sachsen-Anhalt,14,7,25,19,SV 1889 Altenweddingen,3,fussball.de
030TLMNNRS000001VS5489BTVVR5L0PB-G,Sachsen-Anhalt,Sachsen-Anhalt,8,Landesklasse,LK - 3 · Sachsen-Anhalt,14,7,27,20,SC Seeland e.V.,3,fussball.de
030TLMNO1S00000CVS5489BTVVR5L0PB-G,Sachsen-Anhalt,Sachsen-Anhalt,8,Landesklasse,LK - 4 · Sachsen-Anhalt,14,7,30,21,SV 1922 Pouch-Rösa,3,fussball.de
030TLMNO9K00000CVS5489BTVVR5L0PB-G,Sachsen-Anhalt,Sachsen-Anhalt,8,Landesklasse,LK - 5 · Sachsen-Anhalt,14,7,29,19,Turbine Halle II,3,fussball.de
030TLMNOHC00000GVS5489BTVVR5L0PB-G,Sachsen-Anhalt,Sachsen-Anhalt,8,Landesklasse,LK - 6 · Sachsen-Anhalt,14,7,30,19,SV Wacker 1919 Wengelsdorf,3,fussball.de
031CTABG6G000004VS5489BTVUS470OH-G,Schleswig-Holstein,Kreis Holstein,8,Kreisliga,Kreisliga - Südost · Kreis Holstein,16,56,313,158,TSV Gremersdorf,17,fussball.de
031A8C2P78000006VS5489BTVSK8S3O6-G,Schleswig-Holstein,Kreis Kiel,8,Kreisliga,Kreisliga - Ost · Kreis Kiel,16,53,279,151,VfB Kiel,18,fussball.de
031C3V24U4000004VS5489BTVUS470OH-G,Schleswig-Holstein,Kreis Lübeck,8,Kreisliga,Kreisliga - Süd · Kreis Lübeck,16,53,252,149,TSV Zarpen,15,fussball.de
0318C8V54O000003VS5489BUVSBBVPEU-G,Schleswig-Holstein,Kreis Rendsburg-Eckernförde,8,Kreisliga,Kreisliga Nord · Kreis Rendsburg-Eckernförde,16,50,265,140,Borussia 93 Rendsburg,17,fussball.de
031AQ9AEO0000004VS5489BUVV628VP4-G,Schleswig-Holstein,Kreis Schleswig-Flensburg,8,Kreisliga,Kreisliga - Nordwest · Kreis Schleswig-Flensburg,16,53,211,151,Harreslev-Kobbermølle UG,16,fussball.de
031A6K814C000004VS5489BUVV628VP4-G,Schleswig-Holstein,Kreis Segeberg,8,Kreisliga,Kreisliga - Südwest · Kreis Segeberg,16,51,237,147,Tralauer SV,18,fussball.de
031A0VF780000003VS5489BUVV628VP4-G,Schleswig-Holstein,Kreis Westküste,8,Kreisliga,Kreisliga - Mitte · Kreis Westküste,16,54,263,156,MTSV Hohenwestedt II - U23,18,fussball.de
031A0R162S000005VS5489BUVV628VP4-G,Schleswig-Holstein,Kreis Westküste,8,Kreisliga,Kreisliga - West · Kreis Westküste,16,45,175,124,SG TenSar,15,fussball.de
030EI8DOAC000004VS5489BTVSFA9344-G,Südbaden,Bezirk Baden-Baden,8,Bezirksliga,Bezirksliga Baden-Baden,16,24,92,70,VfB Gaggenau 2001,9,fussball.de
0319TNBIO000000AVS5489BUVV628VP4-G,Südbaden,Bezirk Bodensee,8,Bezirksliga,Bezirksliga Bodensee,17,24,98,66,SC Pfullendorf 2,9,fussball.de
031BHDHS10000008VS5489BTVUS470OH-G,Südbaden,Bezirk Freiburg,8,Bezirksliga,Bezirksliga Freiburg,16,8,36,21,SC March,3,fussball.de
031EE8NASK000009VS5489BTVUS470OH-G,Südbaden,Bezirk Hochrhein,8,Bezirksliga,Bezirksliga Hochrhein,16,23,110,66,SV Herten,9,fussball.de
031BEU72VO000006VS5489BUVUR5FS5A-G,Südbaden,Bezirk Offenburg,8,Bezirksliga,Bezirksliga Offenburg,16,32,120,88,Zeller FV,12,fussball.de
031CO4Q1K0000004VS5489BUVUR5FS5A-G,Südbaden,Bezirk Schwarzwald,8,Bezirksliga,Bezirksliga Schwarzwald,16,22,81,63,SG Riedöschingen/Hondingen,9,fussball.de
03141SK6HG000007VS5489BUVSBBVPEU-G,Südwest,Südwest,8,Bezirksliga (Verband),Herren Bezirksliga Nahe · Südwest,16,46,224,133,SG Merxheim/Monzingen/Meddersheim,15,fussball.de
03141SK6N4000007VS5489BUVSBBVPEU-G,Südwest,Südwest,8,Bezirksliga (Verband),Herren Bezirksliga Rheinhessen · Südwest,16,47,175,135,SV Horchheim,16,fussball.de
0311HNRM0S00000AVS5489BUVVARDA0V-G,Südwest,Südwest,8,Bezirksliga (Verband),Herren Bezirksliga Vorderpfalz · Südwest,16,48,230,141,TuS Knittelsheim,16,fussball.de
03141SK6B4000005VS5489BUVSBBVPEU-G,Südwest,Südwest,8,Bezirksliga (Verband),Herren Bezirksliga Westpfalz · Südwest,16,48,192,138,SVN Zweibrücken,16,fussball.de
0305IV84TG000007VS5489BUVV5FEO72-G,Thüringen,Kreis Eichsf.-Unstrut-Hainich,8,Kreisoberliga,Günther Automobile Kreisoberliga · Kreis Eichsf.-Unstrut-Hainich,14,24,88,69,SG SV Schwarz-Rot Wingerode,12,fussball.de
031CHMT8JO000008VS5489BUVUR5FS5A-G,Thüringen,Kreis Erfurt-Sömmerda,8,Kreisoberliga,BORN Senf Kreisoberliga · Kreis Erfurt-Sömmerda,14,25,130,73,TSV Kerspleben I,10,fussball.de
0316VF7NPS000006VS5489BTVU7GTVLE-G,Thüringen,Kreis Jena-Saale-Orla,8,Kreisoberliga,Kreisoberliga Jena-Saale-Orla,15,27,125,77,FSV Schleiz II,12,fussball.de
03155PP66G000006VS5489BUVSBBVPEU-G,Thüringen,Kreis Mittelthüringen,8,Kreisoberliga,coffeecom-Kreisoberliga · Kreis Mittelthüringen,14,26,106,70,SV Stahl Unterwellenborn,7,fussball.de
031AF036KO000007VS5489BUVV628VP4-G,Thüringen,Kreis Nordthüringen,8,Kreisoberliga,TeamsportNDH-Kreisoberliga · Kreis Nordthüringen,14,25,143,74,VfB Artern,12,fussball.de
031CI6OE18000000VS5489BTVUS470OH-G,Thüringen,Kreis Ostthüringen,8,Kreisoberliga,Kreisoberliga Ostthüringen,14,21,105,60,SV Rositz,9,fussball.de
031B9H2H2C000003VS5489BTVSK8S3O6-G,Thüringen,Kreis Rhön-Rennsteig,8,Kreisoberliga,Kreisoberliga Rhön-Rennsteig,13,14,70,38,SG FC Steinbach-Hallenberg,6,fussball.de
030TKEDGP0000005VS5489BUVSEBP30S-G,Thüringen,Kreis Südthüringen,8,Kreisoberliga,Heidewitzka Kreisoberliga Südthüringen,14,34,142,96,SV Elektro-Keramik Veilsdorf,13,fussball.de
0318KFOLAO000003VS5489BTVSK8S3O6-G,Thüringen,Kreis Westthüringen,8,Kreisoberliga,Kreisoberliga Westthüringen,16,36,146,105,SG Hötzelsroda,13,fussball.de
0313Q1OBOK000011VS5489BTVU7GTVLE-G,Westfalen,Bezirk Westfalen,8,Bezirksliga,Bezirksliga Staffel 01 · Bezirk Westfalen,16,40,169,113,SPVG Hiddenhausen,12,fussball.de
0313Q1OC40000017VS5489BTVU7GTVLE-G,Westfalen,Bezirk Westfalen,8,Bezirksliga,Bezirksliga Staffel 02 · Bezirk Westfalen,16,40,213,114,SV Spexard,15,fussball.de
0313Q1OCF8000017VS5489BTVU7GTVLE-G,Westfalen,Bezirk Westfalen,8,Bezirksliga,Bezirksliga Staffel 03 · Bezirk Westfalen,16,39,207,114,SC Borchen,15,fussball.de
0313Q1OCRS000000VS5489BTVU7GTVLE-G,Westfalen,Bezirk Westfalen,8,Bezirksliga,Bezirksliga Staffel 04 · Bezirk Westfalen,16,33,158,97,SV Brilon,15,fussball.de
0313Q1OD7K000015VS5489BTVU7GTVLE-G,Westfalen,Bezirk Westfalen,8,Bezirksliga,Bezirksliga Staffel 05 · Bezirk Westfalen,16,40,170,113,SG Mudersbach/Brachbach,13,fussball.de
0313Q1ODJC00001HVS5489BTVU7GTVLE-G,Westfalen,Bezirk Westfalen,8,Bezirksliga,Bezirksliga Staffel 06 · Bezirk Westfalen,15,35,168,99,ASSV Letmathe,10,fussball.de
0313Q1OE1400001HVS5489BTVU7GTVLE-G,Westfalen,Bezirk Westfalen,8,Bezirksliga,Bezirksliga Staffel 07 · Bezirk Westfalen,16,39,147,112,TUS Freckenhorst,15,fussball.de
0313Q1OEDK00001AVS5489BTVU7GTVLE-G,Westfalen,Bezirk Westfalen,8,Bezirksliga,Bezirksliga Staffel 08 · Bezirk Westfalen,15,33,152,93,Rot-Weiß Unna,15,fussball.de
0313Q1OEQC00001GVS5489BTVU7GTVLE-G,Westfalen,Bezirk Westfalen,8,Bezirksliga,Bezirksliga Staffel 09 · Bezirk Westfalen,15,35,170,102,SV Horst-Emscher 08,12,fussball.de
0313Q1OF6K000013VS5489BTVU7GTVLE-G,Westfalen,Bezirk Westfalen,8,Bezirksliga,Bezirksliga Staffel 10 · Bezirk Westfalen,15,30,142,84,FC Blau-Gelb Castrop-Rauxel,15,fussball.de
0313Q1OFI8000017VS5489BTVU7GTVLE-G,Westfalen,Bezirk Westfalen,8,Bezirksliga,Bezirksliga Staffel 11 · Bezirk Westfalen,16,40,177,114,FC Epe,15,fussball.de
0313Q1OFSK000012VS5489BTVU7GTVLE-G,Westfalen,Bezirk Westfalen,8,Bezirksliga,Bezirksliga Staffel 12 · Bezirk Westfalen,18,45,200,129,DJK Wacker Mecklenbeck,15,fussball.de
0317S5UCM8000004VS5489BTVU7GTVLE-G,Württemberg,Bezirk Alb,8,Bezirksliga,Bezirksliga Alb,17,39,164,113,SSC Tübingen,12,fussball.de
03126CEN6S000007VS5489BUVVARDA0V-G,Württemberg,Bezirk Bodensee,8,Bezirksliga,Bezirksliga · Bezirk Bodensee,16,31,123,86,SV Kressbronn,10,fussball.de
0313MK40B4000008VS5489BTVU7GTVLE-G,Württemberg,Bezirk Donau/Iller,8,Bezirksliga,Bezirksliga · Bezirk Donau/Iller,17,37,136,104,SGM Oberdischingen/Ersingen,12,fussball.de
031BS29KJG000006VS5489BUVUR5FS5A-G,Württemberg,Bezirk Enz/Murr,8,Bezirksliga,Bezirksliga · Bezirk Enz/Murr,16,8,32,23,FC Marbach,3,fussball.de
031990GCKK000006VS5489BUVV628VP4-G,Württemberg,Bezirk Franken,8,Bezirksliga,Bezirksliga · Bezirk Franken,16,24,96,63,Aramäer Heilbronn,9,fussball.de
031EM8CFV4000007VS5489BUVUR5FS5A-G,Württemberg,Bezirk Neckar/Fils,8,Bezirksliga,Bezirksliga · Bezirk Neckar/Fils,16,16,83,47,1. FC Donzdorf,6,fussball.de
030SRH60N4000005VS5489BTVVR5L0PB-G,Württemberg,Bezirk Nordschwarzwald,8,Bezirksliga,Bezirksliga · Bezirk Nordschwarzwald,16,24,97,66,TuS Ergenzingen,9,fussball.de
0319U1GHVS000006VS5489BTVSK8S3O6-G,Württemberg,Bezirk Oberschwaben,8,Bezirksliga,Bezirksliga · Bezirk Oberschwaben,16,24,89,69,FV Bad Schussenried,7,fussball.de
03153F7MRS000004VS5489BTVU7GTVLE-G,Württemberg,Bezirk Ostwürttemberg,8,Bezirksliga,Bezirksliga · Bezirk Ostwürttemberg,16,33,113,93,SG Bettringen 1885 e.V.,12,fussball.de
0318UNDDFS000006VS5489BUVV628VP4-G,Württemberg,Bezirk Rems/Murr/Hall,8,Bezirksliga,Bezirksliga · Bezirk Rems/Murr/Hall,16,24,91,67,SpVgg Satteldorf,9,fussball.de
031515MQFO000004VS5489BUVSBBVPEU-G,Württemberg,Bezirk Schwarzwald/Zollern,8,Bezirksliga,Bezirksliga Schwarzwald/Zollern,17,32,130,89,FC 07 Albstadt I,12,fussball.de
0313PIVDES000007VS5489BTVU7GTVLE-G,Württemberg,Bezirk Stuttgart/Böblingen,8,Bezirksliga,Bezirksliga · Bezirk Stuttgart/Böblingen,16,16,57,45,SV Rohrau,6,fussball.de
031DC9K2O800000AVS5489BTVUS470OH-G,Baden,Kreis Bruchsal,9,Kreisklasse A,bfv-Kreisklasse A Bruchsal,14,14,56,38,SV Menzingen,6,fussball.de
0312UDDI1C00000OVS5489BUVSBBVPEU-G,Baden,Kreis Buchen,9,Kreisklasse A,bfv-Kreisklasse A Buchen,14,13,58,38,SpG Osterburken 2 / Bofsheim 1,6,fussball.de
031ECFAJVO00000FVS5489BTVUS470OH-G,Baden,Kreis Heidelberg,9,Kreisklasse A,bfv-Kreisklasse A Heidelberg,16,26,139,75,SpVgg Neckarsteinach,9,fussball.de
030S9PM89C00000HVS5489BUVSEBP30S-G,Baden,Kreis Karlsruhe,9,Kreisklasse A,bfv-Kreisklasse A1 Karlsruhe,15,28,122,78,SG DJK/FV Daxlanden,12,fussball.de
030S9PM8HG00000HVS5489BUVSEBP30S-G,Baden,Kreis Karlsruhe,9,Kreisklasse A,bfv-Kreisklasse A2 Karlsruhe,15,27,126,78,SV Völkersbach,9,fussball.de
031EM7UVF800000HVS5489BUVUR5FS5A-G,Baden,Kreis Mannheim,9,Kreisklasse A,Kreisklasse A1 Mannheim,16,15,84,44,TSG Eintracht Plankstadt,6,fussball.de
031EM7UVSC00000HVS5489BUVUR5FS5A-G,Baden,Kreis Mannheim,9,Kreisklasse A,Kreisklasse A2 Mannheim,15,14,82,42,TSV Schönau,6,fussball.de
031BF2K9U0000004VS5489BTVUS470OH-G,Baden,Kreis Mosbach,9,Kreisklasse A,bfv-Kreisklasse A Mosbach,16,32,135,93,SV Robern,12,fussball.de
0316D844SK000004VS5489BTVU7GTVLE-G,Baden,Kreis Pforzheim,9,Kreisklasse A,bfv-Kreisklasse A1 Pforzheim,16,17,81,48,TSV Wurmberg-Neub.,7,fussball.de
0316D961G8000004VS5489BTVU7GTVLE-G,Baden,Kreis Pforzheim,9,Kreisklasse A,bfv-Kreisklasse A2 Pforzheim,16,16,67,47,1.FC 08 Birkenfeld 2,6,fussball.de
031427JDHK00000FVS5489BUVSBBVPEU-G,Baden,Kreis Sinsheim,9,Kreisklasse A,bfv-Kreisklasse A Sinsheim,16,30,109,83,SG Untergimpern,9,fussball.de
031AG1DGB0000004VS5489BTVSK8S3O6-G,Baden,Kreis Tauberbischofsheim,9,Kreisklasse A,bfv-Kreisklasse A Tauberbischofsheim,15,28,93,78,TSV Gerchsheim,12,fussball.de
0315DECRVK000004VS5489BTVU7GTVLE-G,Bayern,Kreis Allgäu,9,Kreisklasse,Kreisklasse Allgäu 1,14,34,145,95,DJK SV Ost Memmingen,15,fussball.de
0315DENLNG000003VS5489BTVU7GTVLE-G,Bayern,Kreis Allgäu,9,Kreisklasse,Kreisklasse Allgäu 2,14,35,129,99,FSV Lamerdingen,13,fussball.de
031550K55K000003VS5489BTVU7GTVLE-G,Bayern,Kreis Allgäu,9,Kreisklasse,Kreisklasse Allgäu 3,14,35,149,98,FC Thalhofen 2,15,fussball.de
0316CVNNOK000004VS5489BTVU7GTVLE-G,Bayern,Kreis Allgäu,9,Kreisklasse,Kreisklasse Allgäu 4,14,33,128,91,TSV Pfronten,13,fussball.de
0313EJTK0G000007VS5489BUVSBBVPEU-G,Bayern,Kreis Amberg/Weiden,9,Kreisklasse,Kreisklasse AM/WEN Ost · Kreis Amberg/Weiden,14,49,213,136,SV Etzenricht II,14,fussball.de
0313EJTK60000005VS5489BUVSBBVPEU-G,Bayern,Kreis Amberg/Weiden,9,Kreisklasse,Kreisklasse AM/WEN Süd · Kreis Amberg/Weiden,14,48,193,140,DJK Ammerthal II,21,fussball.de
0313EJTJOC000006VS5489BUVSBBVPEU-G,Bayern,Kreis Amberg/Weiden,9,Kreisklasse,Kreisklasse AM/WEN West · Kreis Amberg/Weiden,14,49,213,137,SVSW Kemnath/Stadt,19,fussball.de
0318S0SUUK000006VS5489BTVSK8S3O6-G,Bayern,Kreis Aschaffenburg,9,Kreisklasse,KK-Gr1 AB · Kreis Aschaffenburg,16,64,260,181,VfR Goldbach,19,fussball.de
0318S0SV70000005VS5489BTVSK8S3O6-G,Bayern,Kreis Aschaffenburg,9,Kreisklasse,KK-Gr2 AB · Kreis Aschaffenburg,16,61,251,173,TSV Röllfeld,22,fussball.de
0310VOJHV4000008VS5489BTVT51B5B5-G,Bayern,Kreis Augsburg,9,Kreisklasse,KK Augsburg Nord,13,21,86,61,SV Gablingen,10,fussball.de
0310VPD4D000004MVS5489BTVT51B5B5-G,Bayern,Kreis Augsburg,9,Kreisklasse,KK Augsburg Ost,14,26,112,73,SV Ried,9,fussball.de
0310VP97HS000007VS5489BTVT51B5B5-G,Bayern,Kreis Augsburg,9,Kreisklasse,KK Augsburg Süd,13,23,93,64,FC Kleinaitingen,12,fussball.de
0310VOJJGS00003QVS5489BTVT51B5B5-G,Bayern,Kreis Augsburg,9,Kreisklasse,KK Augsburg West,14,27,134,76,SpVgg Westheim,9,fussball.de
0310VPA09S000006VS5489BTVT51B5B5-G,Bayern,Kreis Augsburg,9,Kreisklasse,KK Neuburg · Kreis Augsburg,14,28,116,81,SV Steingriff,12,fussball.de
0316936ND8000006VS5489BUVSBBVPEU-G,Bayern,Kreis Bamberg/Bayreuth/Kulmb.,9,Kreisklasse,Kreisklasse 1 BA · Kreis Bamberg/Bayreuth/Kulmb.,14,49,194,137,VfL Mürsbach,17,fussball.de
0316936NMC000003VS5489BUVSBBVPEU-G,Bayern,Kreis Bamberg/Bayreuth/Kulmb.,9,Kreisklasse,Kreisklasse 2 BA · Kreis Bamberg/Bayreuth/Kulmb.,14,49,196,140,DJK-SC Mistendorf,15,fussball.de
0316936NRK000000VS5489BUVSBBVPEU-G,Bayern,Kreis Bamberg/Bayreuth/Kulmb.,9,Kreisklasse,Kreisklasse 3 BA · Kreis Bamberg/Bayreuth/Kulmb.,14,49,234,141,(SG1) DJK Stappenbach I/DJK Vorra I,19,fussball.de
0311F7MK80000006VS5489BUVVARDA0V-G,Bayern,Kreis Bamberg/Bayreuth/Kulmb.,9,Kreisklasse,Kreisklasse 4 BT KU · Kreis Bamberg/Bayreuth/Kulmb.,14,47,200,135,(SG1) TSV Wirsberg I/ FC Kupferberg I,18,fussball.de
0311F7MKF0000006VS5489BUVVARDA0V-G,Bayern,Kreis Bamberg/Bayreuth/Kulmb.,9,Kreisklasse,Kreisklasse 5 BT KU · Kreis Bamberg/Bayreuth/Kulmb.,14,47,198,135,(SG1) TSV Bindlach I / SV Ramsenthal I,21,fussball.de
0314N7H9QG000005VS5489BTVU7GTVLE-G,Bayern,Kreis Cham/Schwandorf,9,Kreisklasse,Kreisklasse CHA/SAD Nord · Kreis Cham/Schwandorf,14,54,203,151,1. FC Rötz,22,fussball.de
0314N7H9GS000006VS5489BTVU7GTVLE-G,Bayern,Kreis Cham/Schwandorf,9,Kreisklasse,Kreisklasse CHA/SAD Ost · Kreis Cham/Schwandorf,14,52,167,144,SV Obertrübenbach,19,fussball.de
0314N7HAA8000006VS5489BTVU7GTVLE-G,Bayern,Kreis Cham/Schwandorf,9,Kreisklasse,Kreisklasse CHA/SAD Süd · Kreis Cham/Schwandorf,14,56,189,151,1. SG Regental,22,fussball.de
03124B3SLS000003VS5489BTVT51B5B5-G,Bayern,Kreis Coburg/Kronach/Lichtenf.,9,Kreisklasse,Kreisklasse 1 · Kreis Coburg/Kronach/Lichtenf.,16,63,273,184,1. FC Oberwohlsbach,24,fussball.de
03124B80A4000003VS5489BTVT51B5B5-G,Bayern,Kreis Coburg/Kronach/Lichtenf.,9,Kreisklasse,Kreisklasse 2 · Kreis Coburg/Kronach/Lichtenf.,16,64,299,178,SpVgg Isling,19,fussball.de
03124BA7KK000004VS5489BTVT51B5B5-G,Bayern,Kreis Coburg/Kronach/Lichtenf.,9,Kreisklasse,Kreisklasse 3 · Kreis Coburg/Kronach/Lichtenf.,16,63,287,181,TSV Coburg-Scheuerfeld,19,fussball.de
03124BCLCO000004VS5489BTVT51B5B5-G,Bayern,Kreis Coburg/Kronach/Lichtenf.,9,Kreisklasse,Kreisklasse 4 · Kreis Coburg/Kronach/Lichtenf.,16,64,265,183,(SG 1) TSV Gundelsdorf 1 / SV Reitsch 1,19,fussball.de
0314HDL92O000004VS5489BTVU7GTVLE-G,Bayern,Kreis Donau,9,Kreisklasse,KK Nord 1 · Kreis Donau,14,28,104,77,SpVgg Ederheim,12,fussball.de
0314HDL980000004VS5489BTVU7GTVLE-G,Bayern,Kreis Donau,9,Kreisklasse,KK Nord 2 · Kreis Donau,14,26,97,76,TSV Unterthürheim,12,fussball.de
0314HDL8LS000004VS5489BTVU7GTVLE-G,Bayern,Kreis Donau,9,Kreisklasse,KK West 1 · Kreis Donau,13,25,90,64,SpVgg Ellzee,10,fussball.de
0314HDL8TG000003VS5489BTVU7GTVLE-G,Bayern,Kreis Donau,9,Kreisklasse,KK West 2 · Kreis Donau,15,38,157,104,SSV Neumünster-Unterschöneberg,16,fussball.de
031550A69C000059VS5489BUVSBBVPEU-G,Bayern,Kreis Donau/Isar,9,Kreisklasse,411 Kreisklasse 1 · Kreis Donau/Isar,14,28,103,78,SV Buxheim,10,fussball.de
031550A7O4000050VS5489BUVSBBVPEU-G,Bayern,Kreis Donau/Isar,9,Kreisklasse,412 Kreisklasse 2 · Kreis Donau/Isar,14,28,119,78,ST Scheyern,12,fussball.de
031550A92C00002DVS5489BUVSBBVPEU-G,Bayern,Kreis Donau/Isar,9,Kreisklasse,413 Kreisklasse 3 · Kreis Donau/Isar,14,27,106,76,FVgg Gammelsdorf,10,fussball.de
031550AAJO00001CVS5489BUVSBBVPEU-G,Bayern,Kreis Donau/Isar,9,Kreisklasse,414 Kreisklasse 4 · Kreis Donau/Isar,14,28,98,80,FC Türkgücü Erding,10,fussball.de
0314BIOJEG000006VS5489BUVSBBVPEU-G,Bayern,Kreis Erlangen/Pegnitzgrund,9,Kreisklasse,Kreisklasse 1 · Kreis Erlangen/Pegnitzgrund,14,35,153,98,Hammerbacher SV,15,fussball.de
0314BIOJPG000003VS5489BUVSBBVPEU-G,Bayern,Kreis Erlangen/Pegnitzgrund,9,Kreisklasse,Kreisklasse 2 · Kreis Erlangen/Pegnitzgrund,14,32,147,92,SV Langensendelbach,12,fussball.de
0314BIOJUS000006VS5489BUVSBBVPEU-G,Bayern,Kreis Erlangen/Pegnitzgrund,9,Kreisklasse,Kreisklasse 3 · Kreis Erlangen/Pegnitzgrund,14,34,139,93,(SG) Bieberbach/Wichsenstein,15,fussball.de
0314BIOK4G000005VS5489BUVSBBVPEU-G,Bayern,Kreis Erlangen/Pegnitzgrund,9,Kreisklasse,Kreisklasse 4 · Kreis Erlangen/Pegnitzgrund,14,30,133,87,SpVgg Sittenbachtal,15,fussball.de
0314CD7204000006VS5489BUVSBBVPEU-G,Bayern,Kreis Hof/Tirschenr./Wunsiedel,9,Kreisklasse,KK  1 HO/TIR/WUN · Kreis Hof/Tirschenr./Wunsiedel,15,61,267,175,FSV Naila,22,fussball.de
0314CD727C000006VS5489BUVSBBVPEU-G,Bayern,Kreis Hof/Tirschenr./Wunsiedel,9,Kreisklasse,KK  2 HO/TIR/WUN · Kreis Hof/Tirschenr./Wunsiedel,14,55,219,149,SpVgg Faßmannsreuth,20,fussball.de
0314CD72D4000005VS5489BUVSBBVPEU-G,Bayern,Kreis Hof/Tirschenr./Wunsiedel,9,Kreisklasse,KK  3 HO/TIR/WUN · Kreis Hof/Tirschenr./Wunsiedel,14,55,301,158,SV Union Selb II,24,fussball.de
0314CD72J0000006VS5489BUVSBBVPEU-G,Bayern,Kreis Hof/Tirschenr./Wunsiedel,9,Kreisklasse,KK 4 HO/TIR/WUN · Kreis Hof/Tirschenr./Wunsiedel,14,55,250,157,SV Pechbrunn,22,fussball.de
030UHNHC8S00001OVS5489BTVT51B5B5-G,Bayern,Kreis Inn/Salzach,9,Kreisklasse,Kreisklasse 1 · Kreis Inn/Salzach,14,28,84,78,TSV Emmering,12,fussball.de
030UHNHE8C00001QVS5489BTVT51B5B5-G,Bayern,Kreis Inn/Salzach,9,Kreisklasse,Kreisklasse 2 · Kreis Inn/Salzach,14,27,105,76,VfL Waldkraiburg,12,fussball.de
030UHNHFJ400003DVS5489BTVT51B5B5-G,Bayern,Kreis Inn/Salzach,9,Kreisklasse,Kreisklasse 3 · Kreis Inn/Salzach,14,25,80,68,SpVgg Pittenhart,9,fussball.de
030UHNHH4S000000VS5489BTVT51B5B5-G,Bayern,Kreis Inn/Salzach,9,Kreisklasse,Kreisklasse 4 · Kreis Inn/Salzach,14,28,110,80,TSV Petting,12,fussball.de
0319TBPBTC000004VS5489BTVSK8S3O6-G,Bayern,Kreis München,9,Kreisklasse,111 Kreisklasse 1 · Kreis München,14,21,75,56,TSV Bergkirchen,7,fussball.de
031A5M08I4000004VS5489BUVV628VP4-G,Bayern,Kreis München,9,Kreisklasse,112 Kreisklasse 2 · Kreis München,14,18,100,50,TSV Milbertshofen,9,fussball.de
031A5MGKBC000004VS5489BUVV628VP4-G,Bayern,Kreis München,9,Kreisklasse,113 Kreisklasse 3 · Kreis München,14,19,82,57,FC Anadolu Bayern,9,fussball.de
031A5NLDS0000004VS5489BUVV628VP4-G,Bayern,Kreis München,9,Kreisklasse,114 Kreisklasse 4 · Kreis München,14,19,109,56,SC München,9,fussball.de
031A5OD0N8000004VS5489BUVV628VP4-G,Bayern,Kreis München,9,Kreisklasse,115 Kreisklasse 5 · Kreis München,13,15,74,41,FC Rot-Weiß Oberföhring,7,fussball.de
031A5ORU68000004VS5489BUVV628VP4-G,Bayern,Kreis München,9,Kreisklasse,116 Kreisklasse 6 · Kreis München,14,17,59,47,FC Anzing-Parsdorf,7,fussball.de
0313RDHACS000005VS5489BUVSBBVPEU-G,Bayern,Kreis Neumarkt/Jura,9,Kreisklasse,Kreisklasse Nord · Kreis Neumarkt/Jura,14,35,120,98,TV Eckersmühlen,13,fussball.de
0313RDHAJ8000006VS5489BUVSBBVPEU-G,Bayern,Kreis Neumarkt/Jura,9,Kreisklasse,Kreisklasse Ost · Kreis Neumarkt/Jura,14,31,112,85,DJK Eintracht Allersberg,12,fussball.de
0313RDHAOC000007VS5489BUVSBBVPEU-G,Bayern,Kreis Neumarkt/Jura,9,Kreisklasse,Kreisklasse Süd · Kreis Neumarkt/Jura,14,32,104,87,FSV Berngau,11,fussball.de
0313RDHATK000007VS5489BUVSBBVPEU-G,Bayern,Kreis Neumarkt/Jura,9,Kreisklasse,Kreisklasse West · Kreis Neumarkt/Jura,14,31,122,90,(SG) Gunzenhausen/Unterwurmbach,10,fussball.de
0314CNBVIG000007VS5489BTVU7GTVLE-G,Bayern,Kreis Niederbayern Ost,9,Kreisklasse,KK 4 Straubing · Kreis Niederbayern Ost,14,49,196,139,SC 1928 Rain,18,fussball.de
0314CNBVOS000009VS5489BTVU7GTVLE-G,Bayern,Kreis Niederbayern Ost,9,Kreisklasse,KK 5 Deggendorf · Kreis Niederbayern Ost,14,49,239,136,FC Wallersdorf,18,fussball.de
03152PU6VS000008VS5489BUVSBBVPEU-G,Bayern,Kreis Niederbayern Ost,9,Kreisklasse,KK 6 Freyung/Regen · Kreis Niederbayern Ost,14,49,186,136,DJK SG Schönbrunn,16,fussball.de
0314CNHLUK000007VS5489BTVU7GTVLE-G,Bayern,Kreis Niederbayern Ost,9,Kreisklasse,KK 7 Passau · Kreis Niederbayern Ost,14,48,206,130,SSV Jandelsbrunn,19,fussball.de
0314CNDU2O000006VS5489BTVU7GTVLE-G,Bayern,Kreis Niederbayern Ost,9,Kreisklasse,KK 8 Pocking · Kreis Niederbayern Ost,14,49,202,142,DJK Jägerwirth,16,fussball.de
0316T2V34G000006VS5489BUVSBBVPEU-G,Bayern,Kreis Niederbayern West,9,Kreisklasse,KK 1 Kelheim · Kreis Niederbayern West,14,49,221,141,(SG) Ihrlerstein/Essing,16,fussball.de
0316T2V3CS000006VS5489BUVSBBVPEU-G,Bayern,Kreis Niederbayern West,9,Kreisklasse,KK 2 Landshut · Kreis Niederbayern West,14,49,173,142,SC Landshut-Berg,15,fussball.de
0316T2V3IK000005VS5489BUVSBBVPEU-G,Bayern,Kreis Niederbayern West,9,Kreisklasse,KK 3 Dingolfing · Kreis Niederbayern West,14,49,209,136,SV Mengkofen,16,fussball.de
0316T2V3R8000006VS5489BUVSBBVPEU-G,Bayern,Kreis Niederbayern West,9,Kreisklasse,KK 9 Pfarrkirchen · Kreis Niederbayern West,14,49,224,138,DJK SV Geratskirchen,15,fussball.de
0317T8B784000006VS5489BUVSBBVPEU-G,Bayern,Kreis Nürnberg/Frankenhöhe,9,Kreisklasse,KK-Gr 1 N/F · Kreis Nürnberg/Frankenhöhe,14,41,165,116,TV Mkt. Weiltingen,16,fussball.de
0317T8B7GC000000VS5489BUVSBBVPEU-G,Bayern,Kreis Nürnberg/Frankenhöhe,9,Kreisklasse,KK-Gr 2 N/F · Kreis Nürnberg/Frankenhöhe,14,41,157,115,TSV Elpersdorf,13,fussball.de
0317T8B7LC000002VS5489BUVSBBVPEU-G,Bayern,Kreis Nürnberg/Frankenhöhe,9,Kreisklasse,KK-Gr 3 N/F · Kreis Nürnberg/Frankenhöhe,14,39,167,109,FC Serbia Nürnberg,13,fussball.de
0317T8B8E400000UVS5489BUVSBBVPEU-G,Bayern,Kreis Nürnberg/Frankenhöhe,9,Kreisklasse,KK-Gr 4 N/F · Kreis Nürnberg/Frankenhöhe,14,42,175,120,ASC Boxdorf,18,fussball.de
030ULO1TVS00004AVS5489BUVVARDA0V-G,Bayern,Kreis Regensburg,9,Kreisklasse,Kreisklasse Rgbg Gruppe 1 · Kreis Regensburg,15,62,261,169,SV Wiesent,22,fussball.de
030ULO1VO000005AVS5489BUVVARDA0V-G,Bayern,Kreis Regensburg,9,Kreisklasse,Kreisklasse Rgbg Gruppe 2 · Kreis Regensburg,14,53,280,150,SV Wenzenbach II,17,fussball.de
030ULO20VS00002NVS5489BUVVARDA0V-G,Bayern,Kreis Regensburg,9,Kreisklasse,Kreisklasse Rgbg Gruppe 3 · Kreis Regensburg,14,56,247,161,TSV Brunn,22,fussball.de
03135BG1KC000007VS5489BTVU7GTVLE-G,Bayern,Kreis Rhön,9,Kreisklasse,Kreisklasse Rhön 1,14,46,191,127,(SG 1) VfR Sulzthal / SV Ramsthal,17,fussball.de
03135BG1OK000007VS5489BTVU7GTVLE-G,Bayern,Kreis Rhön,9,Kreisklasse,Kreisklasse Rhön 2,14,45,181,130,VfR Stadt Bischofsheim,18,fussball.de
03135B0B08000008VS5489BTVU7GTVLE-G,Bayern,Kreis Schweinfurt,9,Kreisklasse,KK-Gr 1 SW · Kreis Schweinfurt,14,44,192,120,SV Mühlhausen/Schraudenbach e.V.,16,fussball.de
03135B0B7K000008VS5489BTVU7GTVLE-G,Bayern,Kreis Schweinfurt,9,Kreisklasse,KK-Gr 2 SW · Kreis Schweinfurt,15,58,270,168,SG Heidenfeld/Hirschfeld e.V.,23,fussball.de
03135B0BCG000007VS5489BTVU7GTVLE-G,Bayern,Kreis Schweinfurt,9,Kreisklasse,KK-Gr 3 SW · Kreis Schweinfurt,15,55,239,159,VfR Hermannsberg-Breitbr.,21,fussball.de
03135BAHNC00005MVS5489BTVU7GTVLE-G,Bayern,Kreis Würzburg,9,Kreisklasse,KK-Gr 1 WÜ · Kreis Würzburg,15,55,208,155,SC Lindleinsmühle,16,fussball.de
03135BAJDK00000PVS5489BTVU7GTVLE-G,Bayern,Kreis Würzburg,9,Kreisklasse,KK-Gr 2 WÜ · Kreis Würzburg,15,53,191,140,SC Schwarzach,16,fussball.de
03135BAKKO00005OVS5489BTVU7GTVLE-G,Bayern,Kreis Würzburg,9,Kreisklasse,KK-Gr 3 WÜ · Kreis Würzburg,15,54,190,152,SV Trennfeld,17,fussball.de
030RC3EMFG000000VS5489BTVVR5L0PB-G,Bayern,Kreis Zugspitze,9,Kreisklasse,Kreisklasse Gruppe 1 · Kreis Zugspitze,14,23,84,65,SC Fürstenfeldbruck,9,fussball.de
030RC3ENO000001AVS5489BTVVR5L0PB-G,Bayern,Kreis Zugspitze,9,Kreisklasse,Kreisklasse Gruppe 2 · Kreis Zugspitze,14,26,101,73,(SG) SC Gaissach/SV Wackersb. I,10,fussball.de
030RC3EPD0000027VS5489BTVVR5L0PB-G,Bayern,Kreis Zugspitze,9,Kreisklasse,Kreisklasse Gruppe 3 · Kreis Zugspitze,14,25,118,69,SC Pöcking,7,fussball.de
030RC3EQRO00003KVS5489BTVVR5L0PB-G,Bayern,Kreis Zugspitze,9,Kreisklasse,Kreisklasse Gruppe 4 · Kreis Zugspitze,14,25,94,71,TSV Steingaden,12,fussball.de
0317AGQFO8000005VS5489BUVSBBVPEU-G,Berlin,Kreis Berlin,9,Kreisliga A,Herren Kreisliga A St.1 · Kreis Berlin,16,16,82,47,1. FC PV Nord,6,fussball.de
0317AGQG4K000005VS5489BUVSBBVPEU-G,Berlin,Kreis Berlin,9,Kreisliga A,Herren Kreisliga A St.2 · Kreis Berlin,15,14,66,41,Spandauer Kickers II,6,fussball.de
0317AGQG98000005VS5489BUVSBBVPEU-G,Berlin,Kreis Berlin,9,Kreisliga A,Herren Kreisliga A St.3 · Kreis Berlin,16,16,71,42,SSV Köpenick-Oberspree,6,fussball.de
0317AGQGE8000005VS5489BUVSBBVPEU-G,Berlin,Kreis Berlin,9,Kreisliga A,Herren Kreisliga A St.4 · Kreis Berlin,16,16,87,42,Berlin Lions FC,6,fussball.de
031A7VJFN800000IVS5489BUVV628VP4-G,Brandenburg,Kreis Dahme/Fläming,9,Kreisoberliga,Herren Dahme/Fläming Liga,16,23,127,63,Eintracht Miersdorf/Zeuthen II,7,fussball.de
0318V3HQSC000006VS5489BUVV628VP4-G,Brandenburg,Kreis Havelland,9,Kreisoberliga,Kreisoberliga · Kreis Havelland,16,15,75,44,SV Dallgow 47,6,fussball.de
031AJ0N5O8000008VS5489BUVV628VP4-G,Brandenburg,Kreis Niederlausitz,9,Kreisoberliga,Kreisoberliga Niederlausitz,16,8,36,23,SpG Briesen/Dissen I,3,fussball.de
03142N107G00000CVS5489BUVSBBVPEU-G,Brandenburg,Kreis Oberhavel/Barnim,9,Kreisoberliga,Kreisoberliga · Kreis Oberhavel/Barnim,16,8,29,21,SV Grün-Weiss Ahrensfelde II,3,fussball.de
0319MOBIO800000IVS5489BUVV628VP4-G,Brandenburg,Kreis Ostbrandenburg,9,Kreisoberliga,Ostbrandenburgliga,16,14,65,40,FC Neuenhagen 1913,6,fussball.de
0318TDHPOG00000HVS5489BUVV628VP4-G,Brandenburg,Kreis Prignitz/Ruppin,9,Kreisoberliga,Kreisoberliga · Kreis Prignitz/Ruppin,14,7,35,21,SV Eintracht Alt Ruppin,3,fussball.de
031DRH3RK0000004VS5489BUVUR5FS5A-G,Brandenburg,Kreis Südbrandenburg,9,Kreisoberliga,Südbrandenburgliga,14,7,39,21,Wacker Schönwalde,6,fussball.de
0316DJ5P8S000004VS5489BUVSBBVPEU-G,Brandenburg,Kreis Uckermark,9,Kreisoberliga,Uckermarkliga,10,3,8,8,FC Husaria Schwedt,3,fussball.de
031FMDB7T400000MVS5489BTVUS470OH-G,Bremen,Kreis Bremen-Stadt,9,2.Kreisliga (B),Kreisliga B1 - Winterrunde · Kreis Bremen-Stadt,13,14,87,41,BSC Hastedt III,7,fussball.de
031FMEC720000005VS5489BTVUS470OH-G,Bremen,Kreis Bremen-Stadt,9,2.Kreisliga (B),Kreisliga B2 - Winterrunde · Kreis Bremen-Stadt,13,17,100,50,All Stars FC II,9,fussball.de
031FMETBPO000005VS5489BTVUS470OH-G,Bremen,Kreis Bremen-Stadt,9,2.Kreisliga (B),Kreisliga B3 - Winterrunde · Kreis Bremen-Stadt,13,13,81,39,BSC Hastedt II,9,fussball.de
031FMEV8C0000004VS5489BTVUS470OH-G,Bremen,Kreis Bremen-Stadt,9,2.Kreisliga (B),Kreisliga B4 - Winterrunde · Kreis Bremen-Stadt,13,18,127,53,AFC Bremen,9,fussball.de
0318JU05VC00000DVS5489BTVSK8S3O6-G,Hamburg,Kreisebene Hamburg,9,Kreisklasse,KK 01 · Kreisebene Hamburg,15,28,151,79,SVNA 3.Hr.,9,fussball.de
0318JU065S00000EVS5489BTVSK8S3O6-G,Hamburg,Kreisebene Hamburg,9,Kreisklasse,KK 02 · Kreisebene Hamburg,15,24,158,71,Tonndorf-Lohe 1.Hr.,12,fussball.de
0318JU06C800000EVS5489BTVSK8S3O6-G,Hamburg,Kreisebene Hamburg,9,Kreisklasse,KK 03 · Kreisebene Hamburg,13,17,95,46,Lorbeer 2.Hr.,9,fussball.de
0318JU06IS00000DVS5489BTVSK8S3O6-G,Hamburg,Kreisebene Hamburg,9,Kreisklasse,KK 04 · Kreisebene Hamburg,16,32,246,93,Lorbeer 1.Hr.,12,fussball.de
0318JU06P800000EVS5489BTVSK8S3O6-G,Hamburg,Kreisebene Hamburg,9,Kreisklasse,KK 05 · Kreisebene Hamburg,15,27,197,79,tus BERNE 2.Hr.,12,fussball.de
0318JU06VK00000EVS5489BTVSK8S3O6-G,Hamburg,Kreisebene Hamburg,9,Kreisklasse,KK 06 · Kreisebene Hamburg,16,32,201,93,Alstertal-Langenhorn 3.Hr.,12,fussball.de
0318JU076400000DVS5489BTVSK8S3O6-G,Hamburg,Kreisebene Hamburg,9,Kreisklasse,KK 07 · Kreisebene Hamburg,14,21,161,60,Alstertal-Langenhorn 2.Hr.,10,fussball.de
0318JU07C8000003VS5489BTVSK8S3O6-G,Hamburg,Kreisebene Hamburg,9,Kreisklasse,KK 08 · Kreisebene Hamburg,14,20,121,56,Tangstedt 1.Hr.,9,fussball.de
0318JU07IO000000VS5489BTVSK8S3O6-G,Hamburg,Kreisebene Hamburg,9,Kreisklasse,KK 09 · Kreisebene Hamburg,14,22,152,65,Blau-Weiß 96 2.Hr.,12,fussball.de
0318JU07PO00000AVS5489BTVSK8S3O6-G,Hamburg,Kreisebene Hamburg,9,Kreisklasse,KK 10 · Kreisebene Hamburg,16,32,222,88,FC Hamburger Berg 1.Hr.,12,fussball.de
0318JU07VS00000CVS5489BTVSK8S3O6-G,Hamburg,Kreisebene Hamburg,9,Kreisklasse,KK 11 · Kreisebene Hamburg,14,22,146,66,Lurup 2.Hr.,12,fussball.de
0318JU086400000EVS5489BTVSK8S3O6-G,Hamburg,Kreisebene Hamburg,9,Kreisklasse,KK 12 · Kreisebene Hamburg,13,23,142,64,Buchholz 2.Hr.,12,fussball.de
031BH1N8PO000009VS5489BUVUR5FS5A-G,Hessen,Kreis Alsfeld,9,Kreisliga A,KLA Alsfeld/Gießen,16,52,228,149,FSG Kirtorf/Antrifttal,18,fussball.de
031B3JKJJC00000BVS5489BTVSK8S3O6-G,Hessen,Kreis Bergstraße,9,Kreisliga A,KLA Bergstraße,16,44,222,128,TG Jahn Trösel,18,fussball.de
031B615NJG000000VS5489BTVSK8S3O6-G,Hessen,Kreis Biedenkopf,9,Kreisliga A,KLA Biedenkopf,15,40,186,114,SG Mornsh/Erdh/Frohnh,15,fussball.de
0318JI1TLS000000VS5489BUVV628VP4-G,Hessen,Kreis Büdingen,9,Kreisliga A,KLA Büdingen,15,39,165,113,Sportfreunde Oberau II,15,fussball.de
03198VGLQ000000AVS5489BTVSK8S3O6-G,Hessen,Kreis Darmstadt,9,Kreisliga A,KLA Darmstadt,13,21,109,62,SV Traisa,12,fussball.de
031APLI15000000BVS5489BTVSK8S3O6-G,Hessen,Kreis Dieburg,9,Kreisliga A,KLA Dieburg,16,48,215,134,SV 1958 Sickenhofen,18,fussball.de
031BGH3Q54000009VS5489BUVUR5FS5A-G,Hessen,Kreis Dillenburg,9,Kreisliga A,KLA Dillenburg,14,39,206,110,TuS Driedorf,15,fussball.de
031AHPQLES000008VS5489BTVSK8S3O6-G,Hessen,Kreis Frankenberg,9,Kreisliga A,KLA Frankenberg,15,42,206,122,TSV Bromskirchen,15,fussball.de
031BOO2DF800000BVS5489BUVUR5FS5A-G,Hessen,Kreis Frankfurt,9,Kreisliga A,KLA Frankfurt Gr.1,16,46,281,134,SC Riedberg,18,fussball.de
031BOO2DN800000DVS5489BUVUR5FS5A-G,Hessen,Kreis Frankfurt,9,Kreisliga A,KLA Frankfurt Gr.2,17,47,214,135,FC Gudesding Frankfurt II,15,fussball.de
031AG60RD400000CVS5489BTVSK8S3O6-G,Hessen,Kreis Friedberg,9,Kreisliga A,KLA Friedberg,16,49,228,141,SV Assenheim,15,fussball.de
031BPQCN74000009VS5489BUVUR5FS5A-G,Hessen,Kreis Fulda,9,Kreisliga A,KLA Ost · Kreis Fulda,15,51,238,144,TSV Weyhers/Ebersberg,20,fussball.de
031BPQCN0K00000AVS5489BUVUR5FS5A-G,Hessen,Kreis Fulda,9,Kreisliga A,KLA West · Kreis Fulda,14,49,176,132,SG Büchenberg/Uttrichshausen,24,fussball.de
031B5PK3G0000008VS5489BTVSK8S3O6-G,Hessen,Kreis Gelnhausen,9,Kreisliga A,KLA Gelnhausen,17,60,285,171,TSV 07 Höchst II,18,fussball.de
031CPRAMBG00000BVS5489BUVUR5FS5A-G,Hessen,Kreis Gießen,9,Kreisliga A,KLA Gießen,16,47,243,133,FC 1926 Großen-Buseck,15,fussball.de
0319749DBC000009VS5489BUVV628VP4-G,Hessen,Kreis Groß-Gerau,9,Kreisliga A,KLA Groß-Gerau,15,34,174,100,SSV Raunheim,15,fussball.de
031B4FFFGG00000BVS5489BTVSK8S3O6-G,Hessen,Kreis Hanau,9,Kreisliga A,KLA Hanau,17,56,307,159,SG Marköbel,16,fussball.de
031BESEBPC000008VS5489BTVUS470OH-G,Hessen,Kreis Hersfeld-Rotenburg,9,Kreisliga A,KLA Nord · Kreis Hersfeld-Rotenburg,15,52,212,150,SG Kuppenrhön,19,fussball.de
031F9HLQL800000EVS5489BTVUS470OH-G,Hessen,Kreis Hochtaunus,9,Kreisliga A,KLA Hochtaunus,17,51,309,144,SG Oberhöchstadt II,16,fussball.de
0318JU9OQ0000008VS5489BUVV628VP4-G,Hessen,Kreis Hofgeismar-Wolfhagen,9,Kreisliga A,KLA Hofgeism-Wolfh · Kreis Hofgeismar-Wolfhagen,14,43,168,115,SG Elbetal,16,fussball.de
0317AIBS2C000009VS5489BUVSBBVPEU-G,Hessen,Kreis Kassel,9,Kreisliga A,KLA Kassel Gr.1,12,30,159,88,SG Escherode/Uschlag,16,fussball.de
0317AIBSAS00000AVS5489BUVSBBVPEU-G,Hessen,Kreis Kassel,9,Kreisliga A,KLA Kassel Gr.2,11,27,132,77,SBV 07 Kassel,15,fussball.de
031DEG7J8K000000VS5489BTVUS470OH-G,Hessen,Kreis Lauterbach-Hünfeld,9,Kreisliga A,KLA Mitte · Kreis Lauterbach-Hünfeld,15,53,214,153,SG Haselbach,24,fussball.de
03196OCGJC00000CVS5489BUVV628VP4-G,Hessen,Kreis Limburg-Weilburg,9,Kreisliga A,KLA Limb-Weilb · Kreis Limburg-Weilburg,17,56,256,162,FC Dorndorf,16,fussball.de
0319B1IJR8000000VS5489BUVV628VP4-G,Hessen,Kreis Maintaunus,9,Kreisliga A,KLA Maintaunus,16,46,243,130,FC TÜRK Kelsterbach II,18,fussball.de
031AQSAPK8000002VS5489BTVSK8S3O6-G,Hessen,Kreis Marburg,9,Kreisliga A,KLA Marburg,17,56,239,156,SV Beltershausen,17,fussball.de
031AQ1034G00000AVS5489BTVSK8S3O6-G,Hessen,Kreis Odenwald,9,Kreisliga A,KLA Odenwald,17,57,277,163,FSV Erbach,21,fussball.de
031DCQ8JV000000AVS5489BTVUS470OH-G,Hessen,Kreis Offenbach,9,Kreisliga A,KLA Offenbach Gr.1,16,48,296,136,TSG Neu-Isenburg,16,fussball.de
031DCQ8K5O00000BVS5489BTVUS470OH-G,Hessen,Kreis Offenbach,9,Kreisliga A,KLA Offenbach Gr.2,15,40,209,116,TSG Mainflingen,15,fussball.de
031BDUAJM800000AVS5489BTVUS470OH-G,Hessen,Kreis Rheingau-Taunus,9,Kreisliga A,KLA Rheingau-Taunus,15,40,219,115,FSV Winkel,16,fussball.de
031AH69VDS00000AVS5489BTVSK8S3O6-G,Hessen,Kreis Schlüchtern,9,Kreisliga A,KLA Süd · Kreis Schlüchtern,16,65,281,184,SG Distelrasen,24,fussball.de
0318K3PNJ0000000VS5489BUVV628VP4-G,Hessen,Kreis Schwalm-Eder,9,Kreisliga A,KLA Schwalm-Eder Gr.1,14,34,148,100,FSG Efze,13,fussball.de
0318K3PNPK000008VS5489BUVV628VP4-G,Hessen,Kreis Schwalm-Eder,9,Kreisliga A,KLA Schwalm-Eder Gr.2,14,34,150,96,SG Neuental/Jesberg II,12,fussball.de
031AHQKL20000008VS5489BTVSK8S3O6-G,Hessen,Kreis Waldeck,9,Kreisliga A,KLA Waldeck,15,50,236,142,SG Volkmarsen/Ehringen,24,fussball.de
0319HS7IQO000009VS5489BUVV628VP4-G,Hessen,Kreis Werra/Meißner,9,Kreisliga A,KLA Werra-Meißner · Kreis Werra/Meißner,14,37,173,100,Spvgg. 07 Eschwege,12,fussball.de
0318U9VHS4000008VS5489BUVV628VP4-G,Hessen,Kreis Wetzlar,9,Kreisliga A,KLA Wetzlar,16,48,182,134,SG Ehringshausen/Dillheim,13,fussball.de
0318MB044G00000BVS5489BTVSK8S3O6-G,Hessen,Kreis Wiesbaden,9,Kreisliga A,KLA Wiesbaden,16,42,240,117,FSV Hellas Schierstein,15,fussball.de
031HUQKM88000006VS5489BUVVKNMR0J-G,Mecklenburg-Vorpommern,Kreis Mecklenburg. Seenplatte,9,Kreisoberliga,KOL MSP Staffel I · Kreis Mecklenburg. Seenplatte,11,5,33,15,FC Motor Neubrandenburg Süd,3,fussball.de
031HUQKMEC000006VS5489BUVVKNMR0J-G,Mecklenburg-Vorpommern,Kreis Mecklenburg. Seenplatte,9,Kreisoberliga,KOL MSP Staffel II · Kreis Mecklenburg. Seenplatte,11,5,28,13,MSV Priepert,3,fussball.de
031GDK44AK000004VS5489BUVSJ4CRAP-G,Mecklenburg-Vorpommern,Kreis Nordvorpommern-Rügen,9,Kreisoberliga,Kreisoberliga Herren · Kreis Nordvorpommern-Rügen,12,6,35,18,BSG ScanHaus Marlow,3,fussball.de
031BQ4QIB000000AVS5489BUVUR5FS5A-G,Mecklenburg-Vorpommern,Kreis Schwerin-Nordwestmeckl.,9,Kreisoberliga,Frank Teuber-Wienke Versicherungen Kreisoberliga SN - NWM · Kreis Schwerin-Nordwestmeckl.,14,19,94,56,SG Roggendorf 96,9,fussball.de
031B5F0REC000003VS5489BUVV628VP4-G,Mecklenburg-Vorpommern,Kreis Vorpommern-Greifswald,9,Kreisoberliga,Kreisoberliga · Kreis Vorpommern-Greifswald,14,13,74,39,FC Einheit Strasburg,6,fussball.de
031AHIDMOO000007VS5489BUVV628VP4-G,Mecklenburg-Vorpommern,Kreis Warnow,9,Kreisoberliga,Herren KOL St. I Warnow,14,6,29,18,SG Warnemünde,3,fussball.de
031AHIDMVS000007VS5489BUVV628VP4-G,Mecklenburg-Vorpommern,Kreis Warnow,9,Kreisoberliga,Herren KOL St. II Warnow,14,3,16,9,SV 90 Lohmen,3,fussball.de
030V7HTBNG00000BVS5489BUVVARDA0V-G,Mecklenburg-Vorpommern,Kreis Westmecklenburg,9,Kreisoberliga,KOL WM · Kreis Westmecklenburg,12,5,29,13,Lübtheener SV Concordia,3,fussball.de
031FNFD8BG000005VS5489BTVVG7L386-G,Mittelrhein,Kreis Aachen,9,Kreisliga B,Kreisliga B Staffel 1 · Kreis Aachen,17,28,197,78,SV Kohlscheid,10,fussball.de
031FNFD8HK000000VS5489BTVVG7L386-G,Mittelrhein,Kreis Aachen,9,Kreisliga B,Kreisliga B Staffel 2 · Kreis Aachen,16,15,71,43,Eintracht Kornelimünster,6,fussball.de
0313OUNKG400000BVS5489BTVU7GTVLE-G,Mittelrhein,Kreis Berg,9,Kreisliga B,Kreisliga B 2 · Kreis Berg,16,16,85,45,SG Olpe-Kürten,6,fussball.de
0313OUNKMO00000AVS5489BTVU7GTVLE-G,Mittelrhein,Kreis Berg,9,Kreisliga B,Kreisliga B 3 · Kreis Berg,16,14,76,40,SV Bernberg,6,fussball.de
031BOPBT1C000004VS5489BTVUS470OH-G,Mittelrhein,Kreis Bonn,9,Kreisliga B,Kreisliga B Gruppe 1 · Kreis Bonn,16,14,68,41,VTA Bonn,6,fussball.de
031BOPGR0S000004VS5489BTVUS470OH-G,Mittelrhein,Kreis Bonn,9,Kreisliga B,"Kreisliga B, Gruppe 2 · Kreis Bonn",16,12,70,34,SV BW Oedekoven,6,fussball.de
031GUOQ5LG000004VS5489BUVSJ4CRAP-G,Mittelrhein,Kreis Düren,9,Kreisliga B,Kreisliga B Staffel 1 · Kreis Düren,14,15,75,44,FC 06 Rurdorf,9,fussball.de
031GUPK6AO000004VS5489BUVSJ4CRAP-G,Mittelrhein,Kreis Düren,9,Kreisliga B,Kreisliga B Staffel 2 · Kreis Düren,14,17,97,45,CSV Düren,7,fussball.de
031GUQ0VFC000004VS5489BUVSJ4CRAP-G,Mittelrhein,Kreis Düren,9,Kreisliga B,Kreisliga B Staffel 3 · Kreis Düren,14,15,77,42,SC Alemannia Lendersdorf II,6,fussball.de
031IIOQ1O0000002VS5489BUVVKNMR0J-G,Mittelrhein,Kreis Euskirchen,9,Kreisliga B,Kreisliga B 1 · Kreis Euskirchen,13,11,70,30,SV Metternich 1945 e.V.,6,fussball.de
031IIOQ1TG000006VS5489BUVVKNMR0J-G,Mittelrhein,Kreis Euskirchen,9,Kreisliga B,Kreisliga B 2 · Kreis Euskirchen,13,12,47,35,SpVg Nöthen-Pesch-Harzheim,6,fussball.de
031F02PQ5C00000MVS5489BTVUS470OH-G,Mittelrhein,Kreis Heinsberg,9,Kreisliga B,"Kreisliga B, Staffel 1 · Kreis Heinsberg",16,23,107,59,Sportfreunde Uevekoven II,9,fussball.de
031F02PQGO00000KVS5489BTVUS470OH-G,Mittelrhein,Kreis Heinsberg,9,Kreisliga B,"Kreisliga B, Staffel 2 · Kreis Heinsberg",16,24,116,69,DJK Gillrath,9,fussball.de
030TOCGPA4000004VS5489BUVSOV43J9-G,Mittelrhein,Kreis Köln,9,Kreisliga B,Kreisliga B Staffel 1 · Kreis Köln,16,16,115,47,Casa Espana II,6,fussball.de
030TOCJCU4000004VS5489BUVSOV43J9-G,Mittelrhein,Kreis Köln,9,Kreisliga B,Kreisliga B Staffel 2 · Kreis Köln,16,16,92,42,TuS rrh. I,6,fussball.de
031KSGBO0400000FVS5489BUVVKNMR0J-G,Mittelrhein,Kreis Rhein-Erft,9,Kreisliga B,Kreisliga B Staffel 2 · Kreis Rhein-Erft,16,14,98,41,GW Brauweiler 2,6,fussball.de
031KSGBO8C00000AVS5489BUVVKNMR0J-G,Mittelrhein,Kreis Rhein-Erft,9,Kreisliga B,Kreisliga B Staffel 3 · Kreis Rhein-Erft,16,16,79,45,SV Weiden II,6,fussball.de
031FBCFCUK000007VS5489BTVUS470OH-G,Mittelrhein,Kreis Sieg,9,Kreisliga B,Kreisliga B Staffel 2 · Kreis Sieg,16,15,59,45,SV Menden,6,fussball.de
031FBCG2LS000006VS5489BTVUS470OH-G,Mittelrhein,Kreis Sieg,9,Kreisliga B,Kreisliga B Staffel 3 · Kreis Sieg,16,16,76,47,TuS Eudenbach,6,fussball.de
031GBDPJ58000002VS5489BUVSJ4CRAP-G,Niederrhein,Kreis Duisburg-Mülheim-Dinslak,9,Kreisliga B,"Kreisliga B, Gruppe 1 · Kreis Duisburg-Mülheim-Dinslak",18,27,165,79,1. FC Mülheim II,9,fussball.de
031GBDPJEG000006VS5489BUVSJ4CRAP-G,Niederrhein,Kreis Duisburg-Mülheim-Dinslak,9,Kreisliga B,"Kreisliga B, Gruppe 2 · Kreis Duisburg-Mülheim-Dinslak",17,26,169,76,DJK Vierlinden,9,fussball.de
031CH24LB8000004VS5489BTVUS470OH-G,Niederrhein,Kreis Düsseldorf,9,Kreisliga B,Kreisliga B 26/27  - Gruppe 1 Herren · Kreis Düsseldorf,18,36,219,87,SV Hösel III,12,fussball.de
031CH2A72G000004VS5489BTVUS470OH-G,Niederrhein,Kreis Düsseldorf,9,Kreisliga B,Kreisliga B 26/27- Gruppe 2 Herren · Kreis Düsseldorf,18,35,221,97,DJK TUSA 06 II,10,fussball.de
031FK2B4VG000004VS5489BTVUS470OH-G,Niederrhein,Kreis Essen,9,Kreisliga B,Kreisliga B Gruppe 1 · Kreis Essen,15,28,163,81,DJK SF Katernberg II.,12,fussball.de
031FK2E4M8000003VS5489BTVUS470OH-G,Niederrhein,Kreis Essen,9,Kreisliga B,Kreisliga B Gruppe 2 · Kreis Essen,15,27,168,79,TUSEM Essen II.,12,fussball.de
031FK2FDVK000004VS5489BTVUS470OH-G,Niederrhein,Kreis Essen,9,Kreisliga B,Kreisliga B Gruppe 3 · Kreis Essen,15,28,153,77,SG Kupferdreh-Byfang,9,fussball.de
031FTSB420000004VS5489BUVSJ4CRAP-G,Niederrhein,Kreis Grevenbroich-Neuss,9,Kreisliga B,"Kreisliga B, Gr. 1 · Kreis Grevenbroich-Neuss",16,32,183,93,SG Kaarst,12,fussball.de
031FTUEQPK000004VS5489BUVSJ4CRAP-G,Niederrhein,Kreis Grevenbroich-Neuss,9,Kreisliga B,"Kreisliga B, Gr. 2 · Kreis Grevenbroich-Neuss",16,32,189,93,DJK Novesia Neuss 1919 2,12,fussball.de
031HHHLLQ400000EVS5489BTVVG7L386-G,Niederrhein,Kreis Kempen-Krefeld,9,Kreisliga B,Kreisliga B 1 · Kreis Kempen-Krefeld,16,32,161,92,Dülkener FC,12,fussball.de
031HHHLM3C000008VS5489BTVVG7L386-G,Niederrhein,Kreis Kempen-Krefeld,9,Kreisliga B,Kreisliga B 2 · Kreis Kempen-Krefeld,15,28,143,74,FC Traar,10,fussball.de
031HHHLM9S00000DVS5489BTVVG7L386-G,Niederrhein,Kreis Kempen-Krefeld,9,Kreisliga B,Kreisliga B 3 · Kreis Kempen-Krefeld,16,28,183,78,SSV Strümp 2,12,fussball.de
031JAMD8KO00000AVS5489BUVVKNMR0J-G,Niederrhein,Kreis Kleve-Geldern,9,Kreisliga B,Kreisliga B Gruppe 1 · Kreis Kleve-Geldern,16,32,153,91,DJK Grün-Weiß Appeldorn,12,fussball.de
031JAMD8UG000009VS5489BUVVKNMR0J-G,Niederrhein,Kreis Kleve-Geldern,9,Kreisliga B,Kreisliga B Gruppe 2 · Kreis Kleve-Geldern,16,31,167,85,SV Arminia Kapellen-Hamb,10,fussball.de
031HBBJSK4000004VS5489BTVVG7L386-G,Niederrhein,Kreis Moers,9,Kreisliga B,"Kreisliga B, · Kreis Moers",18,19,114,55,SV Alemannia Kamp,7,fussball.de
0311FB7FHC000000VS5489BUVVARDA0V-G,Niederrhein,Kreis Mönchengladbach-Viersen,9,Kreisliga B,Kreisliga B Gruppe 1 · Kreis Mönchengladbach-Viersen,16,31,169,90,SC Broich-Peel,12,fussball.de
0311FB7FR800000IVS5489BUVVARDA0V-G,Niederrhein,Kreis Mönchengladbach-Viersen,9,Kreisliga B,Kreisliga B Gruppe 2 · Kreis Mönchengladbach-Viersen,16,30,150,85,Red Stars MG,12,fussball.de
031G0065NO000003VS5489BUVSJ4CRAP-G,Niederrhein,Kreis Oberhausen-Bottrop,9,Kreisliga B,Kreisliga B1 Breil · Kreis Oberhausen-Bottrop,18,28,204,80,FC Blau Weiß Italia Oberhausen e.V.,10,fussball.de
031G00EBSC000004VS5489BUVSJ4CRAP-G,Niederrhein,Kreis Oberhausen-Bottrop,9,Kreisliga B,Kreisliga B2 Bliso · Kreis Oberhausen-Bottrop,18,32,180,93,VFR Polonia Ebel,10,fussball.de
031DT7C3I0000007VS5489BTVUS470OH-G,Niederrhein,Kreis Rees-Bocholt,9,Kreisliga B,"Kreisliga B, Gruppe 1 · Kreis Rees-Bocholt",16,8,36,21,Hemdener SV,3,fussball.de
031DT7C3LS000007VS5489BTVUS470OH-G,Niederrhein,Kreis Rees-Bocholt,9,Kreisliga B,"Kreisliga B, Gruppe 2 · Kreis Rees-Bocholt",16,8,49,21,SV Fortuna Millingen,3,fussball.de
031EM45OHO000004VS5489BUVUR5FS5A-G,Niederrhein,Kreis Remscheid-Solingen,9,Kreisliga B,Kreisliga B Gruppe 1 · Kreis Remscheid-Solingen,17,32,179,89,TSV Solingen 3,12,fussball.de
031EM48P90000003VS5489BUVUR5FS5A-G,Niederrhein,Kreis Remscheid-Solingen,9,Kreisliga B,Kreisliga B Gruppe 2 · Kreis Remscheid-Solingen,17,28,151,77,SSV Dhünn 2,9,fussball.de
031HKFJB38000009VS5489BTVVG7L386-G,Niederrhein,Kreis Wuppertal-Niederberg,9,Kreisliga B,Kreisliga B Gruppe 1 · Kreis Wuppertal-Niederberg,18,27,151,71,SV Heckinghausen,9,fussball.de
031HKFJBCK00000AVS5489BTVVG7L386-G,Niederrhein,Kreis Wuppertal-Niederberg,9,Kreisliga B,Kreisliga B Gruppe 2 · Kreis Wuppertal-Niederberg,18,26,147,70,FC Langenberg,12,fussball.de
0319B57C6S000004VS5489BUVV628VP4-G,Niedersachsen,Kreis Bentheim,9,1.Kreisklasse,1.Kreisklasse Grafschaft Bentheim,15,47,216,134,VfL Weiße Elf Nordhorn II,18,fussball.de
0315VRSBAK000003VS5489BUVSBBVPEU-G,Niedersachsen,Kreis Braunschweig,9,1.Kreisklasse,1. Kreisklasse Staffel 1 · Kreis Braunschweig,12,22,99,65,TVE Veltenhof,12,fussball.de
0315VRVHE8000004VS5489BUVSBBVPEU-G,Niedersachsen,Kreis Braunschweig,9,1.Kreisklasse,1. Kreisklasse Staffel 2 · Kreis Braunschweig,12,17,116,49,SG BSV Ölper/SV EGE,10,fussball.de
03197780G0000003VS5489BUVV628VP4-G,Niedersachsen,Kreis Celle,9,1.Kreisklasse,1. Kreisklasse Celle,14,31,156,88,FG Wohlde,12,fussball.de
0316KBPVL8000003VS5489BUVSBBVPEU-G,Niedersachsen,Kreis Cloppenburg,9,1.Kreisklasse,1.Kreisklasse  Cloppenburg,15,41,179,120,SV Bösel,13,fussball.de
03153J1140000009VS5489BUVSBBVPEU-G,Niedersachsen,Kreis Cuxhaven,9,1.Kreisklasse,1.Kreisklasse Cuxhaven,14,35,157,100,TSV Wehden,13,fussball.de
031DPBV6K800000DVS5489BTVUS470OH-G,Niedersachsen,Kreis Diepholz,9,1.Kreisklasse,1.Kreisklasse DH · Kreis Diepholz,16,32,163,90,SV Weyhe II,12,fussball.de
03150M00FS000006VS5489BTVU7GTVLE-G,Niedersachsen,Kreis Emsland,9,1.Kreisklasse,1. Kreisklasse Süd · Kreis Emsland,13,25,98,73,FC 47 Leschede II,12,fussball.de
03150M00MK000005VS5489BTVU7GTVLE-G,Niedersachsen,Kreis Emsland,9,1.Kreisklasse,1.KK Emsland Mitte,14,31,154,87,SV Polle,14,fussball.de
03150M009O000006VS5489BTVU7GTVLE-G,Niedersachsen,Kreis Emsland,9,1.Kreisklasse,1.KK Emsland Nord,14,29,151,84,SV DJK Werpeloh 1934 e.V.,12,fussball.de
031AP29TCK000004VS5489BTVSK8S3O6-G,Niedersachsen,Kreis Gifhorn,9,1.Kreisklasse,1. Kreisklasse 1 · Kreis Gifhorn,14,21,105,57,SV Osloss,9,fussball.de
031AP2IS1K000004VS5489BTVSK8S3O6-G,Niedersachsen,Kreis Gifhorn,9,1.Kreisklasse,1. Kreisklasse 2 · Kreis Gifhorn,13,17,76,49,SG Leiferde-Ettenbüttel,9,fussball.de
0316JK66A400000AVS5489BUVSBBVPEU-G,Niedersachsen,Kreis Göttingen-Osterode,9,1.Kreisklasse,1.Kreisklasse Nord (A) · Kreis Göttingen-Osterode,11,25,123,67,SG Sösetal I,13,fussball.de
0316JK66HG000000VS5489BUVSBBVPEU-G,Niedersachsen,Kreis Göttingen-Osterode,9,1.Kreisklasse,1.Kreisklasse Süd (B) · Kreis Göttingen-Osterode,11,21,101,60,Bonaforther SV,13,fussball.de
0312RKV76S000004VS5489BUVSBBVPEU-G,Niedersachsen,Kreis Hameln-Pyrmont,9,1.Kreisklasse,1.Kreisklasse Hameln-Pyrmont,14,49,258,143,SV Germania Beber-Rohrsen,21,fussball.de
031AFR9HCG00000CVS5489BUVV628VP4-G,Niedersachsen,Kreis Harburg,9,1.Kreisklasse,1.Kreisklasse Harburg,14,30,156,87,SG Salzhausen-G.,12,fussball.de
0318GKQNCO000007VS5489BUVV628VP4-G,Niedersachsen,Kreis Heide-Wendland,9,1.Kreisklasse,1.Kreisklasse Nord · Kreis Heide-Wendland,16,44,198,121,MTV Römstedt II,16,fussball.de
0318GKQNKK000008VS5489BUVV628VP4-G,Niedersachsen,Kreis Heide-Wendland,9,1.Kreisklasse,1.Kreisklasse Süd · Kreis Heide-Wendland,16,48,211,142,Spvgg Oetzen/St.,18,fussball.de
03196QO458000004VS5489BTVSK8S3O6-G,Niedersachsen,Kreis Heidekreis,9,1.Kreisklasse,1.Kreisklasse Heidekreis,13,27,117,77,MTV Eickeloh-Hademstorf,12,fussball.de
031AI8H0T0000004VS5489BUVV628VP4-G,Niedersachsen,Kreis Helmstedt,9,1.Kreisklasse,1.Kreisklasse Helmstedt,11,14,60,40,TSV Süpplingenburg,7,fussball.de
031BOTCJI0000004VS5489BUVUR5FS5A-G,Niedersachsen,Kreis Hildesheim-Holzminden,9,1.Kreisklasse,1. Kreisklasse Staffel A · Kreis Hildesheim-Holzminden,14,35,154,99,DJK BW Hildesheim,12,fussball.de
0319L3L3T8000004VS5489BTVSK8S3O6-G,Niedersachsen,Kreis Hildesheim-Holzminden,9,1.Kreisklasse,1. Kreisklasse Staffel C · Kreis Hildesheim-Holzminden,14,34,129,95,VfL Dielmissen,15,fussball.de
031BPLALC8000004VS5489BUVUR5FS5A-G,Niedersachsen,Kreis Hildesheim-Holzminden,9,1.Kreisklasse,1.Kreisklasse  Staffel B · Kreis Hildesheim-Holzminden,14,34,200,95,SG Bodenburg/Sehlem,11,fussball.de
031BF5HJBK000006VS5489BTVUS470OH-G,Niedersachsen,Kreis Jade-Weser-Hunte,9,1.Kreisklasse,1.Kreisklasse JWH Staffel Nord · Kreis Jade-Weser-Hunte,14,17,78,50,FSV Jever II,9,fussball.de
0317V2OQIC000006VS5489BTVU7GTVLE-G,Niedersachsen,Kreis Jade-Weser-Hunte,9,1.Kreisklasse,1.Kreisklasse JWH Staffel Süd · Kreis Jade-Weser-Hunte,14,20,92,57,TV Metjendorf,9,fussball.de
031DPUT87O000006VS5489BTVUS470OH-G,Niedersachsen,Kreis Nienburg,9,1.Kreisklasse,1.Kreisklasse Nienburg,13,31,163,89,JG Oyle I,13,fussball.de
031C2TILKC00000OVS5489BUVUR5FS5A-G,Niedersachsen,Kreis Nordharz,9,1.Kreisklasse,1. Nordharzklasse Staffel 1,14,34,223,99,SVG Oberharz,13,fussball.de
031C2TIM1C00000NVS5489BUVUR5FS5A-G,Niedersachsen,Kreis Nordharz,9,1.Kreisklasse,1. Nordharzklasse Staffel 2,14,34,164,97,SV Glück Auf Gebhardshagen,13,fussball.de
031DMJDIBK000009VS5489BTVUS470OH-G,Niedersachsen,Kreis Northeim-Einbeck,9,1.Kreisklasse,1. Kreisklasse Staffel 1 · Kreis Northeim-Einbeck,9,23,122,66,VfB Uslar,15,fussball.de
031DMJDITK000009VS5489BTVUS470OH-G,Niedersachsen,Kreis Northeim-Einbeck,9,1.Kreisklasse,1. Kreisklasse Staffel 2 · Kreis Northeim-Einbeck,9,24,134,68,SG Altes Amt,12,fussball.de
0315ARM2GC000003VS5489BTVU7GTVLE-G,Niedersachsen,Kreis Oldenburg-L./Delmenhorst,9,1.Kreisklasse,1.Kreisklasse OLL/DEL · Kreis Oldenburg-L./Delmenhorst,14,39,200,112,Delmenhorster BV,13,fussball.de
0316EA6UCK000008VS5489BUVSBBVPEU-G,Niedersachsen,Kreis Osnabrück,9,1.Kreisklasse,1. Kreisklasse Osnabrück Staffel A,15,37,174,105,SC Quakenbrück,15,fussball.de
0316EA6UL000000AVS5489BUVSBBVPEU-G,Niedersachsen,Kreis Osnabrück,9,1.Kreisklasse,1. Kreisklasse Osnabrück Staffel B,16,45,174,130,VFB Schinkel,16,fussball.de
0316EA6UTC00000BVS5489BUVSBBVPEU-G,Niedersachsen,Kreis Osnabrück,9,1.Kreisklasse,1. Kreisklasse Osnabrück Staffel C,15,41,165,118,Spvg Gaste-Hasbergen,19,fussball.de
0316EA6V44000008VS5489BUVSBBVPEU-G,Niedersachsen,Kreis Osnabrück,9,1.Kreisklasse,1. Kreisklasse Osnabrück Staffel D,15,35,171,102,VfR Voxtrup II,18,fussball.de
0317ILOAR8000004VS5489BUVSBBVPEU-G,Niedersachsen,Kreis Osterholz,9,1.Kreisklasse,1.Kreisklasse Osterholz,16,34,163,99,SV Pennigbüttel II,13,fussball.de
0315F1UNT8000006VS5489BUVSBBVPEU-G,Niedersachsen,Kreis Ostfriesland,9,1.Kreisklasse,Ostfrieslandklasse A St. 1,14,52,271,150,SV SuS Steenfelde,19,fussball.de
0315F1UO3C000005VS5489BUVSBBVPEU-G,Niedersachsen,Kreis Ostfriesland,9,1.Kreisklasse,Ostfrieslandklasse A St. 2,15,59,277,166,SC Dunum,21,fussball.de
031CR3JCAK000004VS5489BUVUR5FS5A-G,Niedersachsen,Kreis Peine,9,1.Kreisklasse,1. Kreisklasse · Kreis Peine,14,39,189,110,TSV Wendezelle II,15,fussball.de
031EQH03FG00000AVS5489BTVUS470OH-G,Niedersachsen,Kreis Region Hannover,9,1.Kreisklasse,1. Kreisklasse Region Hannover St.1,14,34,139,93,TUS Röddensen,13,fussball.de
031EQH03MG00000BVS5489BTVUS470OH-G,Niedersachsen,Kreis Region Hannover,9,1.Kreisklasse,1. Kreisklasse Region Hannover St.2,14,34,181,94,Afrikanischer SV Hannover,10,fussball.de
031EQH03RC00000BVS5489BTVUS470OH-G,Niedersachsen,Kreis Region Hannover,9,1.Kreisklasse,1. Kreisklasse Region Hannover St.3,14,34,137,97,SV Arnum II,13,fussball.de
031EQH040O00000BVS5489BTVUS470OH-G,Niedersachsen,Kreis Region Hannover,9,1.Kreisklasse,1. Kreisklasse Region Hannover St.4,13,30,159,87,SV Bosna Sandzak,15,fussball.de
031879K7DS000007VS5489BUVSBBVPEU-G,Niedersachsen,Kreis Rotenburg,9,1.Kreisklasse,1.Kreisklasse Nord · Kreis Rotenburg,14,34,138,100,FC Alfstedt/Ebersdorf,12,fussball.de
031879K7PK000007VS5489BUVSBBVPEU-G,Niedersachsen,Kreis Rotenburg,9,1.Kreisklasse,1.Kreisklasse Süd · Kreis Rotenburg,14,30,158,86,SG Schwitschen/Wittorf,11,fussball.de
0315EL5C9O000004VS5489BTVU7GTVLE-G,Niedersachsen,Kreis Schaumburg,9,1.Kreisklasse,1.Kreisklasse Schaumburg,16,48,249,136,SG Apelern/Rodenberg,15,fussball.de
031B80U2E4000000VS5489BUVV628VP4-G,Niedersachsen,Kreis Stade,9,1.Kreisklasse,1.Kreisklasse Stade,14,33,169,95,SV Drochtersen/Assel IV,13,fussball.de
0314GQTALC000004VS5489BUVSBBVPEU-G,Niedersachsen,Kreis Vechta,9,1.Kreisklasse,1.Kreisklasse Vechta,14,32,198,95,RW Damme III,15,fussball.de
031E9F0DDG000003VS5489BUVUR5FS5A-G,Niedersachsen,Kreis Verden,9,1.Kreisklasse,1.Kreisklasse Verden,13,26,108,77,TSV Bierden II,12,fussball.de
031A8JCCHK000009VS5489BTVSK8S3O6-G,Niedersachsen,Kreis Wolfsburg,9,1.Kreisklasse,1.Kreisklasse Wolfsburg,10,12,75,34,SSV Velstove,9,fussball.de
0316JM94SS00000JVS5489BTVU7GTVLE-G,Rheinland,Kreis Eifel,9,Kreisliga B,Kreisliga B12 · Kreis Eifel,14,32,124,95,FC Metterich,15,fussball.de
0316JM955K00000KVS5489BTVU7GTVLE-G,Rheinland,Kreis Eifel,9,Kreisliga B,Kreisliga B13 · Kreis Eifel,14,32,162,91,SV Ulmen,13,fussball.de
031626Q95K000004VS5489BTVU7GTVLE-G,Rheinland,Kreis Hunsrück/Mosel,9,Kreisliga B,Kreisliga B8 · Kreis Hunsrück/Mosel,14,35,175,99,TuS Hausen,13,fussball.de
031CFRL5CG000004VS5489BUVUR5FS5A-G,Rheinland,Kreis Hunsrück/Mosel,9,Kreisliga B,Kreisliga B9 · Kreis Hunsrück/Mosel,14,34,163,97,SG Ober Kostenz,15,fussball.de
031DCRLROK000007VS5489BUVUR5FS5A-G,Rheinland,Kreis Koblenz,9,Kreisliga B,Kreisliga B6 · Kreis Koblenz,14,34,185,101,SC Vallendar,15,fussball.de
031C5P8MIS000004VS5489BTVUS470OH-G,Rheinland,Kreis Mosel,9,Kreisliga B,Kreisliga B 14 · Kreis Mosel,14,34,190,98,SV Rot-Weiss Wittlich II,15,fussball.de
031CG29QF0000007VS5489BTVUS470OH-G,Rheinland,Kreis Rhein/Ahr,9,Kreisliga B,Kreisliga B7 · Kreis Rhein/Ahr,14,33,148,95,SG Walporzheim/Bachem,13,fussball.de
031C5RGK04000004VS5489BTVUS470OH-G,Rheinland,Kreis Rhein/Lahn,9,Kreisliga B,Kreisliga B5 · Kreis Rhein/Lahn,14,34,173,96,SG Unterwesterwald Görgeshausen,13,fussball.de
031C699LLK000008VS5489BTVUS470OH-G,Rheinland,Kreis Trier/Saarburg,9,Kreisliga B,Kreisliga B10 · Kreis Trier/Saarburg,14,34,203,98,FC Könen,15,fussball.de
031C699LG4000000VS5489BTVUS470OH-G,Rheinland,Kreis Trier/Saarburg,9,Kreisliga B,Kreisliga B11 · Kreis Trier/Saarburg,14,35,186,100,FSG Ehrang-Pfalzel,15,fussball.de
031CHGG9DG000004VS5489BTVUS470OH-G,Rheinland,Kreis Westerwald/Sieg,9,Kreisliga B,Kreisliga B1 · Kreis Westerwald/Sieg,14,35,186,103,SG Alsdorf,15,fussball.de
031CHHSG3C000004VS5489BTVUS470OH-G,Rheinland,Kreis Westerwald/Sieg,9,Kreisliga B,Kreisliga B2 · Kreis Westerwald/Sieg,14,35,171,100,Spfr. Daaden,12,fussball.de
031C7G5COK000008VS5489BUVUR5FS5A-G,Rheinland,Kreis Westerwald/Wied,9,Kreisliga B,Kreisliga B3 · Kreis Westerwald/Wied,14,34,158,96,CSV Neuwied,12,fussball.de
031C7G5CHK000008VS5489BUVUR5FS5A-G,Rheinland,Kreis Westerwald/Wied,9,Kreisliga B,Kreisliga B4 · Kreis Westerwald/Wied,14,34,185,99,FC Lion's Ransbach,10,fussball.de
030UT2M75S000006VS5489BUVVARDA0V-G,Saarland,Bezirk Saarland,9,Bezirksliga,Bezirksliga Blies/Nahe · Bezirk Saarland,16,47,307,141,SV Victoria St. Wendel,18,fussball.de
030VIGRHIS000006VS5489BUVVARDA0V-G,Saarland,Bezirk Saarland,9,Bezirksliga,Bezirksliga Bliestal · Bezirk Saarland,16,42,269,122,TuS Ormesheim,15,fussball.de
030UT2M6UC00000HVS5489BUVVARDA0V-G,Saarland,Bezirk Saarland,9,Bezirksliga,Bezirksliga Ill/Theel · Bezirk Saarland,16,48,232,140,SV Überroth,15,fussball.de
03108NNUCG000005VS5489BTVT51B5B5-G,Saarland,Bezirk Saarland,9,Bezirksliga,Bezirksliga Köllertal-Warndt · Bezirk Saarland,16,47,255,134,SV Ritterstrasse,15,fussball.de
0310BGUGRC000000VS5489BTVT51B5B5-G,Saarland,Bezirk Saarland,9,Bezirksliga,Bezirksliga Merzig-Wadern · Bezirk Saarland,16,48,217,140,VfB Tünsdorf,18,fussball.de
030VIGRHDK000006VS5489BUVVARDA0V-G,Saarland,Bezirk Saarland,9,Bezirksliga,Bezirksliga Neunkirchen · Bezirk Saarland,16,48,281,140,SV Niederbexbach,16,fussball.de
03108NNU6C00000FVS5489BTVT51B5B5-G,Saarland,Bezirk Saarland,9,Bezirksliga,Bezirksliga Saarbrücken · Bezirk Saarland,16,48,285,138,SV Schafbrücke,16,fussball.de
0310BGUH5S00000GVS5489BTVT51B5B5-G,Saarland,Bezirk Saarland,9,Bezirksliga,Bezirksliga Saarlouis · Bezirk Saarland,16,47,275,135,SF Rehlingen-Fremersdorf,18,fussball.de
031AV4EEJO000004VS5489BTVSK8S3O6-G,Sachsen,Kreis Chemnitz,9,1.Kreisliga (A),Kreisliga Chemnitz,14,21,100,61,USG Chemnitz,9,fussball.de
03180H9J54000009VS5489BTVU7GTVLE-G,Sachsen,Kreis Dresden,9,1.Kreisliga (A),Brandible Stadtliga A · Kreis Dresden,14,14,72,40,SV Helios 24 Dresden,6,fussball.de
0319B5VKHK000008VS5489BUVV628VP4-G,Sachsen,Kreis Erzgebirge,9,1.Kreisliga (A),Sparkassen-Kreisliga Ost · Kreis Erzgebirge,14,21,91,58,VfB Annaberg 09 2,9,fussball.de
0319B5VKOK000008VS5489BUVV628VP4-G,Sachsen,Kreis Erzgebirge,9,1.Kreisliga (A),Sparkassen-Kreisliga West · Kreis Erzgebirge,14,21,95,58,SV Blau-Weiß Crottendorf,9,fussball.de
03168MEMBG000009VS5489BUVSBBVPEU-G,Sachsen,Kreis Leipzig,9,1.Kreisliga (A),Herren Stadtklasse · Kreis Leipzig,15,26,134,75,SG LVB I,12,fussball.de
03187ACG2O000006VS5489BUVSBBVPEU-G,Sachsen,Kreis Meißen,9,1.Kreisliga (A),Funkladen Koch-Kreisliga · Kreis Meißen,14,14,56,40,Großenhainer FV 90 II,6,fussball.de
031F1C7R5O00000CVS5489BUVUR5FS5A-G,Sachsen,Kreis Mittelsachsen,9,1.Kreisliga (A),Mittelsachsenklasse - Staffel 1,14,18,72,49,SpG Geringswalde/Hartha,9,fussball.de
031F1C7RIK000009VS5489BUVUR5FS5A-G,Sachsen,Kreis Mittelsachsen,9,1.Kreisliga (A),Mittelsachsenklasse - Staffel 2,14,19,58,54,Bobritzscher SV,9,fussball.de
031B4ETLF0000008VS5489BTVSK8S3O6-G,Sachsen,Kreis Muldental/Leipziger Land,9,1.Kreisliga (A),Baukonzept Fischer GmbH - Kreisliga A Ost - Herren · Kreis Muldental/Leipziger Land,12,11,55,32,SSV Thallwitz/Nischwitz,6,fussball.de
031B4ETLUO000008VS5489BTVSK8S3O6-G,Sachsen,Kreis Muldental/Leipziger Land,9,1.Kreisliga (A),Regiser Anlagenmontagen GmbH - Kreisliga A West - Herren · Kreis Muldental/Leipziger Land,14,11,54,31,TSV Großsteinberg,6,fussball.de
031DLHCTH8000008VS5489BUVUR5FS5A-G,Sachsen,Kreis Nordsachsen,9,1.Kreisliga (A),Intersport-Höcke Kreisliga Ost · Kreis Nordsachsen,13,11,67,33,SpG Luppa/Wermsdorf II,6,fussball.de
031DLHCTA8000007VS5489BUVUR5FS5A-G,Sachsen,Kreis Nordsachsen,9,1.Kreisliga (A),Talk-Point Kreisliga West · Kreis Nordsachsen,16,17,97,50,SV Wölkau,9,fussball.de
031FOML4ES000004VS5489BUVSJ4CRAP-G,Sachsen,Kreis Oberlausitz,9,1.Kreisliga (A),ESS-Sicherheit Kreisliga Staffel 1 · Kreis Oberlausitz,14,10,53,24,TSV Kunnersdorf,6,fussball.de
031FOO3DH0000004VS5489BUVSJ4CRAP-G,Sachsen,Kreis Oberlausitz,9,1.Kreisliga (A),ESS-Sicherheit Kreisliga Staffel 2 · Kreis Oberlausitz,14,13,59,36,TSV Großschönau,6,fussball.de
031I20AE5S000000VS5489BTVSRD0UH9-G,Sachsen,Kreis Sächs.Schweiz/Osterzgeb.,9,1.Kreisliga (A),Schmiedeberger Gießerei - Kreisliga A · Kreis Sächs.Schweiz/Osterzgeb.,14,13,77,37,SG Traktor Reinhardtsdorf,6,fussball.de
031DNUA4C4000008VS5489BTVUS470OH-G,Sachsen,Kreis Vogtland,9,1.Kreisliga (A),Sparkassenvogtlandklasse,14,21,102,60,SV Concordia Plauen,9,fussball.de
0314NE2F3C000002VS5489BUVSBBVPEU-G,Sachsen,Kreis Westlausitz,9,1.Kreisliga (A),Richter-Bauelemente-Kreisliga  Staffel 1 · Kreis Westlausitz,14,20,99,58,Arnsdorfer FV,9,fussball.de
0318K9DHB0000004VS5489BTVSK8S3O6-G,Sachsen,Kreis Westlausitz,9,1.Kreisliga (A),Richter-Bauelemente-Kreisliga  Staffel 2 · Kreis Westlausitz,14,21,84,55,SV Grün-Weiß Schwepnitz,9,fussball.de
031625EK6K000004VS5489BTVU7GTVLE-G,Sachsen,Kreis Zwickau,9,1.Kreisliga (A),Kreisliga · Kreis Zwickau,14,21,105,58,SpVgg Reinsdorf - Vielau,9,fussball.de
031CMSIASG000007VS5489BTVUS470OH-G,Sachsen-Anhalt,Kreis Altmark Ost,9,Kreisoberliga,Kreisoberliga · Kreis Altmark Ost,14,14,54,40,ASV Weiß-Blau Stendal,6,fussball.de
031D6Q1050000004VS5489BTVUS470OH-G,Sachsen-Anhalt,Kreis Altmark West,9,Kreisoberliga,1. Altmark West Liga,14,11,64,31,SV Heide Jävenitz,6,fussball.de
031D3P7OFC000004VS5489BTVUS470OH-G,Sachsen-Anhalt,Kreis Anhalt-Bitterfeld,9,Kreisoberliga,Kreisoberliga ABI · Kreis Anhalt-Bitterfeld,14,7,29,20,SV 1898 Wulfen,3,fussball.de
0319IBFKL8000006VS5489BUVV628VP4-G,Sachsen-Anhalt,Kreis Burgenland,9,Kreisoberliga,Kreisoberliga Burgenland,14,14,53,38,SC Naumburg II,6,fussball.de
031BS84D2K000004VS5489BTVUS470OH-G,Sachsen-Anhalt,Kreis Börde,9,Kreisoberliga,Bördeoberliga,14,14,55,35,OhreKicker Wolmirstedt I,6,fussball.de
031CE35C44000004VS5489BUVUR5FS5A-G,Sachsen-Anhalt,Kreis Harz,9,Kreisoberliga,Harzoberliga,13,6,33,18,FSV 20 Sargstedt I,3,fussball.de
031AGIHIG4000006VS5489BTVSK8S3O6-G,Sachsen-Anhalt,Kreis Jerichower Land,9,Kreisoberliga,Kreisoberliga Herren · Kreis Jerichower Land,14,7,44,20,TSV Brettin/Roßdorf II,3,fussball.de
031ARNOUBS000000VS5489BTVSK8S3O6-G,Sachsen-Anhalt,Kreis Mansfeld-Südharz,9,Kreisoberliga,Die-Werbefabrik.de-Kreisoberliga · Kreis Mansfeld-Südharz,14,14,78,42,MSV Eisleben II,6,fussball.de
031A9PVMKS000001VS5489BTVSK8S3O6-G,Sachsen-Anhalt,Kreis SFV Halle,9,Kreisoberliga,Stadtoberliga · Kreis SFV Halle,13,6,24,18,SG Motor Halle,3,fussball.de
031C4GN9OO000004VS5489BUVUR5FS5A-G,Sachsen-Anhalt,Kreis SFV Magdeburg,9,Kreisoberliga,Stadtoberliga Herren · Kreis SFV Magdeburg,12,6,32,16,Roter Stern Sudenburg,3,fussball.de
031CHMB4JK000004VS5489BUVUR5FS5A-G,Sachsen-Anhalt,Kreis Saalekreis,9,Kreisoberliga,Kreisoberliga · Kreis Saalekreis,14,7,39,20,SV 1916 Beuna,3,fussball.de
030J2CUJO000000FVS5489BTVUCDSG9E-G,Sachsen-Anhalt,Kreis Salzland,9,Kreisoberliga,Salzlandliga,14,20,117,59,SV Rotation Aschersleben,9,fussball.de
031AU83E34000003VS5489BUVV628VP4-G,Sachsen-Anhalt,Kreis Wittenberg,9,Kreisoberliga,Hanni-Solar Kreisoberliga · Kreis Wittenberg,14,7,24,21,SV Reinsdorf,3,fussball.de
031CGATI8C000004VS5489BUVUR5FS5A-G,Schleswig-Holstein,Kreis Herzogtum Lauenburg,9,Kreisklasse A,Kreisklasse A - 10 · Kreis Herzogtum Lauenburg,13,28,149,79,TSV Berkenthin,13,fussball.de
031DRCG4DG000004VS5489BUVUR5FS5A-G,Schleswig-Holstein,Kreis Holstein,9,Kreisklasse A,Kreisklasse A - 6 · Kreis Holstein,13,28,146,81,SV Bönebüttel-Husberg II,12,fussball.de
031DRC9808000004VS5489BUVUR5FS5A-G,Schleswig-Holstein,Kreis Holstein,9,Kreisklasse A,Kreisklasse A - 8 · Kreis Holstein,13,23,118,67,Raisdorfer TSV,12,fussball.de
031C4FTK7C000004VS5489BTVUS470OH-G,Schleswig-Holstein,Kreis Kiel,9,Kreisklasse A,Kreisklasse A - 7 · Kreis Kiel,14,33,142,93,Kieler MTV II,13,fussball.de
031C4BB2S0000004VS5489BTVUS470OH-G,Schleswig-Holstein,Kreis Lübeck,9,Kreisklasse A,Kreisklasse A - 11 · Kreis Lübeck,13,29,161,85,AKM Lübeck,15,fussball.de
031CP58G2C000001VS5489BUVUR5FS5A-G,Schleswig-Holstein,Kreis Nordfriesland,9,Kreisklasse A,Kreisklasse A 1 · Kreis Nordfriesland,13,29,117,84,TSV Süderlügum,13,fussball.de
031C8DR5V0000004VS5489BTVUS470OH-G,Schleswig-Holstein,Kreis Ostholstein,9,Kreisklasse A,Kreisklasse A - 12 · Kreis Ostholstein,13,26,133,75,TSV Neustadt,12,fussball.de
031A5R5VK0000003VS5489BTVSK8S3O6-G,Schleswig-Holstein,Kreis Rendsburg-Eckernförde,9,Kreisklasse A,Kreisklasse A - 3 · Kreis Rendsburg-Eckernförde,13,27,118,75,Gettorfer SC II - U23,11,fussball.de
031C3RVORK000004VS5489BUVUR5FS5A-G,Schleswig-Holstein,Kreis Schleswig-Flensburg,9,Kreisklasse A,Kreisklasse A - 2 · Kreis Schleswig-Flensburg,13,29,130,82,VFR Schleswig,12,fussball.de
031A6MI90K000006VS5489BUVV628VP4-G,Schleswig-Holstein,Kreis Segeberg,9,Kreisklasse A,Kreisklasse A - 9 · Kreis Segeberg,13,29,146,83,FSG Alsterland II,15,fussball.de
031BV46VFS000005VS5489BTVUS470OH-G,Schleswig-Holstein,Kreis Westküste,9,Kreisklasse A,Kreisklasse A - 4 · Kreis Westküste,13,29,100,81,SG Eider/Pahlen,10,fussball.de
031BV4JDGS000005VS5489BTVUS470OH-G,Schleswig-Holstein,Kreis Westküste,9,Kreisklasse A,Kreisklasse A - 5 · Kreis Westküste,13,30,164,86,TSV Lägerdorf III,12,fussball.de
030EI95PF4000004VS5489BTVSFA9344-G,Südbaden,Baden-Baden,9,1.Kreisliga (A),Kreisliga A - Nord · Baden-Baden,16,24,104,67,FV Plittersdorf,9,fussball.de
0317TIPIMK000004VS5489BUVSBBVPEU-G,Südbaden,Baden-Baden,9,1.Kreisliga (A),Kreisliga A - Süd · Baden-Baden,16,24,95,70,FV Gamshurst,9,fussball.de
0319TNRPP000000EVS5489BUVV628VP4-G,Südbaden,Bodensee,9,1.Kreisliga (A),Kreisliga A - Staffel 1 · Bodensee,14,13,41,38,FC Bodman-Ludwigshafen,6,fussball.de
0319TNRQ10000008VS5489BUVV628VP4-G,Südbaden,Bodensee,9,1.Kreisliga (A),Kreisliga A - Staffel 2 · Bodensee,14,14,70,39,SG Gallmannsweil/B.K.B,6,fussball.de
0319TNRQ7C00000DVS5489BUVV628VP4-G,Südbaden,Bodensee,9,1.Kreisliga (A),Kreisliga A - Staffel 3 · Bodensee,14,14,59,40,FC Überlingen 2,6,fussball.de
031BHHPCDC00000FVS5489BTVUS470OH-G,Südbaden,Freiburg,9,1.Kreisliga (A),Kreisliga A - Staffel 1 · Freiburg,16,8,45,23,SF Winden,3,fussball.de
031BHHPCM400000EVS5489BTVUS470OH-G,Südbaden,Freiburg,9,1.Kreisliga (A),Kreisliga A - Staffel 2 · Freiburg,16,7,33,20,SV Hartheim-Bremgarten,3,fussball.de
031EE9C80C00000AVS5489BTVUS470OH-G,Südbaden,Hochrhein,9,1.Kreisliga (A),Kreisliga A - Ost · Hochrhein,16,21,110,62,FC Bergalingen,7,fussball.de
031EE9C7QK000009VS5489BTVUS470OH-G,Südbaden,Hochrhein,9,1.Kreisliga (A),Kreisliga A - West · Hochrhein,16,23,114,64,FV Fahrnau,9,fussball.de
0316DIR6IS000007VS5489BUVSBBVPEU-G,Südbaden,Offenburg,9,1.Kreisliga (A),Kreisliga A - Nord · Offenburg,16,32,160,94,SV Leutesheim,12,fussball.de
0316DIR6A4000005VS5489BUVSBBVPEU-G,Südbaden,Offenburg,9,1.Kreisliga (A),Kreisliga A - Süd · Offenburg,16,32,153,91,SV Hausach,12,fussball.de
031HJJ2PQO000004VS5489BTVVG7L386-G,Südbaden,Schwarzwald,9,1.Kreisliga (A),Kreisliga A - Staffel 1 · Schwarzwald,14,20,75,55,SG Alemannia V-H-U,7,fussball.de
031BS2HKKK000004VS5489BTVUS470OH-G,Südbaden,Schwarzwald,9,1.Kreisliga (A),Kreisliga A - Staffel 2 · Schwarzwald,14,17,77,50,SV TuS Immendingen,9,fussball.de
031AU7U23K000008VS5489BUVV628VP4-G,Südwest,Kreis Alzey-Worms,9,A-Klasse,Herren A-Klasse Alzey-Worms,16,45,218,129,Rhen. Rheindürkheim,15,fussball.de
0318IT4V50000004VS5489BUVV628VP4-G,Südwest,Kreis Bad Kreuznach,9,A-Klasse,Herren A-Klasse Bad Kreuznach,16,44,240,121,VfL Simmertal,15,fussball.de
03160P2CPG000009VS5489BUVSBBVPEU-G,Südwest,Kreis Birkenfeld,9,A-Klasse,Herren A-Klasse Birkenfeld,15,43,222,122,SV Medard,15,fussball.de
031AQKDH4K000004VS5489BTVSK8S3O6-G,Südwest,Kreis Kaiserslaut.-Donnersberg,9,A-Klasse,Herren A-Klasse KL/DOB · Kreis Kaiserslaut.-Donnersberg,15,45,260,122,SV Mölschbach,15,fussball.de
0318KGNRSC000004VS5489BTVSK8S3O6-G,Südwest,Kreis Kusel-Kaiserslautern,9,A-Klasse,Herren A-Klasse Kusel-Kaiserslautern,16,48,269,140,SV Rodenbach II,15,fussball.de
0318VI3NMG000009VS5489BTVSK8S3O6-G,Südwest,Kreis Mainz-Bingen,9,A-Klasse,Herren A-Klasse Mainz-Bingen,16,47,228,135,SG Bingerbrück/Weiler,15,fussball.de
03141TGT80000009VS5489BUVSBBVPEU-G,Südwest,Kreis Pirmasens/Zweibrücken,9,A-Klasse,Herren A-Klasse Pirmasens - Zweibrücken · Kreis Pirmasens/Zweibrücken,16,48,239,137,SV Großsteinhausen I,15,fussball.de
0319K56QIG000008VS5489BTVSK8S3O6-G,Südwest,Kreis Rhein-Mittelhaardt,9,A-Klasse,Herren A-Klasse Rhein-Mittelhaardt,16,44,207,127,FC Speyer 09 U23,15,fussball.de
0317I388O4000007VS5489BUVSBBVPEU-G,Südwest,Kreis Rhein-Pfalz,9,A-Klasse,Herren A-Klasse Rhein-Pfalz,15,39,202,111,VfR Frankenthal,18,fussball.de
0311HMV8PG00000AVS5489BUVVARDA0V-G,Südwest,Kreis Südpfalz,9,A-Klasse,Herren A-Klasse Südpfalz,15,42,209,119,SV Viktoria Herxheim II,15,fussball.de
0305IVKKP0000007VS5489BUVV5FEO72-G,Thüringen,Kreis Eichsf.-Unstrut-Hainich,9,Kreisliga,"Kreisliga, Staffel 1 · Kreis Eichsf.-Unstrut-Hainich",12,21,82,59,SG SV Grün-Weiß Deuna,9,fussball.de
0305IVKKVO000006VS5489BUVV5FEO72-G,Thüringen,Kreis Eichsf.-Unstrut-Hainich,9,Kreisliga,"Kreisliga, Staffel 2 · Kreis Eichsf.-Unstrut-Hainich",12,18,112,53,SpG Merxleben,9,fussball.de
031CHNON3G000000VS5489BUVUR5FS5A-G,Thüringen,Kreis Erfurt-Sömmerda,9,Kreisliga,Kreisliga St.I · Kreis Erfurt-Sömmerda,14,26,118,73,FC Erfurt Nord II,12,fussball.de
031CHNON98000006VS5489BUVUR5FS5A-G,Thüringen,Kreis Erfurt-Sömmerda,9,Kreisliga,Kreisliga St.II · Kreis Erfurt-Sömmerda,14,27,135,78,FC Weißensee 03 I,12,fussball.de
0312PVOV5C000004VS5489BUVSBBVPEU-G,Thüringen,Kreis Jena-Saale-Orla,9,Kreisliga,Kreisliga · Kreis Jena-Saale-Orla,13,11,52,31,SG Holzland I,6,fussball.de
03155PUN0K000003VS5489BUVSBBVPEU-G,Thüringen,Kreis Mittelthüringen,9,Kreisliga,Kreisliga Nord · Kreis Mittelthüringen,14,27,121,79,SV Fortuna Großschwabhausen,12,fussball.de
03155PUN84000006VS5489BUVSBBVPEU-G,Thüringen,Kreis Mittelthüringen,9,Kreisliga,Kreisliga Süd · Kreis Mittelthüringen,12,18,97,51,SG Spfd. Elxleben,10,fussball.de
031AEBVI1K000006VS5489BTVSK8S3O6-G,Thüringen,Kreis Nordthüringen,9,Kreisliga,Kreisliga Staffel 1 · Kreis Nordthüringen,14,28,128,84,VfB Artern 1919 II,12,fussball.de
031AEBVI6G000006VS5489BTVSK8S3O6-G,Thüringen,Kreis Nordthüringen,9,Kreisliga,Kreisliga Staffel 2 · Kreis Nordthüringen,14,28,133,81,VfB Werther,12,fussball.de
031CQ51LUC000006VS5489BTVUS470OH-G,Thüringen,Kreis Ostthüringen,9,Kreisliga,"Kreisliga, Staffel A · Kreis Ostthüringen",12,11,38,30,SpG TSV 1861 Pölzig,6,fussball.de
031CQ51M68000005VS5489BTVUS470OH-G,Thüringen,Kreis Ostthüringen,9,Kreisliga,"Kreisliga, Staffel B · Kreis Ostthüringen",13,12,51,35,SV Langenberg,6,fussball.de
031B9H7Q0O000008VS5489BTVSK8S3O6-G,Thüringen,Kreis Rhön-Rennsteig,9,Kreisliga,Kreisliga · Kreis Rhön-Rennsteig,15,21,99,60,SG FSV 48 Oepfershausen,7,fussball.de
030TKMTG30000006VS5489BUVSEBP30S-G,Thüringen,Kreis Südthüringen,9,Kreisliga,Harrys Kreisliga Südthüringen,12,23,120,69,SG SV 1911 Mendhausen,9,fussball.de
031B8TEF0S000008VS5489BTVSK8S3O6-G,Thüringen,Kreis Westthüringen,9,Kreisliga,Kreisliga Staffel 1 · Kreis Westthüringen,14,19,116,56,VfB Wangenheim 04,12,fussball.de
031B8TEFB8000005VS5489BTVSK8S3O6-G,Thüringen,Kreis Westthüringen,9,Kreisliga,Kreisliga Staffel 2 · Kreis Westthüringen,14,20,81,56,SG BSG Kali Werra Tiefenort,9,fussball.de
031E5FE9FG000004VS5489BUVUR5FS5A-G,Westfalen,Kreis Ahaus-Coesfeld,9,Kreisliga A,Kreisliga A 1 Ahaus-Coesfeld,17,25,123,70,DJK Eintr. Stadtlohn,9,fussball.de
031E5FG9KS000004VS5489BUVUR5FS5A-G,Westfalen,Kreis Ahaus-Coesfeld,9,Kreisliga A,Kreisliga A 2 Ahaus-Coesfeld,16,21,83,60,TSG Dülmen II,9,fussball.de
031I0AE5E8000009VS5489BUVVKNMR0J-G,Westfalen,Kreis Arnsberg,9,Kreisliga A,Kreisliga A Arnsberg,16,16,78,43,SV Bachum/Bergheim,6,fussball.de
031ARLG0DG000004VS5489BTVSK8S3O6-G,Westfalen,Kreis Beckum,9,Kreisliga A,Kreisliga A Beckum,16,23,112,65,SV Liesborn e.V.,9,fussball.de
0311HOLAUG00000AVS5489BTVT51B5B5-G,Westfalen,Kreis Bielefeld,9,Kreisliga A,Kreisliga A · Kreis Bielefeld,16,40,198,117,KF Kosova Bielefeld,15,fussball.de
0311I4LMQK000004VS5489BTVT51B5B5-G,Westfalen,Kreis Bochum,9,Kreisliga A,Kreisliga A1 Herren · Kreis Bochum,16,40,230,117,BV Hiltrop 1912,15,fussball.de
0311I5EAF0000000VS5489BTVT51B5B5-G,Westfalen,Kreis Bochum,9,Kreisliga A,Kreisliga A2 Herren · Kreis Bochum,16,38,197,112,Concordia Wiemelhausen II,15,fussball.de
031893NLSO00000BVS5489BTVU7GTVLE-G,Westfalen,Kreis Detmold,9,Kreisliga A,Kreisliga A · Kreis Detmold,15,33,169,93,SV Eintracht Jerxen-Orbke,15,fussball.de
03133UGSMO000004VS5489BUVSBBVPEU-G,Westfalen,Kreis Dortmund,9,Kreisliga A,Medical4You Kreisliga A - Dortmund,18,45,211,126,Rot-Weiß Germania 11/67,15,fussball.de
0318RD8M84000004VS5489BUVV628VP4-G,Westfalen,Kreis Gelsenkirchen,9,Kreisliga A,Kreisliga A Herren · Kreis Gelsenkirchen,16,40,217,115,SV GE-Hessler,15,fussball.de
031CE30T9S00000IVS5489BUVUR5FS5A-G,Westfalen,Kreis Gütersloh,9,Kreisliga A,Kreisliga A Gütersloh,16,32,160,89,Victoria Clarholz II,12,fussball.de
031F6I7GRS00000HVS5489BUVSJ4CRAP-G,Westfalen,Kreis Hagen,9,Kreisliga A,Kreisliga A Hagen,16,26,118,74,SC Obersprockhövel II,10,fussball.de
03131NV31O00000KVS5489BUVSBBVPEU-G,Westfalen,Kreis Herford,9,Kreisliga A,Kreisliga A · Kreis Herford,17,36,149,104,Bünder SV 08/09,15,fussball.de
031D6125TS00000DVS5489BTVUS470OH-G,Westfalen,Kreis Herne,9,Kreisliga A,Herren Kreisliga  A · Kreis Herne,16,24,139,70,FC Frohlinde,9,fussball.de
031E3U14LK00000IVS5489BUVUR5FS5A-G,Westfalen,Kreis Hochsauerlandkreis,9,Kreisliga A,Kreisliga A Hochsauerland · Kreis Hochsauerlandkreis,16,30,112,86,TSV Bigge-Olsberg,12,fussball.de
0315574T58000004VS5489BTVU7GTVLE-G,Westfalen,Kreis Höxter,9,Kreisliga A,Kreisliga A · Kreis Höxter,16,40,187,113,SG Aa Nethetal/Bellersen,15,fussball.de
030VV5BSQ8000007VS5489BTVT51B5B5-G,Westfalen,Kreis Iserlohn,9,Kreisliga A,Kreisliga A - Iserlohn,16,24,131,70,SpVgg. Nachrodt,9,fussball.de
031BEPQUIS00000FVS5489BUVUR5FS5A-G,Westfalen,Kreis Lemgo,9,Kreisliga A,Kreisliga A Lemgo,16,31,143,90,SG Bentorf/Hohenhausen,12,fussball.de
031H023MV0000008VS5489BTVVG7L386-G,Westfalen,Kreis Lippstadt,9,Kreisliga A,Kreisliga A Lippstadt,16,41,192,120,SuS Störmede,13,fussball.de
031F017DUC000000VS5489BTVUS470OH-G,Westfalen,Kreis Lübbecke,9,Kreisliga A,Kreisliga A K_20 Lübbecke,16,39,208,110,VfB Fabbenstedt,15,fussball.de
0311BQD0NS00000MVS5489BUVVARDA0V-G,Westfalen,Kreis Lüdenscheid,9,Kreisliga A,Kreisliga A Lüdenscheid,15,21,127,57,Rot-Weiß Lüdenscheid,9,fussball.de
031105KV94000004VS5489BUVVARDA0V-G,Westfalen,Kreis Minden,9,Kreisliga A,Kreisliga A Minden,16,56,290,163,FC Ezidxan Minden,21,fussball.de
031BT2OB5O000009VS5489BUVUR5FS5A-G,Westfalen,Kreis Münster,9,Kreisliga A,Kreisliga A 1  Herren · Kreis Münster,16,32,123,92,FC Münster 05,12,fussball.de
031BT2OBEG000009VS5489BUVUR5FS5A-G,Westfalen,Kreis Münster,9,Kreisliga A,Kreisliga A 2  Herren · Kreis Münster,16,30,123,85,VfL Senden II,12,fussball.de
031IKJ83EG000009VS5489BTVSRD0UH9-G,Westfalen,Kreis Olpe,9,Kreisliga A,Kreisliga A Olpe,16,38,180,107,RW Ostentrop/Schönholthausen,15,fussball.de
0313R1KT78000004VS5489BTVU7GTVLE-G,Westfalen,Kreis Paderborn,9,Kreisliga A,Kreisliga A Paderborn,16,36,156,103,Suryoye Paderborn,12,fussball.de
031AU70L7O000009VS5489BUVV628VP4-G,Westfalen,Kreis Recklinghausen,9,Kreisliga A,RE KL A 1 · Kreis Recklinghausen,16,24,128,65,1. SC BW Wulfen,9,fussball.de
031AU70LGO000009VS5489BUVV628VP4-G,Westfalen,Kreis Recklinghausen,9,Kreisliga A,RE KL A 2 · Kreis Recklinghausen,16,23,127,64,SuS Concordia Flaesheim,9,fussball.de
031BJIUTPC00000HVS5489BUVUR5FS5A-G,Westfalen,Kreis Siegen-Wittgenstein,9,Kreisliga A,Kreisliga A Siegen/Wittgenstein · Kreis Siegen-Wittgenstein,16,21,111,58,Spfr. Edertal,9,fussball.de
031D2EMM0K000005VS5489BUVUR5FS5A-G,Westfalen,Kreis Soest,9,Kreisliga A,Kreisliga A Herren Soest,16,38,210,111,TuS Bremen,15,fussball.de
031BTVS5HG00000DVS5489BUVUR5FS5A-G,Westfalen,Kreis Steinfurt,9,Kreisliga A,Kreisliga A Steinfurt,16,24,100,66,Grün-Weiß Amisia Rheine,9,fussball.de
031GBGOEJ8000004VS5489BUVSJ4CRAP-G,Westfalen,Kreis Tecklenburg,9,Kreisliga A,Kreisliga A · Kreis Tecklenburg,16,24,105,69,Westfalia Hopsten,9,fussball.de
030GHEM4S000000CVS5489BUVVJ7KPKB-G,Westfalen,Kreis Unna-Hamm,9,Kreisliga A,Kreisliga A 1 Unna-Hamm,16,39,235,113,Hammer SportClub 2008,12,fussball.de
030GHEM590000009VS5489BUVVJ7KPKB-G,Westfalen,Kreis Unna-Hamm,9,Kreisliga A,Kreisliga A 2 Unna-Hamm,16,39,228,109,Westfalia Wethmar,13,fussball.de
03186HPT70000004VS5489BUVSBBVPEU-G,Württemberg,Bezirk Alb (K),9,Kreisliga A; Kreisliga,Kreisliga A1 · Bezirk Alb (K),15,24,104,69,SGM SV Bremelau/SV Granheim,10,fussball.de
03186JO8UG000003VS5489BUVSBBVPEU-G,Württemberg,Bezirk Alb (K),9,Kreisliga A; Kreisliga,Kreisliga A2 · Bezirk Alb (K),15,21,98,60,SGM Kirchentellinsfurt/Kusterdingen I,9,fussball.de
03186KDKUK000004VS5489BUVSBBVPEU-G,Württemberg,Bezirk Alb (K),9,Kreisliga A; Kreisliga,Kreisliga A3 · Bezirk Alb (K),15,24,103,68,SV Weiler,9,fussball.de
0311EHPTTG00000CVS5489BTVT51B5B5-G,Württemberg,Bezirk Bodensee (K),9,Kreisliga A; Kreisliga,Kreisliga A1 · Bezirk Bodensee (K),15,28,124,80,FV Bad Waldsee,10,fussball.de
0311EHPU6O00000BVS5489BTVT51B5B5-G,Württemberg,Bezirk Bodensee (K),9,Kreisliga A; Kreisliga,Kreisliga A2 · Bezirk Bodensee (K),14,25,96,71,SpVgg Lindau,10,fussball.de
0313MVQGS800000BVS5489BTVU7GTVLE-G,Württemberg,Bezirk Donau/Iller (K),9,Kreisliga A; Kreisliga,Kreisliga A1 · Bezirk Donau/Iller (K),15,28,101,78,SGM Spfr Kirchen/ SC Lauterach,10,fussball.de
0313MVQH6K00000BVS5489BTVU7GTVLE-G,Württemberg,Bezirk Donau/Iller (K),9,Kreisliga A; Kreisliga,Kreisliga A2 · Bezirk Donau/Iller (K),16,31,114,89,TSV Bernstadt,12,fussball.de
0313MVQHDG00000BVS5489BTVU7GTVLE-G,Württemberg,Bezirk Donau/Iller (K),9,Kreisliga A; Kreisliga,Kreisliga A3 · Bezirk Donau/Iller (K),16,32,94,87,SGM Ingstetten/Schießen,10,fussball.de
031BSHDAI800000DVS5489BUVUR5FS5A-G,Württemberg,Bezirk Enz/Murr (K),9,Kreisliga A; Kreisliga,Kreisliga A1 · Bezirk Enz/Murr (K),15,6,28,18,TV Aldingen II,3,fussball.de
031BSHDARC00000AVS5489BUVUR5FS5A-G,Württemberg,Bezirk Enz/Murr (K),9,Kreisliga A; Kreisliga,Kreisliga A2 · Bezirk Enz/Murr (K),15,7,37,20,SV Gebersheim,3,fussball.de
031BSHDB1S00000EVS5489BUVUR5FS5A-G,Württemberg,Bezirk Enz/Murr (K),9,Kreisliga A; Kreisliga,Kreisliga A3 · Bezirk Enz/Murr (K),14,0,0,0,FC Mezopotamya Bietigheim,0,fussball.de
031991FA0G000005VS5489BUVV628VP4-G,Württemberg,Bezirk Franken (K),9,Kreisliga A; Kreisliga,Kreisliga A1 · Bezirk Franken (K),16,23,85,64,SGM Fürfeld/Bonfeld,9,fussball.de
031991FA68000005VS5489BUVV628VP4-G,Württemberg,Bezirk Franken (K),9,Kreisliga A; Kreisliga,Kreisliga A2 · Bezirk Franken (K),16,23,93,68,TSV Erlenbach,9,fussball.de
031991FABO000000VS5489BUVV628VP4-G,Württemberg,Bezirk Franken (K),9,Kreisliga A; Kreisliga,Kreisliga A3 · Bezirk Franken (K),16,24,105,68,SV Harthausen,9,fussball.de
031CSU3HD8000007VS5489BTVUS470OH-G,Württemberg,Bezirk Neckar/Fils (K),9,Kreisliga A; Kreisliga,Kreisliga A1 · Bezirk Neckar/Fils (K),16,15,62,38,TSV Wernau,6,fussball.de
031CSU3HKO000007VS5489BTVUS470OH-G,Württemberg,Bezirk Neckar/Fils (K),9,Kreisliga A; Kreisliga,Kreisliga A2 · Bezirk Neckar/Fils (K),16,16,64,47,TSV Jesingen,6,fussball.de
031CSU3HUC000007VS5489BTVUS470OH-G,Württemberg,Bezirk Neckar/Fils (K),9,Kreisliga A; Kreisliga,Kreisliga A3 · Bezirk Neckar/Fils (K),16,15,66,41,FTSV Kuchen,6,fussball.de
030SRI1TEO000001VS5489BTVVR5L0PB-G,Württemberg,Bezirk Nordschwarzwald (K),9,Kreisliga A; Kreisliga,Kreisliga A1 · Bezirk Nordschwarzwald (K),15,21,94,61,SGM Oberreichenbach/Würzbach,9,fussball.de
030SRI1TM8000006VS5489BTVVR5L0PB-G,Württemberg,Bezirk Nordschwarzwald (K),9,Kreisliga A; Kreisliga,Kreisliga A2 · Bezirk Nordschwarzwald (K),15,21,112,61,SV Tumlingen-Hörschweiler,7,fussball.de
031A4TVRI0000006VS5489BTVSK8S3O6-G,Württemberg,Bezirk Oberschwaben (K),9,Kreisliga A; Kreisliga,Kreisliga A1 · Bezirk Oberschwaben (K),15,21,85,60,SGM SV Bronnen/TSV Neufra,9,fussball.de
031A4TVRP0000006VS5489BTVSK8S3O6-G,Württemberg,Bezirk Oberschwaben (K),9,Kreisliga A; Kreisliga,Kreisliga A2 · Bezirk Oberschwaben (K),15,20,78,56,SV Dürmentingen,9,fussball.de
031A4TVRV8000006VS5489BTVSK8S3O6-G,Württemberg,Bezirk Oberschwaben (K),9,Kreisliga A; Kreisliga,Kreisliga A3 · Bezirk Oberschwaben (K),16,23,78,60,SGM Eberhardzell/Unterschwarzach,9,fussball.de
03153DTK2000000CVS5489BTVU7GTVLE-G,Württemberg,Bezirk Ostwürttemberg (K),9,Kreisliga A; Kreisliga,Kreisliga A1 · Bezirk Ostwürttemberg (K),17,39,172,109,TV Straßdorf,15,fussball.de
03153DTKBK000006VS5489BTVU7GTVLE-G,Württemberg,Bezirk Ostwürttemberg (K),9,Kreisliga A; Kreisliga,Kreisliga A2 · Bezirk Ostwürttemberg (K),16,34,124,96,FSV Zöbingen,10,fussball.de
03153DTKIS00000AVS5489BTVU7GTVLE-G,Württemberg,Bezirk Ostwürttemberg (K),9,Kreisliga A; Kreisliga,Kreisliga A3 · Bezirk Ostwürttemberg (K),16,31,132,88,TSG Schnaitheim,12,fussball.de
03199VRBD0000006VS5489BTVSK8S3O6-G,Württemberg,Bezirk Rems/Murr/Hall (K),9,Kreisliga A; Kreisliga,Kreisliga A1 · Bezirk Rems/Murr/Hall (K),15,21,102,57,VfR Birkmannsweiler,7,fussball.de
03199VRBJS000006VS5489BTVSK8S3O6-G,Württemberg,Bezirk Rems/Murr/Hall (K),9,Kreisliga A; Kreisliga,Kreisliga A2 · Bezirk Rems/Murr/Hall (K),15,21,110,61,SPVGG Kleinaspach,9,fussball.de
031EOL3K6O000001VS5489BUVUR5FS5A-G,Württemberg,Bezirk Rems/Murr/Hall (K),9,Kreisliga A; Kreisliga,Kreisliga A3 (Crailsheimer Staffel) · Bezirk Rems/Murr/Hall (K),10,14,52,39,FC Matzenbach I,7,fussball.de
03199VRBPG000006VS5489BTVSK8S3O6-G,Württemberg,Bezirk Rems/Murr/Hall (K),9,Kreisliga A; Kreisliga,Kreisliga A3 (Haller Staffel) · Bezirk Rems/Murr/Hall (K),10,15,68,40,SV Tüngental,9,fussball.de
031516JAEO000004VS5489BUVSBBVPEU-G,Württemberg,Bezirk Schwarzwald/Zollern (K),9,Kreisliga A; Kreisliga,Kreisliga A1 · Bezirk Schwarzwald/Zollern (K),15,25,101,73,SGM Irslingen/Epfendorf I,9,fussball.de
031516L84G000004VS5489BUVSBBVPEU-G,Württemberg,Bezirk Schwarzwald/Zollern (K),9,Kreisliga A; Kreisliga,Kreisliga A2 · Bezirk Schwarzwald/Zollern (K),16,30,138,88,SV Heiligenzimmern I,12,fussball.de
031516N970000004VS5489BUVSBBVPEU-G,Württemberg,Bezirk Schwarzwald/Zollern (K),9,Kreisliga A; Kreisliga,Kreisliga A3 · Bezirk Schwarzwald/Zollern (K),16,27,124,79,SV Egesheim,10,fussball.de
0313Q0JPIO000006VS5489BTVU7GTVLE-G,Württemberg,Bezirk Stuttgart/Böblingen (K),9,Kreisliga A; Kreisliga,Kreisliga A1 · Bezirk Stuttgart/Böblingen (K),16,16,79,46,Türkspor Stuttgart,6,fussball.de
0313Q0JPO0000000VS5489BTVU7GTVLE-G,Württemberg,Bezirk Stuttgart/Böblingen (K),9,Kreisliga A; Kreisliga,Kreisliga A2 · Bezirk Stuttgart/Böblingen (K),16,16,63,43,Spvgg Stetten/Filder,6,fussball.de
0313Q0JPSS000006VS5489BTVU7GTVLE-G,Württemberg,Bezirk Stuttgart/Böblingen (K),9,Kreisliga A; Kreisliga,Kreisliga A3 · Bezirk Stuttgart/Böblingen (K),16,16,81,45,GSV Maichingen II,6,fussball.de
031DC9N7T0000007VS5489BTVUS470OH-G,Baden,Kreis Bruchsal,10,Kreisklasse B,bfv-Kreisklasse B Bruchsal Staffel 1,14,14,62,39,FC Obergrombach,6,fussball.de
031DC9N84C00000AVS5489BTVUS470OH-G,Baden,Kreis Bruchsal,10,Kreisklasse B,bfv-Kreisklasse B Bruchsal Staffel 2,14,14,76,40,Spvgg 1920 Oberhausen,6,fussball.de
0312UDEOJ800000IVS5489BUVSBBVPEU-G,Baden,Kreis Buchen,10,Kreisklasse B,bfv-Kreisklasse B Buchen,8,0,0,0,SpG Adelsheim 2 / Oberkessach 2,0,fussball.de
031EDO4BM800000DVS5489BTVUS470OH-G,Baden,Kreis Heidelberg,10,Kreisklasse B,bfv-Kreisklasse B Heidelberg,16,30,139,88,VFL Heiligkreuzsteinach,12,fussball.de
03141RLO4400000EVS5489BTVU7GTVLE-G,Baden,Kreis Karlsruhe,10,Kreisklasse B,bfv-Kreisklasse B1 Karlsruhe,14,14,58,41,FC 08 Neureut,6,fussball.de
03141RLOBS00000GVS5489BTVU7GTVLE-G,Baden,Kreis Karlsruhe,10,Kreisklasse B,bfv-Kreisklasse B2 Karlsruhe,13,11,39,30,FC Español Karlsruhe,6,fussball.de
03141RLOIS00000EVS5489BTVU7GTVLE-G,Baden,Kreis Karlsruhe,10,Kreisklasse B,bfv-Kreisklasse B3 Karlsruhe,13,12,72,32,SpVgg Durlach-Aue 2,6,fussball.de
03141RLOPO000000VS5489BTVU7GTVLE-G,Baden,Kreis Karlsruhe,10,Kreisklasse B,bfv-Kreisklasse B4 Karlsruhe,14,11,48,30,SV Langensteinbach 2,6,fussball.de
031EMKU98G00000HVS5489BUVUR5FS5A-G,Baden,Kreis Mannheim,10,Kreisklasse B,Kreisklasse B1 Mannheim,14,13,86,39,TSV Neckarau 2,6,fussball.de
031EMKU9G800000GVS5489BUVUR5FS5A-G,Baden,Kreis Mannheim,10,Kreisklasse B,Kreisklasse B2 Mannheim,13,12,61,33,SPVGG Türkspor Edingen,6,fussball.de
031EMKU9N400000DVS5489BUVUR5FS5A-G,Baden,Kreis Mannheim,10,Kreisklasse B,Kreisklasse B3 Mannheim,14,12,69,34,SpVgg Wallstadt 2,6,fussball.de
0318SOMQJS000004VS5489BTVSK8S3O6-G,Baden,Kreis Mosbach,10,Kreisklasse B,bfv-Kreisklasse B1 Mosbach 26/27 Vor,11,10,46,26,SpG Hochhausen/Hüffenhardt,4,fussball.de
0318SP2H9G000004VS5489BTVSK8S3O6-G,Baden,Kreis Mosbach,10,Kreisklasse B,bfv-Kreisklasse B2 Mosbach 26/27 Vor,11,10,45,28,SV Neckargerach 2,6,fussball.de
0316DAENG0000004VS5489BTVU7GTVLE-G,Baden,Kreis Pforzheim,10,Kreisklasse B,bfv-Kreisklasse B1 Pforzheim,14,11,56,32,HNK Pforzheim,6,fussball.de
0316DAUG9S000004VS5489BTVU7GTVLE-G,Baden,Kreis Pforzheim,10,Kreisklasse B,bfv-Kreisklasse B2 Pforzheim,14,10,55,30,TSV Schömberg,6,fussball.de
031427VQDG00000DVS5489BUVSBBVPEU-G,Baden,Kreis Sinsheim,10,Kreisklasse B,bfv-Kreisklasse B  Sinsheim,16,27,141,77,SG Stebbach/Gemmingen 2,10,fussball.de
031092A67S000004VS5489BTVT51B5B5-G,Baden,Kreis Tauberbischofsheim,10,Kreisklasse B,bfv-Kreisklasse B Tauberbischofsheim Staffel 1,10,9,37,25,SV Eintracht Nassig 3,6,fussball.de
031AG25S68000004VS5489BTVSK8S3O6-G,Baden,Kreis Tauberbischofsheim,10,Kreisklasse B,bfv-Kreisklasse B Tauberbischofsheim Staffel 2,9,8,30,23,SpG Windischbuch/Schwabhausen 2,6,fussball.de
03187AVDF0000006VS5489BUVSBBVPEU-G,Bayern,Kreis Allgäu,10,A Klasse,A Klasse Allgäu 4,11,21,85,60,SSV Niedersonthofen 2,13,fussball.de
0315DEU270000004VS5489BTVU7GTVLE-G,Bayern,Kreis Allgäu,10,A Klasse,A-Klasse Allgäu 1,13,29,129,83,FC Hawangen,15,fussball.de
0315DF826G000003VS5489BTVU7GTVLE-G,Bayern,Kreis Allgäu,10,A Klasse,A-Klasse Allgäu 2,14,33,169,95,SV Bedernau,13,fussball.de
0315DFBFF8000004VS5489BTVU7GTVLE-G,Bayern,Kreis Allgäu,10,A Klasse,A-Klasse Allgäu 3,13,31,109,88,TSV Ottobeuren 2,15,fussball.de
031551SKLK000004VS5489BTVU7GTVLE-G,Bayern,Kreis Allgäu,10,A Klasse,A-Klasse Allgäu 5,13,29,122,83,SV Bidingen,12,fussball.de
03155H71K4000004VS5489BUVSBBVPEU-G,Bayern,Kreis Allgäu,10,A Klasse,A-Klasse Allgäu 6,12,24,108,68,SG Untrasried/Haldenwang 2,10,fussball.de
0313EK64B4000006VS5489BUVSBBVPEU-G,Bayern,Kreis Amberg/Weiden,10,A Klasse,A-Klasse AM/WEN Nord · Kreis Amberg/Weiden,12,34,134,97,TuS Schnaittenbach,18,fussball.de
0313EK64H0000007VS5489BUVSBBVPEU-G,Bayern,Kreis Amberg/Weiden,10,A Klasse,A-Klasse AM/WEN Ost · Kreis Amberg/Weiden,12,33,141,93,SG SV Wurz/SV Störnstein,18,fussball.de
0313EK64NG000004VS5489BUVSBBVPEU-G,Bayern,Kreis Amberg/Weiden,10,A Klasse,A-Klasse AM/WEN Süd · Kreis Amberg/Weiden,13,40,166,115,(SG 2) Michael-Poppenricht I / Traßlberg II,18,fussball.de
0313EK645S000006VS5489BUVSBBVPEU-G,Bayern,Kreis Amberg/Weiden,10,A Klasse,A-Klasse AM/WEN West · Kreis Amberg/Weiden,13,42,160,118,SpVgg Trabitz II,18,fussball.de
0318S0UKOS000006VS5489BTVSK8S3O6-G,Bayern,Kreis Aschaffenburg,10,A Klasse,AK-Gr1 AB · Kreis Aschaffenburg,16,60,245,164,(SG 1) TSV Eintracht Rottenberg/FSV Feldkahl,18,fussball.de
0318S0UKU4000006VS5489BTVSK8S3O6-G,Bayern,Kreis Aschaffenburg,10,A Klasse,AK-Gr2 AB · Kreis Aschaffenburg,15,56,251,160,SpVgg Hösbach-Bahnhof 2,21,fussball.de
0318S0UL3K000006VS5489BTVSK8S3O6-G,Bayern,Kreis Aschaffenburg,10,A Klasse,AK-Gr3 AB · Kreis Aschaffenburg,14,47,211,135,TSV Pflaumheim 2,18,fussball.de
0318S0UL94000005VS5489BTVSK8S3O6-G,Bayern,Kreis Aschaffenburg,10,A Klasse,AK-Gr4 AB · Kreis Aschaffenburg,16,64,264,183,TSV Amorbach,24,fussball.de
0310VPOCSG000007VS5489BTVT51B5B5-G,Bayern,Kreis Augsburg,10,A Klasse,AK Aichach · Kreis Augsburg,13,23,97,68,SV Hörzhausen,12,fussball.de
0310VPOBJG00002KVS5489BTVT51B5B5-G,Bayern,Kreis Augsburg,10,A Klasse,AK Augsburg Mitte,13,21,108,60,PSV Augsburg,10,fussball.de
0310VOM7KK00005JVS5489BTVT51B5B5-G,Bayern,Kreis Augsburg,10,A Klasse,AK Augsburg Nord,13,24,108,68,TSV Meitingen 2,12,fussball.de
0310VPOCN0000007VS5489BTVT51B5B5-G,Bayern,Kreis Augsburg,10,A Klasse,AK Augsburg Ost,13,24,123,68,FC Haunstetten,12,fussball.de
0310VPOA7C000008VS5489BTVT51B5B5-G,Bayern,Kreis Augsburg,10,A Klasse,AK Augsburg Süd,12,21,73,56,(SG1) SV Hurlach/SSV Obermeitingen,12,fussball.de
0310VOM68O00004RVS5489BTVT51B5B5-G,Bayern,Kreis Augsburg,10,A Klasse,AK Augsburg West,13,22,76,65,TSV Zusmarshausen 2,12,fussball.de
0310VPOCHC000006VS5489BTVT51B5B5-G,Bayern,Kreis Augsburg,10,A Klasse,AK Neuburg · Kreis Augsburg,14,26,120,75,BSV Neuburg,10,fussball.de
031698JO3K000003VS5489BUVSBBVPEU-G,Bayern,Kreis Bamberg/Bayreuth/Kulmb.,10,A Klasse,A-Klasse 1 BA · Kreis Bamberg/Bayreuth/Kulmb.,14,49,249,144,SV Zapfendorf,21,fussball.de
03169AK7QK000000VS5489BUVSBBVPEU-G,Bayern,Kreis Bamberg/Bayreuth/Kulmb.,10,A Klasse,A-Klasse 2 BA · Kreis Bamberg/Bayreuth/Kulmb.,14,48,217,138,SC Markt Heiligenstadt 2,18,fussball.de
03169CKM9G000007VS5489BUVSBBVPEU-G,Bayern,Kreis Bamberg/Bayreuth/Kulmb.,10,A Klasse,A-Klasse 3 BA · Kreis Bamberg/Bayreuth/Kulmb.,16,72,396,211,(SG1) RSV Drosendorf I/ SV Weichendorf III,27,fussball.de
03169E54M0000006VS5489BUVSBBVPEU-G,Bayern,Kreis Bamberg/Bayreuth/Kulmb.,10,A Klasse,A-Klasse 4 BA · Kreis Bamberg/Bayreuth/Kulmb.,14,48,211,137,SV Wachenroth,21,fussball.de
0312P18HJ4000005VS5489BUVSBBVPEU-G,Bayern,Kreis Bamberg/Bayreuth/Kulmb.,10,A Klasse,A-Klasse 5 BT · Kreis Bamberg/Bayreuth/Kulmb.,13,32,165,90,Eintracht Bayreuth 2,15,fussball.de
0312P18I1K000006VS5489BUVSBBVPEU-G,Bayern,Kreis Bamberg/Bayreuth/Kulmb.,10,A Klasse,A-Klasse 6 BT · Kreis Bamberg/Bayreuth/Kulmb.,14,47,255,133,Blaicher SC Kulmbach,21,fussball.de
0312P18HRC000006VS5489BUVSBBVPEU-G,Bayern,Kreis Bamberg/Bayreuth/Kulmb.,10,A Klasse,A-Klasse 7 BT · Kreis Bamberg/Bayreuth/Kulmb.,15,58,272,165,1. FC Creußen 2,21,fussball.de
0315HGMJ58000001VS5489BTVU7GTVLE-G,Bayern,Kreis Cham/Schwandorf,10,A Klasse,A-Klasse CHA/SAD Nord · Kreis Cham/Schwandorf,10,25,87,73,SG Silbersee 08 II,13,fussball.de
0315HGMM8C000014VS5489BTVU7GTVLE-G,Bayern,Kreis Cham/Schwandorf,10,A Klasse,A-Klasse CHA/SAD Ost · Kreis Cham/Schwandorf,9,20,84,58,TSV Sattelpeilnstein,12,fussball.de
0315HGMKUO00000AVS5489BTVU7GTVLE-G,Bayern,Kreis Cham/Schwandorf,10,A Klasse,A-Klasse CHA/SAD Süd · Kreis Cham/Schwandorf,10,23,121,66,SF Weidenthal-Guteneck,15,fussball.de
03124BN6US000004VS5489BTVT51B5B5-G,Bayern,Kreis Coburg/Kronach/Lichtenf.,10,A Klasse,A-1 Klasse · Kreis Coburg/Kronach/Lichtenf.,12,31,152,87,FC Krecktal 2,16,fussball.de
03124BPSPG000003VS5489BTVT51B5B5-G,Bayern,Kreis Coburg/Kronach/Lichtenf.,10,A Klasse,A-2 Klasse · Kreis Coburg/Kronach/Lichtenf.,14,47,187,134,1. FC Hochstadt,19,fussball.de
03124BT2NO000004VS5489BTVT51B5B5-G,Bayern,Kreis Coburg/Kronach/Lichtenf.,10,A Klasse,A-3 Klasse · Kreis Coburg/Kronach/Lichtenf.,14,45,213,130,TSV 1860 Rodach,18,fussball.de
03124BV6Q4000003VS5489BTVT51B5B5-G,Bayern,Kreis Coburg/Kronach/Lichtenf.,10,A Klasse,A-4 Klasse · Kreis Coburg/Kronach/Lichtenf.,14,47,204,134,(SG 2) SV Nurn 2 / SV Wolfers-/Neuengrün 2,18,fussball.de
0314HDPSDC000005VS5489BTVU7GTVLE-G,Bayern,Kreis Donau,10,A Klasse,AK Nord 1 · Kreis Donau,11,15,60,41,FC Nordries,9,fussball.de
0314HDPSI4000005VS5489BTVU7GTVLE-G,Bayern,Kreis Donau,10,A Klasse,AK Nord 2 · Kreis Donau,11,17,59,49,TSV Bissingen,9,fussball.de
0314HDPQKK00005GVS5489BTVU7GTVLE-G,Bayern,Kreis Donau,10,A Klasse,AK West 1 · Kreis Donau,11,14,53,40,SV Mindelzell 2,7,fussball.de
0314HDPRU0000005VS5489BTVU7GTVLE-G,Bayern,Kreis Donau,10,A Klasse,AK West 2 · Kreis Donau,12,17,94,51,VfL Leipheim,9,fussball.de
0314HDPS40000005VS5489BTVU7GTVLE-G,Bayern,Kreis Donau,10,A Klasse,AK West 3 · Kreis Donau,11,15,59,42,(SG 1) Bächingen/Medlingen,9,fussball.de
0314HDPS90000004VS5489BTVU7GTVLE-G,Bayern,Kreis Donau,10,A Klasse,AK West 4 · Kreis Donau,11,16,74,46,VfL Zusamaltheim,10,fussball.de
0315592RLC000018VS5489BUVSBBVPEU-G,Bayern,Kreis Donau/Isar,10,A Klasse,421 A-Klasse 1 · Kreis Donau/Isar,14,28,91,77,FC Irfersdorf,12,fussball.de
0315592T20000010VS5489BUVSBBVPEU-G,Bayern,Kreis Donau/Isar,10,A Klasse,422 A-Klasse 2 · Kreis Donau/Isar,14,27,135,79,TSV Mailing-Feldkirchen,12,fussball.de
0315592UAK00001BVS5489BUVSBBVPEU-G,Bayern,Kreis Donau/Isar,10,A Klasse,423 A-Klasse 3 · Kreis Donau/Isar,14,28,138,82,TSV Pförring,12,fussball.de
0315592VMS00000PVS5489BUVSBBVPEU-G,Bayern,Kreis Donau/Isar,10,A Klasse,424 A-Klasse 4 · Kreis Donau/Isar,13,23,110,68,FC Hettenshausen,10,fussball.de
03155931HO000011VS5489BUVSBBVPEU-G,Bayern,Kreis Donau/Isar,10,A Klasse,425 A-Klasse 5 · Kreis Donau/Isar,11,10,48,28,SpVgg Mauern,6,fussball.de
03155933DS000006VS5489BUVSBBVPEU-G,Bayern,Kreis Donau/Isar,10,A Klasse,426 A-Klasse 6 · Kreis Donau/Isar,12,11,53,32,SG Eichenfeld-Freising,6,fussball.de
03155935C800000SVS5489BUVSBBVPEU-G,Bayern,Kreis Donau/Isar,10,A Klasse,427 A-Klasse 7 · Kreis Donau/Isar,11,10,31,30,FC Spfr. Schwaig II,6,fussball.de
03155937CO000007VS5489BUVSBBVPEU-G,Bayern,Kreis Donau/Isar,10,A Klasse,428 A-Klasse 8 · Kreis Donau/Isar,11,8,31,22,SV Walpertskirchen II,6,fussball.de
03170DHMDC000006VS5489BUVSBBVPEU-G,Bayern,Kreis Erlangen/Pegnitzgrund,10,A Klasse,A-Klasse 1 · Kreis Erlangen/Pegnitzgrund,16,41,174,113,ASV Weisendorf III,13,fussball.de
03170DLLLS000006VS5489BUVSBBVPEU-G,Bayern,Kreis Erlangen/Pegnitzgrund,10,A Klasse,A-Klasse 2 · Kreis Erlangen/Pegnitzgrund,14,26,131,76,ATSV Erlangen U23,13,fussball.de
03170DLLRC000006VS5489BUVSBBVPEU-G,Bayern,Kreis Erlangen/Pegnitzgrund,10,A Klasse,A-Klasse 3 · Kreis Erlangen/Pegnitzgrund,14,32,173,91,(SG) Effeltrich II/Poxdorf II,13,fussball.de
03170DLM0O000000VS5489BUVSBBVPEU-G,Bayern,Kreis Erlangen/Pegnitzgrund,10,A Klasse,A-Klasse 4 · Kreis Erlangen/Pegnitzgrund,13,28,146,77,TSV Neunkirchen II,15,fussball.de
03170DLM60000002VS5489BUVSBBVPEU-G,Bayern,Kreis Erlangen/Pegnitzgrund,10,A Klasse,A-Klasse 5 · Kreis Erlangen/Pegnitzgrund,14,34,175,100,(SG) Betzenstein/Bronn,13,fussball.de
03170DLMB8000000VS5489BUVSBBVPEU-G,Bayern,Kreis Erlangen/Pegnitzgrund,10,A Klasse,A-Klasse 6 · Kreis Erlangen/Pegnitzgrund,16,39,206,113,SV Offenhausen,15,fussball.de
0314CEAMA4000006VS5489BUVSBBVPEU-G,Bayern,Kreis Hof/Tirschenr./Wunsiedel,10,A Klasse,AK  1 HO/TIR/WUN · Kreis Hof/Tirschenr./Wunsiedel,14,53,276,154,ATS Selbitz II,19,fussball.de
0314CEAOT0000006VS5489BUVSBBVPEU-G,Bayern,Kreis Hof/Tirschenr./Wunsiedel,10,A Klasse,AK  2 HO/TIR/WUN · Kreis Hof/Tirschenr./Wunsiedel,14,54,299,152,ESV Hof,20,fussball.de
0314CEAP2K000005VS5489BUVSBBVPEU-G,Bayern,Kreis Hof/Tirschenr./Wunsiedel,10,A Klasse,AK  3 HO TIR/WUN · Kreis Hof/Tirschenr./Wunsiedel,14,46,272,136,SV Holenbrunn,21,fussball.de
0314CEAP8G000001VS5489BUVSBBVPEU-G,Bayern,Kreis Hof/Tirschenr./Wunsiedel,10,A Klasse,AK 4  HO/TIR/WUN · Kreis Hof/Tirschenr./Wunsiedel,14,53,274,154,ATSV Tirschenreuth II,21,fussball.de
030UHNICI400004RVS5489BTVT51B5B5-G,Bayern,Kreis Inn/Salzach,10,A Klasse,A-Klasse 1 · Kreis Inn/Salzach,12,12,45,34,SC Höhenrain,6,fussball.de
030UHNIDU800001TVS5489BTVT51B5B5-G,Bayern,Kreis Inn/Salzach,10,A Klasse,A-Klasse 2 · Kreis Inn/Salzach,12,12,50,31,TSV Neubeuern,6,fussball.de
030UHNIF7O00005EVS5489BTVT51B5B5-G,Bayern,Kreis Inn/Salzach,10,A Klasse,A-Klasse 3 · Kreis Inn/Salzach,12,12,53,34,TSV Schnaitsee,6,fussball.de
030UHNIGI000001QVS5489BTVT51B5B5-G,Bayern,Kreis Inn/Salzach,10,A Klasse,A-Klasse 4 · Kreis Inn/Salzach,12,12,48,34,TSV 66 Polling,6,fussball.de
030UHNIHVK00005DVS5489BTVT51B5B5-G,Bayern,Kreis Inn/Salzach,10,A Klasse,A-Klasse 5 · Kreis Inn/Salzach,12,12,66,36,SC Vachendorf,6,fussball.de
030UHNIJCC000001VS5489BTVT51B5B5-G,Bayern,Kreis Inn/Salzach,10,A Klasse,A-Klasse 6 · Kreis Inn/Salzach,12,12,56,33,ASV Piding,6,fussball.de
031AOU9P80000004VS5489BUVV628VP4-G,Bayern,Kreis München,10,A Klasse,121 A-Klasse 1 · Kreis München,13,18,89,50,SC Lerchenauer See,9,fussball.de
031AOUUGD8000004VS5489BUVV628VP4-G,Bayern,Kreis München,10,A Klasse,122 A-Klasse 2 · Kreis München,13,15,92,43,FC Teutonia Mün. II,9,fussball.de
031AOV86C4000004VS5489BUVV628VP4-G,Bayern,Kreis München,10,A Klasse,123 A-Klasse 3 · Kreis München,13,13,60,37,TSV Gräfelfing II,6,fussball.de
031AOVS8J0000003VS5489BUVV628VP4-G,Bayern,Kreis München,10,A Klasse,124 A-Klasse 4 · Kreis München,13,15,64,43,BSC Sendling München II,6,fussball.de
031AP0841S000004VS5489BUVV628VP4-G,Bayern,Kreis München,10,A Klasse,125 A-Klasse 5 · Kreis München,13,15,81,40,ESV München-Ost II,7,fussball.de
031AP0J2K4000004VS5489BUVV628VP4-G,Bayern,Kreis München,10,A Klasse,126 A-Klasse 6 · Kreis München,12,14,76,40,Kirchheimer SC II,9,fussball.de
0313RE44UO000003VS5489BUVSBBVPEU-G,Bayern,Kreis Neumarkt/Jura,10,A Klasse,A-Klasse Mitte · Kreis Neumarkt/Jura,13,24,94,69,FC Haunstetten,12,fussball.de
0313RE44D8000007VS5489BUVSBBVPEU-G,Bayern,Kreis Neumarkt/Jura,10,A Klasse,A-Klasse NordOst · Kreis Neumarkt/Jura,13,24,117,68,(SG) Pavelsbach/Postbauer,12,fussball.de
0313RE447O000007VS5489BUVSBBVPEU-G,Bayern,Kreis Neumarkt/Jura,10,A Klasse,A-Klasse NordWest · Kreis Neumarkt/Jura,13,29,128,83,DJK Abenberg II,15,fussball.de
0313RE44HS000007VS5489BUVSBBVPEU-G,Bayern,Kreis Neumarkt/Jura,10,A Klasse,A-Klasse Ost · Kreis Neumarkt/Jura,13,22,88,62,ASC Sengenthal,12,fussball.de
0313RE44M0000007VS5489BUVSBBVPEU-G,Bayern,Kreis Neumarkt/Jura,10,A Klasse,A-Klasse Süd · Kreis Neumarkt/Jura,14,30,105,87,VfB Mkt. Mörnsheim,13,fussball.de
0313RE44QC000006VS5489BUVSBBVPEU-G,Bayern,Kreis Neumarkt/Jura,10,A Klasse,A-Klasse West · Kreis Neumarkt/Jura,14,32,125,91,1. FC Altenmuhr,13,fussball.de
0318B6INKC000008VS5489BUVSBBVPEU-G,Bayern,Kreis Niederbayern Ost,10,A Klasse,AK 06 Straubing · Kreis Niederbayern Ost,10,31,143,91,FC Straßkirchen,15,fussball.de
031606UP94000007VS5489BTVU7GTVLE-G,Bayern,Kreis Niederbayern Ost,10,A Klasse,AK 07 Viechtach · Kreis Niederbayern Ost,12,40,156,113,SV Gotteszell,19,fussball.de
031607BNJ0000007VS5489BTVU7GTVLE-G,Bayern,Kreis Niederbayern Ost,10,A Klasse,AK 08 Deggendorf · Kreis Niederbayern Ost,12,41,196,118,FC Moos,19,fussball.de
031607BND4000008VS5489BTVU7GTVLE-G,Bayern,Kreis Niederbayern Ost,10,A Klasse,AK 09 Regen · Kreis Niederbayern Ost,12,42,163,117,TSV Bodenmais,19,fussball.de
031607S3NC000005VS5489BTVU7GTVLE-G,Bayern,Kreis Niederbayern Ost,10,A Klasse,AK 10 Lalling · Kreis Niederbayern Ost,12,41,152,113,SV Lalling,18,fussball.de
031607V8IO000007VS5489BTVU7GTVLE-G,Bayern,Kreis Niederbayern Ost,10,A Klasse,AK 11 Grafenau/Zwiesel · Kreis Niederbayern Ost,11,34,137,96,(SG) Neuschönau/Neudorf,21,fussball.de
031608A24O000004VS5489BTVU7GTVLE-G,Bayern,Kreis Niederbayern Ost,10,A Klasse,AK 12 Freyung · Kreis Niederbayern Ost,12,41,179,120,(SG) Prag/Fürsteneck,18,fussball.de
03160921KS000007VS5489BTVU7GTVLE-G,Bayern,Kreis Niederbayern Ost,10,A Klasse,AK 13 Hauzenberg · Kreis Niederbayern Ost,11,35,152,102,TSV Nottau,16,fussball.de
03160921RG00000AVS5489BTVU7GTVLE-G,Bayern,Kreis Niederbayern Ost,10,A Klasse,AK 14 Passau · Kreis Niederbayern Ost,12,40,215,112,DJK Haselbach,17,fussball.de
03160921EK000009VS5489BTVU7GTVLE-G,Bayern,Kreis Niederbayern Ost,10,A Klasse,AK 15 Vilshofen · Kreis Niederbayern Ost,11,35,137,98,TSV Aidenbach,18,fussball.de
0316092210000007VS5489BTVU7GTVLE-G,Bayern,Kreis Niederbayern Ost,10,A Klasse,AK 16 Pocking · Kreis Niederbayern Ost,12,41,186,120,RSV Kirchham,18,fussball.de
03188T2628000008VS5489BTVU7GTVLE-G,Bayern,Kreis Niederbayern West,10,A Klasse,AK 01 Kelheim · Kreis Niederbayern West,12,30,115,86,SV Kelheimwinzer,15,fussball.de
03188T269O000006VS5489BTVU7GTVLE-G,Bayern,Kreis Niederbayern West,10,A Klasse,AK 02 Landshut · Kreis Niederbayern West,11,23,111,66,(SG) Tiefenbach 1/SpVgg LA 2,12,fussball.de
03188T26F0000008VS5489BTVU7GTVLE-G,Bayern,Kreis Niederbayern West,10,A Klasse,AK 03 Mallersdorf · Kreis Niederbayern West,11,25,126,73,SV Essenbach,15,fussball.de
03188T26MO000005VS5489BTVU7GTVLE-G,Bayern,Kreis Niederbayern West,10,A Klasse,AK 04 Dingolfing · Kreis Niederbayern West,11,24,99,70,TSV Marklkofen,15,fussball.de
03188T26TG000008VS5489BTVU7GTVLE-G,Bayern,Kreis Niederbayern West,10,A Klasse,AK 05 Landau · Kreis Niederbayern West,11,26,89,73,DJK Thanndorf,16,fussball.de
03188T2758000006VS5489BTVU7GTVLE-G,Bayern,Kreis Niederbayern West,10,A Klasse,AK 17 Pfarrkirchen · Kreis Niederbayern West,12,30,96,88,TuS Walburgskirchen,15,fussball.de
03188T279K000005VS5489BTVU7GTVLE-G,Bayern,Kreis Niederbayern West,10,A Klasse,AK 18 Vilsbiburg · Kreis Niederbayern West,11,25,110,74,TSV Kronwinkl,12,fussball.de
0317T930C0000000VS5489BUVSBBVPEU-G,Bayern,Kreis Nürnberg/Frankenhöhe,10,A Klasse,AK-Gr 1 N/F · Kreis Nürnberg/Frankenhöhe,13,35,188,102,(SG) Ehingen/Röckingen,15,fussball.de
0317T930IK000006VS5489BUVSBBVPEU-G,Bayern,Kreis Nürnberg/Frankenhöhe,10,A Klasse,AK-Gr 2 N/F · Kreis Nürnberg/Frankenhöhe,13,36,160,106,TSV 1892 Windsbach,15,fussball.de
0317T930NG000006VS5489BUVSBBVPEU-G,Bayern,Kreis Nürnberg/Frankenhöhe,10,A Klasse,AK-Gr 3 N/F · Kreis Nürnberg/Frankenhöhe,13,35,176,102,FC Wiedersb.-Neunk.,15,fussball.de
0317T930T8000006VS5489BUVSBBVPEU-G,Bayern,Kreis Nürnberg/Frankenhöhe,10,A Klasse,AK-Gr 4 N/F · Kreis Nürnberg/Frankenhöhe,14,42,192,119,(SG) Lenkersheim-Oberndorf I,16,fussball.de
0317T931OO000026VS5489BUVSBBVPEU-G,Bayern,Kreis Nürnberg/Frankenhöhe,10,A Klasse,AK-Gr 5 N/F · Kreis Nürnberg/Frankenhöhe,13,32,159,89,(SG) Puschendorf/Tuchenbach I,15,fussball.de
0317T9332O00000CVS5489BUVSBBVPEU-G,Bayern,Kreis Nürnberg/Frankenhöhe,10,A Klasse,AK-Gr 6 N/F · Kreis Nürnberg/Frankenhöhe,13,33,161,97,SGV Nürnberg-Fürth 1883 II.,15,fussball.de
0317T934FO00001QVS5489BUVSBBVPEU-G,Bayern,Kreis Nürnberg/Frankenhöhe,10,A Klasse,AK-Gr 7 N/F · Kreis Nürnberg/Frankenhöhe,14,41,188,112,TSV Johannis 1883 Nbg 2,16,fussball.de
0317T935OK000028VS5489BUVSBBVPEU-G,Bayern,Kreis Nürnberg/Frankenhöhe,10,A Klasse,AK-Gr 8 N/F · Kreis Nürnberg/Frankenhöhe,13,31,142,88,SV Maiach-Hinterhof Nbg.,12,fussball.de
030ULPNVUG00005FVS5489BUVVARDA0V-G,Bayern,Kreis Regensburg,10,A Klasse,A-Klasse Rgbg Gruppe 1 · Kreis Regensburg,13,48,228,138,SV Sarching,21,fussball.de
030ULPO14S000000VS5489BUVVARDA0V-G,Bayern,Kreis Regensburg,10,A Klasse,A-Klasse Rgbg Gruppe 2 · Kreis Regensburg,12,35,162,100,DJK SV Keilberg Rgbg.,15,fussball.de
030ULPO2AK00000CVS5489BUVVARDA0V-G,Bayern,Kreis Regensburg,10,A Klasse,A-Klasse Rgbg Gruppe 3 · Kreis Regensburg,13,45,232,130,(SG) VfB Rgbg/BSC Rgbg. II,19,fussball.de
030ULPO3HG00005AVS5489BUVVARDA0V-G,Bayern,Kreis Regensburg,10,A Klasse,A-Klasse Rgbg Gruppe 4 · Kreis Regensburg,14,56,239,162,SG Painten II,19,fussball.de
03135BGQOO000007VS5489BTVU7GTVLE-G,Bayern,Kreis Rhön,10,A Klasse,A-Klasse Rhön 1,16,57,264,163,(SG 1) TSV Aschach / TSV Bad Bocklet,22,fussball.de
03135BGQTK000007VS5489BTVU7GTVLE-G,Bayern,Kreis Rhön,10,A Klasse,A-Klasse Rhön 2,15,56,231,164,(SG 1) FC Hendungen,21,fussball.de
03135B15C8000006VS5489BTVU7GTVLE-G,Bayern,Kreis Schweinfurt,10,A Klasse,AK-Gr 3 SW · Kreis Schweinfurt,13,40,177,111,VfB Humprechtshausen,18,fussball.de
03135B15G8000000VS5489BTVU7GTVLE-G,Bayern,Kreis Schweinfurt,10,A Klasse,AK-Gr 4 SW · Kreis Schweinfurt,13,42,165,119,(SG 1) SpVgg Untersteinbach/SC Geusfeld,19,fussball.de
03135B1534000006VS5489BTVU7GTVLE-G,Bayern,Kreis Schweinfurt,10,A Klasse,AK-Gr1 SW · Kreis Schweinfurt,13,38,183,112,Fortuna 96 Schweinfurt,16,fussball.de
03135B157G000006VS5489BTVU7GTVLE-G,Bayern,Kreis Schweinfurt,10,A Klasse,AK-Gr2 SW · Kreis Schweinfurt,12,35,153,100,(SG 1) TSV Castell/SV Wiesenbronn,18,fussball.de
03135BBG8S00005EVS5489BTVU7GTVLE-G,Bayern,Kreis Würzburg,10,A Klasse,AK-Gr 1 WÜ · Kreis Würzburg,14,43,160,121,ETSV Würzburg 2,18,fussball.de
03135BBHBG000056VS5489BTVU7GTVLE-G,Bayern,Kreis Würzburg,10,A Klasse,AK-Gr 2 WÜ · Kreis Würzburg,11,23,107,67,TSV Gnodstadt,13,fussball.de
03135BBIFS00002OVS5489BTVU7GTVLE-G,Bayern,Kreis Würzburg,10,A Klasse,AK-Gr 3 WÜ · Kreis Würzburg,11,26,102,71,VfR Bibergau,11,fussball.de
03135BBJLC00002NVS5489BTVU7GTVLE-G,Bayern,Kreis Würzburg,10,A Klasse,AK-Gr 4 WÜ · Kreis Würzburg,12,33,142,93,FV 05 Helmstadt 2,19,fussball.de
03135BBKOO00003NVS5489BTVU7GTVLE-G,Bayern,Kreis Würzburg,10,A Klasse,AK-Gr 5 WÜ · Kreis Würzburg,13,40,163,115,SV Rieneck,13,fussball.de
030RC3H3OG000031VS5489BTVVR5L0PB-G,Bayern,Kreis Zugspitze,10,A Klasse,A-Klasse Gruppe 1 · Kreis Zugspitze,12,12,58,34,SV 1949 Haspelmoor,6,fussball.de
030RC3H53800001UVS5489BTVVR5L0PB-G,Bayern,Kreis Zugspitze,10,A Klasse,A-Klasse Gruppe 2 · Kreis Zugspitze,12,8,25,23,Ethnikos Puchheim,6,fussball.de
030RC3H6C0000041VS5489BTVVR5L0PB-G,Bayern,Kreis Zugspitze,10,A Klasse,A-Klasse Gruppe 3 · Kreis Zugspitze,13,19,86,54,(SG 1) SF Egling - SV Straßlach,9,fussball.de
030RC3H7MK00001TVS5489BTVVR5L0PB-G,Bayern,Kreis Zugspitze,10,A Klasse,A-Klasse Gruppe 4 · Kreis Zugspitze,13,23,115,64,FC Real Kreuth II,10,fussball.de
030RC3H90400002BVS5489BTVVR5L0PB-G,Bayern,Kreis Zugspitze,10,A Klasse,A-Klasse Gruppe 5 · Kreis Zugspitze,13,22,104,62,TSV Tutzing,10,fussball.de
030RC3HAAO00003KVS5489BTVVR5L0PB-G,Bayern,Kreis Zugspitze,10,A Klasse,A-Klasse Gruppe 6 · Kreis Zugspitze,13,24,98,70,ASV Eglfing,12,fussball.de
030RC3HBKG00001QVS5489BTVVR5L0PB-G,Bayern,Kreis Zugspitze,10,A Klasse,A-Klasse Gruppe 7 · Kreis Zugspitze,12,11,49,32,SC Egling/Paar,6,fussball.de
030RC3HCUO000045VS5489BTVVR5L0PB-G,Bayern,Kreis Zugspitze,10,A Klasse,A-Klasse Gruppe 8 · Kreis Zugspitze,13,22,90,64,SV Unterhausen,12,fussball.de
0317AGS7LG000003VS5489BUVSBBVPEU-G,Berlin,Kreis Berlin,10,Kreisliga B,Herren Kreisliga B St.1 · Kreis Berlin,16,16,91,45,SV Süden 09 II,6,fussball.de
0317AGS7RG000003VS5489BUVSBBVPEU-G,Berlin,Kreis Berlin,10,Kreisliga B,Herren Kreisliga B St.2 · Kreis Berlin,16,16,90,43,CSV Afrisko,6,fussball.de
0317AGS80C000001VS5489BUVSBBVPEU-G,Berlin,Kreis Berlin,10,Kreisliga B,Herren Kreisliga B St.3 · Kreis Berlin,16,16,99,46,Polar Pinguin II,6,fussball.de
0317AGS85C000003VS5489BUVSBBVPEU-G,Berlin,Kreis Berlin,10,Kreisliga B,Herren Kreisliga B St.4 · Kreis Berlin,16,16,107,48,SC Minerva,6,fussball.de
0317AGS89S000004VS5489BUVSBBVPEU-G,Berlin,Kreis Berlin,10,Kreisliga B,Herren Kreisliga B St.5 · Kreis Berlin,15,14,63,40,Lichtenrader BC II,6,fussball.de
031A89JMI000000GVS5489BUVV628VP4-G,Brandenburg,Kreis Dahme/Fläming,10,Kreisliga,Herren Kreisliga · Kreis Dahme/Fläming,14,7,35,20,SV Schönefeld 1995,3,fussball.de
030NR1G54400000KVS5489BUVS0F17VK-G,Brandenburg,Kreis Havelland,10,Kreisliga,Kreisliga A · Kreis Havelland,14,13,63,38,FC Borussia Brandenburg II,6,fussball.de
030NR1G5HG00000JVS5489BUVS0F17VK-G,Brandenburg,Kreis Havelland,10,Kreisliga,Kreisliga B · Kreis Havelland,16,15,72,43,SG Blau-Weiß Beelitz,6,fussball.de
031AJFH814000009VS5489BUVV628VP4-G,Brandenburg,Kreis Niederlausitz,10,Kreisliga,Kreisliga Niederlausitz,14,7,26,20,RWM,3,fussball.de
03142MK5QG00000DVS5489BUVSBBVPEU-G,Brandenburg,Kreis Oberhavel/Barnim,10,Kreisliga,Kreisliga Ost · Kreis Oberhavel/Barnim,14,7,56,21,BSV Blumberg,3,fussball.de
03142MK5JO00000DVS5489BUVSBBVPEU-G,Brandenburg,Kreis Oberhavel/Barnim,10,Kreisliga,Kreisliga West · Kreis Oberhavel/Barnim,14,7,41,21,SV Mühlenbeck,3,fussball.de
031A761V1G00000FVS5489BUVV628VP4-G,Brandenburg,Kreis Ostbrandenburg,10,Kreisliga,Kreisliga Nord · Kreis Ostbrandenburg,14,7,29,20,SV Hertha 23 Neutrebbin,3,fussball.de
031A761VB400000FVS5489BUVV628VP4-G,Brandenburg,Kreis Ostbrandenburg,10,Kreisliga,Kreisliga Süd · Kreis Ostbrandenburg,14,7,39,19,SG Wiesenau 03,3,fussball.de
0318TDOSIO00000BVS5489BUVV628VP4-G,Brandenburg,Kreis Prignitz/Ruppin,10,Kreisliga,Kreisliga Ost · Kreis Prignitz/Ruppin,12,6,41,18,SV Dreetz,3,fussball.de
0318TDOSBG00000AVS5489BUVV628VP4-G,Brandenburg,Kreis Prignitz/Ruppin,10,Kreisliga,Kreisliga West · Kreis Prignitz/Ruppin,12,6,33,18,SG Stahl Wittstock,3,fussball.de
031DRHI8EO000003VS5489BUVUR5FS5A-G,Brandenburg,Kreis Südbrandenburg,10,Kreisliga,Kreisliga-Ost · Kreis Südbrandenburg,12,7,35,20,1. SV Lok Calau,4,fussball.de
031DRHI8K8000003VS5489BUVUR5FS5A-G,Brandenburg,Kreis Südbrandenburg,10,Kreisliga,Kreisliga-West · Kreis Südbrandenburg,11,7,28,20,VfB Hohenleipisch 1912 II,6,fussball.de
0314M78ROS000004VS5489BTVU7GTVLE-G,Brandenburg,Kreis Uckermark,10,Kreisliga,Kreisliga · Kreis Uckermark,11,4,28,11,Dedelower SV 90,3,fussball.de
031BHBQUIS000009VS5489BUVUR5FS5A-G,Hessen,Kreis Alsfeld,10,Kreisliga B,KLB Gießen/Alsfeld,14,35,178,102,SpVgg Mücke II,15,fussball.de
031B3N61AG00000BVS5489BTVSK8S3O6-G,Hessen,Kreis Bergstraße,10,Kreisliga B,KLB Bergstraße,15,43,195,126,VfR Bürstadt,18,fussball.de
031B6T6UUG000008VS5489BTVSK8S3O6-G,Hessen,Kreis Biedenkopf,10,Kreisliga B,KLB Biedenkopf,13,30,145,88,SG Dautphetal,12,fussball.de
031991LPLS00000AVS5489BTVSK8S3O6-G,Hessen,Kreis Darmstadt,10,Kreisliga B,KLB Darmstadt,17,47,240,133,SV St. Stephan Griesheim II,16,fussball.de
031APMCNRK00000BVS5489BTVSK8S3O6-G,Hessen,Kreis Dieburg,10,Kreisliga B,KLB Dieburg,15,42,214,119,Viktoria Klein-Zimmern,14,fussball.de
031BGMLCH8000009VS5489BUVUR5FS5A-G,Hessen,Kreis Dillenburg,10,Kreisliga B,KLB Dillenburg,16,47,255,136,SSV Donsbach,16,fussball.de
031APA2JRS000000VS5489BTVSK8S3O6-G,Hessen,Kreis Frankenberg,10,Kreisliga B,KLB Frankenberg,13,32,168,92,FSG Haubern/Löhlbach,15,fussball.de
031BP1BPFK000000VS5489BUVUR5FS5A-G,Hessen,Kreis Frankfurt,10,Kreisliga B,KLB Frankfurt Gr.1,16,47,295,135,SV Niederursel II,15,fussball.de
031BP1BPOC00000BVS5489BUVUR5FS5A-G,Hessen,Kreis Frankfurt,10,Kreisliga B,KLB Frankfurt Gr.2,15,41,265,120,Frankfurter FC Victoria,18,fussball.de
031AGB021O00000AVS5489BTVSK8S3O6-G,Hessen,Kreis Friedberg,10,Kreisliga B,KLB Friedberg Gr.1,15,42,223,121,SVP Fauerbach,17,fussball.de
031AGB02BS00000CVS5489BTVSK8S3O6-G,Hessen,Kreis Friedberg,10,Kreisliga B,KLB Friedberg Gr.2,16,48,278,137,FSV Kloppenheim,19,fussball.de
031BPRRI6S00000BVS5489BUVUR5FS5A-G,Hessen,Kreis Fulda,10,Kreisliga B,KLB Gr. Fulda,16,63,278,176,FV Horas,21,fussball.de
031BPRRHVC00000BVS5489BUVUR5FS5A-G,Hessen,Kreis Fulda,10,Kreisliga B,KLB Gr. Fulda/Rhön,16,63,236,181,FSG Dipperz/Dirlos II,23,fussball.de
031B5T644C000009VS5489BTVSK8S3O6-G,Hessen,Kreis Gelnhausen,10,Kreisliga B,KLB Gelnhausen,17,60,290,172,SG Altenhaßlau/Eidengesäß II,18,fussball.de
031CPS6S9O00000BVS5489BUVUR5FS5A-G,Hessen,Kreis Gießen,10,Kreisliga B,KLB Gießen Gr.1,13,30,174,87,ISV Hellas Gießen,15,fussball.de
031CPS6SGK00000AVS5489BUVUR5FS5A-G,Hessen,Kreis Gießen,10,Kreisliga B,KLB Gießen Gr.2,14,36,188,102,SG Trohe/Alten-Buseck/Rödgen II,15,fussball.de
031CPS6SMO000002VS5489BUVUR5FS5A-G,Hessen,Kreis Gießen,10,Kreisliga B,KLB Gießen Gr.3,13,36,176,102,SG Obbornh./Bellersh. II,18,fussball.de
031977GA90000009VS5489BUVV628VP4-G,Hessen,Kreis Groß-Gerau,10,Kreisliga B,KLB Groß-Gerau,17,39,183,108,SV 07 Geinsheim II,11,fussball.de
031B4G9OB800000AVS5489BTVSK8S3O6-G,Hessen,Kreis Hanau,10,Kreisliga B,KLB Hanau,17,61,325,177,TSG Niederdorfelden,21,fussball.de
031BEUBPH0000008VS5489BTVUS470OH-G,Hessen,Kreis Hersfeld-Rotenburg,10,Kreisliga B,KLB Hersfeld/Rotenburg Gr.1 · Kreis Hersfeld-Rotenburg,12,25,143,71,SG Weiterode II/Iba II,11,fussball.de
031BEUBPOK000008VS5489BTVUS470OH-G,Hessen,Kreis Hersfeld-Rotenburg,10,Kreisliga B,KLB Hersfeld/Rotenburg Gr.2 · Kreis Hersfeld-Rotenburg,14,43,218,123,ESV Ronshausen,16,fussball.de
031F9O63VG00000DVS5489BTVUS470OH-G,Hessen,Kreis Hochtaunus,10,Kreisliga B,KLB Hochtaunus,18,59,346,165,SGE Feldberg II,16,fussball.de
0318JV4VIS00000BVS5489BUVV628VP4-G,Hessen,Kreis Hofgeismar-Wolfhagen,10,Kreisliga B,KLB Hofgeism-Wolfh · Kreis Hofgeismar-Wolfhagen,12,30,149,86,SV Espenau II,13,fussball.de
0317AKISR4000008VS5489BUVSBBVPEU-G,Hessen,Kreis Kassel,10,Kreisliga B,KLB Kassel Gr.1,10,18,94,46,FC Hermannia 09 KS,10,fussball.de
0317AKIT1S000000VS5489BUVSBBVPEU-G,Hessen,Kreis Kassel,10,Kreisliga B,KLB Kassel Gr.2,9,14,85,42,SG Nordsh. II/Oberzwehren,9,fussball.de
031DEJHQIG00000EVS5489BTVUS470OH-G,Hessen,Kreis Lauterbach-Hünfeld,10,Kreisliga B,KLB Gr. Hünfeld · Kreis Lauterbach-Hünfeld,10,20,84,56,SG Haunetal II,10,fussball.de
031DEJHQ9400000EVS5489BTVUS470OH-G,Hessen,Kreis Lauterbach-Hünfeld,10,Kreisliga B,KLB Gr. Lauterbach · Kreis Lauterbach-Hünfeld,8,7,39,21,TuSpo Bad Salzschlirf,6,fussball.de
03196PADJK00000CVS5489BUVV628VP4-G,Hessen,Kreis Limburg-Weilburg,10,Kreisliga B,KLB Limb-Weilb · Kreis Limburg-Weilburg,15,43,165,121,SG Hirschhausen/Bermbach,15,fussball.de
0319FVIBNK00000BVS5489BUVV628VP4-G,Hessen,Kreis Maintaunus,10,Kreisliga B,KLB Maintaunus,16,48,294,141,SG DJK Hattersheim,15,fussball.de
031AR2HCKG00000CVS5489BTVSK8S3O6-G,Hessen,Kreis Marburg,10,Kreisliga B,KLB Marburg Gr.1,15,41,257,121,TSV Ernsthausen,18,fussball.de
031AR2HCUC00000BVS5489BTVSK8S3O6-G,Hessen,Kreis Marburg,10,Kreisliga B,KLB Marburg Gr.2,15,42,207,124,TSV Michelbach II,16,fussball.de
031AR2HD5K00000DVS5489BTVSK8S3O6-G,Hessen,Kreis Marburg,10,Kreisliga B,KLB Marburg Gr.3,16,47,235,139,SV Beltershausen II,18,fussball.de
031AQ1OQ6O00000BVS5489BTVSK8S3O6-G,Hessen,Kreis Odenwald,10,Kreisliga B,KLB Odenwald,16,46,251,130,Türkspor Beerfelden,16,fussball.de
031DCTG6BO00000DVS5489BTVUS470OH-G,Hessen,Kreis Offenbach,10,Kreisliga B,KLB Offenbach Gr.1,15,42,239,122,FC Dietzenbach,18,fussball.de
031DCTG6KO00000CVS5489BTVUS470OH-G,Hessen,Kreis Offenbach,10,Kreisliga B,KLB Offenbach Gr.2,14,39,186,115,Teutonia Hausen II,15,fussball.de
031BDVIGP800000BVS5489BTVUS470OH-G,Hessen,Kreis Rheingau-Taunus,10,Kreisliga B,KLB Rheingau-Taunus,17,57,297,156,TGSV Holzhausen,16,fussball.de
031AHDHVCG000009VS5489BTVSK8S3O6-G,Hessen,Kreis Schlüchtern,10,Kreisliga B,KLB Gr. Schlüchtern,17,62,257,176,KSG Radmühl,24,fussball.de
0318K5I5RG00000AVS5489BUVV628VP4-G,Hessen,Kreis Schwalm-Eder,10,Kreisliga B,KLB Schwalm-Eder Gr.1,13,29,120,82,FSV Allmuthshausen,15,fussball.de
0318K5I60S000009VS5489BUVV628VP4-G,Hessen,Kreis Schwalm-Eder,10,Kreisliga B,KLB Schwalm-Eder Gr.2,13,30,143,88,TSV Schwarzenborn,13,fussball.de
0318K5I66800000BVS5489BUVV628VP4-G,Hessen,Kreis Schwalm-Eder,10,Kreisliga B,KLB Schwalm-Eder Gr.3,13,32,154,92,FC Körle II,13,fussball.de
031APFD7QG000009VS5489BTVSK8S3O6-G,Hessen,Kreis Waldeck,10,Kreisliga B,KLB Waldeck,13,36,170,104,SV Eimelrod,18,fussball.de
0319HTK7FK000006VS5489BUVV628VP4-G,Hessen,Kreis Werra/Meißner,10,Kreisliga B,KLB Werra-Meißner · Kreis Werra/Meißner,13,30,117,84,TSG Bad Sooden-Allend. II,15,fussball.de
0318UBU9JK000009VS5489BUVV628VP4-G,Hessen,Kreis Wetzlar,10,Kreisliga B,KLB Wetzlar,16,47,235,128,TSG 1903 Dorlar,18,fussball.de
0318MB1CE400000BVS5489BTVSK8S3O6-G,Hessen,Kreis Wiesbaden,10,Kreisliga B,KLB Wiesbaden,15,37,211,108,VFB Westend Wiesbaden,18,fussball.de
031HV1NTP0000006VS5489BUVVKNMR0J-G,Mecklenburg-Vorpommern,Kreis Mecklenburg. Seenplatte,10,Kreisliga,Kreisliga Staffel I · Kreis Mecklenburg. Seenplatte,11,5,24,15,SV Blau-Weiß Tutow,3,fussball.de
031HV1NTVO000006VS5489BUVVKNMR0J-G,Mecklenburg-Vorpommern,Kreis Mecklenburg. Seenplatte,10,Kreisliga,Kreisliga Staffel II · Kreis Mecklenburg. Seenplatte,14,7,35,19,SV Burg Stargard 09 II,3,fussball.de
031HV1NU5G000006VS5489BUVVKNMR0J-G,Mecklenburg-Vorpommern,Kreis Mecklenburg. Seenplatte,10,Kreisliga,Kreisliga Staffel III · Kreis Mecklenburg. Seenplatte,12,6,38,17,Faulenroster SV,3,fussball.de
031GDM0GT8000003VS5489BUVSJ4CRAP-G,Mecklenburg-Vorpommern,Kreis Nordvorpommern-Rügen,10,Kreisliga,Kreisliga Herren Staffel I · Kreis Nordvorpommern-Rügen,11,5,43,15,FSV Garz 1947 e.V.,3,fussball.de
031GDMI488000004VS5489BUVSJ4CRAP-G,Mecklenburg-Vorpommern,Kreis Nordvorpommern-Rügen,10,Kreisliga,Kreisliga Herren Staffel II · Kreis Nordvorpommern-Rügen,10,5,28,14,SV Steinhagen,3,fussball.de
031BQ6MJ5O00000AVS5489BUVUR5FS5A-G,Mecklenburg-Vorpommern,Kreis Schwerin-Nordwestmeckl.,10,Kreisliga,Frank Teuber-Wienke Versicherungen Kreisliga SN - NWM · Kreis Schwerin-Nordwestmeckl.,12,17,88,51,Burgsee Verein Schwerin,9,fussball.de
031DVH56AS000004VS5489BUVUR5FS5A-G,Mecklenburg-Vorpommern,Kreis Vorpommern-Greifswald,10,Kreisliga,Kreisliga I · Kreis Vorpommern-Greifswald,12,12,63,33,FSV Traktor Kemnitz,6,fussball.de
031DLIVF2S000004VS5489BTVUS470OH-G,Mecklenburg-Vorpommern,Kreis Vorpommern-Greifswald,10,Kreisliga,Kreisliga II · Kreis Vorpommern-Greifswald,11,9,43,25,BSV Forst Torgelow,6,fussball.de
031AUU839S000004VS5489BUVV628VP4-G,Mecklenburg-Vorpommern,Kreis Vorpommern-Greifswald,10,Kreisliga,Kreisliga III · Kreis Vorpommern-Greifswald,11,10,50,29,VfB Pommern Löcknitz II,6,fussball.de
031AHICGI000000DVS5489BUVV628VP4-G,Mecklenburg-Vorpommern,Kreis Warnow,10,Kreisliga,Herren KL St. I Warnow,14,6,47,18,Hohen Luckower VfB,3,fussball.de
031AHICGT400000EVS5489BUVV628VP4-G,Mecklenburg-Vorpommern,Kreis Warnow,10,Kreisliga,Herren KL St. II Warnow,14,5,21,15,Schwaaner Eintracht II,3,fussball.de
0316JGFJJC00000EVS5489BUVSBBVPEU-G,Mecklenburg-Vorpommern,Kreis Westmecklenburg,10,Kreisliga,KL WM Ost · Kreis Westmecklenburg,12,6,37,15,SV Siggelkow,3,fussball.de
0316JGFJA000000DVS5489BUVSBBVPEU-G,Mecklenburg-Vorpommern,Kreis Westmecklenburg,10,Kreisliga,KL WM West · Kreis Westmecklenburg,12,5,21,14,FSV Strohkirchen,3,fussball.de
031FNFE3SK000005VS5489BTVVG7L386-G,Mittelrhein,Kreis Aachen,10,Kreisliga C,Kreisliga C Staffel 1 · Kreis Aachen,14,11,81,33,VfJ Laurensberg II,6,fussball.de
031FNFE428000000VS5489BTVVG7L386-G,Mittelrhein,Kreis Aachen,10,Kreisliga C,Kreisliga C Staffel 2 · Kreis Aachen,15,13,100,37,Alemannia Mariadorf II,6,fussball.de
031FNFE46S000005VS5489BTVVG7L386-G,Mittelrhein,Kreis Aachen,10,Kreisliga C,Kreisliga C Staffel 3 · Kreis Aachen,15,11,49,33,SV Germania Eicherscheid II,6,fussball.de
0313OV6P60000009VS5489BTVU7GTVLE-G,Mittelrhein,Kreis Berg,10,Kreisliga C,Kreisliga C 4 · Kreis Berg,14,14,91,40,Gencler Birligi Bergisch Gladbach,6,fussball.de
0313OV6PBK00000AVS5489BTVU7GTVLE-G,Mittelrhein,Kreis Berg,10,Kreisliga C,Kreisliga C 5 · Kreis Berg,14,13,83,37,VfB Kreuzberg,6,fussball.de
0313OV6PI8000009VS5489BTVU7GTVLE-G,Mittelrhein,Kreis Berg,10,Kreisliga C,Kreisliga C 6 · Kreis Berg,14,14,74,40,VfR Marienhagen II,6,fussball.de
031BOSMTSO000003VS5489BTVUS470OH-G,Mittelrhein,Kreis Bonn,10,Kreisliga C,"Kreisliga C, Gruppe 1 · Kreis Bonn",16,14,90,40,VTA Bonn II,6,fussball.de
031BOSSJ2G000004VS5489BTVUS470OH-G,Mittelrhein,Kreis Bonn,10,Kreisliga C,"Kreisliga C, Gruppe 2 · Kreis Bonn",15,11,53,29,Germania Impekoven 1,6,fussball.de
031BOT1Q68000003VS5489BTVUS470OH-G,Mittelrhein,Kreis Bonn,10,Kreisliga C,"Kreisliga C, Gruppe 3 · Kreis Bonn",16,16,98,39,SC Villip,6,fussball.de
031GUV1TCG000003VS5489BUVSJ4CRAP-G,Mittelrhein,Kreis Düren,10,Kreisliga C,Kreisliga C Staffel 1 · Kreis Düren,15,20,121,55,SV GW Welldorf-Güsten III,9,fussball.de
031GUVBUJG000004VS5489BUVSJ4CRAP-G,Mittelrhein,Kreis Düren,10,Kreisliga C,Kreisliga C Staffel 2 · Kreis Düren,15,19,135,56,FC Düren 77 e.V. II,9,fussball.de
031GUVMKHO000003VS5489BUVSJ4CRAP-G,Mittelrhein,Kreis Düren,10,Kreisliga C,Kreisliga C Staffel 3 · Kreis Düren,15,15,88,43,BSV Gey,9,fussball.de
031IJ1HRI0000006VS5489BUVVKNMR0J-G,Mittelrhein,Kreis Euskirchen,10,Kreisliga C,Kreisliga C 1 · Kreis Euskirchen,17,16,95,46,VFL Nieder.-Mülh.-Wichter,6,fussball.de
031IJ1HRNO000006VS5489BUVVKNMR0J-G,Mittelrhein,Kreis Euskirchen,10,Kreisliga C,Kreisliga C 2 · Kreis Euskirchen,16,16,106,46,RSV 1957 Arloff-Kirspenich,6,fussball.de
031F0H3HAK00000LVS5489BTVUS470OH-G,Mittelrhein,Kreis Heinsberg,10,Kreisliga C,"Kreisliga C,  Staffel 1 · Kreis Heinsberg",13,12,74,31,Sportfreunde Uevekoven III,6,fussball.de
031F0H3HNO00000KVS5489BTVUS470OH-G,Mittelrhein,Kreis Heinsberg,10,Kreisliga C,"Kreisliga C,  Staffel 2 · Kreis Heinsberg",13,10,40,28,FC Concordia Birgelen,6,fussball.de
031F0H3I0C00000KVS5489BTVUS470OH-G,Mittelrhein,Kreis Heinsberg,10,Kreisliga C,"Kreisliga C,  Staffel 3 · Kreis Heinsberg",13,12,64,33,TuS 09 Rot-Weiß Frelenberg,6,fussball.de
030TOCP4A0000004VS5489BUVSOV43J9-G,Mittelrhein,Kreis Köln,10,Kreisliga C,Kreisliga C Staffel 1 · Kreis Köln,16,12,87,35,Ford Niehl II,6,fussball.de
030TOCRT48000004VS5489BUVSOV43J9-G,Mittelrhein,Kreis Köln,10,Kreisliga C,Kreisliga C Staffel 2 · Kreis Köln,16,14,54,40,Rondorf II,6,fussball.de
030TOCTNA8000004VS5489BUVSOV43J9-G,Mittelrhein,Kreis Köln,10,Kreisliga C,Kreisliga C Staffel 3 · Kreis Köln,15,14,90,41,Hitdorf I,6,fussball.de
031KSME08O000009VS5489BUVVKNMR0J-G,Mittelrhein,Kreis Rhein-Erft,10,Kreisliga C,Kreisliga C Staffel 4 · Kreis Rhein-Erft,15,9,39,26,Viktoria Thorr,6,fussball.de
031KSME0F0000006VS5489BUVVKNMR0J-G,Mittelrhein,Kreis Rhein-Erft,10,Kreisliga C,Kreisliga C Staffel 5 · Kreis Rhein-Erft,15,14,79,40,SV Lövenich/Widdersdorf U23,6,fussball.de
031FBE10KK000003VS5489BTVUS470OH-G,Mittelrhein,Kreis Sieg,10,Kreisliga C,Kreisliga C Staffel 4 · Kreis Sieg,16,27,179,78,SV Bergheim II,12,fussball.de
031FBE559K000002VS5489BTVUS470OH-G,Mittelrhein,Kreis Sieg,10,Kreisliga C,Kreisliga C Staffel 5 · Kreis Sieg,16,22,138,58,FC Adler Meindorf II,9,fussball.de
031FBE8PVC000004VS5489BTVUS470OH-G,Mittelrhein,Kreis Sieg,10,Kreisliga C,Kreisliga C Staffel 6 · Kreis Sieg,17,31,172,89,SV 09 Eitorf,12,fussball.de
031GBDSMFG00000EVS5489BUVSJ4CRAP-G,Niederrhein,Kreis Duisburg-Mülheim-Dinslak,10,Kreisliga C,"Kreisliga C, Gruppe 1 · Kreis Duisburg-Mülheim-Dinslak",18,33,230,90,GSG Duisburg II,12,fussball.de
031GBDSMN400000GVS5489BUVSJ4CRAP-G,Niederrhein,Kreis Duisburg-Mülheim-Dinslak,10,Kreisliga C,"Kreisliga C, Gruppe 2 · Kreis Duisburg-Mülheim-Dinslak",18,32,236,89,VfB Lohberg II,12,fussball.de
031GBDSMU0000000VS5489BUVSJ4CRAP-G,Niederrhein,Kreis Duisburg-Mülheim-Dinslak,10,Kreisliga C,"Kreisliga C, Gruppe 3 · Kreis Duisburg-Mülheim-Dinslak",17,32,216,92,FSV Duisburg II,12,fussball.de
031CH91TT4000004VS5489BTVUS470OH-G,Niederrhein,Kreis Düsseldorf,10,Kreisliga C,Kreisliga C 26/27 Gruppe 1 Herren · Kreis Düsseldorf,15,22,113,60,FC Büderich 02 III,9,fussball.de
031CH98ACK000003VS5489BTVUS470OH-G,Niederrhein,Kreis Düsseldorf,10,Kreisliga C,Kreisliga C 26/27 Gruppe 2 Herren · Kreis Düsseldorf,14,21,124,61,DSV04,12,fussball.de
031CH9DAB8000004VS5489BTVUS470OH-G,Niederrhein,Kreis Düsseldorf,10,Kreisliga C,Kreisliga C 26/27 Gruppe 3 Herren · Kreis Düsseldorf,16,31,135,89,SV Wersten 04 III,12,fussball.de
031FK2JIRS000004VS5489BTVUS470OH-G,Niederrhein,Kreis Essen,10,Kreisliga C,Kreisliga C Gruppe 1 · Kreis Essen,16,28,261,81,FC Stoppenberg III.,12,fussball.de
031FK2KEGK000004VS5489BTVUS470OH-G,Niederrhein,Kreis Essen,10,Kreisliga C,Kreisliga C Gruppe 2 · Kreis Essen,15,20,162,60,Ballfreunde Bergeborbeck II.,9,fussball.de
031FK2LID4000004VS5489BTVUS470OH-G,Niederrhein,Kreis Essen,10,Kreisliga C,Kreisliga C Gruppe 3 · Kreis Essen,15,28,183,72,SV Burgaltendorf III.,12,fussball.de
031FU0EDKO000004VS5489BUVSJ4CRAP-G,Niederrhein,Kreis Grevenbroich-Neuss,10,Kreisliga C,"Kreisliga C, Gr. 1 · Kreis Grevenbroich-Neuss",17,28,170,80,Polizei SV Neuss 2,12,fussball.de
031FU1DM2G000004VS5489BUVSJ4CRAP-G,Niederrhein,Kreis Grevenbroich-Neuss,10,Kreisliga C,"Kreisliga C, Gr. 2 · Kreis Grevenbroich-Neuss",16,30,166,77,VFR Büttgen 1912 II,10,fussball.de
031HVV8G6C000004VS5489BUVVKNMR0J-G,Niederrhein,Kreis Kempen-Krefeld,10,Kreisliga C,Kreisliga C 1 · Kreis Kempen-Krefeld,16,31,183,89,FC AURA ATHLETIK,12,fussball.de
031HVPD6IS00000CVS5489BUVVKNMR0J-G,Niederrhein,Kreis Kempen-Krefeld,10,Kreisliga C,Kreisliga C 2 · Kreis Kempen-Krefeld,14,14,115,38,VFL Tönisberg 3,6,fussball.de
031HVPD6Q400000EVS5489BUVVKNMR0J-G,Niederrhein,Kreis Kempen-Krefeld,10,Kreisliga C,Kreisliga C 3 · Kreis Kempen-Krefeld,14,14,112,38,Krefelder FC Uerdingen 2,6,fussball.de
031JANH8D000000BVS5489BUVVKNMR0J-G,Niederrhein,Kreis Kleve-Geldern,10,Kreisliga C,Kreisliga C Gruppe 1 · Kreis Kleve-Geldern,16,32,198,93,VFR SW Warbeyen 1945 E.V.,12,fussball.de
031JANH8LO00000AVS5489BUVVKNMR0J-G,Niederrhein,Kreis Kleve-Geldern,10,Kreisliga C,Kreisliga C Gruppe 2 · Kreis Kleve-Geldern,16,32,210,94,FC Concordia e.V. 1919 Goch,15,fussball.de
031ON9IV2C000005VS5489BUVT2M8LCU-G,Niederrhein,Kreis Kleve-Geldern,10,Kreisliga C,Kreisliga C Gruppe 3 · Kreis Kleve-Geldern,16,26,151,77,SV Straelen II,13,fussball.de
031HJBFEMO000004VS5489BTVVG7L386-G,Niederrhein,Kreis Moers,10,Kreisliga C,KL C Gruppe 1 · Kreis Moers,18,21,114,61,SpVgg. Rheurdt-Schaephuysen II,9,fussball.de
031HJBKB28000004VS5489BTVVG7L386-G,Niederrhein,Kreis Moers,10,Kreisliga C,KL C Gruppe 2 · Kreis Moers,18,19,119,53,VFB Homberg III,7,fussball.de
0311FB59DK00000AVS5489BUVVARDA0V-G,Niederrhein,Kreis Mönchengladbach-Viersen,10,Kreisliga C,Kreisliga C Gruppe 1 · Kreis Mönchengladbach-Viersen,8,15,99,37,SC Viktoria 04 Rheydt 2,9,fussball.de
0311FB59R000000BVS5489BUVVARDA0V-G,Niederrhein,Kreis Mönchengladbach-Viersen,10,Kreisliga C,Kreisliga C Gruppe 2 · Kreis Mönchengladbach-Viersen,8,16,140,47,DJK/VfL Giesenkirchen 3,12,fussball.de
0311FB5A38000003VS5489BUVVARDA0V-G,Niederrhein,Kreis Mönchengladbach-Viersen,10,Kreisliga C,Kreisliga C Gruppe 3 · Kreis Mönchengladbach-Viersen,8,12,92,30,Rot-Weiß Venn 2,9,fussball.de
0311FB5AA800000AVS5489BUVVARDA0V-G,Niederrhein,Kreis Mönchengladbach-Viersen,10,Kreisliga C,Kreisliga C Gruppe 4 · Kreis Mönchengladbach-Viersen,8,16,98,46,SV Blau-Weiss Meer 2,9,fussball.de
0311FB5AHK000002VS5489BUVVARDA0V-G,Niederrhein,Kreis Mönchengladbach-Viersen,10,Kreisliga C,Kreisliga C Gruppe 5 · Kreis Mönchengladbach-Viersen,8,16,110,45,KFC Welate Roj M'gladbach 2,9,fussball.de
031G0132UK000004VS5489BUVSJ4CRAP-G,Niederrhein,Kreis Oberhausen-Bottrop,10,Kreisliga C,Kreisliga C1 Breil · Kreis Oberhausen-Bottrop,16,25,214,74,SV 1911 Bottrop III,12,fussball.de
031G01BKB4000004VS5489BUVSJ4CRAP-G,Niederrhein,Kreis Oberhausen-Bottrop,10,Kreisliga C,Kreisliga C2 Bliso · Kreis Oberhausen-Bottrop,17,24,157,70,VfB Bottrop 1900 II,12,fussball.de
031DTE1EFO000007VS5489BTVUS470OH-G,Niederrhein,Kreis Rees-Bocholt,10,Kreisliga C,"Kreisliga C, Gruppe 1 · Kreis Rees-Bocholt",14,6,31,14,FC Fortuna Elten,3,fussball.de
031DTE1EKG000007VS5489BTVUS470OH-G,Niederrhein,Kreis Rees-Bocholt,10,Kreisliga C,"Kreisliga C, Gruppe 2 · Kreis Rees-Bocholt",13,5,17,15,DJK Rhede II,3,fussball.de
031DTE1EQ8000007VS5489BTVUS470OH-G,Niederrhein,Kreis Rees-Bocholt,10,Kreisliga C,"Kreisliga C, Gruppe 3 · Kreis Rees-Bocholt",14,4,15,-3,SV Bislich III,3,fussball.de
031EPPH2M0000004VS5489BUVUR5FS5A-G,Niederrhein,Kreis Remscheid-Solingen,10,Kreisliga C,Kreisliga C · Kreis Remscheid-Solingen,20,33,217,93,SSV Lützenkirchen III.,12,fussball.de
031HL1B29G00000DVS5489BTVVG7L386-G,Niederrhein,Kreis Wuppertal-Niederberg,10,Kreisliga C,Kreisliga C Gruppe 1 · Kreis Wuppertal-Niederberg,16,24,177,72,FSV Vohwinkel 2,9,fussball.de
031HL1B2H800000AVS5489BTVVG7L386-G,Niederrhein,Kreis Wuppertal-Niederberg,10,Kreisliga C,Kreisliga C Gruppe 2 · Kreis Wuppertal-Niederberg,15,15,93,43,TVD Velbert 3,7,fussball.de
0319B7JNRC000004VS5489BUVV628VP4-G,Niedersachsen,Kreis Bentheim,10,2.Kreisklasse,2.Kreisklasse Grafschaft Bentheim,15,47,243,134,SV Veldhausen 07 II,18,fussball.de
031DPOL5A8000004VS5489BTVUS470OH-G,Niedersachsen,Kreis Braunschweig,10,2.Kreisklasse,2.Kreisklasse · Kreis Braunschweig,15,33,215,93,BSC Acosta III,15,fussball.de
03197ACTQO000000VS5489BUVV628VP4-G,Niedersachsen,Kreis Celle,10,2.Kreisklasse,2. Kreisklasse Celle,14,36,202,104,TuS Oldau-Ovelgönne II,13,fussball.de
0316KBSV50000000VS5489BUVSBBVPEU-G,Niedersachsen,Kreis Cloppenburg,10,2.Kreisklasse,2.Kreisklasse Cloppenburg Staffel I,13,34,149,97,SV BW Galgenmoor,13,fussball.de
0316KC10MC000003VS5489BUVSBBVPEU-G,Niedersachsen,Kreis Cloppenburg,10,2.Kreisklasse,2.Kreisklasse Cloppenburg Staffel II,10,25,133,72,SV Nikolausdorf-Beverbr.,13,fussball.de
03153J1ST8000009VS5489BUVSBBVPEU-G,Niedersachsen,Kreis Cuxhaven,10,2.Kreisklasse,2.Kreisklasse Cuxhaven Nord,12,22,112,64,TSV Altenwalde III,13,fussball.de
03153J1T3O000009VS5489BUVSBBVPEU-G,Niedersachsen,Kreis Cuxhaven,10,2.Kreisklasse,2.Kreisklasse Cuxhaven Süd,14,35,188,98,SG Beverstedt/Wellen,12,fussball.de
031DPSC7LK00000DVS5489BUVUR5FS5A-G,Niedersachsen,Kreis Diepholz,10,2.Kreisklasse,2.Kreisklasse DH Nord · Kreis Diepholz,14,26,137,73,TSV Süstedt,12,fussball.de
031DPSC7U400000DVS5489BUVUR5FS5A-G,Niedersachsen,Kreis Diepholz,10,2.Kreisklasse,2.Kreisklasse DH Süd · Kreis Diepholz,13,23,142,67,BSV SW Rehden II,12,fussball.de
0315LA7CHO000003VS5489BUVSBBVPEU-G,Niedersachsen,Kreis Emsland,10,2.Kreisklasse,2.KK Emsland Mitte,12,23,109,66,SV Union Meppen,12,fussball.de
0315LA7C88000005VS5489BUVSBBVPEU-G,Niedersachsen,Kreis Emsland,10,2.Kreisklasse,2.KK Emsland Nord,13,29,131,83,SV Frisia Vrees,11,fussball.de
0315LA7CRC000000VS5489BUVSBBVPEU-G,Niedersachsen,Kreis Emsland,10,2.Kreisklasse,2.KK Emsland Süd,11,20,101,55,SC Spelle-Venhaus IV,15,fussball.de
031BO7ASOG000004VS5489BTVUS470OH-G,Niedersachsen,Kreis Gifhorn,10,2.Kreisklasse,2. Kreisklasse 1 · Kreis Gifhorn,13,18,79,53,VFL Germania Ummern,9,fussball.de
031BO7JC74000004VS5489BTVUS470OH-G,Niedersachsen,Kreis Gifhorn,10,2.Kreisklasse,2. Kreisklasse 2 · Kreis Gifhorn,13,17,103,49,SG Leiferde-Ettenbüttel II,9,fussball.de
0317BQ2S8S00000EVS5489BUVSBBVPEU-G,Niedersachsen,Kreis Göttingen-Osterode,10,2.Kreisklasse,2.Kreisklasse Staffel A · Kreis Göttingen-Osterode,12,23,129,67,Sparta Göttingen III,9,fussball.de
0317BQ2SO000000DVS5489BUVSBBVPEU-G,Niedersachsen,Kreis Göttingen-Osterode,10,2.Kreisklasse,2.Kreisklasse Staffel B · Kreis Göttingen-Osterode,12,21,116,60,SC Rosdorf II,12,fussball.de
03140B5IG0000004VS5489BTVU7GTVLE-G,Niedersachsen,Kreis Hameln-Pyrmont,10,2.Kreisklasse,2.Kreisklasse Hameln-Pyrmont,14,48,252,138,FC Kosova Hameln,21,fussball.de
031AFRN4T400000CVS5489BUVV628VP4-G,Niedersachsen,Kreis Harburg,10,2.Kreisklasse,2.Kreisklasse Harburg,14,31,141,88,FC Este 2012 II,15,fussball.de
0318GN0458000000VS5489BUVV628VP4-G,Niedersachsen,Kreis Heide-Wendland,10,2.Kreisklasse,2. Kreisklasse Nord · Kreis Heide-Wendland,14,34,149,97,TuS Erbstorf II,12,fussball.de
0318GN04F0000005VS5489BUVV628VP4-G,Niedersachsen,Kreis Heide-Wendland,10,2.Kreisklasse,2. Kreisklasse Süd · Kreis Heide-Wendland,14,33,174,94,TV Rätzlingen,12,fussball.de
03196SSB7S000000VS5489BTVSK8S3O6-G,Niedersachsen,Kreis Heidekreis,10,2.Kreisklasse,2.Kreisklasse Heidekreis,12,21,126,61,Ciwan Walsrode II,10,fussball.de
031JTGGJSO000004VS5489BUVVKNMR0J-G,Niedersachsen,Kreis Helmstedt,10,2.Kreisklasse,2.Kreisklasse Helmstedt,6,6,47,16,TSV Danndorf II,6,fussball.de
031D17AD00000004VS5489BTVUS470OH-G,Niedersachsen,Kreis Hildesheim-Holzminden,10,2.Kreisklasse,2. Kreisklasse Staffel A · Kreis Hildesheim-Holzminden,12,23,139,66,SG Schellerten/Oedelum/Ottbergen II,12,fussball.de
031D17FBR4000004VS5489BTVUS470OH-G,Niedersachsen,Kreis Hildesheim-Holzminden,10,2.Kreisklasse,2. Kreisklasse Staffel B · Kreis Hildesheim-Holzminden,12,24,158,71,VfR Germ. Ochtersum III,12,fussball.de
031D1EDGMC000003VS5489BTVUS470OH-G,Niedersachsen,Kreis Hildesheim-Holzminden,10,2.Kreisklasse,2. Kreisklasse Staffel C · Kreis Hildesheim-Holzminden,11,15,143,45,FC Domstadt,9,fussball.de
031CCR6SOS000004VS5489BTVUS470OH-G,Niedersachsen,Kreis Hildesheim-Holzminden,10,2.Kreisklasse,2. Kreisklasse Staffel D · Kreis Hildesheim-Holzminden,13,29,146,86,SG Woltershausen/Irmenseul,12,fussball.de
031KPAM31K000004VS5489BUVVKNMR0J-G,Niedersachsen,Kreis Hildesheim-Holzminden,10,2.Kreisklasse,2. Krisklasse Staffel E · Kreis Hildesheim-Holzminden,11,19,116,54,TSV Kemnade,12,fussball.de
031F3H60B0000007VS5489BTVUS470OH-G,Niedersachsen,Kreis Jade-Weser-Hunte,10,2.Kreisklasse,2.Kreisklasse JWH Staffel 1 · Kreis Jade-Weser-Hunte,13,16,91,47,1. FC Nordenham II,9,fussball.de
03198423O0000006VS5489BUVV628VP4-G,Niedersachsen,Kreis Jade-Weser-Hunte,10,2.Kreisklasse,2.Kreisklasse JWH Staffel 3 · Kreis Jade-Weser-Hunte,12,11,40,32,TuS Eversten II,6,fussball.de
03198423VG000006VS5489BUVV628VP4-G,Niedersachsen,Kreis Jade-Weser-Hunte,10,2.Kreisklasse,2.Kreisklasse JWH Staffel 4 · Kreis Jade-Weser-Hunte,12,13,63,36,TuS Bloherfelde,6,fussball.de
031DQL0UI4000005VS5489BTVUS470OH-G,Niedersachsen,Kreis Nienburg,10,2.Kreisklasse,2.Kreisklasse Nienburg,14,35,147,100,Hoya SV I,13,fussball.de
031C2TKFB400000NVS5489BUVUR5FS5A-G,Niedersachsen,Kreis Nordharz,10,2.Kreisklasse,2. Nordharzklasse Staffel 1,15,42,254,121,TSV Westerode,18,fussball.de
031C2TKFLS00000OVS5489BUVUR5FS5A-G,Niedersachsen,Kreis Nordharz,10,2.Kreisklasse,2. Nordharzklasse Staffel 2,14,37,187,107,FSG Asse-Elm,12,fussball.de
031BDGS6CO000000VS5489BUVUR5FS5A-G,Niedersachsen,Kreis Northeim-Einbeck,10,2.Kreisklasse,2.Kreisklasse Staffel 1 · Kreis Northeim-Einbeck,10,18,103,53,SSG Bishausen,12,fussball.de
031BDGS6M0000008VS5489BUVUR5FS5A-G,Niedersachsen,Kreis Northeim-Einbeck,10,2.Kreisklasse,2.Kreisklasse Staffel 2 · Kreis Northeim-Einbeck,10,17,79,49,SG Elfas II,9,fussball.de
0315B118EO000004VS5489BTVU7GTVLE-G,Niedersachsen,Kreis Oldenburg-L./Delmenhorst,10,2.Kreisklasse,2.Kreisklasse OLL/DEL · Kreis Oldenburg-L./Delmenhorst,14,36,176,106,TuS Heidkrug II,18,fussball.de
0316EACIIK00000BVS5489BUVSBBVPEU-G,Niedersachsen,Kreis Osnabrück,10,2.Kreisklasse,2. Kreisklasse Osnabrück Staffel A,11,15,75,42,SG Badbergen/Mimmelage,10,fussball.de
0316EACIP800000BVS5489BUVSBBVPEU-G,Niedersachsen,Kreis Osnabrück,10,2.Kreisklasse,2. Kreisklasse Osnabrück Staffel B,12,15,77,43,FC Concordia,7,fussball.de
0316EACIVG000000VS5489BUVSBBVPEU-G,Niedersachsen,Kreis Osnabrück,10,2.Kreisklasse,2. Kreisklasse Osnabrück Staffel C,11,14,65,37,TSG 07 Burg Gretesch,7,fussball.de
0316EACJ5C00000AVS5489BUVSBBVPEU-G,Niedersachsen,Kreis Osnabrück,10,2.Kreisklasse,2. Kreisklasse Osnabrück Staffel D,11,14,59,41,SC Glandorf II,9,fussball.de
0317ILTPK0000004VS5489BUVSBBVPEU-G,Niedersachsen,Kreis Osterholz,10,2.Kreisklasse,2.Kreisklasse Osterholz,14,18,125,51,FC Hambergen II,9,fussball.de
0315F22738000005VS5489BUVSBBVPEU-G,Niedersachsen,Kreis Ostfriesland,10,2.Kreisklasse,Ostfrieslandklasse B St. 1,12,26,112,74,SG Norden - Norddeich/PSV,15,fussball.de
0315F2279O000004VS5489BUVSBBVPEU-G,Niedersachsen,Kreis Ostfriesland,10,2.Kreisklasse,Ostfrieslandklasse B St. 2,11,24,131,66,TSV Jahn Carolinensiel,10,fussball.de
0315F227G4000005VS5489BUVSBBVPEU-G,Niedersachsen,Kreis Ostfriesland,10,2.Kreisklasse,Ostfrieslandklasse B St. 3,13,29,143,77,SV Frisia Loga,15,fussball.de
0315F227MS000005VS5489BUVSBBVPEU-G,Niedersachsen,Kreis Ostfriesland,10,2.Kreisklasse,Ostfrieslandklasse B St. 4,13,31,164,89,Sportfreunde Möhlenwarf,13,fussball.de
031CR8ET8K000004VS5489BUVUR5FS5A-G,Niedersachsen,Kreis Peine,10,2.Kreisklasse,2. Kreisklasse Nord · Kreis Peine,14,38,216,112,TSV Marathon Peine,18,fussball.de
031CRDJSNK000004VS5489BUVUR5FS5A-G,Niedersachsen,Kreis Peine,10,2.Kreisklasse,2. Kreisklasse Süd · Kreis Peine,14,41,224,120,SG Münstedt-Ölsburg-Bosporus 3,18,fussball.de
031EQ8UFGC00000AVS5489BTVUS470OH-G,Niedersachsen,Kreis Region Hannover,10,2.Kreisklasse,2.Kreisklasse Region Hannover St.1,13,28,155,83,TSV Engensen,12,fussball.de
031EQ8UFOG00000BVS5489BTVUS470OH-G,Niedersachsen,Kreis Region Hannover,10,2.Kreisklasse,2.Kreisklasse Region Hannover St.2,14,28,155,82,TSV Berenbostel II,15,fussball.de
031EQ8UFUC00000BVS5489BTVUS470OH-G,Niedersachsen,Kreis Region Hannover,10,2.Kreisklasse,2.Kreisklasse Region Hannover St.3,13,30,173,84,SV Germania Grasdorf II,13,fussball.de
031EQ8UG4800000AVS5489BTVUS470OH-G,Niedersachsen,Kreis Region Hannover,10,2.Kreisklasse,2.Kreisklasse Region Hannover St.4,13,29,152,84,SV Odin,12,fussball.de
03187DCV3C000006VS5489BUVSBBVPEU-G,Niedersachsen,Kreis Rotenburg,10,2.Kreisklasse,2.Kreisklasse Nord · Kreis Rotenburg,10,19,85,53,TSV Karlshöfen II,12,fussball.de
03187DCV9G000007VS5489BUVSBBVPEU-G,Niedersachsen,Kreis Rotenburg,10,2.Kreisklasse,2.Kreisklasse Süd · Kreis Rotenburg,9,16,77,46,VfL Visselhövede II,9,fussball.de
0315EL9UIK000005VS5489BTVU7GTVLE-G,Niedersachsen,Kreis Schaumburg,10,2.Kreisklasse,2.Kreisklasse Schaumburg,13,29,165,80,TuS Jahn Lindhorst II,13,fussball.de
031B83B7VO000000VS5489BUVV628VP4-G,Niedersachsen,Kreis Stade,10,2.Kreisklasse,2.Kreisklasse Stade,12,23,107,64,VfL Güldenstern Stade III,10,fussball.de
0314GRL00G000004VS5489BUVSBBVPEU-G,Niedersachsen,Kreis Vechta,10,2.Kreisklasse,2.Kreisklasse Vechta,14,35,151,102,SFN Vechta III,15,fussball.de
031FTV9S90000003VS5489BUVSJ4CRAP-G,Niedersachsen,Kreis Verden,10,2.Kreisklasse,2.Kreisklasse Verden,18,37,261,106,TV Baden,13,fussball.de
0316JMATHO00000HVS5489BTVU7GTVLE-G,Rheinland,Kreis Eifel,10,Kreisliga C,Kreisliga C17 · Kreis Eifel,13,30,156,84,SG Hocheifel 23 Adenau II,13,fussball.de
0316JMASUC00000IVS5489BTVU7GTVLE-G,Rheinland,Kreis Eifel,10,Kreisliga C,Kreisliga C18 · Kreis Eifel,12,23,122,64,SG MSN-Schleid II,10,fussball.de
0316JMAT8G00000JVS5489BTVU7GTVLE-G,Rheinland,Kreis Eifel,10,Kreisliga C,Kreisliga C19 · Kreis Eifel,11,21,128,62,SG Mötsch II,12,fussball.de
031BTMI1BC000004VS5489BUVUR5FS5A-G,Rheinland,Kreis Hunsrück/Mosel,10,Kreisliga C,Kreisliga C-13 · Kreis Hunsrück/Mosel,12,15,81,41,SC Weiler II,7,fussball.de
031CFV9KQC000004VS5489BUVUR5FS5A-G,Rheinland,Kreis Hunsrück/Mosel,10,Kreisliga C,Kreisliga C-14 · Kreis Hunsrück/Mosel,12,20,94,57,SG Biebertal Kümbdchen II,10,fussball.de
031GAJ89CG000004VS5489BUVSJ4CRAP-G,Rheinland,Kreis Koblenz,10,Kreisliga C,Kreisliga C8 · Kreis Koblenz,13,30,182,83,SG Augst Eitelborn III,13,fussball.de
031GAJBNK8000004VS5489BUVSJ4CRAP-G,Rheinland,Kreis Koblenz,10,Kreisliga C,Kreisliga C9 · Kreis Koblenz,14,34,176,97,SG 2000 Mülheim-Kärlich III,15,fussball.de
031C5Q51TS000004VS5489BTVUS470OH-G,Rheinland,Kreis Mosel,10,Kreisliga C,Kreisliga C 20 · Kreis Mosel,14,34,176,96,SV Zeltingen-Rachtig II,15,fussball.de
031CD3QBUO000004VS5489BTVUS470OH-G,Rheinland,Kreis Mosel,10,Kreisliga C,Kreisliga C 21 · Kreis Mosel,14,34,159,100,FC Hilscheid,13,fussball.de
031CQK2NG4000007VS5489BUVUR5FS5A-G,Rheinland,Kreis Rhein/Ahr,10,Kreisliga C,Kreisliga C10 · Kreis Rhein/Ahr,12,21,110,61,SC Bad Bodendorf II,12,fussball.de
031CQK2NL0000007VS5489BUVUR5FS5A-G,Rheinland,Kreis Rhein/Ahr,10,Kreisliga C,Kreisliga C11 · Kreis Rhein/Ahr,14,32,156,91,SG 99 Andernach II,15,fussball.de
031CQK2N90000006VS5489BUVUR5FS5A-G,Rheinland,Kreis Rhein/Ahr,10,Kreisliga C,Kreisliga C12 · Kreis Rhein/Ahr,13,29,149,84,SG Boos/Weiler,15,fussball.de
031CDMAOB8000004VS5489BUVUR5FS5A-G,Rheinland,Kreis Rhein/Lahn,10,Kreisliga C,Kreisliga C7 · Kreis Rhein/Lahn,13,24,99,70,SV Diez-Freiendiez II,12,fussball.de
031C6C52PS000004VS5489BTVUS470OH-G,Rheinland,Kreis Trier/Saarburg,10,Kreisliga C,Kreisliga C15 · Kreis Trier/Saarburg,14,32,149,95,SG FLRK Fell II,15,fussball.de
031C6BJPGC000003VS5489BTVUS470OH-G,Rheinland,Kreis Trier/Saarburg,10,Kreisliga C,Kreisliga C16 · Kreis Trier/Saarburg,14,35,224,102,SG Obermosel Nittel,15,fussball.de
031CHIG7D400000GVS5489BTVUS470OH-G,Rheinland,Kreis Westerwald/Sieg,10,Kreisliga C,Kreisliga C1 · Kreis Westerwald/Sieg,12,22,127,64,SV Adler Niederfischbach II,15,fussball.de
031CHIG7MS00000IVS5489BTVUS470OH-G,Rheinland,Kreis Westerwald/Sieg,10,Kreisliga C,Kreisliga C2 · Kreis Westerwald/Sieg,13,29,152,85,SV Güllesheim,13,fussball.de
031CHIG7SS000007VS5489BTVUS470OH-G,Rheinland,Kreis Westerwald/Sieg,10,Kreisliga C,Kreisliga C3 · Kreis Westerwald/Sieg,13,30,152,87,SG Weitefeld-L/Nauroth II,15,fussball.de
031C7J6CSG000003VS5489BUVUR5FS5A-G,Rheinland,Kreis Westerwald/Wied,10,Kreisliga C,Kreisliga C4 · Kreis Westerwald/Wied,13,28,158,81,DJK Neustadt-Fernthal II,12,fussball.de
031C7J6D28000006VS5489BUVUR5FS5A-G,Rheinland,Kreis Westerwald/Wied,10,Kreisliga C,Kreisliga C5 · Kreis Westerwald/Wied,14,28,203,81,SV Marienrachdorf,12,fussball.de
031C7J6D7O000008VS5489BUVUR5FS5A-G,Rheinland,Kreis Westerwald/Wied,10,Kreisliga C,Kreisliga C6 · Kreis Westerwald/Wied,14,34,172,98,SG Neuwied II,10,fussball.de
0311IJFKJ400000JVS5489BTVT51B5B5-G,Saarland,Kreis Nordsaar,10,Kreisliga A / Kreisliga,Kreisliga A Blies · Kreis Nordsaar,14,34,180,99,SV Remmesweiler,13,fussball.de
0311IJFL5K00000HVS5489BTVT51B5B5-G,Saarland,Kreis Nordsaar,10,Kreisliga A / Kreisliga,Kreisliga A Ill/Theel · Kreis Nordsaar,14,30,163,87,FC Uchtelfangen 2,15,fussball.de
0311IJFKTC00000HVS5489BTVT51B5B5-G,Saarland,Kreis Nordsaar,10,Kreisliga A / Kreisliga,Kreisliga A Nahe · Kreis Nordsaar,15,41,209,120,SG Steinberg-D./Walhausen,13,fussball.de
030VIFT0BC000006VS5489BUVVARDA0V-G,Saarland,Kreis Ostsaar,10,Kreisliga A / Kreisliga,Kreisliga A Bliestal · Kreis Ostsaar,15,41,229,116,Genclerbirligi Homburg,13,fussball.de
030VIFT05G000006VS5489BUVVARDA0V-G,Saarland,Kreis Ostsaar,10,Kreisliga A / Kreisliga,Kreisliga A Neunkirchen · Kreis Ostsaar,14,25,180,71,TuS Lappentascherhof,13,fussball.de
03108NV8O0000000VS5489BTVT51B5B5-G,Saarland,Kreis Südsaar,10,Kreisliga A / Kreisliga,Kreisliga A Köllertal-Warndt · Kreis Südsaar,16,36,213,106,SV Wehrden,18,fussball.de
03108NV8UG000007VS5489BTVT51B5B5-G,Saarland,Kreis Südsaar,10,Kreisliga A / Kreisliga,Kreisliga A Saarbrücken · Kreis Südsaar,16,41,254,121,DJK 08 Rastpfuhl-Rußhütte,18,fussball.de
03108NV94000000AVS5489BTVT51B5B5-G,Saarland,Kreis Südsaar,10,Kreisliga A / Kreisliga,Kreisliga A Süd · Kreis Südsaar,16,48,330,141,SV 19 Bübingen 2,16,fussball.de
0312E89V2400000MVS5489BTVU7GTVLE-G,Saarland,Kreis Westsaar,10,Kreisliga A / Kreisliga,Kreisliga A Saar · Kreis Westsaar,18,69,425,196,VfB Gisingen,22,fussball.de
0312E89UNS00000HVS5489BTVU7GTVLE-G,Saarland,Kreis Westsaar,10,Kreisliga A / Kreisliga,Kreisliga A Untere Saar Prims · Kreis Westsaar,15,42,205,122,SG Mettlach / Merzig 2,12,fussball.de
0312E89UE4000006VS5489BTVU7GTVLE-G,Saarland,Kreis Westsaar,10,Kreisliga A / Kreisliga,Kreisliga A West · Kreis Westsaar,16,46,192,134,SV Düren-Bedersdorf 2,18,fussball.de
03180HE958000009VS5489BTVU7GTVLE-G,Sachsen,Kreis Dresden,10,2.Kreisliga (B),Brandible Stadtliga B · Kreis Dresden,14,14,81,39,SV Eintracht Dobritz 2,6,fussball.de
031F3F1NCO00000DVS5489BUVUR5FS5A-G,Sachsen,Kreis Mittelsachsen,10,2.Kreisliga (B),Kreisliga - Staffel 1 · Kreis Mittelsachsen,10,12,54,34,SpG Mittweida 2/Frankenau,9,fussball.de
031F3F1NLG00000CVS5489BUVUR5FS5A-G,Sachsen,Kreis Mittelsachsen,10,2.Kreisliga (B),Kreisliga - Staffel 2 · Kreis Mittelsachsen,9,12,81,33,Hohenfichtener SV,9,fussball.de
031F3H5AN8000002VS5489BUVUR5FS5A-G,Sachsen,Kreis Mittelsachsen,10,2.Kreisliga (B),Kreisliga - Staffel 3 · Kreis Mittelsachsen,10,12,64,35,LSV Großhartmannsdorf 2,9,fussball.de
031B4IHFIC000009VS5489BTVSK8S3O6-G,Sachsen,Kreis Muldental/Leipziger Land,10,2.Kreisliga (B),Kreisliga B Süd - Herren · Kreis Muldental/Leipziger Land,10,5,28,14,VfB Leisnig 2,3,fussball.de
031B4IHFBG00000AVS5489BTVSK8S3O6-G,Sachsen,Kreis Muldental/Leipziger Land,10,2.Kreisliga (B),Kreisliga B West - Herren · Kreis Muldental/Leipziger Land,11,9,44,24,SG Olympia Frankenhain/ SV Flößberg 2,6,fussball.de
031HO8QS78000008VS5489BTVSRD0UH9-G,Sachsen,Kreis Sächs.Schweiz/Osterzgeb.,10,2.Kreisliga (B),Kreisliga B · Kreis Sächs.Schweiz/Osterzgeb.,14,13,65,37,SpG SV Sachsen Müglitztal/SV Glashütte 2.,6,fussball.de
031B4TDP1G000008VS5489BUVV628VP4-G,Sachsen,Kreis Vogtland,10,2.Kreisliga (B),Audi Zentrum Vogtland Kreisliga B - Staffel 2,14,21,100,60,VFC Plauen 2,9,fussball.de
031B4TDOQC000008VS5489BUVV628VP4-G,Sachsen,Kreis Vogtland,10,2.Kreisliga (B),AutoCarl+ Kreisliga B - Staffel 1 · Kreis Vogtland,14,19,99,56,SV Coschütz,9,fussball.de
031CMSFOU4000008VS5489BTVUS470OH-G,Sachsen-Anhalt,Kreis Altmark Ost,10,Kreisliga,Kreisliga · Kreis Altmark Ost,13,12,59,36,SV Rochau,6,fussball.de
031D6R3F2K000004VS5489BTVUS470OH-G,Sachsen-Anhalt,Kreis Altmark West,10,Kreisliga,2. Altmark West Liga,12,10,48,29,SV Engersen 1921,6,fussball.de
031D3QF25G000000VS5489BTVUS470OH-G,Sachsen-Anhalt,Kreis Anhalt-Bitterfeld,10,Kreisliga,Kreisliga Nord · Kreis Anhalt-Bitterfeld,13,6,21,17,SC Vorfläming Nedlitz,3,fussball.de
031D3R9RGO000006VS5489BTVUS470OH-G,Sachsen-Anhalt,Kreis Anhalt-Bitterfeld,10,Kreisliga,Kreisliga Süd · Kreis Anhalt-Bitterfeld,14,7,22,19,SV Blau-Weiss Schortewitz II,3,fussball.de
0319IBH0N4000005VS5489BUVV628VP4-G,Sachsen-Anhalt,Kreis Burgenland,10,Kreisliga,Kreisliga Staffel I · Kreis Burgenland,13,13,75,37,SG Freyburg II / Gleina,7,fussball.de
0319IBH0T0000006VS5489BUVV628VP4-G,Sachsen-Anhalt,Kreis Burgenland,10,Kreisliga,Kreisliga Staffel II · Kreis Burgenland,13,10,45,30,SV Hohenmölsen,6,fussball.de
031BS9BOG0000004VS5489BTVUS470OH-G,Sachsen-Anhalt,Kreis Börde,10,Kreisliga,Bördeliga,14,14,75,39,SG Eintracht Ebendorf,6,fussball.de
031CE8KQ74000004VS5489BUVUR5FS5A-G,Sachsen-Anhalt,Kreis Harz,10,Kreisliga,Harzliga  1,14,6,28,18,SV Empor Dedeleben,3,fussball.de
031CE86DI0000004VS5489BTVUS470OH-G,Sachsen-Anhalt,Kreis Harz,10,Kreisliga,Harzliga  2,14,5,27,14,Germania Wernigerode II,3,fussball.de
031AGJD21O000006VS5489BTVSK8S3O6-G,Sachsen-Anhalt,Kreis Jerichower Land,10,Kreisliga,Kreisliga · Kreis Jerichower Land,11,5,21,15,SV Eintracht Hohenwarthe II,3,fussball.de
031ASAFN10000000VS5489BTVSK8S3O6-G,Sachsen-Anhalt,Kreis Mansfeld-Südharz,10,Kreisliga,Kreisliga · Kreis Mansfeld-Südharz,13,11,43,31,SV Eintracht Lüttchendorf II,6,fussball.de
031A9UCPIG000004VS5489BTVSK8S3O6-G,Sachsen-Anhalt,Kreis SFV Halle,10,Kreisliga,Stadtliga · Kreis SFV Halle,14,7,30,20,SV Grün-Weiß Ammendorf,3,fussball.de
031C4HOJB8000004VS5489BUVUR5FS5A-G,Sachsen-Anhalt,Kreis SFV Magdeburg,10,Kreisliga,Stadtliga Herren · Kreis SFV Magdeburg,10,4,16,12,SV Fortuna III,3,fussball.de
031CHNEHJ8000002VS5489BUVUR5FS5A-G,Sachsen-Anhalt,Kreis Saalekreis,10,Kreisliga,Kreisliga · Kreis Saalekreis,14,7,27,19,Spgm. VfL Roßbach 1921 e.V. / SV Braunsbedra II,3,fussball.de
030J2D2O98000007VS5489BTVUCDSG9E-G,Sachsen-Anhalt,Kreis Salzland,10,Kreisliga,Kreisliga · Kreis Salzland,14,16,71,46,ESV Lokomotive Güsten,9,fussball.de
031AU5HSFS000004VS5489BUVV628VP4-G,Sachsen-Anhalt,Kreis Wittenberg,10,Kreisliga,DTZ Technik Kreisliga Staffel A · Kreis Wittenberg,9,4,25,12,SG Rackith/Dabrun/Kemberg,3,fussball.de
031AU5E6T0000004VS5489BUVV628VP4-G,Sachsen-Anhalt,Kreis Wittenberg,10,Kreisliga,DTZ Technik Kreisliga Staffel B · Kreis Wittenberg,10,5,37,15,Malterhausener Sportverein,3,fussball.de
031EDBGP34000004VS5489BUVUR5FS5A-G,Schleswig-Holstein,Kreis Holstein,10,Kreisklasse B,Kreisklasse B - 8 · Kreis Holstein,13,22,124,65,TV Trappenkamp,12,fussball.de
031EDB25U8000003VS5489BUVUR5FS5A-G,Schleswig-Holstein,Kreis Holstein,10,Kreisklasse B,Kreisklasse B - 9 · Kreis Holstein,11,13,57,39,TSV Selent,9,fussball.de
031C4P9UPO000006VS5489BTVUS470OH-G,Schleswig-Holstein,Kreis Kiel,10,Kreisklasse B,Kreisklasse B - 3 · Kreis Kiel,13,23,118,64,Gettorfer SC III,12,fussball.de
031C4DB9K8000000VS5489BTVUS470OH-G,Schleswig-Holstein,Kreis Lübeck,10,Kreisklasse B,Kreisklasse B - 11 · Kreis Lübeck,12,18,124,49,TSV Travemünde II,9,fussball.de
031CPBEB18000006VS5489BUVUR5FS5A-G,Schleswig-Holstein,Kreis Nordfriesland,10,Kreisklasse B,Kreisklasse B 1 · Kreis Nordfriesland,13,27,132,74,TSV Eintracht Eggebek II,9,fussball.de
031C8LNBC4000003VS5489BTVUS470OH-G,Schleswig-Holstein,Kreis Ostholstein,10,Kreisklasse B,Kreisklasse B - 10 · Kreis Ostholstein,11,14,83,40,TSV Schönwalde,10,fussball.de
031A5SKUS4000004VS5489BTVSK8S3O6-G,Schleswig-Holstein,Kreis Rendsburg-Eckernförde,10,Kreisklasse B,Kreisklasse B - 4 · Kreis Rendsburg-Eckernförde,13,28,169,78,SSV Nübbel,15,fussball.de
031C3UG8RS000004VS5489BUVUR5FS5A-G,Schleswig-Holstein,Kreis Schleswig-Flensburg,10,Kreisklasse B,Kreisklasse B - 2 · Kreis Schleswig-Flensburg,13,29,186,81,SG Eckernförde/Fleckeby II,15,fussball.de
031CEUD3KK000004VS5489BUVUR5FS5A-G,Schleswig-Holstein,Kreis Stormarn,10,Kreisklasse B,Kreisklasse B - 12 · Kreis Stormarn,13,25,126,72,Büchen-Siebeneichener SV II,12,fussball.de
031BV53708000004VS5489BTVUS470OH-G,Schleswig-Holstein,Kreis Westküste,10,Kreisklasse B,Kreisklasse B - 5 · Kreis Westküste,12,23,130,66,TSV Büsum II,12,fussball.de
031BV5KGT4000000VS5489BTVUS470OH-G,Schleswig-Holstein,Kreis Westküste,10,Kreisklasse B,Kreisklasse B - 6 · Kreis Westküste,12,21,104,61,Diekhusen-Fahrstedter FC,10,fussball.de
031BV5UVDS000005VS5489BTVUS470OH-G,Schleswig-Holstein,Kreis Westküste,10,Kreisklasse B,Kreisklasse B - 7 · Kreis Westküste,13,27,171,80,TSV Brokstedt,12,fussball.de
030EIACNNC000004VS5489BTVSFA9344-G,Südbaden,Baden-Baden,10,2.Kreisliga (B),Kreisliga B - Staffel 1 · Baden-Baden,15,21,106,59,SV Au am Rhein 2,7,fussball.de
030EI9H16O000004VS5489BTVSFA9344-G,Südbaden,Baden-Baden,10,2.Kreisliga (B),Kreisliga B - Staffel 2 · Baden-Baden,14,14,55,38,SC Elchesheim-Illingen,6,fussball.de
0319TNSFK800000BVS5489BUVV628VP4-G,Südbaden,Bodensee,10,2.Kreisliga (B),Kreisliga B - Staffel 1 · Bodensee,14,12,69,36,SV Markelfingen,6,fussball.de
0319TNSFQ800000BVS5489BUVV628VP4-G,Südbaden,Bodensee,10,2.Kreisliga (B),Kreisliga B - Staffel 2 · Bodensee,14,14,56,40,SV Mühlhausen 2,6,fussball.de
0319TNSFVC00000BVS5489BUVV628VP4-G,Südbaden,Bodensee,10,2.Kreisliga (B),Kreisliga B - Staffel 3 · Bodensee,14,14,65,39,Türk. SV Pfullendorf,6,fussball.de
031BHK3J6K000008VS5489BTVUS470OH-G,Südbaden,Freiburg,10,2.Kreisliga (B),Kreisliga B - Staffel 1 · Freiburg,14,6,18,18,SC Kiechlinsbergen,3,fussball.de
031BHK3JD000000DVS5489BTVUS470OH-G,Südbaden,Freiburg,10,2.Kreisliga (B),Kreisliga B - Staffel 2 · Freiburg,13,4,23,10,Alem.Frbg. Zähringen,3,fussball.de
031BHK3JJG00000CVS5489BTVUS470OH-G,Südbaden,Freiburg,10,2.Kreisliga (B),Kreisliga B - Staffel 3 · Freiburg,13,4,22,12,SC Mengen,3,fussball.de
031BHK3JPK00000BVS5489BTVUS470OH-G,Südbaden,Freiburg,10,2.Kreisliga (B),Kreisliga B - Staffel 4 · Freiburg,14,6,32,17,Spvgg. Bollschweil-Sölden,3,fussball.de
031BHK3JUS00000BVS5489BTVUS470OH-G,Südbaden,Freiburg,10,2.Kreisliga (B),Kreisliga B - Staffel 5 · Freiburg,16,8,38,23,SG Ihringen/Wasenweiler 2,3,fussball.de
031BHK3K4K00000BVS5489BTVUS470OH-G,Südbaden,Freiburg,10,2.Kreisliga (B),Kreisliga B - Staffel 6 · Freiburg,15,7,44,21,SV Tunsel 2,3,fussball.de
031BHK3KAO00000BVS5489BTVUS470OH-G,Südbaden,Freiburg,10,2.Kreisliga (B),Kreisliga B - Staffel 7 · Freiburg,16,8,37,23,VfR Merzhausen 2,3,fussball.de
031GB7L1IG00000CVS5489BUVSJ4CRAP-G,Südbaden,Hochrhein,10,2.Kreisliga (B),Kreisliga B - Staffel 1 · Hochrhein,14,10,54,28,FC Wittlingen 2,6,fussball.de
031GB7L1QS00000FVS5489BUVSJ4CRAP-G,Südbaden,Hochrhein,10,2.Kreisliga (B),Kreisliga B - Staffel 2 · Hochrhein,14,13,65,39,SV Todtnau,6,fussball.de
031GB7L21400000EVS5489BUVSJ4CRAP-G,Südbaden,Hochrhein,10,2.Kreisliga (B),Kreisliga B - Staffel 3 · Hochrhein,14,12,57,35,FC Dachsberg,6,fussball.de
031GB7L28000000GVS5489BUVSJ4CRAP-G,Südbaden,Hochrhein,10,2.Kreisliga (B),Kreisliga B - Staffel 4 · Hochrhein,14,12,65,35,SC Lauchringen,6,fussball.de
031BF2URV8000007VS5489BUVUR5FS5A-G,Südbaden,Offenburg,10,2.Kreisliga (B),Kreisliga B - Staffel 1 · Offenburg,14,28,162,84,SV Appenweier,12,fussball.de
031BF2US8G000009VS5489BUVUR5FS5A-G,Südbaden,Offenburg,10,2.Kreisliga (B),Kreisliga B - Staffel 2 · Offenburg,14,28,142,78,SV Oberwolfach 2,12,fussball.de
031BF2USHS000008VS5489BUVUR5FS5A-G,Südbaden,Offenburg,10,2.Kreisliga (B),Kreisliga B - Staffel 3 · Offenburg,14,28,161,79,SC Kuhbach-Reichenbach,12,fussball.de
031BF2USOO00000AVS5489BUVUR5FS5A-G,Südbaden,Offenburg,10,2.Kreisliga (B),Kreisliga B - Staffel 4 · Offenburg,16,31,188,89,SV Leutesheim 2,12,fussball.de
031BF2USUS000002VS5489BUVUR5FS5A-G,Südbaden,Offenburg,10,2.Kreisliga (B),Kreisliga B - Staffel 5 · Offenburg,15,28,145,80,SV Niederschopfheim 3,9,fussball.de
031BF2UT5G00000CVS5489BUVUR5FS5A-G,Südbaden,Offenburg,10,2.Kreisliga (B),Kreisliga B - Staffel 6 · Offenburg,13,21,96,60,FV Schutterwald 2,10,fussball.de
031H2E2R0K000004VS5489BUVSJ4CRAP-G,Südbaden,Schwarzwald,10,2.Kreisliga (B),Kreisliga B - Staffel 1 · Schwarzwald,11,9,40,27,SG Gemeinde Königsfeld B.K.N.,6,fussball.de
031H24UVC4000004VS5489BUVSJ4CRAP-G,Südbaden,Schwarzwald,10,2.Kreisliga (B),Kreisliga B - Staffel 2 · Schwarzwald,12,11,56,33,SV Eisenbach,6,fussball.de
031FE02NMC000004VS5489BUVSJ4CRAP-G,Südbaden,Schwarzwald,10,2.Kreisliga (B),Kreisliga B - Staffel 3 · Schwarzwald,14,16,74,47,FV Tennenbronn 2,6,fussball.de
031HVATVKK000004VS5489BTVSRD0UH9-G,Südbaden,Schwarzwald,10,2.Kreisliga (B),Kreisliga B - Staffel 4 · Schwarzwald,13,17,84,47,VfB Villingen 2,7,fussball.de
031BS6NL1S00000AVS5489BTVUS470OH-G,Südbaden,Schwarzwald,10,2.Kreisliga (B),Kreisliga B - Staffel 5 · Schwarzwald,14,15,65,43,SG Lenzkirch-Saig 2,9,fussball.de
031AUOEO10000004VS5489BUVV628VP4-G,Südwest,Kreis Alzey-Worms,10,B-Klasse,Herren B-Klasse Alzey-Worms Nord,12,21,111,62,SG RWO Alzey/TV Lonsheim,12,fussball.de
031AUOC4OG000007VS5489BUVV628VP4-G,Südwest,Kreis Alzey-Worms,10,B-Klasse,Herren B-Klasse Alzey-Worms Süd,13,23,138,67,FSV Oppenheim,12,fussball.de
0319RSL5GO000004VS5489BUVV628VP4-G,Südwest,Kreis Bad Kreuznach,10,B-Klasse,Herren B-Klasse Bad Kreuznach 1,14,36,226,106,FSV Rehborn,13,fussball.de
0319RT3K1S000004VS5489BUVV628VP4-G,Südwest,Kreis Bad Kreuznach,10,B-Klasse,Herren B-Klasse Bad Kreuznach 2,15,40,178,117,SG Hochstetten/Nußbaum,15,fussball.de
0314O2BQEG000008VS5489BUVSBBVPEU-G,Südwest,Kreis Birkenfeld,10,B-Klasse,Herren B-Klasse Birkenfeld 1,14,33,150,96,VfL Weierbach,15,fussball.de
0314O2BQLO000008VS5489BUVSBBVPEU-G,Südwest,Kreis Birkenfeld,10,B-Klasse,Herren B-Klasse Birkenfeld 2,14,34,184,99,SV Gimbweiler,15,fussball.de
031ARBND98000004VS5489BTVSK8S3O6-G,Südwest,Kreis Kaiserslaut.-Donnersberg,10,B-Klasse,Herren B-Klasse KL/DOB Nord · Kreis Kaiserslaut.-Donnersberg,13,22,136,64,SG Münsterappel/Gerbach/Niederhausen,9,fussball.de
031ARQBIG8000004VS5489BTVSK8S3O6-G,Südwest,Kreis Kaiserslaut.-Donnersberg,10,B-Klasse,Herren B-Klasse KL/DOB Süd · Kreis Kaiserslaut.-Donnersberg,12,22,103,62,SG Niederkirchen/Morbach/Heiligenmoschel,10,fussball.de
0318CAK1QG000009VS5489BUVSBBVPEU-G,Südwest,Kreis Kusel-Kaiserslautern,10,B-Klasse,Herren B-Klasse Kusel-Kaiserslautern Nord,16,48,196,138,SG Pfeffelbach/Konken/EDO,13,fussball.de
0318CAK21K000007VS5489BUVSBBVPEU-G,Südwest,Kreis Kusel-Kaiserslautern,10,B-Klasse,Herren B-Klasse Kusel-Kaiserslautern Süd,16,45,214,133,SG Spesbach-Elschbach,18,fussball.de
0319055VFG000003VS5489BTVSK8S3O6-G,Südwest,Kreis Mainz-Bingen,10,B-Klasse,Herren B-Klasse Mainz-Bingen Ost,14,27,164,74,TSG Hechtsheim,12,fussball.de
0319055V9000000AVS5489BTVSK8S3O6-G,Südwest,Kreis Mainz-Bingen,10,B-Klasse,Herren B-Klasse Mainz-Bingen West,14,27,128,79,SV Klein-Winternheim,12,fussball.de
031B344K6K000007VS5489BUVV628VP4-G,Südwest,Kreis Pirmasens/Zweibrücken,10,B-Klasse,Herren B Klasse West Pirmasens-Zweibrücken · Kreis Pirmasens/Zweibrücken,15,43,256,126,SC Stambach,13,fussball.de
031AHB031K000008VS5489BUVV628VP4-G,Südwest,Kreis Pirmasens/Zweibrücken,10,B-Klasse,Herren B-Klasse Ost Pirmasens-Zweibrücken · Kreis Pirmasens/Zweibrücken,15,41,217,119,SG Bruchweiler/Busenberg,15,fussball.de
0314GC1F8S000008VS5489BUVSBBVPEU-G,Südwest,Kreis Rhein-Mittelhaardt,10,B-Klasse,Herren B-Klasse Rhein-Mittelhaardt Staffel Ost,16,46,245,132,TuS Altrip II,16,fussball.de
0314GC1F0K000009VS5489BUVSBBVPEU-G,Südwest,Kreis Rhein-Mittelhaardt,10,B-Klasse,Herren B-Klasse Rhein-Mittelhaardt Staffel West,16,47,211,132,TuS 1920 Maikammer II,14,fussball.de
031BT6HBGC000008VS5489BUVUR5FS5A-G,Südwest,Kreis Rhein-Pfalz,10,B-Klasse,Herren B-Klasse Rhein-Pfalz Nord,13,29,158,84,VfR Frankenthal II,12,fussball.de
031BT6HBN4000009VS5489BUVUR5FS5A-G,Südwest,Kreis Rhein-Pfalz,10,B-Klasse,Herren B-Klasse Rhein-Pfalz Süd,13,27,171,78,SC Alemannia Maudach,15,fussball.de
0311HNBO3C000008VS5489BUVVARDA0V-G,Südwest,Kreis Südpfalz,10,B-Klasse,Herren B- Klasse Südpfalz Staffel II,16,46,219,129,TuS Schaidt,15,fussball.de
0311HNBNR0000008VS5489BUVVARDA0V-G,Südwest,Kreis Südpfalz,10,B-Klasse,Herren B-Klasse Südpfalz Staffel I,16,47,272,131,TSV Venningen-Fischlingen,18,fussball.de
0309PV797G000007VS5489BTVV61V7H6-G,Thüringen,Kreis Eichsf.-Unstrut-Hainich,10,1.Kreisklasse,1. Kreisklasse Staffel 1 · Kreis Eichsf.-Unstrut-Hainich,11,15,60,42,SG VfB 1922 Bischofferode II,9,fussball.de
0309PV79MG000007VS5489BTVV61V7H6-G,Thüringen,Kreis Eichsf.-Unstrut-Hainich,10,1.Kreisklasse,1. Kreisklasse Staffel 2 · Kreis Eichsf.-Unstrut-Hainich,10,12,47,33,FSV Uder 1921,9,fussball.de
0309PV7A0O000006VS5489BTVV61V7H6-G,Thüringen,Kreis Eichsf.-Unstrut-Hainich,10,1.Kreisklasse,1. Kreisklasse Staffel 3 · Kreis Eichsf.-Unstrut-Hainich,10,10,51,28,SG FSV Preußen Bad Langensalza III,7,fussball.de
031CHOBJNG000008VS5489BUVUR5FS5A-G,Thüringen,Kreis Erfurt-Sömmerda,10,1.Kreisklasse,1.KK St.I · Kreis Erfurt-Sömmerda,10,11,58,30,TSG Stotternheim II,9,fussball.de
031CHOBJT8000000VS5489BUVUR5FS5A-G,Thüringen,Kreis Erfurt-Sömmerda,10,1.Kreisklasse,1.KK St.II · Kreis Erfurt-Sömmerda,9,11,51,31,SV 48 Ostramondra,6,fussball.de
031EEOQU6S000008VS5489BUVUR5FS5A-G,Thüringen,Kreis Jena-Saale-Orla,10,1.Kreisklasse,1. Kreisklasse Staffel A · Kreis Jena-Saale-Orla,10,10,54,30,Täler SV Ottendorf,6,fussball.de
031EEONV0S000007VS5489BUVUR5FS5A-G,Thüringen,Kreis Jena-Saale-Orla,10,1.Kreisklasse,1. Kreisklasse Staffel B · Kreis Jena-Saale-Orla,13,12,48,36,LSV 49 Oettersdorf,6,fussball.de
03155Q3K5O000007VS5489BUVSBBVPEU-G,Thüringen,Kreis Mittelthüringen,10,1.Kreisklasse,1.Kreisklasse Nord · Kreis Mittelthüringen,11,13,54,34,SG Am Ettersberg,7,fussball.de
03155Q3KI4000002VS5489BUVSBBVPEU-G,Thüringen,Kreis Mittelthüringen,10,1.Kreisklasse,1.Kreisklasse Sued · Kreis Mittelthüringen,11,15,91,44,SV Glückauf Lehesten,9,fussball.de
03155Q3KC8000004VS5489BUVSBBVPEU-G,Thüringen,Kreis Mittelthüringen,10,1.Kreisklasse,1.Kreisklasse West · Kreis Mittelthüringen,12,16,113,47,SG SpVgg. Geratal 2.,9,fussball.de
031AEFE1LC000006VS5489BTVSK8S3O6-G,Thüringen,Kreis Nordthüringen,10,1.Kreisklasse,Kreisklasse Staffel 1 · Kreis Nordthüringen,12,18,93,53,SpG Reinsdorf,9,fussball.de
031AEFE1QC000006VS5489BTVSK8S3O6-G,Thüringen,Kreis Nordthüringen,10,1.Kreisklasse,Kreisklasse Staffel 2 · Kreis Nordthüringen,12,20,94,55,TSG GW Liebenrode,10,fussball.de
031CRVJ72S000006VS5489BTVUS470OH-G,Thüringen,Kreis Ostthüringen,10,1.Kreisklasse,"1. Kreisklasse, Staffel A · Kreis Ostthüringen",12,11,55,31,SpG FSV Lucka 1910,6,fussball.de
031CRVJ79K000007VS5489BTVUS470OH-G,Thüringen,Kreis Ostthüringen,10,1.Kreisklasse,"1. Kreisklasse, Staffel B · Kreis Ostthüringen",11,10,59,30,Lusaner Sport Club,6,fussball.de
031B9HA0PK000007VS5489BTVSK8S3O6-G,Thüringen,Kreis Rhön-Rennsteig,10,1.Kreisklasse,1. Kreisklasse Staffel I · Kreis Rhön-Rennsteig,9,4,28,11,SG SV Dolmar Kühndorf,3,fussball.de
031B9HA12C000007VS5489BTVSK8S3O6-G,Thüringen,Kreis Rhön-Rennsteig,10,1.Kreisklasse,1. Kreisklasse Staffel II · Kreis Rhön-Rennsteig,9,5,32,14,SV Stahl Brotterode-Trusetal II,3,fussball.de
0316UIE700000007VS5489BUVSBBVPEU-G,Thüringen,Kreis Südthüringen,10,1.Kreisklasse,Hudson Kreisklasse Mitte · Kreis Südthüringen,9,14,83,39,SG VfB Grün-Weiß Fehrenbach,13,fussball.de
0316UIE6NO000007VS5489BUVSBBVPEU-G,Thüringen,Kreis Südthüringen,10,1.Kreisklasse,Hudson Kreisklasse Ost · Kreis Südthüringen,10,19,136,55,SV 08 Steinach II,12,fussball.de
0316UIE76S000006VS5489BUVSBBVPEU-G,Thüringen,Kreis Südthüringen,10,1.Kreisklasse,Hudson Kreisklasse West · Kreis Südthüringen,10,18,94,51,SV 07 Häselrieth,12,fussball.de
031D3N7L38000008VS5489BUVUR5FS5A-G,Thüringen,Kreis Westthüringen,10,1.Kreisklasse,1. Kreisklasse Staffel 1 · Kreis Westthüringen,10,13,79,39,FSV 06 Ohratal II,9,fussball.de
031D3N7LF4000008VS5489BUVUR5FS5A-G,Thüringen,Kreis Westthüringen,10,1.Kreisklasse,1. Kreisklasse Staffel 2 · Kreis Westthüringen,10,14,62,40,SG SpVgg Siebleben 06 III,9,fussball.de
031D3N7LLS000009VS5489BUVUR5FS5A-G,Thüringen,Kreis Westthüringen,10,1.Kreisklasse,1. Kreisklasse Staffel 3 · Kreis Westthüringen,11,14,58,40,SG BSG Kali Werra Tiefenort II,9,fussball.de
031D3N7M0C000007VS5489BUVUR5FS5A-G,Thüringen,Kreis Westthüringen,10,1.Kreisklasse,1. Kreisklasse Staffel 4 · Kreis Westthüringen,12,16,114,46,SG Nessetal Wenigenlupnitz,9,fussball.de
031E5G1LLC000004VS5489BUVUR5FS5A-G,Westfalen,Kreis Ahaus-Coesfeld,10,Kreisliga B,Kreisliga B 1 Ahaus-Coesfeld,16,32,118,84,TuS Wüllen,12,fussball.de
031E5G2TGK000004VS5489BUVUR5FS5A-G,Westfalen,Kreis Ahaus-Coesfeld,10,Kreisliga B,Kreisliga B 2 Ahaus-Coesfeld,16,32,131,91,SV Brukteria Rorup,10,fussball.de
031I0V20RC00000AVS5489BUVVKNMR0J-G,Westfalen,Kreis Arnsberg,10,Kreisliga B,Kreisliga B Arnsberg,15,14,86,39,SuS Langscheid/Enkhausen II,6,fussball.de
031ARLUE74000004VS5489BTVSK8S3O6-G,Westfalen,Kreis Beckum,10,Kreisliga B,Kreisliga B Beckum,15,20,115,59,SpVg Beckum II,9,fussball.de
0311HP5M3G00000IVS5489BTVT51B5B5-G,Westfalen,Kreis Bielefeld,10,Kreisliga B,Kreisliga B Staffel 1 · Kreis Bielefeld,16,39,245,113,TG Hörste,15,fussball.de
0311HP5MGO00000DVS5489BTVT51B5B5-G,Westfalen,Kreis Bielefeld,10,Kreisliga B,Kreisliga B Staffel 2 · Kreis Bielefeld,16,40,223,116,VfL Schildesche II,15,fussball.de
0311RLFEOG000004VS5489BUVVARDA0V-G,Westfalen,Kreis Bochum,10,Kreisliga B,Kreisliga B1 Herren · Kreis Bochum,16,36,193,100,FC Altenbochum II,12,fussball.de
0311RLH7P4000004VS5489BUVVARDA0V-G,Westfalen,Kreis Bochum,10,Kreisliga B,Kreisliga B2 Herren · Kreis Bochum,16,35,202,104,SW Wattenscheid 08 II,15,fussball.de
0311RLJN64000004VS5489BUVVARDA0V-G,Westfalen,Kreis Bochum,10,Kreisliga B,Kreisliga B3 Herren · Kreis Bochum,16,35,203,103,RSV Hattingen,12,fussball.de
031893UPPS00000BVS5489BTVU7GTVLE-G,Westfalen,Kreis Detmold,10,Kreisliga B,Kreisliga B · Kreis Detmold,16,40,210,113,SG Belle-Cappel-Leopoldstal II,15,fussball.de
03133UT6AG000002VS5489BUVSBBVPEU-G,Westfalen,Kreis Dortmund,10,Kreisliga B,Kreisliga B1 - Dortmund,15,17,108,49,Westfalia Dortmund 2022 II,9,fussball.de
03133V2GH4000005VS5489BUVSBBVPEU-G,Westfalen,Kreis Dortmund,10,Kreisliga B,Kreisliga B2 - Dortmund,15,21,121,61,SpVg Berghofen,9,fussball.de
03133V4N3S000005VS5489BUVSBBVPEU-G,Westfalen,Kreis Dortmund,10,Kreisliga B,Kreisliga B3 - Dortmund,15,16,87,46,TuRa Asseln,9,fussball.de
031BHF4AR8000004VS5489BUVUR5FS5A-G,Westfalen,Kreis Gelsenkirchen,10,Kreisliga B,Kreisliga B 1 Herren · Kreis Gelsenkirchen,16,37,163,107,F.S.M. Gladbeck,12,fussball.de
031BHFIC0G000004VS5489BUVUR5FS5A-G,Westfalen,Kreis Gelsenkirchen,10,Kreisliga B,Kreisliga B 2 Herren · Kreis Gelsenkirchen,16,39,215,113,SSV/FCA Rotthausen,13,fussball.de
031F9TM70K00000GVS5489BUVSJ4CRAP-G,Westfalen,Kreis Gütersloh,10,Kreisliga B,Kreisliga B Gr. 1 GT · Kreis Gütersloh,16,31,181,87,FC Isselhorst,12,fussball.de
031F9TM7A000000IVS5489BUVSJ4CRAP-G,Westfalen,Kreis Gütersloh,10,Kreisliga B,Kreisliga B Gr. 2 GT · Kreis Gütersloh,16,32,177,93,Rot-Weiss St. Vit,12,fussball.de
031FEQQNFG00000JVS5489BUVSJ4CRAP-G,Westfalen,Kreis Hagen,10,Kreisliga B,Kreisliga B1 Hagen,16,30,182,82,TSV Dahl,12,fussball.de
031FEQQNP400000JVS5489BUVSJ4CRAP-G,Westfalen,Kreis Hagen,10,Kreisliga B,Kreisliga B2 Hagen,16,29,144,83,TuS Esborn,12,fussball.de
03131PS8AS00000HVS5489BUVSBBVPEU-G,Westfalen,Kreis Herford,10,Kreisliga B,Kreisliga B · Kreis Herford,17,40,243,118,VFL Herford,15,fussball.de
031D63KGR800000IVS5489BTVUS470OH-G,Westfalen,Kreis Herne,10,Kreisliga B,Herren Kreisliga B1 · Kreis Herne,14,15,85,41,SV Fortuna Herne,6,fussball.de
031D63KH6C00000HVS5489BTVUS470OH-G,Westfalen,Kreis Herne,10,Kreisliga B,Herren Kreisliga B2 · Kreis Herne,13,15,100,43,SpVgg Röhlinghausen,9,fussball.de
031ED9E48K000006VS5489BTVUS470OH-G,Westfalen,Kreis Hochsauerlandkreis,10,Kreisliga B,Kreisliga B 1 Hochsauerland Findungsrunde · Kreis Hochsauerlandkreis,8,15,71,44,SC Kückelheim/Salwey,9,fussball.de
031EDA1R0O000003VS5489BTVUS470OH-G,Westfalen,Kreis Hochsauerlandkreis,10,Kreisliga B,Kreisliga B 2 Hochsauerland Findungsrunde · Kreis Hochsauerlandkreis,8,16,73,46,SC Lennetal e.V.,12,fussball.de
031EDAC41S000004VS5489BTVUS470OH-G,Westfalen,Kreis Hochsauerlandkreis,10,Kreisliga B,Kreisliga B 3 Hochsauerland Findungsrunde · Kreis Hochsauerlandkreis,8,13,63,37,SG Giershagen-Hoppecketal/Padberg-Obermarsberg 1,10,fussball.de
031E13SS9S000004VS5489BTVUS470OH-G,Westfalen,Kreis Höxter,10,Kreisliga B,Kreisliga B Gruppe 1 · Kreis Höxter,13,30,144,82,SG Bergheim-Sandebeck,13,fussball.de
031E1435Q4000004VS5489BTVUS470OH-G,Westfalen,Kreis Höxter,10,Kreisliga B,Kreisliga B Gruppe 2 · Kreis Höxter,13,30,135,85,FC Germete-Wormeln,15,fussball.de
030VV5LUR8000001VS5489BTVT51B5B5-G,Westfalen,Kreis Iserlohn,10,Kreisliga B,Kreisliga B - Iserlohn,16,23,112,64,Geisecker SV II,9,fussball.de
031BEPSE8K000004VS5489BUVUR5FS5A-G,Westfalen,Kreis Lemgo,10,Kreisliga B,Kreisliga B Lemgo,18,36,178,103,TuS Brake II,12,fussball.de
031H029MRK000008VS5489BTVVG7L386-G,Westfalen,Kreis Lippstadt,10,Kreisliga B,Kreisliga B Lippstadt,16,40,207,111,SVA Langeneicke,13,fussball.de
031F01PKV800000FVS5489BTVUS470OH-G,Westfalen,Kreis Lübbecke,10,Kreisliga B,Kreisliga B K 20 Lübbecke,15,34,154,94,BSC Blasheim II,15,fussball.de
0311BQF0SC00000AVS5489BUVVARDA0V-G,Westfalen,Kreis Lüdenscheid,10,Kreisliga B,Kreisliga B Lüdenscheid,12,5,19,14,PAS Plettenberg,3,fussball.de
031108TMC0000004VS5489BUVVARDA0V-G,Westfalen,Kreis Minden,10,Kreisliga B,Kreisliga B Minden,16,57,254,161,TuS Holzhausen/Porta,22,fussball.de
031BT42UNG000008VS5489BUVUR5FS5A-G,Westfalen,Kreis Münster,10,Kreisliga B,Kreisliga B 1 Herren · Kreis Münster,16,31,141,87,SC Sprakel,10,fussball.de
031BT42V0K00000BVS5489BUVUR5FS5A-G,Westfalen,Kreis Münster,10,Kreisliga B,Kreisliga B 2 Herren · Kreis Münster,15,28,143,79,FC Greffen,12,fussball.de
031BT42V74000008VS5489BUVUR5FS5A-G,Westfalen,Kreis Münster,10,Kreisliga B,Kreisliga B 3 Herren · Kreis Münster,15,24,105,67,ASEC Münster,9,fussball.de
031IL2SGT4000000VS5489BTVSRD0UH9-G,Westfalen,Kreis Olpe,10,Kreisliga B,Kreisliga B Olpe,16,39,193,107,SG Kirchveischede/Bonzel,12,fussball.de
0313R2MSRO000004VS5489BTVU7GTVLE-G,Westfalen,Kreis Paderborn,10,Kreisliga B,Kreisliga B1 Paderborn,16,36,185,103,SG Tudorf/Alfen,13,fussball.de
0313R2VL84000003VS5489BTVU7GTVLE-G,Westfalen,Kreis Paderborn,10,Kreisliga B,Kreisliga B2 Paderborn,16,37,214,108,SV Steinhausen,13,fussball.de
031B5HBLOC00000AVS5489BTVSK8S3O6-G,Westfalen,Kreis Recklinghausen,10,Kreisliga B,RE KL B 1 · Kreis Recklinghausen,16,22,118,63,Viktoria Heiden II,7,fussball.de
031B5HBM0K00000BVS5489BTVSK8S3O6-G,Westfalen,Kreis Recklinghausen,10,Kreisliga B,RE KL B 2 · Kreis Recklinghausen,14,19,120,54,ETG Recklinghausen,9,fussball.de
031B5HBM7800000AVS5489BTVSK8S3O6-G,Westfalen,Kreis Recklinghausen,10,Kreisliga B,RE KL B 3 · Kreis Recklinghausen,16,24,122,70,Spvgg. Erkenschwick II,9,fussball.de
031BJKGFES00000GVS5489BUVUR5FS5A-G,Westfalen,Kreis Siegen-Wittgenstein,10,Kreisliga B,Kreisliga B1-SIWI · Kreis Siegen-Wittgenstein,16,23,125,65,SV Fortuna Freudenberg II,9,fussball.de
031BJKGFO0000003VS5489BUVUR5FS5A-G,Westfalen,Kreis Siegen-Wittgenstein,10,Kreisliga B,Kreisliga B2-SIWI · Kreis Siegen-Wittgenstein,16,24,136,71,TuS Diedenshausen,9,fussball.de
031D481IKK000002VS5489BUVUR5FS5A-G,Westfalen,Kreis Soest,10,Kreisliga B,Kreisliga B Herren · Kreis Soest,15,35,216,100,SV Welver,15,fussball.de
031HKTMAU4000000VS5489BTVVG7L386-G,Westfalen,Kreis Steinfurt,10,Kreisliga B,Kreisliga B Steinfurt,16,24,114,66,FC Westfalia Bilk,9,fussball.de
031H15O2Q4000003VS5489BUVSJ4CRAP-G,Westfalen,Kreis Tecklenburg,10,Kreisliga B,Kreisliga B · Kreis Tecklenburg,16,24,94,63,SC Hörstel II,9,fussball.de
0317347R2S00000CVS5489BTVU7GTVLE-G,Westfalen,Kreis Unna-Hamm,10,Kreisliga B,Kreisliga B1 Unna-Hamm,16,37,254,104,FC Bönen,13,fussball.de
0317347RAO00000AVS5489BTVU7GTVLE-G,Westfalen,Kreis Unna-Hamm,10,Kreisliga B,Kreisliga B2 Unna-Hamm,17,40,203,112,VfB Lünen,13,fussball.de
03186QAHPS000004VS5489BUVSBBVPEU-G,Württemberg,Bezirk Alb (K),10,Kreisliga B,Kreisliga B1 · Bezirk Alb (K),13,21,84,63,SGM TSV Steinhilben / TSV Trochtelfingen,9,fussball.de
03186TAE98000004VS5489BUVSBBVPEU-G,Württemberg,Bezirk Alb (K),10,Kreisliga B,Kreisliga B2 · Bezirk Alb (K),14,21,118,60,FC Lichtenstein I,10,fussball.de
03186URAOG000004VS5489BUVSBBVPEU-G,Württemberg,Bezirk Alb (K),10,Kreisliga B,Kreisliga B3 · Bezirk Alb (K),13,12,66,33,SV Rommelsbach,6,fussball.de
0318700F5G000004VS5489BUVSBBVPEU-G,Württemberg,Bezirk Alb (K),10,Kreisliga B,Kreisliga B4 · Bezirk Alb (K),14,14,102,41,FC Mittelstadt,6,fussball.de
031871472O000004VS5489BUVSBBVPEU-G,Württemberg,Bezirk Alb (K),10,Kreisliga B,Kreisliga B5 · Bezirk Alb (K),13,12,51,35,SV 03 Tübingen II,6,fussball.de
031872E88G000004VS5489BUVSBBVPEU-G,Württemberg,Bezirk Alb (K),10,Kreisliga B,Kreisliga B6 · Bezirk Alb (K),13,12,63,35,TSV Gomaringen II,6,fussball.de
0311EI0SCK000008VS5489BTVT51B5B5-G,Württemberg,Bezirk Bodensee (K),10,Kreisliga B,Kreisliga B1 · Bezirk Bodensee (K),12,14,59,38,SV Maierhöfen-Grünenbach II,9,fussball.de
0311EI0SJC000009VS5489BTVT51B5B5-G,Württemberg,Bezirk Bodensee (K),10,Kreisliga B,Kreisliga B2 · Bezirk Bodensee (K),13,23,102,65,TSG Bad Wurzach,10,fussball.de
0311EI0SP8000004VS5489BTVT51B5B5-G,Württemberg,Bezirk Bodensee (K),10,Kreisliga B,Kreisliga B3 · Bezirk Bodensee (K),13,18,95,52,FG 2010 Wilhelmsdorf/Riedh./Zussd. II,12,fussball.de
0311EI0T0000000AVS5489BTVT51B5B5-G,Württemberg,Bezirk Bodensee (K),10,Kreisliga B,Kreisliga B4 · Bezirk Bodensee (K),13,20,111,59,TSV Neukirch,12,fussball.de
0311EI0T7400000BVS5489BTVT51B5B5-G,Württemberg,Bezirk Bodensee (K),10,Kreisliga B,Kreisliga B5 · Bezirk Bodensee (K),13,22,85,63,TSV Schlachters II,10,fussball.de
0311EI0TD800000AVS5489BTVT51B5B5-G,Württemberg,Bezirk Bodensee (K),10,Kreisliga B,Kreisliga B6 · Bezirk Bodensee (K),13,23,129,66,TSV Wangen,9,fussball.de
0313N6V19O000006VS5489BTVU7GTVLE-G,Württemberg,Bezirk Donau/Iller (K),10,Kreisliga B,Kreisliga B1 · Bezirk Donau/Iller (K),16,30,130,84,TSV Einsingen,10,fussball.de
0313N6V1GC00000BVS5489BTVU7GTVLE-G,Württemberg,Bezirk Donau/Iller (K),10,Kreisliga B,Kreisliga B2 · Bezirk Donau/Iller (K),16,29,141,79,FC Blautal,9,fussball.de
0313N6V1SO00000CVS5489BTVU7GTVLE-G,Württemberg,Bezirk Donau/Iller (K),10,Kreisliga B,Kreisliga B3 · Bezirk Donau/Iller (K),16,32,163,91,SGM Buch/Obenhausen II,12,fussball.de
0313N6V234000007VS5489BTVU7GTVLE-G,Württemberg,Bezirk Donau/Iller (K),10,Kreisliga B,Kreisliga B4 · Bezirk Donau/Iller (K),15,29,149,82,SGM Aufheim/Holzschwang II,13,fussball.de
031C3RL04K00000BVS5489BUVUR5FS5A-G,Württemberg,Bezirk Enz/Murr (K),10,Kreisliga B,Kreisliga B1 · Bezirk Enz/Murr (K),13,0,0,0,07 Ludwigsburg Fußball,0,fussball.de
031C3RL0D0000006VS5489BUVUR5FS5A-G,Württemberg,Bezirk Enz/Murr (K),10,Kreisliga B,Kreisliga B2 · Bezirk Enz/Murr (K),13,0,0,0,FC Marbach II,0,fussball.de
031C3RL0J400000BVS5489BUVUR5FS5A-G,Württemberg,Bezirk Enz/Murr (K),10,Kreisliga B,Kreisliga B3 · Bezirk Enz/Murr (K),12,0,0,0,AC Italia Markgröningen,0,fussball.de
031C3RL0PC00000CVS5489BUVUR5FS5A-G,Württemberg,Bezirk Enz/Murr (K),10,Kreisliga B,Kreisliga B4 · Bezirk Enz/Murr (K),13,0,0,0,1. FC Sportfreunde Münklingen,0,fussball.de
031C3RL0VK00000BVS5489BUVUR5FS5A-G,Württemberg,Bezirk Enz/Murr (K),10,Kreisliga B,Kreisliga B5 · Bezirk Enz/Murr (K),13,0,0,0,FC Gerlingen II,0,fussball.de
031C3RL15S000008VS5489BUVUR5FS5A-G,Württemberg,Bezirk Enz/Murr (K),10,Kreisliga B,Kreisliga B6 · Bezirk Enz/Murr (K),14,0,0,0,SGM FC Gündelbach/TSV Häfnerhaslach,0,fussball.de
031C3RL1B4000003VS5489BUVUR5FS5A-G,Württemberg,Bezirk Enz/Murr (K),10,Kreisliga B,Kreisliga B7 · Bezirk Enz/Murr (K),13,0,0,0,Club L'italiano Großbottwar,0,fussball.de
031C3RL1G0000007VS5489BUVUR5FS5A-G,Württemberg,Bezirk Enz/Murr (K),10,Kreisliga B,Kreisliga B8 · Bezirk Enz/Murr (K),14,0,0,0,Aramäer Bietigheim,0,fussball.de
031A8TF1EG000005VS5489BUVV628VP4-G,Württemberg,Bezirk Franken (K),10,Kreisliga B,Kreisliga B1 · Bezirk Franken (K),15,21,102,59,TSV Botenheim II,9,fussball.de
031A8TF1K4000005VS5489BUVV628VP4-G,Württemberg,Bezirk Franken (K),10,Kreisliga B,Kreisliga B2 · Bezirk Franken (K),15,17,102,48,SV Leingarten II,9,fussball.de
031A8TF1OC000005VS5489BUVV628VP4-G,Württemberg,Bezirk Franken (K),10,Kreisliga B,Kreisliga B3 · Bezirk Franken (K),15,20,118,59,Spvgg Heinriet,9,fussball.de
031A8TF1U0000005VS5489BUVV628VP4-G,Württemberg,Bezirk Franken (K),10,Kreisliga B,Kreisliga B4 · Bezirk Franken (K),15,21,111,61,SGM Bad Wimpfen II/Offenau I,9,fussball.de
031A8TF22O000005VS5489BUVV628VP4-G,Württemberg,Bezirk Franken (K),10,Kreisliga B,Kreisliga B5 · Bezirk Franken (K),14,18,87,50,TSV Zweiflingen,7,fussball.de
031A8TF274000005VS5489BUVV628VP4-G,Württemberg,Bezirk Franken (K),10,Kreisliga B,Kreisliga B6 · Bezirk Franken (K),14,18,101,53,SGM Edelfingen/Löffelstelzen,9,fussball.de
031EM6L04O000006VS5489BUVUR5FS5A-G,Württemberg,Bezirk Neckar/Fils (K),10,Kreisliga B,Kreisliga B1 · Bezirk Neckar/Fils (K),14,14,70,40,TSV Baltmannsweiler,6,fussball.de
031EM6L0BG000007VS5489BUVUR5FS5A-G,Württemberg,Bezirk Neckar/Fils (K),10,Kreisliga B,Kreisliga B2 · Bezirk Neckar/Fils (K),16,16,94,46,SGM Ohmden/Holzmaden,6,fussball.de
031EM6L0GO000007VS5489BUVUR5FS5A-G,Württemberg,Bezirk Neckar/Fils (K),10,Kreisliga B,Kreisliga B3 · Bezirk Neckar/Fils (K),12,9,46,26,Türk. SV Ebersbach,6,fussball.de
031EM6L0MG000008VS5489BUVUR5FS5A-G,Württemberg,Bezirk Neckar/Fils (K),10,Kreisliga B,Kreisliga B4 · Bezirk Neckar/Fils (K),12,9,52,26,TG Böhmenkirch,6,fussball.de
030SRLRKE4000005VS5489BTVVR5L0PB-G,Württemberg,Bezirk Nordschwarzwald (K),10,Kreisliga B,Kreisliga B1 · Bezirk Nordschwarzwald (K),14,13,50,38,VfB Effringen,6,fussball.de
030SRLRKJK000006VS5489BTVVR5L0PB-G,Württemberg,Bezirk Nordschwarzwald (K),10,Kreisliga B,Kreisliga B2 · Bezirk Nordschwarzwald (K),12,12,50,33,SGM Überberg/Ettmannsweiler/Aichelberg,6,fussball.de
030SRLRKPG000006VS5489BTVVR5L0PB-G,Württemberg,Bezirk Nordschwarzwald (K),10,Kreisliga B,Kreisliga B3 · Bezirk Nordschwarzwald (K),12,12,68,33,SV Oberiflingen,6,fussball.de
030SRMS3UK000003VS5489BTVVR5L0PB-G,Württemberg,Bezirk Nordschwarzwald (K),10,Kreisliga B,Kreisliga B4 · Bezirk Nordschwarzwald (K),13,11,44,32,SG Talheim,6,fussball.de
031B7GLNIC000006VS5489BUVV628VP4-G,Württemberg,Bezirk Oberschwaben (K),10,Kreisliga B,Kreisliga B1 · Bezirk Oberschwaben (K),14,18,102,52,SV Bingen/Hitzkofen,9,fussball.de
031B7GLNS0000006VS5489BUVV628VP4-G,Württemberg,Bezirk Oberschwaben (K),10,Kreisliga B,Kreisliga B2 · Bezirk Oberschwaben (K),13,16,73,44,SGM Gutenzell/Schönebürg II,9,fussball.de
031B7GLO3S000006VS5489BUVV628VP4-G,Württemberg,Bezirk Oberschwaben (K),10,Kreisliga B,Kreisliga B3 · Bezirk Oberschwaben (K),13,15,53,39,SV Ölkofen,9,fussball.de
031B7GLOCS000005VS5489BUVV628VP4-G,Württemberg,Bezirk Oberschwaben (K),10,Kreisliga B,Kreisliga B4 · Bezirk Oberschwaben (K),12,16,66,45,SGM Eberhardzell/Unterschwarzach II,7,fussball.de
03153EEJT800000EVS5489BTVU7GTVLE-G,Württemberg,Bezirk Ostwürttemberg (K),10,Kreisliga B,Kreisliga B1 · Bezirk Ostwürttemberg (K),13,23,90,64,1.FC Germania Bargau II,12,fussball.de
03153EEK4G00000DVS5489BTVU7GTVLE-G,Württemberg,Bezirk Ostwürttemberg (K),10,Kreisliga B,Kreisliga B2 · Bezirk Ostwürttemberg (K),13,24,88,68,TV Herlikofen II,9,fussball.de
03153EEKA0000003VS5489BTVU7GTVLE-G,Württemberg,Bezirk Ostwürttemberg (K),10,Kreisliga B,Kreisliga B3 · Bezirk Ostwürttemberg (K),14,30,128,87,SV DJK Nordhausen-Zipplingen,15,fussball.de
03153EEKGO00000FVS5489BTVU7GTVLE-G,Württemberg,Bezirk Ostwürttemberg (K),10,Kreisliga B,Kreisliga B4 · Bezirk Ostwürttemberg (K),16,32,166,94,TKSV Giengen,12,fussball.de
0319ARASFO000006VS5489BUVV628VP4-G,Württemberg,Bezirk Rems/Murr/Hall (K),10,Kreisliga B,Kreisliga B1 · Bezirk Rems/Murr/Hall (K),14,13,55,37,VfL Winterbach,6,fussball.de
0319ARASMC000005VS5489BUVV628VP4-G,Württemberg,Bezirk Rems/Murr/Hall (K),10,Kreisliga B,Kreisliga B2 · Bezirk Rems/Murr/Hall (K),14,18,113,54,TSV Leutenbach,9,fussball.de
0319ARASR8000006VS5489BUVV628VP4-G,Württemberg,Bezirk Rems/Murr/Hall (K),10,Kreisliga B,Kreisliga B3 · Bezirk Rems/Murr/Hall (K),14,17,89,46,TSV Schwaikheim II,7,fussball.de
0319ARAT0O000005VS5489BUVV628VP4-G,Württemberg,Bezirk Rems/Murr/Hall (K),10,Kreisliga B,Kreisliga B4 · Bezirk Rems/Murr/Hall (K),14,17,107,47,SC Korb II,9,fussball.de
0319ARAT5C000006VS5489BUVV628VP4-G,Württemberg,Bezirk Rems/Murr/Hall (K),10,Kreisliga B,Kreisliga B5 · Bezirk Rems/Murr/Hall (K),14,19,112,55,FV Sulzbach/Murr II,7,fussball.de
0319ARATAK000006VS5489BUVV628VP4-G,Württemberg,Bezirk Rems/Murr/Hall (K),10,Kreisliga B,Kreisliga B6 · Bezirk Rems/Murr/Hall (K),15,21,102,58,Spfr Schwäbisch Hall II,9,fussball.de
0319ARATG4000002VS5489BUVV628VP4-G,Württemberg,Bezirk Rems/Murr/Hall (K),10,Kreisliga B,Kreisliga B7 · Bezirk Rems/Murr/Hall (K),15,21,109,59,SC Wiesenbach,7,fussball.de
031516VK5G000004VS5489BUVSBBVPEU-G,Württemberg,Bezirk Schwarzwald/Zollern (K),10,Kreisliga B,Kreisliga B1 · Bezirk Schwarzwald/Zollern (K),15,28,108,78,SV Herrenzimmern I,12,fussball.de
0315174K8C000004VS5489BUVSBBVPEU-G,Württemberg,Bezirk Schwarzwald/Zollern (K),10,Kreisliga B,Kreisliga B2 · Bezirk Schwarzwald/Zollern (K),15,27,125,79,SGM Ringingen/Killertal I,12,fussball.de
031517653S000004VS5489BUVSBBVPEU-G,Württemberg,Bezirk Schwarzwald/Zollern (K),10,Kreisliga B,Kreisliga B3 · Bezirk Schwarzwald/Zollern (K),15,25,104,72,TSV Harthausen/Scher II,10,fussball.de
03143TGQJC000006VS5489BTVU7GTVLE-G,Württemberg,Bezirk Stuttgart/Böblingen (K),10,Kreisliga B,Kreisliga B1 · Bezirk Stuttgart/Böblingen (K),14,10,68,29,TSVgg Plattenhardt II,6,fussball.de
03143TGQPG000006VS5489BTVU7GTVLE-G,Württemberg,Bezirk Stuttgart/Böblingen (K),10,Kreisliga B,Kreisliga B2 · Bezirk Stuttgart/Böblingen (K),13,11,79,32,TSV Birkach II,6,fussball.de
03143TGQUC000006VS5489BTVU7GTVLE-G,Württemberg,Bezirk Stuttgart/Böblingen (K),10,Kreisliga B,Kreisliga B3 · Bezirk Stuttgart/Böblingen (K),13,12,61,34,SportKultur Stuttgart,6,fussball.de
03143TGR3G000006VS5489BTVU7GTVLE-G,Württemberg,Bezirk Stuttgart/Böblingen (K),10,Kreisliga B,Kreisliga B4 · Bezirk Stuttgart/Böblingen (K),13,11,62,31,VfL Stuttgart II,6,fussball.de
03143TGR8C000006VS5489BTVU7GTVLE-G,Württemberg,Bezirk Stuttgart/Böblingen (K),10,Kreisliga B,Kreisliga B5 · Bezirk Stuttgart/Böblingen (K),13,11,63,31,SKV Palästina Al Quds,6,fussball.de
03143UCL7G000006VS5489BTVU7GTVLE-G,Württemberg,Bezirk Stuttgart/Böblingen (K),10,Kreisliga B,Kreisliga B6 · Bezirk Stuttgart/Böblingen (K),13,10,43,27,SV Affstaett,4,fussball.de
03143TGRD0000003VS5489BTVU7GTVLE-G,Württemberg,Bezirk Stuttgart/Böblingen (K),10,Kreisliga B,Kreisliga B7 · Bezirk Stuttgart/Böblingen (K),13,12,59,32,TSV Musberg II,6,fussball.de
03143TGRI0000006VS5489BTVU7GTVLE-G,Württemberg,Bezirk Stuttgart/Böblingen (K),10,Kreisliga B,Kreisliga B8 · Bezirk Stuttgart/Böblingen (K),14,11,58,31,TSV Schönaich II,6,fussball.de
031DCA23KK00000EVS5489BTVUS470OH-G,Baden,Kreis Bruchsal,11,Kreisklasse C,bfv-Kreisklasse C Bruchsal,12,9,51,27,FZG Münzesheim 2,6,fussball.de
031CI78FG000000EVS5489BTVUS470OH-G,Baden,Kreis Heidelberg,11,Kreisklasse C,bfv-Kreisklasse C1 Heidelberg,15,28,161,83,VfR Walldorf 2,9,fussball.de
031CI78FA400000BVS5489BTVUS470OH-G,Baden,Kreis Heidelberg,11,Kreisklasse C,bfv-Kreisklasse C2 Heidelberg,15,27,142,78,SpG Schönau 1/Altneudorf 1/Neckarsteinach 2,12,fussball.de
03141RRNT800000EVS5489BTVU7GTVLE-G,Baden,Kreis Karlsruhe,11,Kreisklasse C,bfv-Kreisklasse C1 Karlsruhe,13,10,58,29,FV Leopoldshafen 2,6,fussball.de
03141RRO3S00000BVS5489BTVU7GTVLE-G,Baden,Kreis Karlsruhe,11,Kreisklasse C,bfv-Kreisklasse C2 Karlsruhe,13,11,49,33,SC Neuburgweier 2,6,fussball.de
03141RROA000000FVS5489BTVU7GTVLE-G,Baden,Kreis Karlsruhe,11,Kreisklasse C,bfv-Kreisklasse C3 Karlsruhe,12,9,33,26,VfR Ittersbach 2,6,fussball.de
031VDQUU08000005VS5489BUVSORQI22-G,Baden,Kreis Mannheim,11,Kreisklasse C,Privatmannschaften · Kreis Mannheim,10,0,0,0,ASV Feudenheim 3,0,fussball.de
0316DCKSU4000004VS5489BTVU7GTVLE-G,Baden,Kreis Pforzheim,11,Kreisklasse C,bfv-Kreisklasse C1 Pforzheim,12,8,37,22,TSV Maulbronn 2,4,fussball.de
0316DCT9O0000004VS5489BTVU7GTVLE-G,Baden,Kreis Pforzheim,11,Kreisklasse C,bfv-Kreisklasse C2 Pforzheim,12,10,63,29,SpVgg Dillweißenstein,6,fussball.de
0316DD62GG000004VS5489BTVU7GTVLE-G,Baden,Kreis Pforzheim,11,Kreisklasse C,bfv-Kreisklasse C3 Pforzheim,12,7,38,19,SV Ottenhausen,6,fussball.de
0314289CGC000008VS5489BUVSBBVPEU-G,Baden,Kreis Sinsheim,11,Kreisklasse C,bfv-Kreisklasse C Nord Sinsheim,12,14,78,42,SV Rohrbach/S 2,9,fussball.de
0314289CMC000008VS5489BUVSBBVPEU-G,Baden,Kreis Sinsheim,11,Kreisklasse C,bfv-Kreisklasse C Süd Sinsheim,11,12,52,33,TSV Angelbachtal 2,9,fussball.de
0315DFFE64000004VS5489BTVU7GTVLE-G,Bayern,Kreis Allgäu,11,B Klasse,B-Klasse Allgäu 1 Flex,12,25,139,69,(SG) Kimratshofen2/Legau3,10,fussball.de
0315DFKD7K000004VS5489BTVU7GTVLE-G,Bayern,Kreis Allgäu,11,B Klasse,B-Klasse Allgäu 2 Flex,14,34,156,98,SVO Germaringen 3,15,fussball.de
0315DFN19K000004VS5489BTVU7GTVLE-G,Bayern,Kreis Allgäu,11,B Klasse,B-Klasse Allgäu 3 Flex,6,8,44,24,TSV Mindelheim 3,6,fussball.de
03187B5VDS000005VS5489BUVSBBVPEU-G,Bayern,Kreis Allgäu,11,B Klasse,B-Klasse Allgäu 4 Flex,14,32,150,90,TSV Buchenberg 2,13,fussball.de
03155JBPMC000004VS5489BUVSBBVPEU-G,Bayern,Kreis Allgäu,11,B Klasse,B-Klasse Allgäu 5 Flex,14,35,149,103,SV Bidingen 2,15,fussball.de
03155JBPSS000005VS5489BUVSBBVPEU-G,Bayern,Kreis Allgäu,11,B Klasse,B-Klasse Allgäu 6 Flex,9,21,89,61,SG Untrasried/Haldenwang 3,15,fussball.de
0313EK95KC000006VS5489BUVSBBVPEU-G,Bayern,Kreis Amberg/Weiden,11,B Klasse,B-Klasse AM/WEN  Ost · Kreis Amberg/Weiden,11,25,166,74,SG SV Altenstadt/Voh. II/FSV Waldthurn II,13,fussball.de
0313EK95OO000006VS5489BUVSBBVPEU-G,Bayern,Kreis Amberg/Weiden,11,B Klasse,B-Klasse AM/WEN  Süd · Kreis Amberg/Weiden,9,14,68,41,TSV Kümmersbruck II,12,fussball.de
0313EK95E4000006VS5489BUVSBBVPEU-G,Bayern,Kreis Amberg/Weiden,11,B Klasse,B-Klasse AM/WEN  West · Kreis Amberg/Weiden,11,27,128,77,SV Neusorg II,17,fussball.de
0318S0VRTS000006VS5489BTVSK8S3O6-G,Bayern,Kreis Aschaffenburg,11,B Klasse,BK-Gr1 AB · Kreis Aschaffenburg,14,47,228,135,(SG 2) SV Königshofen/Kahl 2/SG Schimborn 2,19,fussball.de
0318S0VS2O000006VS5489BTVSK8S3O6-G,Bayern,Kreis Aschaffenburg,11,B Klasse,BK-Gr2 AB · Kreis Aschaffenburg,15,45,242,129,SV Aschaffenburg-Damm,16,fussball.de
0318S0VS8G000005VS5489BTVSK8S3O6-G,Bayern,Kreis Aschaffenburg,11,B Klasse,BK-Gr3 AB · Kreis Aschaffenburg,14,45,256,130,(SG 1) TSV Soden 2/ Sulzbach 2,16,fussball.de
0318S0VSD4000005VS5489BTVSK8S3O6-G,Bayern,Kreis Aschaffenburg,11,B Klasse,BK-Gr4 AB · Kreis Aschaffenburg,13,40,187,115,Türk FV Miltenberg 2,16,fussball.de
0310VQ205O000008VS5489BTVT51B5B5-G,Bayern,Kreis Augsburg,11,B Klasse,BK Aichach · Kreis Augsburg,14,25,137,73,Türkspor Aichach,12,fussball.de
0310VOR3NG000006VS5489BTVT51B5B5-G,Bayern,Kreis Augsburg,11,B Klasse,BK Augsburg Nord (FLEX),13,23,117,67,(SG) FC Emersacker/TSV Welden 2,12,fussball.de
0310VQ1VLO000007VS5489BTVT51B5B5-G,Bayern,Kreis Augsburg,11,B Klasse,BK Augsburg Ost,13,21,102,61,FC Hochzoll,12,fussball.de
0310VQ20B0000005VS5489BTVT51B5B5-G,Bayern,Kreis Augsburg,11,B Klasse,BK Augsburg Süd,13,22,94,64,Türk SV Bobingen 2,12,fussball.de
0310VOR3U8000007VS5489BTVT51B5B5-G,Bayern,Kreis Augsburg,11,B Klasse,BK Augsburg West (FLEX),13,21,115,62,TSV Steppach 2,12,fussball.de
0310VQ200O000000VS5489BTVT51B5B5-G,Bayern,Kreis Augsburg,11,B Klasse,BK-Neuburg · Kreis Augsburg,14,28,137,81,FC Rennertshofen 2,12,fussball.de
0315MQOVP000000SVS5489BTVU7GTVLE-G,Bayern,Kreis Cham/Schwandorf,11,B Klasse,B-Klasse CHA/SAD Gr. 1 · Kreis Cham/Schwandorf,13,38,188,102,DJK Arnschwang II,17,fussball.de
0315MQOU4G000000VS5489BTVU7GTVLE-G,Bayern,Kreis Cham/Schwandorf,11,B Klasse,B-Klasse CHA/SAD Gr. 2 · Kreis Cham/Schwandorf,12,32,122,92,SF Weidenthal-Guteneck II,16,fussball.de
0315MQP0UG000007VS5489BTVU7GTVLE-G,Bayern,Kreis Cham/Schwandorf,11,B Klasse,B-Klasse CHA/SAD Gr. 3 · Kreis Cham/Schwandorf,12,37,166,105,(SG 2) Wetterfeld II/Pösing II/Stamsried II,16,fussball.de
0315MQP26K00000FVS5489BTVU7GTVLE-G,Bayern,Kreis Cham/Schwandorf,11,B Klasse,B-Klasse CHA/SAD Gr. 4 · Kreis Cham/Schwandorf,13,44,190,120,1. SG Regental II,19,fussball.de
0317TGR8RO000004VS5489BUVSBBVPEU-G,Bayern,Kreis Cham/Schwandorf,11,B Klasse,B-Klasse CHA/SAD Gr. 5 · Kreis Cham/Schwandorf,8,17,99,51,TB 03 Roding III,18,fussball.de
03124CL1J8000004VS5489BTVT51B5B5-G,Bayern,Kreis Coburg/Kronach/Lichtenf.,11,B Klasse,B-Klasse 1 · Kreis Coburg/Kronach/Lichtenf.,11,28,183,82,TSV Sonnefeld 3 (9er),13,fussball.de
03124CN2BC000003VS5489BTVT51B5B5-G,Bayern,Kreis Coburg/Kronach/Lichtenf.,11,B Klasse,B-Klasse 2 · Kreis Coburg/Kronach/Lichtenf.,13,39,219,111,FV Mistelfeld 2 (11er),15,fussball.de
03124CPQ1C000000VS5489BTVT51B5B5-G,Bayern,Kreis Coburg/Kronach/Lichtenf.,11,B Klasse,B-Klasse 3 · Kreis Coburg/Kronach/Lichtenf.,12,34,180,100,Spvg. Wüstenahorn 2 (11er),18,fussball.de
0315D2TN2C000005VS5489BTVU7GTVLE-G,Bayern,Kreis Donau/Isar,11,B Klasse,431 B-Klasse 1 · Kreis Donau/Isar,11,11,49,33,VfB Kipfenberg II,9,fussball.de
0315D2TOPS00000JVS5489BTVU7GTVLE-G,Bayern,Kreis Donau/Isar,11,B Klasse,432 B-Klasse 2 · Kreis Donau/Isar,11,10,26,25,SV Ernsgaden,6,fussball.de
0315D2TQ0G000016VS5489BTVU7GTVLE-G,Bayern,Kreis Donau/Isar,11,B Klasse,433 B-Klasse 3 · Kreis Donau/Isar,11,9,39,23,Türk SV Pfaffenhofen,6,fussball.de
0315D2TR6C00000KVS5489BTVU7GTVLE-G,Bayern,Kreis Donau/Isar,11,B Klasse,434 B-Klasse 4 · Kreis Donau/Isar,10,8,38,24,SV Pulling II,6,fussball.de
0315D2TSF000000MVS5489BTVU7GTVLE-G,Bayern,Kreis Donau/Isar,11,B Klasse,435 B-Klasse 5 · Kreis Donau/Isar,14,27,112,74,TSV Aspis Taufkirchen II,10,fussball.de
030UHNJP4O00004IVS5489BTVT51B5B5-G,Bayern,Kreis Inn/Salzach,11,B Klasse,B-Klasse 1 · Kreis Inn/Salzach,12,12,33,35,SV Ostermünchen 2,6,fussball.de
030UHNJQH000000SVS5489BTVT51B5B5-G,Bayern,Kreis Inn/Salzach,11,B Klasse,B-Klasse 2 · Kreis Inn/Salzach,11,10,44,29,WSV Aschau 2,6,fussball.de
030UHNJRO400005DVS5489BTVT51B5B5-G,Bayern,Kreis Inn/Salzach,11,B Klasse,B-Klasse 3 · Kreis Inn/Salzach,12,9,29,25,SV Forsting-Pfaffing 2,6,fussball.de
030UHNJT3000005DVS5489BTVT51B5B5-G,Bayern,Kreis Inn/Salzach,11,B Klasse,B-Klasse 4 · Kreis Inn/Salzach,11,10,48,30,SV Schwindegg,6,fussball.de
030UHNJUB4000047VS5489BTVT51B5B5-G,Bayern,Kreis Inn/Salzach,11,B Klasse,B-Klasse 5 · Kreis Inn/Salzach,12,10,53,29,TSV Peterskirchen 2,6,fussball.de
030UHNJVL800000SVS5489BTVT51B5B5-G,Bayern,Kreis Inn/Salzach,11,B Klasse,B-Klasse 6 · Kreis Inn/Salzach,12,11,54,31,SC Anger 2,6,fussball.de
031AP11UM0000004VS5489BUVV628VP4-G,Bayern,Kreis München,11,B Klasse,131 B-Klasse 1 · Kreis München,11,7,15,21,TSV Schwabhausen II,6,fussball.de
031AP19G64000004VS5489BUVV628VP4-G,Bayern,Kreis München,11,B Klasse,132 B-Klasse 2 · Kreis München,11,5,22,14,FC Hochbrück II,3,fussball.de
031AP1FEQK000003VS5489BUVV628VP4-G,Bayern,Kreis München,11,B Klasse,133 B-Klasse 3 · Kreis München,11,4,28,12,TSV Mün.-Solln III,3,fussball.de
031AP1RR18000004VS5489BUVV628VP4-G,Bayern,Kreis München,11,B Klasse,134 B-Klasse 4 · Kreis München,11,5,22,14,SpVgg Unterhaching III,3,fussball.de
031AP24F3K000004VS5489BUVV628VP4-G,Bayern,Kreis München,11,B Klasse,135 B-Klasse 5 · Kreis München,12,5,18,14,DJK Sportbund München Ost II,3,fussball.de
031AP2DVUS000004VS5489BUVV628VP4-G,Bayern,Kreis München,11,B Klasse,136 B-Klasse 6 · Kreis München,11,5,30,14,SV Hohenlinden II,3,fussball.de
031BJ5U9UK000002VS5489BUVUR5FS5A-G,Bayern,Kreis Neumarkt/Jura,11,B Klasse,BK Mitte · Kreis Neumarkt/Jura,11,15,72,44,SV Abenberg,12,fussball.de
031BJ5U8VC000006VS5489BUVUR5FS5A-G,Bayern,Kreis Neumarkt/Jura,11,B Klasse,BK Nord/NordWest · Kreis Neumarkt/Jura,13,29,135,85,TSV Wolkersdorf II,13,fussball.de
031BJ5U97G000000VS5489BUVUR5FS5A-G,Bayern,Kreis Neumarkt/Jura,11,B Klasse,BK Ost/NordOst · Kreis Neumarkt/Jura,12,19,103,55,(SG) Pilsach/Litzlohe II,12,fussball.de
031BJ5U9D8000007VS5489BUVUR5FS5A-G,Bayern,Kreis Neumarkt/Jura,11,B Klasse,BK Süd · Kreis Neumarkt/Jura,12,20,91,55,TSV Mörsdorf II (9er),9,fussball.de
031BJ5U9IG000008VS5489BUVUR5FS5A-G,Bayern,Kreis Neumarkt/Jura,11,B Klasse,BK Süd/West · Kreis Neumarkt/Jura,14,24,110,69,1. FC Altenmuhr II,12,fussball.de
031BJ5U9OO000007VS5489BUVUR5FS5A-G,Bayern,Kreis Neumarkt/Jura,11,B Klasse,BK West · Kreis Neumarkt/Jura,14,30,136,85,(SG) Gunzenhausen/Unterwurmbach II,13,fussball.de
0317T9RV0K000006VS5489BUVSBBVPEU-G,Bayern,Kreis Nürnberg/Frankenhöhe,11,B Klasse,BK-Gr 1 N/F · Kreis Nürnberg/Frankenhöhe,12,29,140,85,TSV Elpersdorf 2,16,fussball.de
0317T9RV70000002VS5489BUVSBBVPEU-G,Bayern,Kreis Nürnberg/Frankenhöhe,11,B Klasse,BK-Gr 2 N/F · Kreis Nürnberg/Frankenhöhe,12,27,141,79,(SG) Ansbach Eyb-Fichte U23 (B9),12,fussball.de
0317T9RVC8000006VS5489BUVSBBVPEU-G,Bayern,Kreis Nürnberg/Frankenhöhe,11,B Klasse,BK-Gr 3 N/F · Kreis Nürnberg/Frankenhöhe,11,26,136,76,RSV Sugenheim II,13,fussball.de
0317T9RVH4000006VS5489BUVSBBVPEU-G,Bayern,Kreis Nürnberg/Frankenhöhe,11,B Klasse,BK-Gr 4 N/F · Kreis Nürnberg/Frankenhöhe,13,26,127,73,TSV Markt Erlbach II (B9),13,fussball.de
0317T9S0CG00002TVS5489BUVSBBVPEU-G,Bayern,Kreis Nürnberg/Frankenhöhe,11,B Klasse,BK-Gr 5 N/F · Kreis Nürnberg/Frankenhöhe,14,41,218,120,ESV Flügelrad Nürnberg II,16,fussball.de
0317T9S1O800001PVS5489BUVSBBVPEU-G,Bayern,Kreis Nürnberg/Frankenhöhe,11,B Klasse,BK-Gr 6 N/F · Kreis Nürnberg/Frankenhöhe,13,33,173,95,SpVgg Nürnberg 2,15,fussball.de
0317T9S32C00000EVS5489BUVSBBVPEU-G,Bayern,Kreis Nürnberg/Frankenhöhe,11,B Klasse,BK-Gr 7 N/F · Kreis Nürnberg/Frankenhöhe,14,35,196,101,Türk. SV Fürth,18,fussball.de
030ULTKN7C00005CVS5489BUVVARDA0V-G,Bayern,Kreis Regensburg,11,B Klasse,B-Klasse Rgbg Gruppe 1 · Kreis Regensburg,9,15,76,42,SG Pfakofen II/Aufhausen II/Wallkofen II,12,fussball.de
030ULTKOHS00005CVS5489BUVVARDA0V-G,Bayern,Kreis Regensburg,11,B Klasse,B-Klasse Rgbg Gruppe 2 · Kreis Regensburg,8,9,59,25,(SG 2) Schwabelweis II/Nord II,7,fussball.de
030ULTKP80000006VS5489BUVVARDA0V-G,Bayern,Kreis Regensburg,11,B Klasse,B-Klasse Rgbg Gruppe 3 · Kreis Regensburg,8,12,72,34,SpVgg Wolfsegg,9,fussball.de
030ULTKPVO00000JVS5489BUVVARDA0V-G,Bayern,Kreis Regensburg,11,B Klasse,B-Klasse Rgbg Gruppe 4 · Kreis Regensburg,8,14,52,42,SV Lupburg II,9,fussball.de
03135BHOFS000007VS5489BTVU7GTVLE-G,Bayern,Kreis Rhön,11,B Klasse,B-KLasse Rhön 2 flexible Mannschaftsstärke,16,60,301,171,(SG 1) TSV Trappstadt 2,19,fussball.de
03135BHOBO000007VS5489BTVU7GTVLE-G,Bayern,Kreis Rhön,11,B Klasse,B-Klasse Rhön 1 flexible Mannschaftsstärke,16,59,262,169,(SG 1) 1.FC 1919 Bad Brückenau,18,fussball.de
03135B2FSK000006VS5489BTVU7GTVLE-G,Bayern,Kreis Schweinfurt,11,B Klasse,BK-Gr 3 SW · Kreis Schweinfurt,13,42,215,119,(SG 2) SPFR 48 Unterhohenried 2/ SV 1911 Sylbach 2,18,fussball.de
03135B2G0O000003VS5489BTVU7GTVLE-G,Bayern,Kreis Schweinfurt,11,B Klasse,BK-Gr 4 SW · Kreis Schweinfurt,12,30,157,89,1.FC 1953 Knetzgau,18,fussball.de
03135B2FJ8000006VS5489BTVU7GTVLE-G,Bayern,Kreis Schweinfurt,11,B Klasse,BK-Gr1 SW · Kreis Schweinfurt,12,27,162,77,1. FC 1949 Garstadt,15,fussball.de
03135B2FO8000006VS5489BTVU7GTVLE-G,Bayern,Kreis Schweinfurt,11,B Klasse,BK-Gr2 SW · Kreis Schweinfurt,13,35,201,101,SG Heidenfeld/Hirschfeld e.V. 2,21,fussball.de
03135BCJN000005EVS5489BTVU7GTVLE-G,Bayern,Kreis Würzburg,11,B Klasse,BK-Gr 1 WÜ · Kreis Würzburg,15,50,256,139,SB Versbach 2,19,fussball.de
03135BCKRG00005DVS5489BTVU7GTVLE-G,Bayern,Kreis Würzburg,11,B Klasse,BK-Gr 2 WÜ · Kreis Würzburg,13,35,145,98,(SG2) Reichenberg/Rottenbauer 2,12,fussball.de
03135BCM2800003MVS5489BTVU7GTVLE-G,Bayern,Kreis Würzburg,11,B Klasse,BK-Gr 3 WÜ · Kreis Würzburg,15,53,261,154,TSV Mainbernheim 2,18,fussball.de
03135BCN8C000036VS5489BTVU7GTVLE-G,Bayern,Kreis Würzburg,11,B Klasse,BK-Gr 4 WÜ · Kreis Würzburg,13,37,201,106,(SG 1) DJK Gramschatz 2/ ASV Rimpar 3,18,fussball.de
03135BCOB0000000VS5489BTVU7GTVLE-G,Bayern,Kreis Würzburg,11,B Klasse,BK-Gr 5 WÜ · Kreis Würzburg,14,42,235,123,FV Mittelsinn/Obersinn,19,fussball.de
030RC3JI0C000000VS5489BTVVR5L0PB-G,Bayern,Kreis Zugspitze,11,B Klasse,B-Klasse Gruppe 1 · Kreis Zugspitze,12,12,68,34,FC Eichenau II,6,fussball.de
030RC3JJG0000000VS5489BTVVR5L0PB-G,Bayern,Kreis Zugspitze,11,B Klasse,B-Klasse Gruppe 2 · Kreis Zugspitze,12,10,47,27,VSST Günzlhofen,6,fussball.de
030RC3JKP800000OVS5489BTVVR5L0PB-G,Bayern,Kreis Zugspitze,11,B Klasse,B-Klasse Gruppe 3 · Kreis Zugspitze,11,9,45,27,(SG) SV Helfendorf / SF Aying II,6,fussball.de
030RC3JM3O00000AVS5489BTVVR5L0PB-G,Bayern,Kreis Zugspitze,11,B Klasse,B-Klasse Gruppe 4 · Kreis Zugspitze,12,15,75,42,SC Wörnsmühl II,7,fussball.de
030RC3JNCK000028VS5489BTVVR5L0PB-G,Bayern,Kreis Zugspitze,11,B Klasse,B-Klasse Gruppe 5 · Kreis Zugspitze,12,10,48,30,(SG) TSV Pähl/SV Wielenbach II,6,fussball.de
030RC3JOLG00002DVS5489BTVVR5L0PB-G,Bayern,Kreis Zugspitze,11,B Klasse,B-Klasse Gruppe 6 · Kreis Zugspitze,11,9,45,26,VTA Garmisch-P.,6,fussball.de
030RC3JPV800003HVS5489BTVVR5L0PB-G,Bayern,Kreis Zugspitze,11,B Klasse,B-Klasse Gruppe 7 · Kreis Zugspitze,12,12,54,36,FV Walleshausen,6,fussball.de
030RC3JR8C00001BVS5489BTVVR5L0PB-G,Bayern,Kreis Zugspitze,11,B Klasse,B-Klasse Gruppe 8 · Kreis Zugspitze,11,10,44,25,TSV Schongau II,4,fussball.de
0317AGUJM8000006VS5489BUVSBBVPEU-G,Berlin,Kreis Berlin,11,Kreisliga C,Herren Kreisliga C St.1 · Kreis Berlin,15,14,129,42,Rosenthal FC,6,fussball.de
0317AGUJUC000006VS5489BUVSBBVPEU-G,Berlin,Kreis Berlin,11,Kreisliga C,Herren Kreisliga C St.2 · Kreis Berlin,14,11,91,31,1. FC Schöneberg III,6,fussball.de
0317AGUK5C000004VS5489BUVSBBVPEU-G,Berlin,Kreis Berlin,11,Kreisliga C,Herren Kreisliga C St.3 · Kreis Berlin,13,10,61,26,TSV Berlin-Wittenau,6,fussball.de
0317AGUKBK000005VS5489BUVSBBVPEU-G,Berlin,Kreis Berlin,11,Kreisliga C,Herren Kreisliga C St.4 · Kreis Berlin,13,11,76,33,S.D. Croatia Berlin II,6,fussball.de
0317AGUKH0000006VS5489BUVSBBVPEU-G,Berlin,Kreis Berlin,11,Kreisliga C,Herren Kreisliga C St.5 · Kreis Berlin,16,16,135,45,Capri Berlino III Atlas Lions,6,fussball.de
0317AGUKM0000006VS5489BUVSBBVPEU-G,Berlin,Kreis Berlin,11,Kreisliga C,Herren Kreisliga C St.6 · Kreis Berlin,15,14,98,41,SC Minerva III,6,fussball.de
0317AGUKQS000006VS5489BUVSBBVPEU-G,Berlin,Kreis Berlin,11,Kreisliga C,Herren Kreisliga C St.7 · Kreis Berlin,14,12,63,36,1.FC Lübars II,6,fussball.de
031DDEKBQK000004VS5489BTVUS470OH-G,Berlin,Kreis Berlin,11,Kreisliga C,Herren Kreisliga C St.8 · Kreis Berlin,12,8,59,18,BSV Eintracht Mahlsdorf III,6,fussball.de
031A8BS9JO00000HVS5489BUVV628VP4-G,Brandenburg,Kreis Dahme/Fläming,11,1.Kreisklasse,Kreisklasse Staffel A · Kreis Dahme/Fläming,12,5,24,15,FSV Admira 2016 II,3,fussball.de
031A8BS9TS00000GVS5489BUVV628VP4-G,Brandenburg,Kreis Dahme/Fläming,11,1.Kreisklasse,Kreisklasse Staffel B · Kreis Dahme/Fläming,13,5,26,15,Zellendorfer SV II,3,fussball.de
03197154F800000KVS5489BUVV628VP4-G,Brandenburg,Kreis Havelland,11,1.Kreisklasse,1. Kreisklasse A · Kreis Havelland,14,13,80,37,FSV Groß Kreutz,6,fussball.de
03197154S400000MVS5489BUVV628VP4-G,Brandenburg,Kreis Havelland,11,1.Kreisklasse,1. Kreisklasse B · Kreis Havelland,13,10,44,27,FSV Babelsberg 74 III,6,fussball.de
031AJ7JJVS00000CVS5489BUVV628VP4-G,Brandenburg,Kreis Niederlausitz,11,1.Kreisklasse,1.Kreisklasse · Kreis Niederlausitz,13,6,27,16,SG Eintracht Peitz II,3,fussball.de
03142LVB0O00000BVS5489BUVSBBVPEU-G,Brandenburg,Kreis Oberhavel/Barnim,11,1.Kreisklasse,1. Kreisklasse Nord · Kreis Oberhavel/Barnim,11,5,33,14,FC Kremmen II,3,fussball.de
03142LVAR800000BVS5489BUVSBBVPEU-G,Brandenburg,Kreis Oberhavel/Barnim,11,1.Kreisklasse,1. Kreisklasse Ost · Kreis Oberhavel/Barnim,10,4,30,12,1. FC Finowfurt II,3,fussball.de
03142LVAKO00000DVS5489BUVSBBVPEU-G,Brandenburg,Kreis Oberhavel/Barnim,11,1.Kreisklasse,1.Kreisklasse Mitte · Kreis Oberhavel/Barnim,11,5,21,15,FSV Schorfheide Groß Schönebeck,3,fussball.de
03142LVA9O00000EVS5489BUVSBBVPEU-G,Brandenburg,Kreis Oberhavel/Barnim,11,1.Kreisklasse,1.Kreisklasse West · Kreis Oberhavel/Barnim,11,5,28,14,SG Zühlsdorf,3,fussball.de
031A7HEB2G00000EVS5489BUVV628VP4-G,Brandenburg,Kreis Ostbrandenburg,11,1.Kreisklasse,Kreisklasse Mitte · Kreis Ostbrandenburg,12,5,34,15,SV Preußen 90 Beeskow,3,fussball.de
031A7HEAR400000EVS5489BUVV628VP4-G,Brandenburg,Kreis Ostbrandenburg,11,1.Kreisklasse,Kreisklasse Nord · Kreis Ostbrandenburg,12,4,17,12,SpG Gorgast/ Manschnow,3,fussball.de
031A7HEBAO00000BVS5489BUVV628VP4-G,Brandenburg,Kreis Ostbrandenburg,11,1.Kreisklasse,Kreisklasse Süd · Kreis Ostbrandenburg,12,7,41,21,SV Rot-Weiß Petersdorf,3,fussball.de
0318TF8BE0000009VS5489BUVV628VP4-G,Brandenburg,Kreis Prignitz/Ruppin,11,1.Kreisklasse,Kreisklasse Staffel I · Kreis Prignitz/Ruppin,9,4,22,11,SV Eiche 05 Weisen II (9),3,fussball.de
0318TF8BKK00000CVS5489BUVV628VP4-G,Brandenburg,Kreis Prignitz/Ruppin,11,1.Kreisklasse,Kreisklasse Staffel II · Kreis Prignitz/Ruppin,9,3,17,8,Meyenburger SV Wacker II,3,fussball.de
0318TF8BQC000008VS5489BUVV628VP4-G,Brandenburg,Kreis Prignitz/Ruppin,11,1.Kreisklasse,Kreisklasse Staffel III · Kreis Prignitz/Ruppin,7,3,14,9,SpG Eintracht Friesack II/Paulinenauer TSV,3,fussball.de
031JV8HUM4000003VS5489BUVVKNMR0J-G,Brandenburg,Kreis Prignitz/Ruppin,11,1.Kreisklasse,Kreisklasse Staffel IV · Kreis Prignitz/Ruppin,7,3,19,8,SV Blau-Weiß Dannenwalde,3,fussball.de
031DRJBE44000005VS5489BUVUR5FS5A-G,Brandenburg,Kreis Südbrandenburg,11,1.Kreisklasse,1. Kreisklasse-Nord · Kreis Südbrandenburg,12,10,53,30,SG Gießmannsdorf,6,fussball.de
031DRJBEFC000004VS5489BUVUR5FS5A-G,Brandenburg,Kreis Südbrandenburg,11,1.Kreisklasse,1. Kreisklasse-Süd · Kreis Südbrandenburg,12,11,50,32,SG Kroppen,6,fussball.de
031DRJBEA4000005VS5489BUVUR5FS5A-G,Brandenburg,Kreis Südbrandenburg,11,1.Kreisklasse,1. Kreisklasse-West · Kreis Südbrandenburg,11,8,44,24,VfB Herzberg 68 II,6,fussball.de
031CQB7CE400000DVS5489BTVUS470OH-G,Brandenburg,Kreis Uckermark,11,1.Kreisklasse,1. Kreisklasse Staffel A · Kreis Uckermark,9,3,15,9,FSV City 76 Schwedt,3,fussball.de
031CQE8PJS00000DVS5489BTVUS470OH-G,Brandenburg,Kreis Uckermark,11,1.Kreisklasse,1. Kreisklasse Staffel B · Kreis Uckermark,10,5,32,15,SC Victoria 1914 Templin III,3,fussball.de
031B3QAH7800000BVS5489BTVSK8S3O6-G,Hessen,Kreis Bergstraße,11,Kreisliga C,KLC Bergstraße,15,41,202,118,TG Jahn Trösel II,16,fussball.de
0319939ARC00000AVS5489BTVSK8S3O6-G,Hessen,Kreis Darmstadt,11,Kreisliga C,KLC Darmstadt,18,59,300,168,DJK-SSG Darmstadt,18,fussball.de
031APN66PC00000BVS5489BTVSK8S3O6-G,Hessen,Kreis Dieburg,11,Kreisliga C,KLC Dieburg,15,41,197,118,Viktoria Dieburg II,16,fussball.de
031BGU09SG000006VS5489BUVUR5FS5A-G,Hessen,Kreis Dillenburg,11,Kreisliga C,KLC Dillenburg,18,56,302,162,SSV Sechshelden II,19,fussball.de
031APC8AHS000009VS5489BTVSK8S3O6-G,Hessen,Kreis Frankenberg,11,Kreisliga C,KLC Frankenberg,13,29,151,84,SG Geismar/Ellershausen III,13,fussball.de
031BP89O6G000006VS5489BUVUR5FS5A-G,Hessen,Kreis Frankfurt,11,Kreisliga C,KLC Frankfurt Gr.1,16,48,363,143,VFR Bockenheim II,18,fussball.de
031BP89OC4000006VS5489BUVUR5FS5A-G,Hessen,Kreis Frankfurt,11,Kreisliga C,KLC Frankfurt Gr.2,16,48,303,137,FFM Brancos FC,18,fussball.de
031AH0ULDG000004VS5489BTVSK8S3O6-G,Hessen,Kreis Friedberg,11,Kreisliga C,KLC Friedberg Gr. 3,7,15,94,43,SG Karben III,12,fussball.de
031AH0S25S000002VS5489BTVSK8S3O6-G,Hessen,Kreis Friedberg,11,Kreisliga C,KLC Friedberg Gr.1,7,15,70,43,FSG Wisselsheim,12,fussball.de
031AH0S2DC000006VS5489BTVSK8S3O6-G,Hessen,Kreis Friedberg,11,Kreisliga C,KLC Friedberg Gr.2,8,20,88,59,FC Nieder-Florstadt II,15,fussball.de
031BPVGR7O00000BVS5489BUVUR5FS5A-G,Hessen,Kreis Fulda,11,Kreisliga C,KLC Fulda,14,46,282,133,SG Elters/Eckwb/Schwb III,21,fussball.de
031B5UGBAK00000AVS5489BTVSK8S3O6-G,Hessen,Kreis Gelnhausen,11,Kreisliga C,KLC Gelnhausen,12,26,145,75,SV Brachttal II,15,fussball.de
03197B3T2400000AVS5489BUVV628VP4-G,Hessen,Kreis Groß-Gerau,11,Kreisliga C,KLC Groß-Gerau Nord,11,13,100,38,FC Türkspor Raunheim,9,fussball.de
03197B3T7O000007VS5489BUVV628VP4-G,Hessen,Kreis Groß-Gerau,11,Kreisliga C,KLC Groß-Gerau Süd,11,18,111,51,SV 07 Nauheim II,10,fussball.de
031B4HCA6K00000AVS5489BTVSK8S3O6-G,Hessen,Kreis Hanau,11,Kreisliga C,KLC Hanau,17,59,323,166,1. FC Hochstadt 2,19,fussball.de
0318JVOHK0000009VS5489BUVV628VP4-G,Hessen,Kreis Hofgeismar-Wolfhagen,11,Kreisliga C,KLC Hofgeism-Wolfh · Kreis Hofgeismar-Wolfhagen,13,34,174,97,TSV Carlsdorf II,18,fussball.de
0317AMQSQK000009VS5489BUVSBBVPEU-G,Hessen,Kreis Kassel,11,Kreisliga C,KLC Kassel Gr.1,9,11,67,32,TSV Heiligenrode III,12,fussball.de
0317AN2G1K000005VS5489BUVSBBVPEU-G,Hessen,Kreis Kassel,11,Kreisliga C,KLC Kassel Gr.2,9,14,61,34,VFL Simmershausen II,9,fussball.de
03196QN50000000DVS5489BUVV628VP4-G,Hessen,Kreis Limburg-Weilburg,11,Kreisliga C,KLC Limb-Weilb Gr.1 · Kreis Limburg-Weilburg,16,47,239,133,FC Waldbrunn III,16,fussball.de
03196QN57S00000BVS5489BUVV628VP4-G,Hessen,Kreis Limburg-Weilburg,11,Kreisliga C,KLC Limb-Weilb Gr.2 · Kreis Limburg-Weilburg,16,56,270,159,SV Rot-Weiß Hadamar II,22,fussball.de
0319G41IJC00000CVS5489BUVV628VP4-G,Hessen,Kreis Maintaunus,11,Kreisliga C,KLC Maintaunus Gr.1,16,49,285,141,SG DJK Hattersheim II,14,fussball.de
0319G41IR000000CVS5489BUVV628VP4-G,Hessen,Kreis Maintaunus,11,Kreisliga C,KLC Maintaunus Gr.2,16,45,325,132,SV 09 Hofheim II,18,fussball.de
031AQM463C000008VS5489BTVSK8S3O6-G,Hessen,Kreis Odenwald,11,Kreisliga C,KLC Odenwald,16,47,245,132,SG Rothenberg II,16,fussball.de
031DDRG7QO00000EVS5489BTVUS470OH-G,Hessen,Kreis Offenbach,11,Kreisliga C,KLC Offenbach Gr.1,13,26,152,75,SC Steinberg,15,fussball.de
031DDRG85000000DVS5489BTVUS470OH-G,Hessen,Kreis Offenbach,11,Kreisliga C,KLC Offenbach Gr.2,13,24,125,70,FC Germ. Bieber III,12,fussball.de
031BE4JGRG00000CVS5489BTVUS470OH-G,Hessen,Kreis Rheingau-Taunus,11,Kreisliga C,KLC Rheingau-Taunus Gr.1,12,24,154,72,SG Hünstetten II,12,fussball.de
031BE4JH4800000CVS5489BTVUS470OH-G,Hessen,Kreis Rheingau-Taunus,11,Kreisliga C,KLC Rheingau-Taunus Gr.2,13,30,164,87,SV 1895 Neuhof II,13,fussball.de
031AHOF6AO00000AVS5489BTVSK8S3O6-G,Hessen,Kreis Schlüchtern,11,Kreisliga C,KLC Süd · Kreis Schlüchtern,7,11,32,32,SG Jossatal II,9,fussball.de
031APGHQUS000009VS5489BTVSK8S3O6-G,Hessen,Kreis Waldeck,11,Kreisliga C,KLC Waldeck,11,22,127,59,SSG Ense/Nordenbeck II,13,fussball.de
0319HUN5DS000006VS5489BUVV628VP4-G,Hessen,Kreis Werra/Meißner,11,Kreisliga C,KLC Werra-Meißner Gr.1 · Kreis Werra/Meißner,9,13,45,37,FC Hebenshausen II,7,fussball.de
0319HUN5KC000006VS5489BUVV628VP4-G,Hessen,Kreis Werra/Meißner,11,Kreisliga C,KLC Werra-Meißner Gr.2 · Kreis Werra/Meißner,10,15,74,43,FC Eschwege,9,fussball.de
0318UCH1M0000005VS5489BUVV628VP4-G,Hessen,Kreis Wetzlar,11,Kreisliga C,KLC Wetzlar Gr.1,15,42,210,107,SpVgg. Lemp II,16,fussball.de
0318UCH1RO000006VS5489BUVV628VP4-G,Hessen,Kreis Wetzlar,11,Kreisliga C,KLC Wetzlar Gr.2,15,40,257,119,SG Niederbiel,15,fussball.de
0318MB2RPC000001VS5489BTVSK8S3O6-G,Hessen,Kreis Wiesbaden,11,Kreisliga C,KLC Wiesbaden,14,31,217,87,SC Gräselberg 1963 II,13,fussball.de
031BQ8JRMK00000EVS5489BUVUR5FS5A-G,Mecklenburg-Vorpommern,Kreis Schwerin-Nordwestmeckl.,11,1.Kreisklasse,Frank Teuber-Wienke Versicherungen Kreisklasse SN -NWM · Kreis Schwerin-Nordwestmeckl.,12,15,70,43,Brüeler SV II,9,fussball.de
031CN2HIRS00000AVS5489BTVUS470OH-G,Mecklenburg-Vorpommern,Kreis Warnow,11,1.Kreisklasse,Herren KK St. I Warnow,7,3,15,9,FC Einheit Rostock,3,fussball.de
031CN2HJB000000DVS5489BTVUS470OH-G,Mecklenburg-Vorpommern,Kreis Warnow,11,1.Kreisklasse,Herren KK St. II Warnow,8,3,19,9,FC-KSG Lalendorf 2,3,fussball.de
031FNFGJ7G000004VS5489BTVVG7L386-G,Mittelrhein,Kreis Aachen,11,Kreisliga D,Kreisliga D Staffel 1 · Kreis Aachen,17,27,185,77,Rasensport Brand III,12,fussball.de
031FNFGJCG000005VS5489BTVVG7L386-G,Mittelrhein,Kreis Aachen,11,Kreisliga D,Kreisliga D Staffel 2 · Kreis Aachen,16,16,145,47,SV St. Jöris II,6,fussball.de
031FNFGJGS000005VS5489BTVVG7L386-G,Mittelrhein,Kreis Aachen,11,Kreisliga D,Kreisliga D Staffel 3 · Kreis Aachen,16,14,87,37,FC Inde Hahn II,6,fussball.de
031FM5T4UC000003VS5489BTVUS470OH-G,Mittelrhein,Kreis Berg,11,Kreisliga D,Kreisliga D 7 · Kreis Berg,13,11,64,33,SV Blau-Weiß Hand e.V. II,6,fussball.de
031FM6FA8C000004VS5489BTVUS470OH-G,Mittelrhein,Kreis Berg,11,Kreisliga D,Kreisliga D 8 · Kreis Berg,13,12,110,35,SV Schnellenbach II,6,fussball.de
031FM6P9J0000004VS5489BTVUS470OH-G,Mittelrhein,Kreis Berg,11,Kreisliga D,Kreisliga D 9 · Kreis Berg,13,12,69,35,FC Borussia Derschlag III,6,fussball.de
031BP3KE28000003VS5489BTVUS470OH-G,Mittelrhein,Kreis Bonn,11,Kreisliga D,"Kreisliga D, Gruppe 1 · Kreis Bonn",13,10,73,26,Bonner SG,6,fussball.de
031BP3PUMS000001VS5489BTVUS470OH-G,Mittelrhein,Kreis Bonn,11,Kreisliga D,"Kreisliga D, Gruppe 2 · Kreis Bonn",13,11,94,33,SV Beuel 06 V,6,fussball.de
031BP40DG0000003VS5489BTVUS470OH-G,Mittelrhein,Kreis Bonn,11,Kreisliga D,"Kreisliga D, Gruppe 3 · Kreis Bonn",13,8,72,18,SV Niederbachem III,6,fussball.de
031F0J95HG000006VS5489BTVUS470OH-G,Mittelrhein,Kreis Heinsberg,11,Kreisliga D,"Kreisliga D, Staffel 1 · Kreis Heinsberg",9,5,24,15,Niersquelle Kuckum III,6,fussball.de
031F0J95N8000006VS5489BTVUS470OH-G,Mittelrhein,Kreis Heinsberg,11,Kreisliga D,"Kreisliga D, Staffel 2 · Kreis Heinsberg",9,7,36,14,FC Concordia Birgelen II,6,fussball.de
031F0J95SK000006VS5489BTVUS470OH-G,Mittelrhein,Kreis Heinsberg,11,Kreisliga D,"Kreisliga D, Staffel 3 · Kreis Heinsberg",10,9,59,26,FC Germania Teveren III,6,fussball.de
030TOD1HH8000003VS5489BUVSOV43J9-G,Mittelrhein,Kreis Köln,11,Kreisliga D,Kreisliga D Staffel 1 · Kreis Köln,15,14,114,39,AKM Köln I,6,fussball.de
030TOD31RS000002VS5489BUVSOV43J9-G,Mittelrhein,Kreis Köln,11,Kreisliga D,Kreisliga D Staffel 2 · Kreis Köln,15,14,98,38,Westhoven-Ensen II,6,fussball.de
030TOD4K6C000004VS5489BUVSOV43J9-G,Mittelrhein,Kreis Köln,11,Kreisliga D,Kreisliga D Staffel 3 · Kreis Köln,15,13,130,36,Auweiler-Esch I,6,fussball.de
030TOD608G000000VS5489BUVSOV43J9-G,Mittelrhein,Kreis Köln,11,Kreisliga D,Kreisliga D Staffel 4 · Kreis Köln,15,14,79,37,Zollstock II,6,fussball.de
031E3MBC10000003VS5489BTVUS470OH-G,Mittelrhein,Kreis Köln,11,Kreisliga D,Kreisliga D Staffel 5 · Kreis Köln,15,8,54,23,Urbach II,6,fussball.de
031KSOVVHG000005VS5489BUVVKNMR0J-G,Mittelrhein,Kreis Rhein-Erft,11,Kreisliga D,Kreisliga D Staffel 6 · Kreis Rhein-Erft,14,0,0,-3,BV Kirch-Kleintroisdorf,0,fussball.de
031KSOVVN4000008VS5489BUVVKNMR0J-G,Mittelrhein,Kreis Rhein-Erft,11,Kreisliga D,Kreisliga D Staffel 7 · Kreis Rhein-Erft,13,0,0,-3,ASC Akhtamar Frechen 2,0,fussball.de
031KSOVVS8000007VS5489BUVVKNMR0J-G,Mittelrhein,Kreis Rhein-Erft,11,Kreisliga D,Kreisliga D Staffel 8 · Kreis Rhein-Erft,13,0,0,0,BC Stotzheim III,0,fussball.de
031E3IEI0800000AVS5489BTVUS470OH-G,Niederrhein,Kreis Essen,11,Kreisliga D,Freizeitliga - Gruppe 1 + 2 · Kreis Essen,14,9,47,27,Rüttenscheid Rebels,6,fussball.de
0319B91B7S000003VS5489BUVV628VP4-G,Niedersachsen,Kreis Bentheim,11,3.Kreisklasse,3.Kreisklasse Grafschaft Bentheim,14,34,168,100,SV Olympia Uelsen III,12,fussball.de
031CQQHN1G000004VS5489BTVUS470OH-G,Niedersachsen,Kreis Braunschweig,11,3.Kreisklasse,3.Kreisklasse · Kreis Braunschweig,10,11,112,33,FC Wenden II,6,fussball.de
031BEF7BJO000004VS5489BTVUS470OH-G,Niedersachsen,Kreis Celle,11,3.Kreisklasse,3. Kreisklasse Celle Nord,13,30,162,85,VfL Altenhagen,10,fussball.de
031BEGPFFC000004VS5489BTVUS470OH-G,Niedersachsen,Kreis Celle,11,3.Kreisklasse,3. Kreisklasse Celle Süd,12,26,153,71,ESV Fortuna Celle II,11,fussball.de
0316KC5AMO000004VS5489BUVSBBVPEU-G,Niedersachsen,Kreis Cloppenburg,11,3.Kreisklasse,3.Kreisklasse Cloppenburg Staffel I,11,30,125,85,DJK-SV Bunnen II,13,fussball.de
0316KC6EPK000004VS5489BUVSBBVPEU-G,Niedersachsen,Kreis Cloppenburg,11,3.Kreisklasse,3.Kreisklasse Cloppenburg Staffel II,12,35,192,103,TuS Falkenberg II,18,fussball.de
0316KC7RAK000004VS5489BUVSBBVPEU-G,Niedersachsen,Kreis Cloppenburg,11,3.Kreisklasse,3.Kreisklasse Cloppenburg Staffel III,11,26,137,74,SV Bösel IV,13,fussball.de
03153J47HK000009VS5489BUVSBBVPEU-G,Niedersachsen,Kreis Cuxhaven,11,3.Kreisklasse,3.Kreisklasse Cuxhaven Nord,11,25,132,70,TSV Otterndorf II,10,fussball.de
03153J47NK000009VS5489BUVSBBVPEU-G,Niedersachsen,Kreis Cuxhaven,11,3.Kreisklasse,3.Kreisklasse Cuxhaven Süd,12,27,135,79,TSV Wehdel II (9er),15,fussball.de
031E2VB5U0000007VS5489BUVUR5FS5A-G,Niedersachsen,Kreis Diepholz,11,3.Kreisklasse,3. Kreisklasse DH Mitte · Kreis Diepholz,11,16,99,46,TSV Neubruchhausen,9,fussball.de
031E2VB5MO00000DVS5489BUVUR5FS5A-G,Niedersachsen,Kreis Diepholz,11,3.Kreisklasse,3.Kreisklasse DH Nord · Kreis Diepholz,13,17,119,49,SV Weyhe V,10,fussball.de
031E2VB63O00000EVS5489BUVUR5FS5A-G,Niedersachsen,Kreis Diepholz,11,3.Kreisklasse,3.Kreisklasse DH Süd · Kreis Diepholz,13,23,160,69,TUS Wagenfeld III,12,fussball.de
0315LH5ALK00000BVS5489BUVSBBVPEU-G,Niedersachsen,Kreis Emsland,11,3.Kreisklasse,3. KK Emsland Nord,12,24,111,71,SV Esterwegen II,12,fussball.de
0315LH59SO00000BVS5489BUVSBBVPEU-G,Niedersachsen,Kreis Emsland,11,3.Kreisklasse,3.KK Emsland Mitte,12,20,94,56,Polonia Haren (DJK Tinnen II),9,fussball.de
0315LH5A6800000DVS5489BUVSBBVPEU-G,Niedersachsen,Kreis Emsland,11,3.Kreisklasse,3.KK Emsland Süd,12,21,84,61,FC 47 Leschede III,12,fussball.de
031BO8J4FC000004VS5489BTVUS470OH-G,Niedersachsen,Kreis Gifhorn,11,3.Kreisklasse,3. Kreisklasse · Kreis Gifhorn,10,14,93,41,FC Brome 3,6,fussball.de
0317C1IGKO000001VS5489BUVSBBVPEU-G,Niedersachsen,Kreis Göttingen-Osterode,11,3.Kreisklasse,3.Kreisklasse Nord (A) · Kreis Göttingen-Osterode,11,16,74,47,1.FC Freiheit,10,fussball.de
0317C1IGTS000000VS5489BUVSBBVPEU-G,Niedersachsen,Kreis Göttingen-Osterode,11,3.Kreisklasse,3.Kreisklasse Süd (B) · Kreis Göttingen-Osterode,12,19,109,55,ESV R-W Göttingen,10,fussball.de
031DCLBSVK000004VS5489BTVUS470OH-G,Niedersachsen,Kreis Hameln-Pyrmont,11,3.Kreisklasse,3.Kreisklasse Hameln-Pyrmont St. 1,9,11,52,32,SG Lüntorf 1,7,fussball.de
031AFS4IP800000AVS5489BUVV628VP4-G,Niedersachsen,Kreis Harburg,11,3.Kreisklasse,3.Kreisklasse Harburg,14,29,141,80,TSV Stelle II,10,fussball.de
0318GQMLU8000000VS5489BUVV628VP4-G,Niedersachsen,Kreis Heide-Wendland,11,3.Kreisklasse,3.Kreisklasse Nord · Kreis Heide-Wendland,13,28,171,79,Lüneburger Sport-Klub Hansa III,12,fussball.de
0318GQMMPS000007VS5489BUVV628VP4-G,Niedersachsen,Kreis Heide-Wendland,11,3.Kreisklasse,3.Kreisklasse Ost · Kreis Heide-Wendland,10,20,120,55,SV Elbufer,11,fussball.de
0318GQMMJO000008VS5489BUVV628VP4-G,Niedersachsen,Kreis Heide-Wendland,11,3.Kreisklasse,3.Kreisklasse Süd · Kreis Heide-Wendland,11,23,112,68,TSV Niendorf/Halligdorf,12,fussball.de
03196U806S000000VS5489BTVSK8S3O6-G,Niedersachsen,Kreis Heidekreis,11,3.Kreisklasse,3.Kreisklasse Heidekreis,12,23,123,67,SC Tewel II,12,fussball.de
031FDMJRI4000006VS5489BTVUS470OH-G,Niedersachsen,Kreis Jade-Weser-Hunte,11,3.Kreisklasse,3.Kreisklasse JWH  Staffel 1 · Kreis Jade-Weser-Hunte,10,9,55,25,STV Wilhelmshaven II,6,fussball.de
031CHB0HK0000006VS5489BTVUS470OH-G,Niedersachsen,Kreis Jade-Weser-Hunte,11,3.Kreisklasse,3.Kreisklasse JWH Staffel 2 · Kreis Jade-Weser-Hunte,12,12,70,36,SG Neustadt/Oldenbrok II,6,fussball.de
031984EQ24000006VS5489BUVV628VP4-G,Niedersachsen,Kreis Jade-Weser-Hunte,11,3.Kreisklasse,3.Kreisklasse JWH Staffel 3 · Kreis Jade-Weser-Hunte,10,9,52,26,BW Bümmerstede,6,fussball.de
031984EQ90000006VS5489BUVV628VP4-G,Niedersachsen,Kreis Jade-Weser-Hunte,11,3.Kreisklasse,3.Kreisklasse JWH Staffel 4 · Kreis Jade-Weser-Hunte,12,13,78,39,TuS Wahnbek II,6,fussball.de
031DQPU3K8000002VS5489BTVUS470OH-G,Niedersachsen,Kreis Nienburg,11,3.Kreisklasse,3.Kreisklasse Nord Nienburg,12,14,122,42,SC Marklohe II,12,fussball.de
031DQPU3QO000006VS5489BTVUS470OH-G,Niedersachsen,Kreis Nienburg,11,3.Kreisklasse,3.Kreisklasse Süd Nienburg,12,12,84,36,SG Husum II / Langendamm II,6,fussball.de
0313R5ECVC00000EVS5489BTVU7GTVLE-G,Niedersachsen,Kreis Nordharz,11,3.Kreisklasse,3. Nordharzklasse Staffel 1,12,24,133,67,SG Ildehausen/Kirchberg II,10,fussball.de
0313R5ED8G00000EVS5489BTVU7GTVLE-G,Niedersachsen,Kreis Nordharz,11,3.Kreisklasse,3. Nordharzklasse Staffel 2,12,23,141,64,Lindener SV,12,fussball.de
0315B2U1AC000004VS5489BTVU7GTVLE-G,Niedersachsen,Kreis Oldenburg-L./Delmenhorst,11,3.Kreisklasse,3.Kreisklasse OLL/DEL · Kreis Oldenburg-L./Delmenhorst,14,39,221,111,TuS Heidkrug III,18,fussball.de
0316EAH8MG000009VS5489BUVSBBVPEU-G,Niedersachsen,Kreis Osnabrück,11,3.Kreisklasse,3. Kreisklasse Osnabrück Staffel A,12,19,85,52,SG Renslage/Berge III,9,fussball.de
0316EAH8UG00000AVS5489BUVSBBVPEU-G,Niedersachsen,Kreis Osnabrück,11,3.Kreisklasse,3. Kreisklasse Osnabrück Staffel B,12,18,112,53,SC Kosmos,9,fussball.de
0316EAH95000000AVS5489BUVSBBVPEU-G,Niedersachsen,Kreis Osnabrück,11,3.Kreisklasse,3. Kreisklasse Osnabrück Staffel C,12,17,101,49,TSV Venne II 9er,9,fussball.de
0316EAH9B800000BVS5489BUVSBBVPEU-G,Niedersachsen,Kreis Osnabrück,11,3.Kreisklasse,3. Kreisklasse Osnabrück Staffel D,10,13,50,36,SC Português II 9er,9,fussball.de
0316EAH9HS00000AVS5489BUVSBBVPEU-G,Niedersachsen,Kreis Osnabrück,11,3.Kreisklasse,3. Kreisklasse Osnabrück Staffel E,11,14,99,41,TV Wellingholzhausen III 9er,7,fussball.de
0315F26638000006VS5489BUVSBBVPEU-G,Niedersachsen,Kreis Ostfriesland,11,3.Kreisklasse,Ostfrieslandklasse  C St. 1,11,22,129,64,TuRa 46 Marienhafe II,10,fussball.de
0315F26694000006VS5489BUVSBBVPEU-G,Niedersachsen,Kreis Ostfriesland,11,3.Kreisklasse,Ostfrieslandklasse  C St. 2,13,26,155,77,TuS Hinte II,9,fussball.de
0315F266JC000006VS5489BUVSBBVPEU-G,Niedersachsen,Kreis Ostfriesland,11,3.Kreisklasse,Ostfrieslandklasse  C St. 4,12,26,134,72,TuS Weene II,12,fussball.de
0315F266EG000005VS5489BUVSBBVPEU-G,Niedersachsen,Kreis Ostfriesland,11,3.Kreisklasse,Ostfrieslandklasse C St. 3,13,26,146,76,VfB Uplengen II U 23,12,fussball.de
031CRFAUI0000004VS5489BUVUR5FS5A-G,Niedersachsen,Kreis Peine,11,3.Kreisklasse,3. Kreisklasse Peine,13,33,216,98,TSV Bildung Peine,18,fussball.de
031DGGLJJK00000CVS5489BTVUS470OH-G,Niedersachsen,Kreis Region Hannover,11,3.Kreisklasse,3.Kreisklasse Region Hannover St.1,12,29,154,84,TUS Röddensen II,15,fussball.de
031DGGLJTS00000CVS5489BTVUS470OH-G,Niedersachsen,Kreis Region Hannover,11,3.Kreisklasse,3.Kreisklasse Region Hannover St.2,13,20,101,57,TSV Mühlenfeld III,10,fussball.de
031DGGLK4800000CVS5489BTVUS470OH-G,Niedersachsen,Kreis Region Hannover,11,3.Kreisklasse,3.Kreisklasse Region Hannover St.3,13,30,196,86,SV Degersen II,13,fussball.de
031DGGLKA400000BVS5489BTVUS470OH-G,Niedersachsen,Kreis Region Hannover,11,3.Kreisklasse,3.Kreisklasse Region Hannover St.4,12,30,178,85,TSV Fortuna II,13,fussball.de
0316FU9SG8000001VS5489BUVSBBVPEU-G,Niedersachsen,Kreis Rotenburg,11,3.Kreisklasse,3.Kreisklasse Nord · Kreis Rotenburg,11,19,89,50,TuS Zeven II,13,fussball.de
0316FU9SLC000000VS5489BUVSBBVPEU-G,Niedersachsen,Kreis Rotenburg,11,3.Kreisklasse,3.Kreisklasse Süd · Kreis Rotenburg,12,28,128,79,TuS Bothel II,13,fussball.de
031A8H5O7O000004VS5489BTVSK8S3O6-G,Niedersachsen,Kreis Schaumburg,11,3.Kreisklasse,3.Kreisklasse Schaumburg,13,29,162,83,SG Blau-Rot-Weiß II,15,fussball.de
031BOQPKSK000006VS5489BTVUS470OH-G,Niedersachsen,Kreis Stade,11,3.Kreisklasse,3.Kreisklasse · Kreis Stade,11,18,101,51,TuSV Bützfleth II,9,fussball.de
03138PT4JC000004VS5489BUVSBBVPEU-G,Niedersachsen,Kreis Vechta,11,3.Kreisklasse,3.Kreisklasse Vechta,9,11,61,32,SV GW Mühlen III,6,fussball.de
0311IJM24400000JVS5489BTVT51B5B5-G,Saarland,Kreis Nordsaar,11,Kreisliga B / 1.Kreisklasse,Kreisliga B Blies/Nahe · Kreis Nordsaar,11,17,108,50,SG Bliesen-Winterbach 3,12,fussball.de
0311IJM2F000000KVS5489BTVT51B5B5-G,Saarland,Kreis Nordsaar,11,Kreisliga B / 1.Kreisklasse,Kreisliga B Ill/Theel · Kreis Nordsaar,10,11,92,33,TSV Sotzweiler-Bergweiler 2,9,fussball.de
0313DGP1EG000000VS5489BTVU7GTVLE-G,Saarland,Kreis Ostsaar,11,Kreisliga B / 1.Kreisklasse,Kreisliga B Ostsaar,12,18,140,54,SG Ommersheim/Erfweiler-Ehlingen 2,12,fussball.de
03108NSA9G000000VS5489BTVT51B5B5-G,Saarland,Kreis Südsaar,11,Kreisliga B / 1.Kreisklasse,Kreisliga B Südsaar,14,36,237,104,DJK Püttlingen 3,18,fussball.de
0313QPP8F8000004VS5489BTVU7GTVLE-G,Saarland,Kreis Westsaar,11,Kreisliga B / 1.Kreisklasse,Kreisliga B Merzig Wadern · Kreis Westsaar,12,23,140,66,SG Leuktal 2,12,fussball.de
0313QPP92S00000GVS5489BTVU7GTVLE-G,Saarland,Kreis Westsaar,11,Kreisliga B / 1.Kreisklasse,Kreisliga B Saar · Kreis Westsaar,12,30,204,88,FC Elm 2,15,fussball.de
0313QPP8S8000005VS5489BTVU7GTVLE-G,Saarland,Kreis Westsaar,11,Kreisliga B / 1.Kreisklasse,Kreisliga B Saarlouis · Kreis Westsaar,12,28,145,80,SSV Überherrn 2,15,fussball.de
0313QPP8M400000FVS5489BTVU7GTVLE-G,Saarland,Kreis Westsaar,11,Kreisliga B / 1.Kreisklasse,Kreisliga B Untere Saar Prims · Kreis Westsaar,12,26,160,76,SF Bachem-Rimlingen 2,12,fussball.de
03180HKFI000000AVS5489BTVU7GTVLE-G,Sachsen,Kreis Dresden,11,3.Kreisliga (C),Brandible Stadtliga C · Kreis Dresden,14,14,78,41,TSV Reichenberg-Boxdorf 2,6,fussball.de
031CMSE6RO000005VS5489BTVUS470OH-G,Sachsen-Anhalt,Kreis Altmark Ost,11,1.Kreisklasse,1. Kreisklasse · Kreis Altmark Ost,14,12,103,36,FC Insel,6,fussball.de
031ELLFNQ0000006VS5489BUVUR5FS5A-G,Sachsen-Anhalt,Kreis Anhalt-Bitterfeld,11,1.Kreisklasse,Kreisklasse ABI Ost · Kreis Anhalt-Bitterfeld,10,5,24,15,FC Galaxy Wolfen,3,fussball.de
031ELKI6D8000006VS5489BUVUR5FS5A-G,Sachsen-Anhalt,Kreis Anhalt-Bitterfeld,11,1.Kreisklasse,Kreisklasse ABI West · Kreis Anhalt-Bitterfeld,12,6,24,17,SG 1948 Reppichau III,3,fussball.de
0319IBI4G0000006VS5489BUVV628VP4-G,Sachsen-Anhalt,Kreis Burgenland,11,1.Kreisklasse,Kreisklasse Staffel I · Kreis Burgenland,6,3,16,9,SG Langendorf II/Goseck,3,fussball.de
0319IBI4M8000007VS5489BUVV628VP4-G,Sachsen-Anhalt,Kreis Burgenland,11,1.Kreisklasse,Kreisklasse Staffel II · Kreis Burgenland,6,4,22,12,SV Eintracht Profen II,6,fussball.de
031DRO0NR4000004VS5489BTVUS470OH-G,Sachsen-Anhalt,Kreis Burgenland,11,1.Kreisklasse,Kreisklasse Staffel III · Kreis Burgenland,6,3,18,9,Droyßiger SG II,3,fussball.de
031ECOCSNS000003VS5489BUVUR5FS5A-G,Sachsen-Anhalt,Kreis Börde,11,1.Kreisklasse,1.Bördekreisklasse Staffel 1,12,12,58,35,HSG Hundisburg I Nordgermersleben Bebertal I,6,fussball.de
031ECOFGD0000004VS5489BUVUR5FS5A-G,Sachsen-Anhalt,Kreis Börde,11,1.Kreisklasse,1.Bördekreisklasse Staffel 2,12,12,80,35,SG Klinze/Ribbensdorf,6,fussball.de
031ECOHDTG000004VS5489BUVUR5FS5A-G,Sachsen-Anhalt,Kreis Börde,11,1.Kreisklasse,1.Bördekreisklasse Staffel 3,12,12,74,36,SV Blau Gelb 1920 Ausleben e.V.,6,fussball.de
031JK52ELS000001VS5489BTVSRD0UH9-G,Sachsen-Anhalt,Kreis Harz,11,1.Kreisklasse,Harzklasse 1,8,4,19,11,SG R-Sch. Reddeber/Minsl./G. Silstedt/LagII,3,fussball.de
031JK3JDJO000004VS5489BTVSRD0UH9-G,Sachsen-Anhalt,Kreis Harz,11,1.Kreisklasse,Harzklasse 2,8,3,24,9,VfB Germania Halberstadt 3,3,fussball.de
031F34500O000004VS5489BTVUS470OH-G,Sachsen-Anhalt,Kreis Mansfeld-Südharz,11,1.Kreisklasse,1. Kreisklasse Staffel 1 · Kreis Mansfeld-Südharz,11,11,55,32,Mansfelder SV,6,fussball.de
031EM24BNC000004VS5489BTVUS470OH-G,Sachsen-Anhalt,Kreis Mansfeld-Südharz,11,1.Kreisklasse,1. Kreisklasse Staffel 2 · Kreis Mansfeld-Südharz,11,10,50,28,KSG Holdenst.-Beyernaumburg,6,fussball.de
031AJP9V14000004VS5489BUVV628VP4-G,Sachsen-Anhalt,Kreis SFV Halle,11,1.Kreisklasse,1.Stadtklasse · Kreis SFV Halle,13,6,44,18,Turbine Halle IV,3,fussball.de
031CQL6UE0000003VS5489BTVUS470OH-G,Sachsen-Anhalt,Kreis Saalekreis,11,1.Kreisklasse,1.Kreisklasse · Kreis Saalekreis,12,6,40,18,Sportring Mücheln e.V. II,3,fussball.de
030J2D7MJO00000HVS5489BTVUCDSG9E-G,Sachsen-Anhalt,Kreis Salzland,11,1.Kreisklasse,1. Kreisklasse Staffel 1 · Kreis Salzland,14,21,115,62,SC Seeland e.V. 2,9,fussball.de
031CGC1ATO000004VS5489BUVUR5FS5A-G,Schleswig-Holstein,Kreis Herzogtum Lauenburg,11,Kreisklasse C,Kreisklasse C - 12 · Kreis Herzogtum Lauenburg,10,14,94,41,Ratzeburger SV III,9,fussball.de
031C5IPJS8000006VS5489BTVUS470OH-G,Schleswig-Holstein,Kreis Kiel,11,Kreisklasse C,Kreisklasse C - 9 · Kreis Kiel,13,24,156,70,TSG Concordia Schönkirchen II,12,fussball.de
031C4H9EB8000004VS5489BTVUS470OH-G,Schleswig-Holstein,Kreis Lübeck,11,Kreisklasse C,Kreisklasse C - 13 · Kreis Lübeck,12,15,104,42,Lübeck 1876 II,9,fussball.de
031CPEOMU4000005VS5489BUVUR5FS5A-G,Schleswig-Holstein,Kreis Nordfriesland,11,Kreisklasse C,Kreisklasse C - 1 · Kreis Nordfriesland,11,16,106,45,FSV Wyk-Föhr II (9er ),12,fussball.de
031C8PJ3B0000006VS5489BTVUS470OH-G,Schleswig-Holstein,Kreis Ostholstein,11,Kreisklasse C,Kreisklasse C - 14 · Kreis Ostholstein,11,17,77,48,SG Riepsdorf/Harmsdorf,9,fussball.de
031A5TVP50000004VS5489BTVSK8S3O6-G,Schleswig-Holstein,Kreis Rendsburg-Eckernförde,11,Kreisklasse C,Kreisklasse C - 3 · Kreis Rendsburg-Eckernförde,11,18,117,53,TSV Rieseby,9,fussball.de
031A5U8LGS000004VS5489BTVSK8S3O6-G,Schleswig-Holstein,Kreis Rendsburg-Eckernförde,11,Kreisklasse C,Kreisklasse C - 4 · Kreis Rendsburg-Eckernförde,11,19,88,53,FC Büdelsdorf,12,fussball.de
031C40BVSK000004VS5489BUVUR5FS5A-G,Schleswig-Holstein,Kreis Schleswig-Flensburg,11,Kreisklasse C,Kreisklasse C - 2 · Kreis Schleswig-Flensburg,12,23,127,65,Polizei SV Flensburg II,12,fussball.de
031A6N1SN0000007VS5489BUVV628VP4-G,Schleswig-Holstein,Kreis Segeberg,11,Kreisklasse C,Kreisklasse C - 10 · Kreis Segeberg,12,19,135,55,BSG Eutin II,10,fussball.de
031A6N1SFC000007VS5489BUVV628VP4-G,Schleswig-Holstein,Kreis Segeberg,11,Kreisklasse C,Kreisklasse C - 8 · Kreis Segeberg,13,22,152,63,SV Rickling II,12,fussball.de
031CEV0R64000002VS5489BUVUR5FS5A-G,Schleswig-Holstein,Kreis Stormarn,11,Kreisklasse C,Kreisklasse C - 11 · Kreis Stormarn,12,19,100,55,SV Sülfeld II (9er),12,fussball.de
031BV6HFH0000005VS5489BTVUS470OH-G,Schleswig-Holstein,Kreis Westküste,11,Kreisklasse C,Kreisklasse C - 5 · Kreis Westküste,11,19,129,57,FC Reher/Puls II,12,fussball.de
031BV6HFLO000005VS5489BTVUS470OH-G,Schleswig-Holstein,Kreis Westküste,11,Kreisklasse C,Kreisklasse C - 6 · Kreis Westküste,12,22,136,64,TuRa Meldorf II,10,fussball.de
031BV6HFQ4000005VS5489BTVUS470OH-G,Schleswig-Holstein,Kreis Westküste,11,Kreisklasse C,Kreisklasse C - 7 · Kreis Westküste,11,16,94,46,VfL Kellinghusen II,9,fussball.de
030EI9VE40000004VS5489BTVSFA9344-G,Südbaden,Baden-Baden,11,3.Kreisliga (C),Kreisliga C - Staffel 1 · Baden-Baden,16,30,167,89,FV Plittersdorf 2,12,fussball.de
031A5D78IG000004VS5489BTVSK8S3O6-G,Südbaden,Baden-Baden,11,3.Kreisliga (C),Kreisliga C - Staffel 2 · Baden-Baden,16,30,158,87,FV Ottersweier 2,10,fussball.de
030EIAQ92C000004VS5489BTVSFA9344-G,Südbaden,Baden-Baden,11,3.Kreisliga (C),Kreisliga C - Staffel 3 · Baden-Baden,12,10,42,27,FC Frankonia Rastatt 2,4,fussball.de
0319TNT3J000000BVS5489BUVV628VP4-G,Südbaden,Bodensee,11,3.Kreisliga (C),Kreisliga C - Staffel 1 · Bodensee,10,0,0,0,1. FC Rielasingen-Arlen 3 zg.,0,fussball.de
0319TNT3OG00000BVS5489BUVV628VP4-G,Südbaden,Bodensee,11,3.Kreisliga (C),Kreisliga C - Staffel 2 · Bodensee,11,5,26,13,SG Tengen-Watterdingen/Büsslingen 2,3,fussball.de
0319TNT3U000000BVS5489BUVV628VP4-G,Südbaden,Bodensee,11,3.Kreisliga (C),Kreisliga C - Staffel 3 · Bodensee,11,5,31,15,FC Uhldingen 2,3,fussball.de
0319TNT43G00000BVS5489BUVV628VP4-G,Südbaden,Bodensee,11,3.Kreisliga (C),Kreisliga C - Staffel 4 · Bodensee,11,5,20,15,SG Liptingen/Emmingen 2,3,fussball.de
031BQR69TK00000BVS5489BUVUR5FS5A-G,Südbaden,Freiburg,11,3.Kreisliga (C),Kreisliga C - Staffel 1 · Freiburg,11,3,23,8,SV Mundingen 3,3,fussball.de
031BQR6A4S000000VS5489BUVUR5FS5A-G,Südbaden,Freiburg,11,3.Kreisliga (C),Kreisliga C - Staffel 2 · Freiburg,8,1,2,2,SG Prechtal/Oberprechtal 3,1,fussball.de
031BQR6ABC00000BVS5489BUVUR5FS5A-G,Südbaden,Freiburg,11,3.Kreisliga (C),Kreisliga C - Staffel 3 · Freiburg,12,3,16,9,FC Freiburg-St. Georgen 3,3,fussball.de
031BQR6AK4000002VS5489BUVUR5FS5A-G,Südbaden,Freiburg,11,3.Kreisliga (C),Kreisliga C - Staffel 4 · Freiburg,13,5,22,12,SV Sulzburg 2,3,fussball.de
031GB7TVA000000GVS5489BUVSJ4CRAP-G,Südbaden,Hochrhein,11,3.Kreisliga (C),Kreisliga C - Staffel 1 · Hochrhein,10,3,16,9,FC Huttingen 2,3,fussball.de
031GB7TVH4000001VS5489BUVSJ4CRAP-G,Südbaden,Hochrhein,11,3.Kreisliga (C),Kreisliga C - Staffel 2 · Hochrhein,10,5,34,15,SV Weil 3,3,fussball.de
031GB7TVMK00000EVS5489BUVSJ4CRAP-G,Südbaden,Hochrhein,11,3.Kreisliga (C),Kreisliga C - Staffel 3 · Hochrhein,10,5,25,15,SG Grenzach-Wyhlen 2,3,fussball.de
031GB7TVUG00000FVS5489BUVSJ4CRAP-G,Südbaden,Hochrhein,11,3.Kreisliga (C),Kreisliga C - Staffel 4 · Hochrhein,10,4,32,11,SC Niederhof/Binzgen 2,3,fussball.de
031GB7U05800000GVS5489BUVSJ4CRAP-G,Südbaden,Hochrhein,11,3.Kreisliga (C),Kreisliga C - Staffel 5 · Hochrhein,10,5,38,15,SG Hotzenwald 2,3,fussball.de
031GB7U0AO00000AVS5489BUVSJ4CRAP-G,Südbaden,Hochrhein,11,3.Kreisliga (C),Kreisliga C - Staffel 6 · Hochrhein,10,5,30,13,FC Hochrhein 2,3,fussball.de
031CQEFSSC00000GVS5489BTVUS470OH-G,Südbaden,Offenburg,11,3.Kreisliga (C),Kreisliga C - Staffel 1 · Offenburg,14,27,159,76,SG Freistett / Rheinbischofsh. 3,12,fussball.de
031CPKGCSO00000FVS5489BTVUS470OH-G,Südbaden,Offenburg,11,3.Kreisliga (C),Kreisliga C - Staffel 2 · Offenburg,13,24,123,71,FC Wolfach 2,10,fussball.de
031CPKGD4S00000EVS5489BTVUS470OH-G,Südbaden,Offenburg,11,3.Kreisliga (C),Kreisliga C - Staffel 3 · Offenburg,14,28,156,81,SG Mahlberg/Orschweier 2,10,fussball.de
031H42B4IO000004VS5489BTVVG7L386-G,Südbaden,Schwarzwald,11,3.Kreisliga (C),Kreisliga C - Staffel 1 · Schwarzwald,7,2,9,5,FC Hüfingen 2,3,fussball.de
031H27QDOO000004VS5489BUVSJ4CRAP-G,Südbaden,Schwarzwald,11,3.Kreisliga (C),Kreisliga C - Staffel 2 · Schwarzwald,7,3,20,9,SV Eisenbach 2,3,fussball.de
031HIGHI8O000007VS5489BTVVG7L386-G,Südbaden,Schwarzwald,11,3.Kreisliga (C),Kreisliga C - Staffel 3 · Schwarzwald,7,1,4,3,SG Schwarzwald-Union Schönwald-Schonach 3,3,fussball.de
031AUU61B8000008VS5489BUVV628VP4-G,Südwest,Kreis Alzey-Worms,11,C-Klasse,Herren C-Klasse Alzey-Worms Nord,11,17,82,47,SG Mauchenheim/Freimersheim II,9,fussball.de
031AUU613C000008VS5489BUVV628VP4-G,Südwest,Kreis Alzey-Worms,11,C-Klasse,Herren C-Klasse Alzey-Worms Süd,12,19,96,54,SV Rheingold Hamm 1908,9,fussball.de
0319RUJKC8000004VS5489BUVV628VP4-G,Südwest,Kreis Bad Kreuznach,11,C-Klasse,Herren C-Klasse Bad Kreuznach 1,10,16,98,46,SG Eintr. Bad Kreuznach II,10,fussball.de
0319RV9VHK000004VS5489BUVV628VP4-G,Südwest,Kreis Bad Kreuznach,11,C-Klasse,Herren C-Klasse Bad Kreuznach 2,9,14,108,40,SG Hüffelsheim III,7,fussball.de
0316ADV02C000008VS5489BTVU7GTVLE-G,Südwest,Kreis Birkenfeld,11,C-Klasse,Herren C-Klasse Birkenfeld 1,10,17,90,51,VfL Weierbach II,12,fussball.de
0316ADV094000008VS5489BTVU7GTVLE-G,Südwest,Kreis Birkenfeld,11,C-Klasse,Herren C-Klasse Birkenfeld 2,10,16,104,48,SGH Rinzenberg II (flex),9,fussball.de
0316ADV0FS000008VS5489BTVU7GTVLE-G,Südwest,Kreis Birkenfeld,11,C-Klasse,Herren C-Klasse Birkenfeld 3,12,27,170,80,SpVgg Nahbollenbach II,12,fussball.de
031AS3E6M8000004VS5489BTVSK8S3O6-G,Südwest,Kreis Kaiserslaut.-Donnersberg,11,C-Klasse,Herren C-Klasse KL/DOB Nord · Kreis Kaiserslaut.-Donnersberg,13,22,99,58,SV Enkenbach II,10,fussball.de
031AS29RO0000004VS5489BTVSK8S3O6-G,Südwest,Kreis Kaiserslaut.-Donnersberg,11,C-Klasse,Herren C-Klasse KL/DOB Süd · Kreis Kaiserslaut.-Donnersberg,14,27,162,75,TuS 1894 Erfenbach,10,fussball.de
0318CBEDAO00000AVS5489BUVSBBVPEU-G,Südwest,Kreis Kusel-Kaiserslautern,11,C-Klasse,Herren C-Klasse Nord Kusel-Kaiserslautern,13,31,194,89,SG Schrollbach/Hauptstuhl,15,fussball.de
0318CBEDHG000008VS5489BUVSBBVPEU-G,Südwest,Kreis Kusel-Kaiserslautern,11,C-Klasse,Herren C-Klasse Süd Kusel-Kaiserslautern,14,38,223,111,FV Kindsbach II,15,fussball.de
0319067BRO00000BVS5489BTVSK8S3O6-G,Südwest,Kreis Mainz-Bingen,11,C-Klasse,Herren C-Klasse Mainz-Bingen Nord,13,24,129,69,1.FC Willy Wacker,9,fussball.de
0319067BLG00000BVS5489BTVSK8S3O6-G,Südwest,Kreis Mainz-Bingen,11,C-Klasse,Herren C-Klasse Mainz-Bingen Ost,12,19,113,56,Türkgücü Mainz,9,fussball.de
0319067BF0000003VS5489BTVSK8S3O6-G,Südwest,Kreis Mainz-Bingen,11,C-Klasse,Herren C-Klasse Mainz-Bingen Süd,12,19,89,53,VfR Nierstein,9,fussball.de
031906BBM8000005VS5489BTVSK8S3O6-G,Südwest,Kreis Mainz-Bingen,11,C-Klasse,Herren C-Klasse Mainz-Bingen West,12,17,93,47,SG Schwabenheim / Appenheim,9,fussball.de
031B347RU4000009VS5489BUVV628VP4-G,Südwest,Kreis Pirmasens/Zweibrücken,11,C-Klasse,C Klasse Ost  Pirmasens-Zweibrücken · Kreis Pirmasens/Zweibrücken,14,35,202,104,ASV Lug/Schwanheim II,15,fussball.de
031B347S6G000008VS5489BUVV628VP4-G,Südwest,Kreis Pirmasens/Zweibrücken,11,C-Klasse,C Klasse West Pirmasens-Zweibrücken · Kreis Pirmasens/Zweibrücken,13,22,133,64,SV 1920 Ixheim II,12,fussball.de
0314GI0LBO000009VS5489BUVSBBVPEU-G,Südwest,Kreis Rhein-Mittelhaardt,11,C-Klasse,Herren C-Klasse Rhein-Mittelhaardt Staffel Ost,15,38,217,110,FV 1911 Germersheim II,16,fussball.de
0314GI0LHG000009VS5489BUVSBBVPEU-G,Südwest,Kreis Rhein-Mittelhaardt,11,C-Klasse,Herren C-Klasse Rhein-Mittelhaardt Staffel West,16,44,261,129,TSV 1899 Königsbach,15,fussball.de
031BT7O82G000008VS5489BUVUR5FS5A-G,Südwest,Kreis Rhein-Pfalz,11,C-Klasse,Herren C-Klasse Rhein-Pfalz Nord,12,19,113,55,TSG Eisenberg II,12,fussball.de
031BT7O888000008VS5489BUVUR5FS5A-G,Südwest,Kreis Rhein-Pfalz,11,C-Klasse,Herren C-Klasse Rhein-Pfalz Süd,11,18,99,51,KSV Amed,9,fussball.de
0311HNIRK800000BVS5489BUVVARDA0V-G,Südwest,Kreis Südpfalz,11,C-Klasse,Herren C-Klasse Südpfalz Staffel I,16,47,256,138,SG Klingenmünster-Göckl.-Eschb. II,18,fussball.de
0311HNIRS0000009VS5489BUVVARDA0V-G,Südwest,Kreis Südpfalz,11,C-Klasse,Herren C-Klasse Südpfalz Staffel II,16,44,248,130,SG Berg-Hagenbach,15,fussball.de
031CIB3GE0000007VS5489BUVUR5FS5A-G,Thüringen,Kreis Erfurt-Sömmerda,11,2.Kreisklasse,2.KK St.1 · Kreis Erfurt-Sömmerda,8,8,58,24,SV Empor Erfurt II,9,fussball.de
031CIBBERS000004VS5489BUVUR5FS5A-G,Thüringen,Kreis Erfurt-Sömmerda,11,2.Kreisklasse,2.KK St.2 · Kreis Erfurt-Sömmerda,9,9,49,27,SV Frohndorf/Orlishausen II,6,fussball.de
031O3A6AAG000004VS5489BUVT2M8LCU-G,Thüringen,Kreis Jena-Saale-Orla,11,2.Kreisklasse,2.Kreisklasse A · Kreis Jena-Saale-Orla,6,0,0,0,FC Thüringen Jena IV,0,fussball.de
031O3635G0000004VS5489BUVT2M8LCU-G,Thüringen,Kreis Jena-Saale-Orla,11,2.Kreisklasse,2.Kreisklasse B · Kreis Jena-Saale-Orla,8,3,24,9,SV Güldequelle Löhma,3,fussball.de
03155QD220000006VS5489BUVSBBVPEU-G,Thüringen,Kreis Mittelthüringen,11,2.Kreisklasse,2.Kreisklasse A · Kreis Mittelthüringen,9,8,51,24,SG TSV 1928 Kromsdorf 2.,6,fussball.de
03155QD2BG000004VS5489BUVSBBVPEU-G,Thüringen,Kreis Mittelthüringen,11,2.Kreisklasse,2.Kreisklasse B · Kreis Mittelthüringen,8,7,37,21,FSV Grün-Weiß Blankenhain 2.,6,fussball.de
03155QD2H0000007VS5489BUVSBBVPEU-G,Thüringen,Kreis Mittelthüringen,11,2.Kreisklasse,2.Kreisklasse C · Kreis Mittelthüringen,10,9,54,27,SG Traktor Teichel 2.,6,fussball.de
031K70HAP800000BVS5489BTVSRD0UH9-G,Westfalen,Kreis Ahaus-Coesfeld,11,Kreisliga C,Kreisliga C 1 Ahaus-Coesfeld,16,23,105,66,FC Turo d'Izlo-Aramäer Gronau II,7,fussball.de
031K70HB04000005VS5489BTVSRD0UH9-G,Westfalen,Kreis Ahaus-Coesfeld,11,Kreisliga C,Kreisliga C 2 Ahaus-Coesfeld,16,24,103,68,SuS Olfen II,9,fussball.de
031ITD73R8000009VS5489BTVSRD0UH9-G,Westfalen,Kreis Arnsberg,11,Kreisliga C,Kreisliga C Arnsberg,14,11,78,30,SG Herdringen/Müschede III,6,fussball.de
031ARMESP0000004VS5489BTVSK8S3O6-G,Westfalen,Kreis Beckum,11,Kreisliga C,Kreisliga C Beckum,12,6,31,17,ASK Ahlen IV,3,fussball.de
0311HPTB6O00000JVS5489BTVT51B5B5-G,Westfalen,Kreis Bielefeld,11,Kreisliga C,Kreisliga C Staffel 1 · Kreis Bielefeld,13,17,90,48,SCE Rot-Weiß Bielefeld II,7,fussball.de
0311HPTBEO00000JVS5489BTVT51B5B5-G,Westfalen,Kreis Bielefeld,11,Kreisliga C,Kreisliga C Staffel 2 · Kreis Bielefeld,14,21,125,61,TV Friesen Milse II,9,fussball.de
0311HPTBLO00000HVS5489BTVT51B5B5-G,Westfalen,Kreis Bielefeld,11,Kreisliga C,Kreisliga C Staffel 3 · Kreis Bielefeld,14,21,164,61,Sportfreunde Sennestadt,9,fussball.de
0311HPTBS000000AVS5489BTVT51B5B5-G,Westfalen,Kreis Bielefeld,11,Kreisliga C,Kreisliga C Staffel 4 · Kreis Bielefeld,14,21,133,60,TuS Union Vilsendorf II,7,fussball.de
0311RM7JV8000004VS5489BUVVARDA0V-G,Westfalen,Kreis Bochum,11,Kreisliga C,Kreisliga C1 Herren · Kreis Bochum,14,24,125,70,SV Türkiyemspor Bochum III,15,fussball.de
0311RM9BT0000004VS5489BUVVARDA0V-G,Westfalen,Kreis Bochum,11,Kreisliga C,Kreisliga C2 Herren · Kreis Bochum,14,31,169,83,TuS Kaltehardt II,12,fussball.de
0311RMAM8G000004VS5489BUVVARDA0V-G,Westfalen,Kreis Bochum,11,Kreisliga C,Kreisliga C3 Herren · Kreis Bochum,14,23,146,65,TSV Witten II,10,fussball.de
0311RMCH1G000000VS5489BUVVARDA0V-G,Westfalen,Kreis Bochum,11,Kreisliga C,Kreisliga C4 Herren · Kreis Bochum,15,34,224,102,DJK Wattenscheid II,15,fussball.de
0311RMF2MG000003VS5489BUVVARDA0V-G,Westfalen,Kreis Bochum,11,Kreisliga C,Kreisliga C5 Herren · Kreis Bochum,14,27,168,77,SG Wattenscheid 09 II,15,fussball.de
0318943FP000000AVS5489BTVU7GTVLE-G,Westfalen,Kreis Detmold,11,Kreisliga C,Kreisliga C Gruppe I · Kreis Detmold,9,12,80,33,SG Hiddesen Heidenoldendorf II,9,fussball.de
031J5EA8D000000BVS5489BUVVKNMR0J-G,Westfalen,Kreis Detmold,11,Kreisliga C,Kreisliga C Gruppe II · Kreis Detmold,9,12,60,33,SG Sabbenhausen-Elbrinxen-Falkenhagen-Lügde III,9,fussball.de
03133VAS8O000004VS5489BUVSBBVPEU-G,Westfalen,Kreis Dortmund,11,Kreisliga C,Kreisliga C1 - Dortmund,16,21,126,62,TuS Rahm II,9,fussball.de
03133VF9RG000005VS5489BUVSBBVPEU-G,Westfalen,Kreis Dortmund,11,Kreisliga C,Kreisliga C2 - Dortmund,15,21,107,54,SpVg Berghofen II,9,fussball.de
03133VGGEO000005VS5489BUVSBBVPEU-G,Westfalen,Kreis Dortmund,11,Kreisliga C,Kreisliga C3 - Dortmund,16,18,124,52,FC Roj II,9,fussball.de
03133VHPD8000005VS5489BUVSBBVPEU-G,Westfalen,Kreis Dortmund,11,Kreisliga C,Kreisliga C4 - Dortmund,15,20,122,55,ÖSG Viktoria 08 Dortmund,9,fussball.de
031BI0FKPC000004VS5489BUVUR5FS5A-G,Westfalen,Kreis Gelsenkirchen,11,Kreisliga C,Kreisliga C 1 Herren · Kreis Gelsenkirchen,18,45,319,129,BV Horst-Süd,15,fussball.de
031BI1RMT0000004VS5489BUVUR5FS5A-G,Westfalen,Kreis Gelsenkirchen,11,Kreisliga C,Kreisliga C 2 Herren · Kreis Gelsenkirchen,16,38,299,106,Teutonia Schalke,15,fussball.de
031F9UCHFG00000KVS5489BUVSJ4CRAP-G,Westfalen,Kreis Gütersloh,11,Kreisliga C,Kreisliga C Q1 GT · Kreis Gütersloh,6,12,64,36,SV Spexard III,12,fussball.de
031F9UCHOC00000IVS5489BUVSJ4CRAP-G,Westfalen,Kreis Gütersloh,11,Kreisliga C,Kreisliga C Q2 GT · Kreis Gütersloh,6,12,76,36,SC Verl III,12,fussball.de
031F9UCHV4000006VS5489BUVSJ4CRAP-G,Westfalen,Kreis Gütersloh,11,Kreisliga C,Kreisliga C Q3 GT · Kreis Gütersloh,6,12,91,35,GW Harsewinkel,12,fussball.de
031F9UOR44000004VS5489BUVSJ4CRAP-G,Westfalen,Kreis Gütersloh,11,Kreisliga C,Kreisliga C Q4 GT · Kreis Gütersloh,6,12,50,33,SC Blankenhagen,10,fussball.de
031FF5PUBS00000JVS5489BUVSJ4CRAP-G,Westfalen,Kreis Hagen,11,Kreisliga C,Kreisliga C1 Hagen,19,34,200,93,SC Berchum/Garenfeld III,12,fussball.de
031FF5PUMK00000JVS5489BUVSJ4CRAP-G,Westfalen,Kreis Hagen,11,Kreisliga C,Kreisliga C2 Hagen,19,33,221,92,SG Büttenberg/Altenvoerde,12,fussball.de
0313202OSO00000HVS5489BUVSBBVPEU-G,Westfalen,Kreis Herford,11,Kreisliga C,Kreisliga C Gruppe 1 · Kreis Herford,13,18,151,53,FC Dardania Herford,9,fussball.de
0313202P8G00000IVS5489BUVSBBVPEU-G,Westfalen,Kreis Herford,11,Kreisliga C,Kreisliga C Gruppe 2 · Kreis Herford,13,17,120,50,Türkischer Verein Herford,9,fussball.de
0313202PJO00000HVS5489BUVSBBVPEU-G,Westfalen,Kreis Herford,11,Kreisliga C,Kreisliga C Gruppe 3 · Kreis Herford,13,18,123,51,SC Bünde III,9,fussball.de
031D6CLKM800000IVS5489BTVUS470OH-G,Westfalen,Kreis Herne,11,Kreisliga C,Herren Kreisliga C1 · Kreis Herne,16,24,163,66,SG Castrop-Rauxel II,9,fussball.de
031D6CLOI800000JVS5489BTVUS470OH-G,Westfalen,Kreis Herne,11,Kreisliga C,Herren Kreisliga C2 · Kreis Herne,14,18,177,54,Eintracht Ickern III,9,fussball.de
031I1LD24C000004VS5489BUVVKNMR0J-G,Westfalen,Kreis Hochsauerlandkreis,11,Kreisliga C,Kreisliga C 1 Hochsauerland Findungsrunde · Kreis Hochsauerlandkreis,9,9,53,19,SSV Meschede II,4,fussball.de
031I1MTT88000004VS5489BUVVKNMR0J-G,Westfalen,Kreis Hochsauerlandkreis,11,Kreisliga C,Kreisliga C 2 Hochsauerland Findungsrunde · Kreis Hochsauerlandkreis,9,14,72,26,SG Giershagen-Hoppecketal/Padberg-Obermarsberg 3,9,fussball.de
031E17I7PG000003VS5489BTVUS470OH-G,Westfalen,Kreis Höxter,11,Kreisliga C,Kreisliga C Gruppe 1 · Kreis Höxter,11,12,56,33,SV Steinheim II,7,fussball.de
031E15ONIC000004VS5489BTVUS470OH-G,Westfalen,Kreis Höxter,11,Kreisliga C,Kreisliga C Gruppe 2 · Kreis Höxter,11,15,68,42,SG Dalhausen/Tietelsen-Rothe/Borgholz/Natzungen II,7,fussball.de
0314LUAH9400000HVS5489BTVU7GTVLE-G,Westfalen,Kreis Iserlohn,11,Kreisliga C,Kreisliga C 1 - Qualifikation · Kreis Iserlohn,8,12,69,34,SF Hüingsen III,7,fussball.de
0314LUAHIC00000JVS5489BTVU7GTVLE-G,Westfalen,Kreis Iserlohn,11,Kreisliga C,Kreisliga C 2 - Qualifikation · Kreis Iserlohn,7,7,56,20,BSV Lendringsen III,6,fussball.de
031EL8JQO8000003VS5489BTVUS470OH-G,Westfalen,Kreis Iserlohn,11,Kreisliga C,Kreisliga C 3 - Qualifikation · Kreis Iserlohn,8,12,82,35,DJK VfK Iserlohn II,9,fussball.de
031BEPTQAC00000EVS5489BUVUR5FS5A-G,Westfalen,Kreis Lemgo,11,Kreisliga C,Kreisliga C Gruppe 1 Lemgo,15,27,167,78,VfL Lüerdissen,12,fussball.de
031BEPTQIC00000DVS5489BUVUR5FS5A-G,Westfalen,Kreis Lemgo,11,Kreisliga C,Kreisliga C Gruppe 2 Lemgo,15,28,163,75,KSC Ehrsen,10,fussball.de
031H02CRL0000008VS5489BTVVG7L386-G,Westfalen,Kreis Lippstadt,11,Kreisliga C,Kreisliga C Lippstadt,13,17,91,51,TuS GW Allagen II,9,fussball.de
031F02674G000009VS5489BTVUS470OH-G,Westfalen,Kreis Lübbecke,11,Kreisliga C,Kreisliga C  K 20 Lübbecke,11,20,99,57,SG Nettelstedt I / Frotheim II,12,fussball.de
0311BQGD4C00000KVS5489BUVVARDA0V-G,Westfalen,Kreis Lüdenscheid,11,Kreisliga C,Kreisliga C 1 Lüdenscheid,10,15,65,38,TuS Stöcken Dahlerbrück II,9,fussball.de
0311BQGDBG00000DVS5489BUVVARDA0V-G,Westfalen,Kreis Lüdenscheid,11,Kreisliga C,Kreisliga C 2 Lüdenscheid,9,11,43,24,TuS Versetal II,7,fussball.de
03110A5DGK000004VS5489BUVVARDA0V-G,Westfalen,Kreis Minden,11,Kreisliga C,Kreisliga C Minden,16,54,272,150,SV Hausberge II,19,fussball.de
031BT6GJ3G00000BVS5489BUVUR5FS5A-G,Westfalen,Kreis Münster,11,Kreisliga C,Kreisliga C 1 Herren · Kreis Münster,15,26,144,73,SV Bösensell II,12,fussball.de
031BT6RDA800000BVS5489BUVUR5FS5A-G,Westfalen,Kreis Münster,11,Kreisliga C,Kreisliga C 2 Herren · Kreis Münster,15,25,125,66,SV Teutonia Coerde,12,fussball.de
031BT6RDGC000008VS5489BUVUR5FS5A-G,Westfalen,Kreis Münster,11,Kreisliga C,Kreisliga C 3 Herren · Kreis Münster,14,23,134,67,1. FC Mecklenbeck II,9,fussball.de
031ILDA8GG00000CVS5489BTVSRD0UH9-G,Westfalen,Kreis Olpe,11,Kreisliga C,Kreisliga C Staffel 1 Olpe,11,12,70,35,FSV Helden,9,fussball.de
031ILDA8N000000CVS5489BTVSRD0UH9-G,Westfalen,Kreis Olpe,11,Kreisliga C,Kreisliga C Staffel 2 Olpe,11,12,68,35,FC Attendorn-Schwalbenohl,6,fussball.de
031ILDA8SO00000CVS5489BTVSRD0UH9-G,Westfalen,Kreis Olpe,11,Kreisliga C,Kreisliga C Staffel 3 Olpe,11,13,87,37,SC Bleche/Germinghausen,9,fussball.de
0313R48U3O00000FVS5489BTVU7GTVLE-G,Westfalen,Kreis Paderborn,11,Kreisliga C,Kreisliga C1 Paderborn,13,24,153,72,FC Westerloh-Lippling,12,fussball.de
0313R4AHVK00000FVS5489BTVU7GTVLE-G,Westfalen,Kreis Paderborn,11,Kreisliga C,Kreisliga C2 Paderborn,12,23,126,68,SG Lichtenau/Kleinenberg,12,fussball.de
0313R4AI5G00000FVS5489BTVU7GTVLE-G,Westfalen,Kreis Paderborn,11,Kreisliga C,Kreisliga C3 Paderborn,13,27,127,76,SV 21 Büren II,15,fussball.de
031D419FV400000BVS5489BUVUR5FS5A-G,Westfalen,Kreis Recklinghausen,11,Kreisliga C,RE KL C 1 · Kreis Recklinghausen,16,24,120,69,Westfalia Gemen IV,9,fussball.de
031D419G7G000008VS5489BUVUR5FS5A-G,Westfalen,Kreis Recklinghausen,11,Kreisliga C,RE KL C 2 · Kreis Recklinghausen,15,21,129,62,SC Marl-Hamm II,9,fussball.de
031D419GD400000AVS5489BUVUR5FS5A-G,Westfalen,Kreis Recklinghausen,11,Kreisliga C,RE KL C 3 · Kreis Recklinghausen,15,20,92,60,Spvgg Recklinghausen 95/08,9,fussball.de
031D419GIS000007VS5489BUVUR5FS5A-G,Westfalen,Kreis Recklinghausen,11,Kreisliga C,RE KL C 4 · Kreis Recklinghausen,16,21,141,58,SV Borussia Ahsen II,9,fussball.de
031F13GGAC000004VS5489BTVUS470OH-G,Westfalen,Kreis Siegen-Wittgenstein,11,Kreisliga C,Kreisliga C1-SIWI · Kreis Siegen-Wittgenstein,14,18,110,53,VfL Klafeld-Geisweid,9,fussball.de
031F151AN0000004VS5489BTVUS470OH-G,Westfalen,Kreis Siegen-Wittgenstein,11,Kreisliga C,Kreisliga C2-SIWI · Kreis Siegen-Wittgenstein,13,18,86,50,TuS Johannland,9,fussball.de
031D48QCGG000008VS5489BUVUR5FS5A-G,Westfalen,Kreis Soest,11,Kreisliga C,Kreisliga C Herren · Kreis Soest,15,35,213,100,TuS Jahn Soest,15,fussball.de
031CT4QNPO000004VS5489BUVUR5FS5A-G,Westfalen,Kreis Steinfurt,11,Kreisliga C,Kreisliga C Qualigruppe 1 Kreis Steinfurt,8,16,75,47,SV Burgsteinfurt III,10,fussball.de
031D3N85ES000004VS5489BUVUR5FS5A-G,Westfalen,Kreis Steinfurt,11,Kreisliga C,Kreisliga C Qualigruppe 2 Kreis Steinfurt,7,10,53,28,Borghorster FC IV,9,fussball.de
031D3NCH2S000004VS5489BUVUR5FS5A-G,Westfalen,Kreis Steinfurt,11,Kreisliga C,Kreisliga C Qualigruppe 3 Kreis Steinfurt,8,16,94,46,SV Borussia Emsdetten III,10,fussball.de
031D3NJR8C000004VS5489BUVUR5FS5A-G,Westfalen,Kreis Steinfurt,11,Kreisliga C,Kreisliga C Qualigruppe 4 Kreis Steinfurt,8,16,98,46,FSV Ochtrup e.V. II,9,fussball.de
031GBGONDK000004VS5489BTVVG7L386-G,Westfalen,Kreis Tecklenburg,11,Kreisliga C,Kreisliga C 1 · Kreis Tecklenburg,14,21,110,58,Grün-Weiß Steinbeck II,9,fussball.de
031GBIHK74000003VS5489BTVVG7L386-G,Westfalen,Kreis Tecklenburg,11,Kreisliga C,Kreisliga C 2 · Kreis Tecklenburg,13,18,95,52,VfL Sportfreunde Lotte III,9,fussball.de
030UHHNEV0000008VS5489BTVT51B5B5-G,Westfalen,Kreis Unna-Hamm,11,Kreisliga C,Kreisliga C1 Unna-Hamm,16,38,247,106,FC Bönen II,13,fussball.de
030UHHNFBG000000VS5489BTVT51B5B5-G,Westfalen,Kreis Unna-Hamm,11,Kreisliga C,Kreisliga C2 Unna-Hamm,16,40,252,116,Rot-Weiß Unna II,15,fussball.de
031EMDLEIS000004VS5489BUVUR5FS5A-G,Württemberg,Bezirk Neckar/Fils (K),11,Kreisliga C,Kreisliga C1 · Bezirk Neckar/Fils (K),13,9,66,26,TSV Wernau II,6,fussball.de
031EMDQS0K000004VS5489BUVUR5FS5A-G,Württemberg,Bezirk Neckar/Fils (K),11,Kreisliga C,Kreisliga C3 · Bezirk Neckar/Fils (K),12,10,51,30,TSV Neckartenzlingen,6,fussball.de
031EMDU0AK000003VS5489BUVUR5FS5A-G,Württemberg,Bezirk Neckar/Fils (K),11,Kreisliga C,Kreisliga C4 · Bezirk Neckar/Fils (K),11,8,47,23,SV Nabern,6,fussball.de
031EME0MI0000004VS5489BUVUR5FS5A-G,Württemberg,Bezirk Neckar/Fils (K),11,Kreisliga C,Kreisliga C5 · Bezirk Neckar/Fils (K),12,9,63,27,TSV Hohenstaufen II,6,fussball.de
031EME2VBK000004VS5489BUVUR5FS5A-G,Württemberg,Bezirk Neckar/Fils (K),11,Kreisliga C,Kreisliga C6 · Bezirk Neckar/Fils (K),12,10,48,28,SV Croatia 2012 Geislingen II,6,fussball.de
031785KJ6K000004VS5489BUVSBBVPEU-G,Württemberg,Bezirk Schwarzwald/Zollern (K),11,Kreisliga C,Kreisliga C1 · Bezirk Schwarzwald/Zollern (K),12,0,0,0,FC Goaletics Schura zg.,0,fussball.de
031785MVDS000004VS5489BUVSBBVPEU-G,Württemberg,Bezirk Schwarzwald/Zollern (K),11,Kreisliga C,Kreisliga C2 · Bezirk Schwarzwald/Zollern (K),13,12,56,35,TSV Benzingen II,6,fussball.de
031785OKQS000004VS5489BUVSBBVPEU-G,Württemberg,Bezirk Schwarzwald/Zollern (K),11,Kreisliga C,Kreisliga C3 · Bezirk Schwarzwald/Zollern (K),13,11,43,31,SV Wurmlingen II,6,fussball.de
031785Q4L4000004VS5489BUVSBBVPEU-G,Württemberg,Bezirk Schwarzwald/Zollern (K),11,Kreisliga C,Kreisliga C4 · Bezirk Schwarzwald/Zollern (K),13,12,49,34,SGM Aichhalden/Rötenberg II,6,fussball.de
0315D4CSR800000BVS5489BTVU7GTVLE-G,Bayern,Kreis Donau/Isar,12,C Klasse,441 C-Klasse 1 · Kreis Donau/Isar,14,23,110,67,SV Buxheim II,10,fussball.de
0315D4CU3G00000OVS5489BTVU7GTVLE-G,Bayern,Kreis Donau/Isar,12,C Klasse,442 C-Klasse 2 · Kreis Donau/Isar,14,26,129,77,SpVgg Langenbruck II,10,fussball.de
0315D4CV9K00000FVS5489BTVU7GTVLE-G,Bayern,Kreis Donau/Isar,12,C Klasse,443 C-Klasse 3 · Kreis Donau/Isar,12,11,54,32,VfR Haag/Amper,6,fussball.de
0315D4D0JS00000HVS5489BTVU7GTVLE-G,Bayern,Kreis Donau/Isar,12,C Klasse,444 C-Klasse 4 · Kreis Donau/Isar,12,11,58,31,TSV Isen II,4,fussball.de
030UHNLO4000003NVS5489BTVT51B5B5-G,Bayern,Kreis Inn/Salzach,12,C Klasse,C-Klasse 1 · Kreis Inn/Salzach,12,11,72,32,SC Höhenrain 2,6,fussball.de
030UHNLPAC000045VS5489BTVT51B5B5-G,Bayern,Kreis Inn/Salzach,12,C Klasse,C-Klasse 2 · Kreis Inn/Salzach,12,12,49,34,SV Nußdorf 2,6,fussball.de
030UHNLQI8000019VS5489BTVT51B5B5-G,Bayern,Kreis Inn/Salzach,12,C Klasse,C-Klasse 3 · Kreis Inn/Salzach,10,8,38,22,(SG) Breitbrunn 2 / Eggstätt 2,4,fussball.de
031323KA9C000056VS5489BUVSBBVPEU-G,Bayern,Kreis Inn/Salzach,12,C Klasse,C-Klasse 4 · Kreis Inn/Salzach,10,9,48,25,TV Kraiburg/Inn 2,6,fussball.de
031323KC7O00003CVS5489BUVSBBVPEU-G,Bayern,Kreis Inn/Salzach,12,C Klasse,C-Klasse 5 · Kreis Inn/Salzach,10,7,52,19,TV Altötting 2,3,fussball.de
031323KDF000003MVS5489BUVSBBVPEU-G,Bayern,Kreis Inn/Salzach,12,C Klasse,C-Klasse 6 · Kreis Inn/Salzach,11,10,42,29,(SG) Feichten 1 / Tacherting 3,6,fussball.de
031323KENG00005CVS5489BUVSBBVPEU-G,Bayern,Kreis Inn/Salzach,12,C Klasse,C-Klasse 7 · Kreis Inn/Salzach,11,10,32,27,TSV Marquartstein 2,6,fussball.de
0313M3LTB4000024VS5489BUVSBBVPEU-G,Bayern,Kreis Inn/Salzach,12,C Klasse,C-Klasse 8 · Kreis Inn/Salzach,10,8,28,21,SG Scheffau-Schellenberg,4,fussball.de
031AP4P204000004VS5489BUVV628VP4-G,Bayern,Kreis München,12,C Klasse,141 C-Klasse 1 · Kreis München,13,17,84,49,SpVgg Hebertshausen II,9,fussball.de
031AP50HC8000003VS5489BUVV628VP4-G,Bayern,Kreis München,12,C Klasse,142 C-Klasse 2 · Kreis München,13,15,66,42,FC Alte Haide-DSC III,6,fussball.de
031AP9053G000004VS5489BUVV628VP4-G,Bayern,Kreis München,12,C Klasse,144 C-Klasse 3 · Kreis München,13,15,79,44,FC Freiham,6,fussball.de
031AP99MJ8000004VS5489BUVV628VP4-G,Bayern,Kreis München,12,C Klasse,145 C-Klasse 4 · Kreis München,12,11,63,31,Latino Munich SV II,7,fussball.de
031AP9IOO0000004VS5489BUVV628VP4-G,Bayern,Kreis München,12,C Klasse,146 C-Klasse 5 · Kreis München,13,15,110,44,SC Bogenhausen II,9,fussball.de
031AP9SQ1G000004VS5489BUVV628VP4-G,Bayern,Kreis München,12,C Klasse,147 C-Klasse 6 · Kreis München,12,12,62,34,TSV Poing III,9,fussball.de
031APB51H4000004VS5489BUVV628VP4-G,Bayern,Kreis München,12,C Klasse,148 C-Klasse 7 · Kreis München,12,12,67,36,1. FC Georgia München,6,fussball.de
031568M5D4000010VS5489BUVSBBVPEU-G,Bayern,Kreis Zugspitze,12,C Klasse,C-Klasse Gruppe 1 · Kreis Zugspitze,10,7,32,19,SV Althegnenberg II,6,fussball.de
031568M7E400000JVS5489BUVSBBVPEU-G,Bayern,Kreis Zugspitze,12,C Klasse,C-Klasse Gruppe 2 · Kreis Zugspitze,10,5,53,15,(SG) SC Malching II / FSV Aufkirchen,3,fussball.de
031568M8OO000009VS5489BUVSBBVPEU-G,Bayern,Kreis Zugspitze,12,C Klasse,C-Klasse Gruppe 3 · Kreis Zugspitze,12,12,60,34,(SG 2) ASC II - TuS Geretsried IV,7,fussball.de
031568MA1G000000VS5489BUVSBBVPEU-G,Bayern,Kreis Zugspitze,12,C Klasse,C-Klasse Gruppe 4 · Kreis Zugspitze,11,8,60,24,SV Ohlstadt III,6,fussball.de
031568MBCK00000KVS5489BUVSBBVPEU-G,Bayern,Kreis Zugspitze,12,C Klasse,C-Klasse Gruppe 5 · Kreis Zugspitze,14,25,120,71,TSV Altenstadt III,9,fussball.de
0316O963QC00000GVS5489BUVSBBVPEU-G,Brandenburg,Kreis Havelland,12,2.Kreisklasse,2. Kreisklasse A · Kreis Havelland,13,10,56,30,VfL Nauen III,6,fussball.de
0316O96478000000VS5489BUVSBBVPEU-G,Brandenburg,Kreis Havelland,12,2.Kreisklasse,2. Kreisklasse B · Kreis Havelland,11,9,44,26,TSV Wiesenburg,6,fussball.de
0316O964FS00000AVS5489BUVSBBVPEU-G,Brandenburg,Kreis Havelland,12,2.Kreisklasse,2. Kreisklasse C · Kreis Havelland,12,6,31,17,Rot-Weiß Groß Glienicke II,3,fussball.de
031AJ82NV800000AVS5489BUVV628VP4-G,Brandenburg,Kreis Niederlausitz,12,2.Kreisklasse,2.Kreisklasse · Kreis Niederlausitz,11,4,28,11,Motor Saspow II,3,fussball.de
031DRKI4SK000005VS5489BUVUR5FS5A-G,Brandenburg,Kreis Südbrandenburg,12,2.Kreisklasse,2. Kreisklasse Staffel Nord · Kreis Südbrandenburg,8,7,51,20,SV Grün-Weiß Lübben II,6,fussball.de
031DRKI51S000002VS5489BUVUR5FS5A-G,Brandenburg,Kreis Südbrandenburg,12,2.Kreisklasse,2. Kreisklasse Staffel Süd · Kreis Südbrandenburg,8,5,31,15,FSV Guteborn II,3,fussball.de
031DRKI560000005VS5489BUVUR5FS5A-G,Brandenburg,Kreis Südbrandenburg,12,2.Kreisklasse,2. Kreisklasse Staffel West · Kreis Südbrandenburg,8,7,38,20,FC Schradenland II,6,fussball.de
031B3UI53C000009VS5489BTVSK8S3O6-G,Hessen,Kreis Bergstraße,12,Kreisliga D,KLD Bergstraße Gr.1,10,16,77,48,VfR Bürstadt II,12,fussball.de
031B3UI594000009VS5489BTVSK8S3O6-G,Hessen,Kreis Bergstraße,12,Kreisliga D,KLD Bergstraße Gr.2,11,20,92,56,SV Fürth III,13,fussball.de
031999UEMC00000AVS5489BTVSK8S3O6-G,Hessen,Kreis Darmstadt,12,Kreisliga D,KLD Darmstadt,14,33,165,93,SG Eiche Darmstadt,15,fussball.de
031APO1ODC00000BVS5489BTVSK8S3O6-G,Hessen,Kreis Dieburg,12,Kreisliga D,KLD Dieburg,15,39,226,110,SG Raibach/Umstadt,16,fussball.de
031977EB1S000004VS5489BUVV628VP4-G,Hessen,Kreis Limburg-Weilburg,12,Kreisliga D,KLD Limburg-Weilburg,16,47,241,138,TUS Löhnberg II,18,fussball.de
0318MB41F0000006VS5489BTVSK8S3O6-G,Hessen,Kreis Wiesbaden,12,Kreisliga D,KLD Wiesbaden,18,54,362,158,1. SC Kohlheck II,18,fussball.de
0319BA6MU8000003VS5489BUVV628VP4-G,Niedersachsen,Kreis Bentheim,12,4.Kreisklasse,4.Kreisklasse Grafschaft Bentheim,14,35,185,98,SV Hoogstede II,15,fussball.de
0315LNJBGC000007VS5489BUVSBBVPEU-G,Niedersachsen,Kreis Emsland,12,4.Kreisklasse,4.Kreisklasse Emsland Mitte,11,20,126,59,Tus Haren III,12,fussball.de
0315LNJB9S000005VS5489BUVSBBVPEU-G,Niedersachsen,Kreis Emsland,12,4.Kreisklasse,4.Kreisklasse Emsland Nord,9,10,57,30,SG Lathen-Wahn 9er,9,fussball.de
0315LNJBMC000006VS5489BUVSBBVPEU-G,Niedersachsen,Kreis Emsland,12,4.Kreisklasse,4.Kreisklasse Emsland Süd,10,14,76,42,VFB Lingen II 9er,9,fussball.de
031MDBF6OC000004VS5489BTVSRD0UH9-G,Niedersachsen,Kreis Hameln-Pyrmont,12,4.Kreisklasse,4. Kreisklasse Staffel 1 · Kreis Hameln-Pyrmont,10,15,86,44,TSV Brünnighausen,9,fussball.de
031MDCQGPO000004VS5489BTVSRD0UH9-G,Niedersachsen,Kreis Hameln-Pyrmont,12,4.Kreisklasse,4. Kreisklasse Staffel 2 · Kreis Hameln-Pyrmont,10,14,119,40,MTSV Aerzen 3,9,fussball.de
031AFTCN7C000009VS5489BUVV628VP4-G,Niedersachsen,Kreis Harburg,12,4.Kreisklasse,4.Kreisklasse Harburg,13,20,112,56,FC Este 2012 III,10,fussball.de
031AEH69KG000008VS5489BUVV628VP4-G,Niedersachsen,Kreis Heide-Wendland,12,4.Kreisklasse,4.Kreisklasse · Kreis Heide-Wendland,10,19,129,56,SC Lüchow II,12,fussball.de
031FDUKCQ0000003VS5489BTVUS470OH-G,Niedersachsen,Kreis Jade-Weser-Hunte,12,4.Kreisklasse,4.Kreisklasse JWH Staffel 1 · Kreis Jade-Weser-Hunte,10,8,50,23,Heidmühler FC III,6,fussball.de
031GL6JBGG000003VS5489BTVVG7L386-G,Niedersachsen,Kreis Jade-Weser-Hunte,12,4.Kreisklasse,4.Kreisklasse JWH Staffel 2 · Kreis Jade-Weser-Hunte,10,11,74,32,SV Brake IV,6,fussball.de
031I9DNICO000004VS5489BUVVKNMR0J-G,Niedersachsen,Kreis Jade-Weser-Hunte,12,4.Kreisklasse,4.Kreisklasse JWH Staffel 3 · Kreis Jade-Weser-Hunte,9,8,49,24,Tura 76 Oldenburg,6,fussball.de
031984K97K000006VS5489BUVV628VP4-G,Niedersachsen,Kreis Jade-Weser-Hunte,12,4.Kreisklasse,4.Kreisklasse JWH Staffel 4 · Kreis Jade-Weser-Hunte,11,8,53,24,SG Augustfehn/Apen II,6,fussball.de
031E2TP2TG000004VS5489BTVUS470OH-G,Niedersachsen,Kreis Nienburg,12,4.Kreisklasse,4. Kreisklasse Nienburg Hinrunde,10,11,78,33,SC Viktoria Lavelsloh II,6,fussball.de
03173433RC000003VS5489BTVU7GTVLE-G,Niedersachsen,Kreis Oldenburg-L./Delmenhorst,12,4.Kreisklasse,4.Kreisklasse · Kreis Oldenburg-L./Delmenhorst,14,41,276,122,TuS Hasbergen II,15,fussball.de
0315F29ASO000005VS5489BUVSBBVPEU-G,Niedersachsen,Kreis Ostfriesland,12,4.Kreisklasse,Ostfrieslandklasse  D St. 6,14,32,179,92,SG Leybucht II / Greetsiel,13,fussball.de
0315F29A2C000005VS5489BUVSBBVPEU-G,Niedersachsen,Kreis Ostfriesland,12,4.Kreisklasse,Ostfrieslandklasse D St. 1,9,17,89,49,SG Upleward II / Loquard II 9er,12,fussball.de
0315F29A84000005VS5489BUVSBBVPEU-G,Niedersachsen,Kreis Ostfriesland,12,4.Kreisklasse,Ostfrieslandklasse D St. 2,14,34,193,99,VfB Germania Wiesmoor II,13,fussball.de
0315F29AD8000002VS5489BUVSBBVPEU-G,Niedersachsen,Kreis Ostfriesland,12,4.Kreisklasse,Ostfrieslandklasse D St. 3,11,24,156,71,BSC Burhafe III 9er Ü32,12,fussball.de
0315F29AI0000006VS5489BUVSBBVPEU-G,Niedersachsen,Kreis Ostfriesland,12,4.Kreisklasse,Ostfrieslandklasse D St. 4,14,35,170,101,SG Rhauderfehn III/Rha.III/Col.III/Raj.III 9er,12,fussball.de
0315F29ANC000005VS5489BUVSBBVPEU-G,Niedersachsen,Kreis Ostfriesland,12,4.Kreisklasse,Ostfrieslandklasse D St. 5,10,20,107,59,SG Kickers Leer II/Germania Leer III,10,fussball.de
031DGRPQN800000CVS5489BTVUS470OH-G,Niedersachsen,Kreis Region Hannover,12,4.Kreisklasse,4.Kreisklasse Region Hannover St.1,10,20,110,58,VFV 87 Hainholz III,15,fussball.de
031DGRPQTK00000CVS5489BTVUS470OH-G,Niedersachsen,Kreis Region Hannover,12,4.Kreisklasse,4.Kreisklasse Region Hannover St.2,12,24,105,70,TSV Berenbostel IV,15,fussball.de
031DGRPR3C00000BVS5489BTVUS470OH-G,Niedersachsen,Kreis Region Hannover,12,4.Kreisklasse,4.Kreisklasse Region Hannover St.3,11,23,106,66,TSV Goltern III,12,fussball.de
031DGRPR9C00000CVS5489BTVUS470OH-G,Niedersachsen,Kreis Region Hannover,12,4.Kreisklasse,4.Kreisklasse Region Hannover St.4,12,29,198,87,SG Letter 05 III,15,fussball.de
0316FR6T1C000006VS5489BUVSBBVPEU-G,Niedersachsen,Kreis Rotenburg,12,4.Kreisklasse,4.Kreisklasse Mitte · Kreis Rotenburg,9,16,93,46,SV Ippensen/Wohnste III,10,fussball.de
0316FR6T78000007VS5489BUVSBBVPEU-G,Niedersachsen,Kreis Rotenburg,12,4.Kreisklasse,4.Kreisklasse Süd · Kreis Rotenburg,9,14,67,39,SV RW Scheessel III,12,fussball.de
031A8I2LIK000004VS5489BTVSK8S3O6-G,Niedersachsen,Kreis Schaumburg,12,4.Kreisklasse,4.Kreisklasse Schaumburg,7,9,46,25,SV Victoria Lauenau III (7er),7,fussball.de
031BOTDQE8000006VS5489BTVUS470OH-G,Niedersachsen,Kreis Stade,12,4.Kreisklasse,4.Kreisklasse · Kreis Stade,9,11,83,33,SG Lühe III,9,fussball.de
031AV55TU4000003VS5489BTVSK8S3O6-G,Sachsen,Kreis Chemnitz,12,1.Kreisklasse,1.Kreisklasse · Kreis Chemnitz,9,8,35,22,SpG Chemnitzer Polizei/ SVLok2,6,fussball.de
03180HR1SO000009VS5489BTVU7GTVLE-G,Sachsen,Kreis Dresden,12,1.Kreisklasse,Feldschlößchen Stadtklasse Quali 1 · Kreis Dresden,10,10,88,30,SpG SV Freital 2 / SC Freital 4,6,fussball.de
03180HR260000009VS5489BTVU7GTVLE-G,Sachsen,Kreis Dresden,12,1.Kreisklasse,Feldschlößchen Stadtklasse Quali 2 · Kreis Dresden,10,10,77,28,SpVgg. Dresden-Löbtau 3,6,fussball.de
0319B78IOC000008VS5489BUVV628VP4-G,Sachsen,Kreis Erzgebirge,12,1.Kreisklasse,Privatbrauerei Specht                                      1. Kreisklasse Ost · Kreis Erzgebirge,14,18,83,51,SSV Wildenstein,9,fussball.de
0319B78IV0000007VS5489BUVV628VP4-G,Sachsen,Kreis Erzgebirge,12,1.Kreisklasse,Privatbrauerei Specht                                   1. Kreisklasse West · Kreis Erzgebirge,14,20,62,54,SC Teutonia Bockau,7,fussball.de
03168MHAO8000005VS5489BUVSBBVPEU-G,Sachsen,Kreis Leipzig,12,1.Kreisklasse,1.Kreisklasse St. 1 · Kreis Leipzig,14,27,145,74,SG Räpitz 1948 I,12,fussball.de
03168MHAUG000007VS5489BUVSBBVPEU-G,Sachsen,Kreis Leipzig,12,1.Kreisklasse,1.Kreisklasse St. 2 · Kreis Leipzig,14,28,131,82,SV Mölkau 04 II,12,fussball.de
03187DQJJO000006VS5489BUVSBBVPEU-G,Sachsen,Kreis Meißen,12,1.Kreisklasse,Sonnen-Apotheke-1.Kreisklasse · Kreis Meißen,12,11,45,31,SV Einheit Glaubitz,6,fussball.de
031DGH7RAO000003VS5489BUVUR5FS5A-G,Sachsen,Kreis Oberlausitz,12,1.Kreisklasse,Kreisklasse Staffel 1 · Kreis Oberlausitz,7,5,33,14,1. Rothenburger SV 2. 9er,6,fussball.de
031DGHCSCC000004VS5489BUVUR5FS5A-G,Sachsen,Kreis Oberlausitz,12,1.Kreisklasse,Kreisklasse Staffel 2 · Kreis Oberlausitz,7,6,29,18,SpG SV Reichenbach 9er,6,fussball.de
031DGHOL2G000001VS5489BUVUR5FS5A-G,Sachsen,Kreis Oberlausitz,12,1.Kreisklasse,Kreisklasse Staffel 3 · Kreis Oberlausitz,7,7,46,20,SpG SpVgg. Ebersbach,7,fussball.de
031IA8AROK000006VS5489BUVVKNMR0J-G,Sachsen,Kreis Sächs.Schweiz/Osterzgeb.,12,1.Kreisklasse,1.Kreisklasse - Ost · Kreis Sächs.Schweiz/Osterzgeb.,8,8,43,24,SpG FSV 1924 Bad Schandau/Hohnsteiner SV/Traktor Reinhardtsdorf 2.,6,fussball.de
031IA8ARVS000006VS5489BUVVKNMR0J-G,Sachsen,Kreis Sächs.Schweiz/Osterzgeb.,12,1.Kreisklasse,1.Kreisklasse - West · Kreis Sächs.Schweiz/Osterzgeb.,8,7,54,20,SpG SG 90 Braunsdorf / SG Kesselsdorf 2. / SG Wurgwitz 2.,6,fussball.de
031F01ST28000009VS5489BTVUS470OH-G,Sachsen,Kreis Vogtland,12,1.Kreisklasse,Kummer Energieexperten 1.KK  Staffel 2 · Kreis Vogtland,12,17,75,49,FSV Bau Weischlitz 2,7,fussball.de
031F01SSR8000009VS5489BTVUS470OH-G,Sachsen,Kreis Vogtland,12,1.Kreisklasse,Kummer Energieexperten 1.KK Staffel 1 · Kreis Vogtland,12,18,94,51,SpVgg. 1862 Neumark,9,fussball.de
0318KHQNB0000004VS5489BUVV628VP4-G,Sachsen,Kreis Westlausitz,12,1.Kreisklasse,heitech.net-Kreisklasse Staffel 1 · Kreis Westlausitz,10,10,50,30,TSV 1895 Weißenberg,6,fussball.de
0318KIFEMC000004VS5489BUVV628VP4-G,Sachsen,Kreis Westlausitz,12,1.Kreisklasse,heitech.net-Kreisklasse Staffel 2 · Kreis Westlausitz,10,10,56,29,SV Liegau-Augustusbad,6,fussball.de
0318KIHFC8000004VS5489BUVV628VP4-G,Sachsen,Kreis Westlausitz,12,1.Kreisklasse,heitech.net-Kreisklasse Staffel 3 · Kreis Westlausitz,10,8,48,23,SV Blau-Weiß Neschwitz,6,fussball.de
031625V4IK000004VS5489BTVU7GTVLE-G,Sachsen,Kreis Zwickau,12,1.Kreisklasse,1. Kreisklasse Staffel 1 · Kreis Zwickau,12,12,92,36,LSV Thierfeld,6,fussball.de
031626732O000002VS5489BTVU7GTVLE-G,Sachsen,Kreis Zwickau,12,1.Kreisklasse,1. Kreisklasse Staffel 2 · Kreis Zwickau,12,11,47,31,FSV 1990 Dennheritz,6,fussball.de
031CQMDRSK000004VS5489BTVUS470OH-G,Sachsen-Anhalt,Kreis Saalekreis,12,2.Kreisklasse,2. Kreisklasse Staffel I · Kreis Saalekreis,11,4,11,10,Spgm. SV Gutenberg /1 SV Sennewitz III,3,fussball.de
031CQMOMCK000004VS5489BTVUS470OH-G,Sachsen-Anhalt,Kreis Saalekreis,12,2.Kreisklasse,2. Kreisklasse Staffel II · Kreis Saalekreis,11,3,12,9,FSV Dieskau 05 e.V.,3,fussball.de
031CQMUOOK000004VS5489BTVUS470OH-G,Sachsen-Anhalt,Kreis Saalekreis,12,2.Kreisklasse,2. Kreisklasse Staffel III · Kreis Saalekreis,11,4,29,10,SG Spergau II,3,fussball.de
030J2DC3ES000008VS5489BTVUCDSG9E-G,Sachsen-Anhalt,Kreis Salzland,12,2.Kreisklasse,2.Kreisklasse Staffel 1 · Kreis Salzland,12,16,93,45,SG Neuborna 62 e.V.,7,fussball.de
031K77CVKG000004VS5489BTVSRD0UH9-G,Westfalen,Kreis Ahaus-Coesfeld,12,Kreisliga D,Kreisliga D 1 Ahaus-Coesfeld,12,6,36,16,FC Ottenstein III,3,fussball.de
031K77DC1G00000CVS5489BTVSRD0UH9-G,Westfalen,Kreis Ahaus-Coesfeld,12,Kreisliga D,Kreisliga D 2 Ahaus-Coesfeld,11,5,25,14,SW Holtwick III,3,fussball.de
031K77DC6O000009VS5489BTVSRD0UH9-G,Westfalen,Kreis Ahaus-Coesfeld,12,Kreisliga D,Kreisliga D 3 Ahaus-Coesfeld,11,4,23,12,Union Lüdinghausen III,3,fussball.de
031IU83U78000009VS5489BTVSRD0UH9-G,Westfalen,Kreis Arnsberg,12,Kreisliga D,Kreisliga D Arnsberg,6,6,35,17,SV Bachum/Bergheim III,6,fussball.de
03133VNA00000004VS5489BUVSBBVPEU-G,Westfalen,Kreis Dortmund,12,Kreisliga D,Kreisliga D1 - Dortmund,20,25,187,65,TuS Kruckel II,9,fussball.de
03133VSP8O000005VS5489BUVSBBVPEU-G,Westfalen,Kreis Dortmund,12,Kreisliga D,Kreisliga D2 - Dortmund,20,25,166,67,SC Husen Kurl IV,9,fussball.de
031H01QQ6C000004VS5489BTVVG7L386-G,Westfalen,Kreis Lippstadt,12,Kreisliga D,Kreisliga D Lippstadt,17,24,135,67,BW Rixbeck-Dedinghausen II,9,fussball.de
031F039CTS00000EVS5489BTVUS470OH-G,Westfalen,Kreis Lübbecke,12,Kreisliga D,Kreisliga D1 K 20 Lübbecke 11er,11,20,110,58,SV Hüllhorst-Oberbauerschaft II,12,fussball.de
031CSNMCB4000004VS5489BUVUR5FS5A-G,Westfalen,Kreis Minden,12,Kreisliga D,Kreisliga D Minden,13,29,177,86,Union Minden III,12,fussball.de
0318LEOB8C00000EVS5489BUVV628VP4-G,Westfalen,Kreis Paderborn,12,Kreisliga D,Kreisliga D1 Paderborn,10,16,96,43,TuS Sennelager II,10,fussball.de
0318LEOBI400000DVS5489BUVV628VP4-G,Westfalen,Kreis Paderborn,12,Kreisliga D,Kreisliga D2 Paderborn,11,17,99,40,SV 21 Büren III,7,fussball.de
031LDKJ38K000003VS5489BTVSRD0UH9-G,Westfalen,Kreis Recklinghausen,12,Kreisliga D,RE KL D 1 · Kreis Recklinghausen,6,1,20,3,SuS GW Barkenberg II,3,fussball.de
031F15RH8G000004VS5489BTVUS470OH-G,Westfalen,Kreis Siegen-Wittgenstein,12,Kreisliga D,Kreisliga D1-SIWI · Kreis Siegen-Wittgenstein,14,21,99,56,SG Mudersbach/Brachbach/Gosenbach II,9,fussball.de
031F16UJU8000004VS5489BTVUS470OH-G,Westfalen,Kreis Siegen-Wittgenstein,12,Kreisliga D,Kreisliga D2-SIWI · Kreis Siegen-Wittgenstein,14,21,157,61,Spfr. Eichen-Krombach II,9,fussball.de
031F17O30S000004VS5489BTVUS470OH-G,Westfalen,Kreis Siegen-Wittgenstein,12,Kreisliga D,Kreisliga D3-SIWI · Kreis Siegen-Wittgenstein,13,17,131,46,SpVg. Kredenbach/Müsen III,6,fussball.de
031D4ECQ80000009VS5489BUVUR5FS5A-G,Westfalen,Kreis Soest,12,Kreisliga D,Kreisliga D Herren · Kreis Soest,13,17,103,51,Höinger SV II,9,fussball.de
031GBGVLDK000004VS5489BTVVG7L386-G,Westfalen,Kreis Tecklenburg,12,Kreisliga D,Kreisliga D · Kreis Tecklenburg,12,19,110,54,SC VelpeSüd,10,fussball.de
031E4OSKIS00000JVS5489BUVUR5FS5A-G,Westfalen,Kreis Unna-Hamm,12,Kreisliga D,Kreisliga D1 Unna-Hamm,19,44,261,123,Rot-Weiß Unna III,15,fussball.de
031BHGD2S4000004VS5489BUVUR5FS5A-G,Hessen,Kreis Alsfeld,13,1.Kreisklasse/Kreisklasse,1. Kreisklasse Alsfeld / Gießen,6,7,37,20,FSG Kirtorf/Antrifttal III,9,fussball.de
031B6TQC5C000006VS5489BTVSK8S3O6-G,Hessen,Kreis Biedenkopf,13,1.Kreisklasse/Kreisklasse,1. Kreisklasse Biedenkopf,10,11,76,33,TuSpo Breidenstein II,6,fussball.de
0318JK176S000000VS5489BUVV628VP4-G,Hessen,Kreis Büdingen,13,1.Kreisklasse/Kreisklasse,KLA Res Büdingen,14,30,140,89,SG Nd.-Mockst./Stammh. II,13,fussball.de
0318JK170800000AVS5489BUVV628VP4-G,Hessen,Kreis Büdingen,13,1.Kreisklasse/Kreisklasse,KOL Res Büdingen,14,35,129,101,SVP Düdelsheim II,12,fussball.de
0319B9OCLG000007VS5489BUVV628VP4-G,Sachsen,Kreis Erzgebirge,13,2.Kreisklasse,Privatbrauerei Specht                                       2.Kreisklasse Ost · Kreis Erzgebirge,11,13,60,37,FC Greifenstein 04 Ehrenfriedersdorf 2,9,fussball.de
0319B9OCQO000006VS5489BUVV628VP4-G,Sachsen,Kreis Erzgebirge,13,2.Kreisklasse,Privatbrauerei Specht                                    2.Kreisklasse West · Kreis Erzgebirge,12,18,101,53,SV Eintracht Ursprung,9,fussball.de
03168MPJL0000006VS5489BUVSBBVPEU-G,Sachsen,Kreis Leipzig,13,2.Kreisklasse,2.Kreisklasse St. 1 · Kreis Leipzig,11,18,91,51,KSC 1864 Leipzig,10,fussball.de
03168MPJR4000007VS5489BUVSBBVPEU-G,Sachsen,Kreis Leipzig,13,2.Kreisklasse,2.Kreisklasse St. 2 · Kreis Leipzig,12,23,138,69,SV Victoria 90 Leipzig,12,fussball.de
03187HFPF8000006VS5489BUVSBBVPEU-G,Sachsen,Kreis Meißen,13,2.Kreisklasse,Sonnen-Apotheke-2.Kreisklasse · Kreis Meißen,10,10,63,30,Coswiger FV,6,fussball.de
031F1B2R5C000009VS5489BTVUS470OH-G,Sachsen,Kreis Vogtland,13,2.Kreisklasse,2 Peaches 2.Kreisklasse · Kreis Vogtland,10,9,66,26,VSC Mylau-Reichenbach,9,fussball.de
031626LAT8000004VS5489BTVU7GTVLE-G,Sachsen,Kreis Zwickau,13,2.Kreisklasse,2. Kreisklasse · Kreis Zwickau,13,17,85,49,SpG FSV Dennheritz 2 / FC Crimmitschau 2 / VfB Empor Glauchau 3,9,fussball.de
031DO8NCD4000007VS5489BTVUS470OH-G,Hessen,Kreis Lauterbach-Hünfeld,14,2.Kreisklasse,Reserve Kreisliga B · Kreis Lauterbach-Hünfeld,6,4,23,12,SG Rasdorf/Soisdorf II,6,fussball.de
031ARD8J5C00000BVS5489BTVSK8S3O6-G,Hessen,Kreis Marburg,14,2.Kreisklasse,KLB Reserve Marburg,8,4,32,12,TSV Elnhausen II,6,fussball.de
