rang_bundesweit,verein,verband,gebiet,ligastufe,spielklasse,staffel,staffel_id,platz_in_staffel,spiele,siege,unentschieden,niederlagen,tore,gegentore,tordifferenz,punkte,punkte_pro_spiel,rangaenderung_vorwoche,quelle
1,SG Flensburg-Handewitt,,,1,1. Handball-Bundesliga,1. Handball-Bundesliga,hbl-248,1,6,5,1,0,212,188,24,11,1.83,,HBL (Sportradar)
2,THW Kiel,,,1,1. Handball-Bundesliga,1. Handball-Bundesliga,hbl-248,2,6,5,1,0,191,170,21,11,1.83,,HBL (Sportradar)
3,SC Magdeburg,,,1,1. Handball-Bundesliga,1. Handball-Bundesliga,hbl-248,3,6,5,0,1,205,184,21,10,1.67,,HBL (Sportradar)
4,Füchse Berlin,,,1,1. Handball-Bundesliga,1. Handball-Bundesliga,hbl-248,5,5,4,0,1,169,154,15,8,1.6,,HBL (Sportradar)
5,TSV Hannover-Burgdorf,,,1,1. Handball-Bundesliga,1. Handball-Bundesliga,hbl-248,4,6,4,1,1,183,173,10,9,1.5,,HBL (Sportradar)
6,MT Melsungen,,,1,1. Handball-Bundesliga,1. Handball-Bundesliga,hbl-248,6,6,3,1,2,190,173,17,7,1.17,,HBL (Sportradar)
7,VfL Gummersbach,,,1,1. Handball-Bundesliga,1. Handball-Bundesliga,hbl-248,7,6,3,1,2,195,186,9,7,1.17,,HBL (Sportradar)
8,HC Erlangen,,,1,1. Handball-Bundesliga,1. Handball-Bundesliga,hbl-248,10,5,2,1,2,153,154,-1,5,1.0,,HBL (Sportradar)
9,Rhein-Neckar Löwen,,,1,1. Handball-Bundesliga,1. Handball-Bundesliga,hbl-248,8,6,3,0,3,171,173,-2,6,1.0,,HBL (Sportradar)
10,TVB Stuttgart,,,1,1. Handball-Bundesliga,1. Handball-Bundesliga,hbl-248,11,5,2,1,2,153,157,-4,5,1.0,,HBL (Sportradar)
11,FRISCH AUF! Göppingen,,,1,1. Handball-Bundesliga,1. Handball-Bundesliga,hbl-248,9,6,3,0,3,170,188,-18,6,1.0,,HBL (Sportradar)
12,HBW Balingen-Weilstetten,,,1,1. Handball-Bundesliga,1. Handball-Bundesliga,hbl-248,12,5,2,0,3,151,142,9,4,0.8,,HBL (Sportradar)
13,TBV Lemgo Lippe,,,1,1. Handball-Bundesliga,1. Handball-Bundesliga,hbl-248,13,5,2,0,3,152,163,-11,4,0.8,,HBL (Sportradar)
14,ThSV Eisenach,,,1,1. Handball-Bundesliga,1. Handball-Bundesliga,hbl-248,15,5,1,1,3,147,153,-6,3,0.6,,HBL (Sportradar)
15,Handball Club Hamburg,,,1,1. Handball-Bundesliga,1. Handball-Bundesliga,hbl-248,14,6,1,1,4,190,195,-5,3,0.5,,HBL (Sportradar)
16,SG BBM Bietigheim,,,1,1. Handball-Bundesliga,1. Handball-Bundesliga,hbl-248,16,6,1,0,5,170,200,-30,2,0.33,,HBL (Sportradar)
17,HSG Wetzlar,,,1,1. Handball-Bundesliga,1. Handball-Bundesliga,hbl-248,17,6,0,1,5,186,208,-22,1,0.17,,HBL (Sportradar)
18,Bergischer HC,,,1,1. Handball-Bundesliga,1. Handball-Bundesliga,hbl-248,18,6,0,0,6,168,195,-27,0,0.0,,HBL (Sportradar)
19,1. VfL Potsdam,,,2,2. Handball-Bundesliga,2. Handball-Bundesliga,hbl-254,1,5,5,0,0,150,137,13,10,2.0,,HBL (Sportradar)
20,HC Elbflorenz 2006,,,2,2. Handball-Bundesliga,2. Handball-Bundesliga,hbl-254,2,5,4,0,1,195,153,42,8,1.6,,HBL (Sportradar)
21,VfL Eintracht Hagen,,,2,2. Handball-Bundesliga,2. Handball-Bundesliga,hbl-254,3,5,4,0,1,167,132,35,8,1.6,,HBL (Sportradar)
22,VfL Lübeck-Schwartau,,,2,2. Handball-Bundesliga,2. Handball-Bundesliga,hbl-254,4,5,4,0,1,172,144,28,8,1.6,,HBL (Sportradar)
23,SC DHfK Leipzig,,,2,2. Handball-Bundesliga,2. Handball-Bundesliga,hbl-254,5,5,4,0,1,153,145,8,8,1.6,,HBL (Sportradar)
24,HSG Nordhorn-Lingen,,,2,2. Handball-Bundesliga,2. Handball-Bundesliga,hbl-254,8,4,2,1,1,119,111,8,5,1.25,,HBL (Sportradar)
25,TuS Ferndorf,,,2,2. Handball-Bundesliga,2. Handball-Bundesliga,hbl-254,6,5,3,0,2,156,142,14,6,1.2,,HBL (Sportradar)
26,TV 05/07 Hüttenberg,,,2,2. Handball-Bundesliga,2. Handball-Bundesliga,hbl-254,7,5,3,0,2,166,158,8,6,1.2,,HBL (Sportradar)
27,TV Emsdetten,,,2,2. Handball-Bundesliga,2. Handball-Bundesliga,hbl-254,9,5,2,0,3,157,157,0,4,0.8,,HBL (Sportradar)
28,TuS N-Lübbecke,,,2,2. Handball-Bundesliga,2. Handball-Bundesliga,hbl-254,10,5,2,0,3,139,154,-15,4,0.8,,HBL (Sportradar)
29,HSC 2000 Coburg,,,2,2. Handball-Bundesliga,2. Handball-Bundesliga,hbl-254,11,5,1,2,2,143,159,-16,4,0.8,,HBL (Sportradar)
30,TSV Bayer Dormagen,,,2,2. Handball-Bundesliga,2. Handball-Bundesliga,hbl-254,12,5,2,0,3,142,161,-19,4,0.8,,HBL (Sportradar)
31,GWD Minden,,,2,2. Handball-Bundesliga,2. Handball-Bundesliga,hbl-254,13,5,1,1,3,146,143,3,3,0.6,,HBL (Sportradar)
32,TV Großwallstadt,,,2,2. Handball-Bundesliga,2. Handball-Bundesliga,hbl-254,14,5,1,1,3,153,162,-9,3,0.6,,HBL (Sportradar)
33,Eulen Ludwigshafen,,,2,2. Handball-Bundesliga,2. Handball-Bundesliga,hbl-254,15,4,1,0,3,106,118,-12,2,0.5,,HBL (Sportradar)
34,Dessau-Roßlauer HV 06,,,2,2. Handball-Bundesliga,2. Handball-Bundesliga,hbl-254,16,5,1,0,4,145,163,-18,2,0.4,,HBL (Sportradar)
35,ASV Hamm-Westfalen,,,2,2. Handball-Bundesliga,2. Handball-Bundesliga,hbl-254,17,5,1,0,4,123,168,-45,2,0.4,,HBL (Sportradar)
36,TuSEM Essen,,,2,2. Handball-Bundesliga,2. Handball-Bundesliga,hbl-254,18,5,0,1,4,143,168,-25,1,0.2,,HBL (Sportradar)
37,HSG Krefeld Niederrhein,Deutscher Handballbund,Deutscher Handballbund,3,3. Liga,Süd-West,14055,1,5,5,0,0,183,132,51,10,2.0,,handball.net
38,VFL Pfullingen,Deutscher Handballbund,Deutscher Handballbund,3,3. Liga,Süd,14056,1,5,5,0,0,182,141,41,10,2.0,,handball.net
39,TSV Altenholz,Deutscher Handballbund,Deutscher Handballbund,3,3. Liga,Nord-Ost,14054,1,5,5,0,0,174,137,37,10,2.0,,handball.net
40,TUS Spenge,Deutscher Handballbund,Deutscher Handballbund,3,3. Liga,Nord-West,14053,1,5,5,0,0,169,134,35,10,2.0,,handball.net
41,EHV AUE,Deutscher Handballbund,Deutscher Handballbund,3,3. Liga,Nord-Ost,14054,2,5,4,1,0,173,140,33,9,1.8,,handball.net
42,TV Gelnhausen,Deutscher Handballbund,Deutscher Handballbund,3,3. Liga,Süd-West,14055,2,5,4,1,0,149,125,24,9,1.8,,handball.net
43,MTV Braunschweig,Deutscher Handballbund,Deutscher Handballbund,3,3. Liga,Nord-Ost,14054,3,5,4,1,0,173,155,18,9,1.8,,handball.net
44,SC Magdeburg II,Deutscher Handballbund,Deutscher Handballbund,3,3. Liga,Nord-Ost,14054,4,5,4,0,1,179,155,24,8,1.6,,handball.net
45,HC Empor Rostock,Deutscher Handballbund,Deutscher Handballbund,3,3. Liga,Nord-Ost,14054,5,5,4,0,1,169,145,24,8,1.6,,handball.net
46,SV Salamander Kornwestheim,Deutscher Handballbund,Deutscher Handballbund,3,3. Liga,Süd,14056,2,5,4,0,1,182,164,18,8,1.6,,handball.net
47,HC Oppenweiler/Backnang,Deutscher Handballbund,Deutscher Handballbund,3,3. Liga,Süd,14056,3,5,4,0,1,168,151,17,8,1.6,,handball.net
48,TSG A-H Bielefeld,Deutscher Handballbund,Deutscher Handballbund,3,3. Liga,Nord-West,14053,2,5,4,0,1,156,139,17,8,1.6,,handball.net
49,HG Saarlouis,Deutscher Handballbund,Deutscher Handballbund,3,3. Liga,Süd-West,14055,3,5,3,2,0,152,135,17,8,1.6,,handball.net
50,Team HandbALL Lippe II,Deutscher Handballbund,Deutscher Handballbund,3,3. Liga,Nord-West,14053,3,5,4,0,1,172,156,16,8,1.6,,handball.net
51,TSV NEUHAUSEN/Filder,Deutscher Handballbund,Deutscher Handballbund,3,3. Liga,Süd,14056,4,5,4,0,1,174,163,11,8,1.6,,handball.net
52,TSV Anderten,Deutscher Handballbund,Deutscher Handballbund,3,3. Liga,Nord-West,14053,4,5,4,0,1,165,155,10,8,1.6,,handball.net
53,Saase3 Leutershausen Handball,Deutscher Handballbund,Deutscher Handballbund,3,3. Liga,Süd-West,14055,4,5,3,1,1,150,140,10,7,1.4,,handball.net
54,TSG Münster,Deutscher Handballbund,Deutscher Handballbund,3,3. Liga,Süd-West,14055,5,5,3,1,1,155,151,4,7,1.4,,handball.net
55,Wölfe Würzburg,Deutscher Handballbund,Deutscher Handballbund,3,3. Liga,Süd,14056,10,3,2,0,1,91,94,-3,4,1.33,,handball.net
56,HC Erlangen II,Deutscher Handballbund,Deutscher Handballbund,3,3. Liga,Süd,14056,5,5,3,0,2,186,159,27,6,1.2,,handball.net
57,TuS Vinnhorst,Deutscher Handballbund,Deutscher Handballbund,3,3. Liga,Nord-West,14053,5,5,3,0,2,170,161,9,6,1.2,,handball.net
58,Wilhelmshavener HV,Deutscher Handballbund,Deutscher Handballbund,3,3. Liga,Nord-West,14053,6,5,3,0,2,150,142,8,6,1.2,,handball.net
59,Stralsunder HV,Deutscher Handballbund,Deutscher Handballbund,3,3. Liga,Nord-Ost,14054,6,5,3,0,2,148,142,6,6,1.2,,handball.net
60,SG Regensburg,Deutscher Handballbund,Deutscher Handballbund,3,3. Liga,Süd,14056,6,5,3,0,2,165,161,4,6,1.2,,handball.net
61,SV 04 Plauen-Oberlosa,Deutscher Handballbund,Deutscher Handballbund,3,3. Liga,Nord-Ost,14054,7,5,3,0,2,158,164,-6,6,1.2,,handball.net
62,Ahlener SG,Deutscher Handballbund,Deutscher Handballbund,3,3. Liga,Nord-West,14053,7,5,3,0,2,159,166,-7,6,1.2,,handball.net
63,TSB Heilbronn-Horkheim,Deutscher Handballbund,Deutscher Handballbund,3,3. Liga,Süd,14056,7,5,3,0,2,172,180,-8,6,1.2,,handball.net
64,HBW Balingen-Weilstetten II,Deutscher Handballbund,Deutscher Handballbund,3,3. Liga,Süd,14056,8,5,2,1,2,163,159,4,5,1.0,,handball.net
65,Spfr. Loxten,Deutscher Handballbund,Deutscher Handballbund,3,3. Liga,Nord-West,14053,8,5,2,1,2,162,159,3,5,1.0,,handball.net
66,HSG Konstanz,Deutscher Handballbund,Deutscher Handballbund,3,3. Liga,Süd,14056,9,4,2,0,2,123,121,2,4,1.0,,handball.net
67,HLZ Friesenheim/Hochdorf II,Deutscher Handballbund,Deutscher Handballbund,3,3. Liga,Süd-West,14055,6,5,2,1,2,156,158,-2,5,1.0,,handball.net
68,HSG Varel,Deutscher Handballbund,Deutscher Handballbund,3,3. Liga,Nord-West,14053,9,5,2,1,2,155,157,-2,5,1.0,,handball.net
69,DHK Flensborg,Deutscher Handballbund,Deutscher Handballbund,3,3. Liga,Nord-Ost,14054,8,5,2,1,2,134,136,-2,5,1.0,,handball.net
70,TV Kirchzell,Deutscher Handballbund,Deutscher Handballbund,3,3. Liga,Süd-West,14055,8,5,2,1,2,141,158,-17,5,1.0,,handball.net
71,Longericher SC,Deutscher Handballbund,Deutscher Handballbund,3,3. Liga,Süd-West,14055,7,6,1,3,2,184,193,-9,5,0.83,,handball.net
72,VFL Eintracht Hagen II,Deutscher Handballbund,Deutscher Handballbund,3,3. Liga,Nord-West,14053,10,5,2,0,3,175,157,18,4,0.8,,handball.net
73,FÜCHSE BERLIN Reinickendorf II,Deutscher Handballbund,Deutscher Handballbund,3,3. Liga,Nord-Ost,14054,9,5,2,0,3,149,144,5,4,0.8,,handball.net
74,TUS 82 Opladen,Deutscher Handballbund,Deutscher Handballbund,3,3. Liga,Süd-West,14055,9,5,2,0,3,136,134,2,4,0.8,,handball.net
75,VFL Fredenbeck,Deutscher Handballbund,Deutscher Handballbund,3,3. Liga,Nord-West,14053,11,5,2,0,3,140,143,-3,4,0.8,,handball.net
76,Interaktiv.Handball,Deutscher Handballbund,Deutscher Handballbund,3,3. Liga,Süd-West,14055,10,5,2,0,3,157,161,-4,4,0.8,,handball.net
77,TSV Burgdorf II,Deutscher Handballbund,Deutscher Handballbund,3,3. Liga,Nord-Ost,14054,10,5,1,2,2,150,158,-8,4,0.8,,handball.net
78,ESG Gensungen/Felsberg,Deutscher Handballbund,Deutscher Handballbund,3,3. Liga,Nord-West,14053,12,5,2,0,3,163,173,-10,4,0.8,,handball.net
79,HC Eintracht Hildesheim,Deutscher Handballbund,Deutscher Handballbund,3,3. Liga,Nord-West,14053,13,5,2,0,3,152,162,-10,4,0.8,,handball.net
80,TSB Schwäbisch Gmünd,Deutscher Handballbund,Deutscher Handballbund,3,3. Liga,Süd,14056,11,5,2,0,3,146,158,-12,4,0.8,,handball.net
81,Bergische Panther,Deutscher Handballbund,Deutscher Handballbund,3,3. Liga,Süd-West,14055,11,5,2,0,3,153,168,-15,4,0.8,,handball.net
82,SG Pforzheim/Eutingen,Deutscher Handballbund,Deutscher Handballbund,3,3. Liga,Süd,14056,12,5,1,1,3,150,151,-1,3,0.6,,handball.net
83,HSG Dutenhofen Münchholzhausen II,Deutscher Handballbund,Deutscher Handballbund,3,3. Liga,Süd-West,14055,12,5,1,1,3,130,134,-4,3,0.6,,handball.net
84,HSG Rodgau Nieder-Roden,Deutscher Handballbund,Deutscher Handballbund,3,3. Liga,Süd-West,14055,13,5,1,1,3,131,146,-15,3,0.6,,handball.net
85,NHV Concordia Delitzsch,Deutscher Handballbund,Deutscher Handballbund,3,3. Liga,Nord-Ost,14054,11,5,1,1,3,154,171,-17,3,0.6,,handball.net
86,Handball Club Hamburg II,Deutscher Handballbund,Deutscher Handballbund,3,3. Liga,Nord-Ost,14054,12,5,1,1,3,130,148,-18,3,0.6,,handball.net
87,HSG Hanau,Deutscher Handballbund,Deutscher Handballbund,3,3. Liga,Süd-West,14055,15,4,1,0,3,110,117,-7,2,0.5,,handball.net
88,TSV Bayer Dormagen II,Deutscher Handballbund,Deutscher Handballbund,3,3. Liga,Süd-West,14055,14,5,0,2,3,146,149,-3,2,0.4,,handball.net
89,MT Melsungen II,Deutscher Handballbund,Deutscher Handballbund,3,3. Liga,Nord-West,14053,14,5,1,0,4,156,165,-9,2,0.4,,handball.net
90,Rhein-Neckar Löwen II,Deutscher Handballbund,Deutscher Handballbund,3,3. Liga,Süd,14056,13,5,1,0,4,153,163,-10,2,0.4,,handball.net
91,TV Bittenfeld II,Deutscher Handballbund,Deutscher Handballbund,3,3. Liga,Süd,14056,14,5,1,0,4,135,160,-25,2,0.4,,handball.net
92,HSG Eider Harde,Deutscher Handballbund,Deutscher Handballbund,3,3. Liga,Nord-Ost,14054,13,5,1,0,4,125,154,-29,2,0.4,,handball.net
93,HV Vallendar,Deutscher Handballbund,Deutscher Handballbund,3,3. Liga,Süd-West,14055,16,5,1,0,4,148,180,-32,2,0.4,,handball.net
94,Oranienburger HC,Deutscher Handballbund,Deutscher Handballbund,3,3. Liga,Nord-Ost,14054,14,5,0,1,4,139,158,-19,1,0.2,,handball.net
95,HG Hamburg-Barmbek,Deutscher Handballbund,Deutscher Handballbund,3,3. Liga,Nord-Ost,14054,15,5,0,1,4,153,175,-22,1,0.2,,handball.net
96,HV Grün Weiß Werder,Deutscher Handballbund,Deutscher Handballbund,3,3. Liga,Nord-Ost,14054,16,5,0,1,4,156,182,-26,1,0.2,,handball.net
97,TV 1861 Erlangen-Bruck,Deutscher Handballbund,Deutscher Handballbund,3,3. Liga,Süd,14056,15,4,0,0,4,124,150,-26,0,0.0,,handball.net
98,MTV Grossenheidorn,Deutscher Handballbund,Deutscher Handballbund,3,3. Liga,Nord-West,14053,15,5,0,0,5,150,184,-34,0,0.0,,handball.net
99,HSG Albstadt,Deutscher Handballbund,Deutscher Handballbund,3,3. Liga,Süd,14056,16,5,0,0,5,153,192,-39,0,0.0,,handball.net
100,OHV Aurich,Deutscher Handballbund,Deutscher Handballbund,3,3. Liga,Nord-West,14053,16,5,0,0,5,135,176,-41,0,0.0,,handball.net
101,HSG Kastellaun/Simmern,REGIONALLIGA SüDWEST,REGIONALLIGA SüDWEST,4,Regionalliga,RLSW-M,13248,1,4,4,0,0,150,104,46,8,2.0,,handball.net
102,TSV Ellerbek,Handballregion-Nord,Handballregion-Nord,4,Regionalliga,Meisterrunde,13540,1,5,5,0,0,175,125,50,10,2.0,,handball.net
103,THW KIEL II,Handballregion-Nord,Handballregion-Nord,4,Regionalliga,Meisterrunde,13540,6,3,3,0,0,119,98,21,6,2.0,,handball.net
104,OSC Rheinhausen,Handball Nordrhein,Handball Nordrhein,4,Regionalliga,Regionalliga Männer,12902,1,2,2,0,0,61,47,14,4,2.0,,handball.net
105,Borussia Mönchengladbach,Handball Nordrhein,Handball Nordrhein,4,Regionalliga,Regionalliga Männer,12902,2,2,2,0,0,68,57,11,4,2.0,,handball.net
106,TV Korschenbroich 1. Herren,Handball Nordrhein,Handball Nordrhein,4,Regionalliga,Regionalliga Männer,12902,3,2,2,0,0,69,59,10,4,2.0,,handball.net
107,SF Budenheim,REGIONALLIGA SüDWEST,REGIONALLIGA SüDWEST,4,Regionalliga,RLSW-M,13248,3,4,4,0,0,121,107,14,8,2.0,,handball.net
108,HSG Schülp/Westerrönfeld/Rendsburg,Handballregion-Nord,Handballregion-Nord,4,Regionalliga,Meisterrunde,13540,2,5,4,0,1,158,128,30,8,1.6,,handball.net
109,MTV Lübeck,Handballregion-Nord,Handballregion-Nord,4,Regionalliga,Meisterrunde,13540,3,5,4,0,1,161,136,25,8,1.6,,handball.net
110,TV Homburg 1,REGIONALLIGA SüDWEST,REGIONALLIGA SüDWEST,4,Regionalliga,RLSW-M,13248,2,5,4,0,1,171,154,17,8,1.6,,handball.net
111,HSG Dudenhofen/Schifferstadt,REGIONALLIGA SüDWEST,REGIONALLIGA SüDWEST,4,Regionalliga,RLSW-M,13248,4,5,4,0,1,149,136,13,8,1.6,,handball.net
112,HSG Ostsee Neustadt/Grömitz,Handballregion-Nord,Handballregion-Nord,4,Regionalliga,Meisterrunde,13540,5,4,3,0,1,146,116,30,6,1.5,,handball.net
113,VfL Gladbeck 1921 e.V.,Handballverband Westfalen,Handballverband Westfalen,4,Regionalliga,HVW Männer Regionalliga,12649,1,4,3,0,1,120,104,16,6,1.5,,handball.net
114,TSG Altenhagen-Heepen II,Handballverband Westfalen,Handballverband Westfalen,4,Regionalliga,HVW Männer Regionalliga,12649,2,4,3,0,1,133,123,10,6,1.5,,handball.net
115,TSV GWD Minden E.V. II,Handballverband Westfalen,Handballverband Westfalen,4,Regionalliga,HVW Männer Regionalliga,12649,3,4,3,0,1,125,119,6,6,1.5,,handball.net
116,TV Aldekerk,Handball Nordrhein,Handball Nordrhein,4,Regionalliga,Regionalliga Männer,12902,4,2,1,1,0,57,56,1,3,1.5,,handball.net
117,HSG Holsteinische Schweiz,Handballregion-Nord,Handballregion-Nord,4,Regionalliga,Meisterrunde,13540,4,5,3,1,1,173,173,0,7,1.4,,handball.net
118,SGSH Dragons E.V.,Handballverband Westfalen,Handballverband Westfalen,4,Regionalliga,HVW Männer Regionalliga,12649,6,3,2,0,1,112,98,14,4,1.33,,handball.net
119,SG Zweibrücken,REGIONALLIGA SüDWEST,REGIONALLIGA SüDWEST,4,Regionalliga,RLSW-M,13248,7,3,1,2,0,96,83,13,4,1.33,,handball.net
120,SG Menden Sauerland Wölfe E.V.,Handballverband Westfalen,Handballverband Westfalen,4,Regionalliga,HVW Männer Regionalliga,12649,4,4,2,1,1,130,129,1,5,1.25,,handball.net
121,TUS KL-Dansenberg,REGIONALLIGA SüDWEST,REGIONALLIGA SüDWEST,4,Regionalliga,RLSW-M,13248,6,4,2,1,1,123,122,1,5,1.25,,handball.net
122,TuS Bommern 1. Herren Regionalliga,Handballverband Westfalen,Handballverband Westfalen,4,Regionalliga,HVW Männer Regionalliga,12649,5,4,2,1,1,124,124,0,5,1.25,,handball.net
123,TSG Haßloch,REGIONALLIGA SüDWEST,REGIONALLIGA SüDWEST,4,Regionalliga,RLSW-M,13248,5,5,2,1,2,165,153,12,5,1.0,,handball.net
124,LIT 1912 Nordhemmern-Nettelstedt-Mindenerwald-Holzhausen II II,Handballverband Westfalen,Handballverband Westfalen,4,Regionalliga,HVW Männer Regionalliga,12649,7,4,2,0,2,118,113,5,4,1.0,,handball.net
125,HC Gelpe/Strombach,Handball Nordrhein,Handball Nordrhein,4,Regionalliga,Regionalliga Männer,12902,5,2,1,0,1,65,64,1,2,1.0,,handball.net
126,BTB Aachen,Handball Nordrhein,Handball Nordrhein,4,Regionalliga,Regionalliga Männer,12902,6,2,1,0,1,63,62,1,2,1.0,,handball.net
127,DJK Unitas HAAN E.V.,Handball Nordrhein,Handball Nordrhein,4,Regionalliga,Regionalliga Männer,12902,7,2,1,0,1,61,60,1,2,1.0,,handball.net
128,TSV Bonn rrh. 1. Männer,Handball Nordrhein,Handball Nordrhein,4,Regionalliga,Regionalliga Männer,12902,8,2,1,0,1,60,59,1,2,1.0,,handball.net
129,HSG am Hallo I Herren,Handball Nordrhein,Handball Nordrhein,4,Regionalliga,Regionalliga Männer,12902,9,2,0,2,0,63,63,0,2,1.0,,handball.net
130,HSG Siebengebirge-Thomasberg,Handball Nordrhein,Handball Nordrhein,4,Regionalliga,Regionalliga Männer,12902,10,2,0,2,0,61,61,0,2,1.0,,handball.net
131,TUS Volmetal 1887 E.V.,Handballverband Westfalen,Handballverband Westfalen,4,Regionalliga,HVW Männer Regionalliga,12649,8,4,2,0,2,121,123,-2,4,1.0,,handball.net
132,Allgemeiner Sportverein Hamm-Westfalen E.V. II,Handballverband Westfalen,Handballverband Westfalen,4,Regionalliga,HVW Männer Regionalliga,12649,9,3,1,1,1,87,93,-6,3,1.0,,handball.net
133,Südpfalz Tiger,REGIONALLIGA SüDWEST,REGIONALLIGA SüDWEST,4,Regionalliga,RLSW-M,13248,8,5,2,0,3,145,165,-20,4,0.8,,handball.net
134,TSG Harsewinkel,Handballverband Westfalen,Handballverband Westfalen,4,Regionalliga,HVW Männer Regionalliga,12649,10,4,1,1,2,123,130,-7,3,0.75,,handball.net
135,AMTV Hamburg,Handballregion-Nord,Handballregion-Nord,4,Regionalliga,Meisterrunde,13540,7,4,1,1,2,110,126,-16,3,0.75,,handball.net
136,TSV Hürup,Handballregion-Nord,Handballregion-Nord,4,Regionalliga,Meisterrunde,13540,8,3,1,0,2,104,88,16,2,0.67,,handball.net
137,MSG HF Illtal,REGIONALLIGA SüDWEST,REGIONALLIGA SüDWEST,4,Regionalliga,RLSW-M,13248,9,5,1,1,3,142,154,-12,3,0.6,,handball.net
138,Soester TV VON 1862 E.V.,Handballverband Westfalen,Handballverband Westfalen,4,Regionalliga,HVW Männer Regionalliga,12649,11,4,1,0,3,106,110,-4,2,0.5,,handball.net
139,HTV Hemer,Handballverband Westfalen,Handballverband Westfalen,4,Regionalliga,HVW Männer Regionalliga,12649,12,4,1,0,3,117,122,-5,2,0.5,,handball.net
140,SG Hamburg-Nord,Handballregion-Nord,Handballregion-Nord,4,Regionalliga,Meisterrunde,13540,9,4,1,0,3,111,118,-7,2,0.5,,handball.net
141,TUS Lintorf 1m,Handball Nordrhein,Handball Nordrhein,4,Regionalliga,Regionalliga Männer,12902,11,2,0,1,1,59,63,-4,1,0.5,,handball.net
142,SG Flensburg-Handewitt II,Handballregion-Nord,Handballregion-Nord,4,Regionalliga,Meisterrunde,13540,10,4,1,0,3,130,141,-11,2,0.5,,handball.net
143,Handball Mülheim-Urmitz,REGIONALLIGA SüDWEST,REGIONALLIGA SüDWEST,4,Regionalliga,RLSW-M,13248,10,4,1,0,3,117,129,-12,2,0.5,,handball.net
144,CVJM Rödinghausen E.V.,Handballverband Westfalen,Handballverband Westfalen,4,Regionalliga,HVW Männer Regionalliga,12649,13,4,1,0,3,118,132,-14,2,0.5,,handball.net
145,HC Westfalia Herne E.V.,Handballverband Westfalen,Handballverband Westfalen,4,Regionalliga,HVW Männer Regionalliga,12649,14,4,1,0,3,114,128,-14,2,0.5,,handball.net
146,HT Norderstedt,Handballregion-Nord,Handballregion-Nord,4,Regionalliga,Meisterrunde,13540,12,4,1,0,3,104,120,-16,2,0.5,,handball.net
147,SG Bordesholm/Brügge,Handballregion-Nord,Handballregion-Nord,4,Regionalliga,Meisterrunde,13540,13,4,1,0,3,106,128,-22,2,0.5,,handball.net
148,TSV Weddingstedt,Handballregion-Nord,Handballregion-Nord,4,Regionalliga,Meisterrunde,13540,11,5,1,0,4,147,160,-13,2,0.4,,handball.net
149,TG Osthofen,REGIONALLIGA SüDWEST,REGIONALLIGA SüDWEST,4,Regionalliga,RLSW-M,13248,11,5,1,0,4,145,159,-14,2,0.4,,handball.net
150,HSG Rhein-Nahe Bingen,REGIONALLIGA SüDWEST,REGIONALLIGA SüDWEST,4,Regionalliga,RLSW-M,13248,12,3,0,1,2,82,90,-8,1,0.33,,handball.net
151,HC Weiden 2018,Handball Nordrhein,Handball Nordrhein,4,Regionalliga,Regionalliga Männer,12902,12,2,0,0,2,49,60,-11,0,0.0,,handball.net
152,SG Langenfeld,Handball Nordrhein,Handball Nordrhein,4,Regionalliga,Regionalliga Männer,12902,13,2,0,0,2,51,63,-12,0,0.0,,handball.net
153,HSG Refrath/Hand,Handball Nordrhein,Handball Nordrhein,4,Regionalliga,Regionalliga Männer,12902,14,2,0,0,2,52,65,-13,0,0.0,,handball.net
154,TV Nieder-Olm,REGIONALLIGA SüDWEST,REGIONALLIGA SüDWEST,4,Regionalliga,RLSW-M,13248,13,3,0,0,3,82,105,-23,0,0.0,,handball.net
155,VTV Mundenheim,REGIONALLIGA SüDWEST,REGIONALLIGA SüDWEST,4,Regionalliga,RLSW-M,13248,14,3,0,0,3,67,94,-27,0,0.0,,handball.net
156,Ahrensburger TSV,Handballregion-Nord,Handballregion-Nord,4,Regionalliga,Meisterrunde,13540,14,5,0,0,5,102,189,-87,0,0.0,,handball.net
157,TuSEM Essen II,Handball Nordrhein,Handball Nordrhein,5,Oberliga,Oberliga Männer Gr. 3,12906,6,1,1,0,0,42,27,15,2,2.0,,handball.net
158,HC Koblenz,Handballverband Rheinland,Handballverband Rheinland,5,Oberliga,Oberliga Männer · Handballverband Rheinland,12820,4,3,3,0,0,114,74,40,6,2.0,,handball.net
159,FC St. Pauli,Hamburger Handballverband,Hamburger Handballverband,5,Oberliga,Oberliga Männer (100),12373,1,4,4,0,0,153,103,50,8,2.0,,handball.net
160,TV Fischbek,Hamburger Handballverband,Hamburger Handballverband,5,Oberliga,Oberliga Männer (100),12373,3,3,3,0,0,103,68,35,6,2.0,,handball.net
161,TSV Hahlen 1945 e.V.,Handballverband Westfalen,Handballverband Westfalen,5,Oberliga,HVW Männer Oberliga Staffel 1,12646,1,4,4,0,0,140,95,45,8,2.0,,handball.net
162,Bergischer HC,Handball Nordrhein,Handball Nordrhein,5,Oberliga,Oberliga Männer Gr. 2,12905,1,2,2,0,0,74,53,21,4,2.0,,handball.net
163,HSG Herdecke/Ende,Handballverband Westfalen,Handballverband Westfalen,5,Oberliga,HVW Männer Oberliga Staffel 2,12647,2,3,3,0,0,103,73,30,6,2.0,,handball.net
164,TV Offenbach,Handballverband Rheinhessen-Pfalz,Handballverband Rheinhessen-Pfalz,5,Oberliga,M-OL,12401,1,4,4,0,0,139,100,39,8,2.0,,handball.net
165,TUS Königsdorf,Handball Nordrhein,Handball Nordrhein,5,Oberliga,Oberliga Männer Gr. 1,12904,3,1,1,0,0,32,23,9,2,2.0,,handball.net
166,TV Palmersheim,Handball Nordrhein,Handball Nordrhein,5,Oberliga,Oberliga Männer Gr. 1,12904,1,2,2,0,0,72,55,17,4,2.0,,handball.net
167,HG Saarlouis 2,Handballverband SAAR,Handballverband SAAR,5,Oberliga,Oberliga Männer,14368,2,3,3,0,0,104,81,23,6,2.0,,handball.net
168,HSG Mönkeberg-Schönkirchen,Handballverband Schleswig-Holstein,Handballverband Schleswig-Holstein,5,Oberliga,Meisterrunde · Handballverband Schleswig-Holstein,15097,1,4,4,0,0,125,100,25,8,2.0,,handball.net
169,Ohligser TV 1,Handball Nordrhein,Handball Nordrhein,5,Oberliga,Oberliga Männer Gr. 2,12905,2,2,2,0,0,60,48,12,4,2.0,,handball.net
170,HSG Wittlich,Handballverband Rheinland,Handballverband Rheinland,5,Oberliga,Oberliga Männer · Handballverband Rheinland,12820,1,4,4,0,0,125,102,23,8,2.0,,handball.net
171,MTV Rheinw Dinslaken,Handball Nordrhein,Handball Nordrhein,5,Oberliga,Oberliga Männer Gr. 3,12906,1,2,2,0,0,61,50,11,4,2.0,,handball.net
172,Tschft. St. Tönis,Handball Nordrhein,Handball Nordrhein,5,Oberliga,Oberliga Männer Gr. 3,12906,2,2,2,0,0,61,50,11,4,2.0,,handball.net
173,HC Glauchau/Meerane,Handballverband Sachsen,Handballverband Sachsen,5,Oberliga,OLS MÄNNER,12542,1,4,4,0,0,117,96,21,8,2.0,,handball.net
174,HC Weiden 2018 II,Handball Nordrhein,Handball Nordrhein,5,Oberliga,Oberliga Männer Gr. 1,12904,4,1,1,0,0,34,29,5,2,2.0,,handball.net
175,HC St. Ingbert- Hassel,Handballverband SAAR,Handballverband SAAR,5,Oberliga,Oberliga Männer,14368,1,4,4,0,0,105,89,16,8,2.0,,handball.net
176,TuS 82 Opladen II,Handball Nordrhein,Handball Nordrhein,5,Oberliga,Oberliga Männer Gr. 2,12905,3,2,2,0,0,68,62,6,4,2.0,,handball.net
177,SSV Nümbrecht Handball,Handball Nordrhein,Handball Nordrhein,5,Oberliga,Oberliga Männer Gr. 1,12904,2,2,2,0,0,61,55,6,4,2.0,,handball.net
178,HSG Veruka,Handball Nordrhein,Handball Nordrhein,5,Oberliga,Oberliga Männer Gr. 3,12906,3,2,2,0,0,60,54,6,4,2.0,,handball.net
179,HT Norderstedt Ü40,Hamburger Handballverband,Hamburger Handballverband,5,Oberliga,Oberliga Senioren (300),17158,1,1,1,0,0,28,26,2,2,2.0,,handball.net
180,TB Wülfrath,Handball Nordrhein,Handball Nordrhein,5,Oberliga,Oberliga Männer Gr. 2,12905,4,2,2,0,0,53,49,4,4,2.0,,handball.net
181,Adler Königshof 1M,Handball Nordrhein,Handball Nordrhein,5,Oberliga,Oberliga Männer Gr. 3,12906,4,2,2,0,0,52,48,4,4,2.0,,handball.net
182,Ahrensburger TSV Ü40,Hamburger Handballverband,Hamburger Handballverband,5,Oberliga,Oberliga Senioren (300),17158,2,1,1,0,0,30,29,1,2,2.0,,handball.net
183,HSG Hunsrück,Handballverband Rheinland,Handballverband Rheinland,5,Oberliga,Oberliga Männer · Handballverband Rheinland,12820,2,4,3,1,0,140,101,39,7,1.75,,handball.net
184,HSC Haltern-Sythen,Handballverband Westfalen,Handballverband Westfalen,5,Oberliga,HVW Männer Oberliga Staffel 2,12647,1,4,3,1,0,127,97,30,7,1.75,,handball.net
185,TUS Spenge E.V. II,Handballverband Westfalen,Handballverband Westfalen,5,Oberliga,HVW Männer Oberliga Staffel 1,12646,2,4,3,1,0,133,112,21,7,1.75,,handball.net
186,HSG Kastellaun-Simmern II,Handballverband Rheinland,Handballverband Rheinland,5,Oberliga,Oberliga Männer · Handballverband Rheinland,12820,3,4,3,1,0,119,100,19,7,1.75,,handball.net
187,TuS 97 Bielefeld/Jöllenbeck Herren 1,Handballverband Westfalen,Handballverband Westfalen,5,Oberliga,HVW Männer Oberliga Staffel 1,12646,4,3,2,1,0,78,71,7,5,1.67,,handball.net
188,TSV Hürup II,Handballverband Schleswig-Holstein,Handballverband Schleswig-Holstein,5,Oberliga,Meisterrunde · Handballverband Schleswig-Holstein,15097,2,5,4,0,1,162,143,19,8,1.6,,handball.net
189,TH Eilbeck,Hamburger Handballverband,Hamburger Handballverband,5,Oberliga,Oberliga Männer (100),12373,2,4,3,0,1,152,116,36,6,1.5,,handball.net
190,HLZ Friesenheim/Hochdorf 3,Handballverband Rheinhessen-Pfalz,Handballverband Rheinhessen-Pfalz,5,Oberliga,M-OL,12401,2,4,3,0,1,130,96,34,6,1.5,,handball.net
191,MTV Herzhorn,Handballverband Schleswig-Holstein,Handballverband Schleswig-Holstein,5,Oberliga,Meisterrunde · Handballverband Schleswig-Holstein,15097,5,4,3,0,1,129,101,28,6,1.5,,handball.net
192,OSC Dortmund 1931 E.V.,Handballverband Westfalen,Handballverband Westfalen,5,Oberliga,HVW Männer Oberliga Staffel 2,12647,3,4,3,0,1,129,110,19,6,1.5,,handball.net
193,TV Isselhorst 1,Handballverband Westfalen,Handballverband Westfalen,5,Oberliga,HVW Männer Oberliga Staffel 1,12646,3,4,3,0,1,127,109,18,6,1.5,,handball.net
194,HT Norderstedt II,Hamburger Handballverband,Hamburger Handballverband,5,Oberliga,Oberliga Männer (100),12373,4,4,3,0,1,113,96,17,6,1.5,,handball.net
195,TSV Ellerbek II,Hamburger Handballverband,Hamburger Handballverband,5,Oberliga,Oberliga Männer (100),12373,5,4,3,0,1,118,102,16,6,1.5,,handball.net
196,NHV Concordia Delitzsch II,Handballverband Sachsen,Handballverband Sachsen,5,Oberliga,OLS MÄNNER,12542,2,4,3,0,1,124,110,14,6,1.5,,handball.net
197,HSG Gevelsberg Silschede,Handballverband Westfalen,Handballverband Westfalen,5,Oberliga,HVW Männer Oberliga Staffel 2,12647,4,4,3,0,1,138,126,12,6,1.5,,handball.net
198,SG LVB,Handballverband Sachsen,Handballverband Sachsen,5,Oberliga,OLS MÄNNER,12542,3,4,3,0,1,128,117,11,6,1.5,,handball.net
199,TUS 05 DAUN,Handballverband Rheinland,Handballverband Rheinland,5,Oberliga,Oberliga Männer · Handballverband Rheinland,12820,5,4,3,0,1,113,103,10,6,1.5,,handball.net
200,ZHC Grubenlampe,Handballverband Sachsen,Handballverband Sachsen,5,Oberliga,OLS MÄNNER,12542,4,4,3,0,1,120,111,9,6,1.5,,handball.net
201,TSV Kronshagen,Handballverband Schleswig-Holstein,Handballverband Schleswig-Holstein,5,Oberliga,Meisterrunde · Handballverband Schleswig-Holstein,15097,3,5,3,1,1,167,156,11,7,1.4,,handball.net
202,TSV Altenholz II,Handballverband Schleswig-Holstein,Handballverband Schleswig-Holstein,5,Oberliga,Meisterrunde · Handballverband Schleswig-Holstein,15097,4,5,3,1,1,158,151,7,7,1.4,,handball.net
203,TSG Ober-Hilbersheim,Handballverband Rheinhessen-Pfalz,Handballverband Rheinhessen-Pfalz,5,Oberliga,M-OL,12401,5,3,2,0,1,94,73,21,4,1.33,,handball.net
204,Handball BAD Salzuflen,Handballverband Westfalen,Handballverband Westfalen,5,Oberliga,HVW Männer Oberliga Staffel 1,12646,5,3,2,0,1,100,85,15,4,1.33,,handball.net
205,HF Untere SAAR,Handballverband SAAR,Handballverband SAAR,5,Oberliga,Oberliga Männer,14368,4,3,2,0,1,93,80,13,4,1.33,,handball.net
206,HCE Bergkamen 1.H,Handballverband Westfalen,Handballverband Westfalen,5,Oberliga,HVW Männer Oberliga Staffel 2,12647,6,3,2,0,1,79,75,4,4,1.33,,handball.net
207,Bredstedter TSV,Handballverband Schleswig-Holstein,Handballverband Schleswig-Holstein,5,Oberliga,Meisterrunde · Handballverband Schleswig-Holstein,15097,8,3,2,0,1,93,93,0,4,1.33,,handball.net
208,HSG Tva/Atsv Saarbrücken,Handballverband SAAR,Handballverband SAAR,5,Oberliga,Oberliga Männer,14368,3,4,2,1,1,118,114,4,5,1.25,,handball.net
209,HSG Eckbachtal,Handballverband Rheinhessen-Pfalz,Handballverband Rheinhessen-Pfalz,5,Oberliga,M-OL,12401,3,5,3,0,2,123,106,17,6,1.2,,handball.net
210,TG Waldsee,Handballverband Rheinhessen-Pfalz,Handballverband Rheinhessen-Pfalz,5,Oberliga,M-OL,12401,4,5,3,0,2,146,144,2,6,1.2,,handball.net
211,Handball Oppum,Handball Nordrhein,Handball Nordrhein,5,Oberliga,Oberliga Männer Gr. 3,12906,5,2,1,0,1,66,47,19,2,1.0,,handball.net
212,HSV Dümpten 1992,Handball Nordrhein,Handball Nordrhein,5,Oberliga,Oberliga Männer Gr. 3,12906,7,2,1,0,1,66,53,13,2,1.0,,handball.net
213,HSG Völklingen,Handballverband SAAR,Handballverband SAAR,5,Oberliga,Oberliga Männer,14368,8,2,1,0,1,60,52,8,2,1.0,,handball.net
214,TUS Esingen,Hamburger Handballverband,Hamburger Handballverband,5,Oberliga,Oberliga Männer (100),12373,6,4,2,0,2,134,122,12,4,1.0,,handball.net
215,Interaktiv.Handball Düsseldorf/Ratingen 2m,Handball Nordrhein,Handball Nordrhein,5,Oberliga,Oberliga Männer Gr. 2,12905,5,2,1,0,1,67,63,4,2,1.0,,handball.net
216,TSV Bonn rrh. 2. Männer,Handball Nordrhein,Handball Nordrhein,5,Oberliga,Oberliga Männer Gr. 1,12904,5,2,1,0,1,70,67,3,2,1.0,,handball.net
217,Handball SV Westerholt E.V.,Handballverband Westfalen,Handballverband Westfalen,5,Oberliga,HVW Männer Oberliga Staffel 2,12647,5,4,2,0,2,119,113,6,4,1.0,,handball.net
218,TSG MZ-Bretzenheim,Handballverband Rheinhessen-Pfalz,Handballverband Rheinhessen-Pfalz,5,Oberliga,M-OL,12401,6,4,2,0,2,112,106,6,4,1.0,,handball.net
219,HC Treia/Jübek,Handballverband Schleswig-Holstein,Handballverband Schleswig-Holstein,5,Oberliga,Meisterrunde · Handballverband Schleswig-Holstein,15097,6,4,2,0,2,137,134,3,4,1.0,,handball.net
220,Walddörfer SV,Hamburger Handballverband,Hamburger Handballverband,5,Oberliga,Oberliga Männer (100),12373,7,4,2,0,2,112,109,3,4,1.0,,handball.net
221,Wölfe Voreifel,Handball Nordrhein,Handball Nordrhein,5,Oberliga,Oberliga Männer Gr. 1,12904,6,2,1,0,1,63,62,1,2,1.0,,handball.net
222,HV Vallendar II,Handballverband Rheinland,Handballverband Rheinland,5,Oberliga,Oberliga Männer · Handballverband Rheinland,12820,6,3,1,1,1,82,81,1,3,1.0,,handball.net
223,LTV Wuppertal,Handball Nordrhein,Handball Nordrhein,5,Oberliga,Oberliga Männer Gr. 2,12905,6,2,1,0,1,67,67,0,2,1.0,,handball.net
224,1.Fc KÖLN,Handball Nordrhein,Handball Nordrhein,5,Oberliga,Oberliga Männer Gr. 1,12904,7,2,1,0,1,59,59,0,2,1.0,,handball.net
225,MTV KÖLN 1850,Handball Nordrhein,Handball Nordrhein,5,Oberliga,Oberliga Männer Gr. 2,12905,7,2,1,0,1,57,57,0,2,1.0,,handball.net
226,HSV Überruhr 1. Männer,Handball Nordrhein,Handball Nordrhein,5,Oberliga,Oberliga Männer Gr. 2,12905,8,2,1,0,1,51,51,0,2,1.0,,handball.net
227,VFL Handball Mennighüffen E.V.,Handballverband Westfalen,Handballverband Westfalen,5,Oberliga,HVW Männer Oberliga Staffel 1,12646,6,4,2,0,2,109,110,-1,4,1.0,,handball.net
228,TSV Sieverstedt,Handballverband Schleswig-Holstein,Handballverband Schleswig-Holstein,5,Oberliga,Meisterrunde · Handballverband Schleswig-Holstein,15097,9,4,2,0,2,123,125,-2,4,1.0,,handball.net
229,SC Rot-Weiss Oberhausen E.V.,Handball Nordrhein,Handball Nordrhein,5,Oberliga,Oberliga Männer Gr. 3,12906,8,2,1,0,1,59,60,-1,2,1.0,,handball.net
230,Ahlener SG 93 e.V. II,Handballverband Westfalen,Handballverband Westfalen,5,Oberliga,HVW Männer Oberliga Staffel 2,12647,7,4,2,0,2,115,117,-2,4,1.0,,handball.net
231,MTV KÖLN 1850 II,Handball Nordrhein,Handball Nordrhein,5,Oberliga,Oberliga Männer Gr. 1,12904,8,2,1,0,1,44,45,-1,2,1.0,,handball.net
232,TV Westfalia Halingen E.V.,Handballverband Westfalen,Handballverband Westfalen,5,Oberliga,HVW Männer Oberliga Staffel 2,12647,8,4,2,0,2,111,114,-3,4,1.0,,handball.net
233,TUS Brockhagen,Handballverband Westfalen,Handballverband Westfalen,5,Oberliga,HVW Männer Oberliga Staffel 1,12646,8,2,1,0,1,56,58,-2,2,1.0,,handball.net
234,SV 04 Plauen-O. II,Handballverband Sachsen,Handballverband Sachsen,5,Oberliga,OLS MÄNNER,12542,5,4,2,0,2,117,122,-5,4,1.0,,handball.net
235,HSV Dresden,Handballverband Sachsen,Handballverband Sachsen,5,Oberliga,OLS MÄNNER,12542,6,4,2,0,2,98,103,-5,4,1.0,,handball.net
236,DJK Marpingen,Handballverband SAAR,Handballverband SAAR,5,Oberliga,Oberliga Männer,14368,5,4,2,0,2,121,127,-6,4,1.0,,handball.net
237,Zwönitzer HSV,Handballverband Sachsen,Handballverband Sachsen,5,Oberliga,OLS MÄNNER,12542,7,4,2,0,2,108,116,-8,4,1.0,,handball.net
238,Rellinger TV,Hamburger Handballverband,Hamburger Handballverband,5,Oberliga,Oberliga Männer (100),12373,9,2,1,0,1,67,72,-5,2,1.0,,handball.net
239,TSV Kaldenkirchen 1M,Handball Nordrhein,Handball Nordrhein,5,Oberliga,Oberliga Männer Gr. 3,12906,9,2,1,0,1,54,59,-5,2,1.0,,handball.net
240,MSG Kaiserslautern/Dansenberg,Handballverband Rheinhessen-Pfalz,Handballverband Rheinhessen-Pfalz,5,Oberliga,M-OL,12401,8,4,2,0,2,108,119,-11,4,1.0,,handball.net
241,TV Homburg 2,Handballverband SAAR,Handballverband SAAR,5,Oberliga,Oberliga Männer,14368,6,4,2,0,2,107,118,-11,4,1.0,,handball.net
242,SG Langenfeld II,Handball Nordrhein,Handball Nordrhein,5,Oberliga,Oberliga Männer Gr. 2,12905,9,2,1,0,1,65,71,-6,2,1.0,,handball.net
243,Longericher SC II,Handball Nordrhein,Handball Nordrhein,5,Oberliga,Oberliga Männer Gr. 1,12904,9,2,1,0,1,54,61,-7,2,1.0,,handball.net
244,HF Illtal 2,Handballverband SAAR,Handballverband SAAR,5,Oberliga,Oberliga Männer,14368,7,3,1,1,1,88,101,-13,3,1.0,,handball.net
245,HSG Elbvororte,Hamburger Handballverband,Hamburger Handballverband,5,Oberliga,Oberliga Männer (100),12373,8,4,2,0,2,100,121,-21,4,1.0,,handball.net
246,SG Saulheim,Handballverband Rheinhessen-Pfalz,Handballverband Rheinhessen-Pfalz,5,Oberliga,M-OL,12401,9,4,2,0,2,96,121,-25,4,1.0,,handball.net
247,HSG Eider Harde II,Handballverband Schleswig-Holstein,Handballverband Schleswig-Holstein,5,Oberliga,Meisterrunde · Handballverband Schleswig-Holstein,15097,7,5,2,0,3,153,152,1,4,0.8,,handball.net
248,TSV Speyer,Handballverband Rheinhessen-Pfalz,Handballverband Rheinhessen-Pfalz,5,Oberliga,M-OL,12401,7,5,2,0,3,136,135,1,4,0.8,,handball.net
249,TUS Lübeck VON 1893,Handballverband Schleswig-Holstein,Handballverband Schleswig-Holstein,5,Oberliga,Meisterrunde · Handballverband Schleswig-Holstein,15097,10,5,2,0,3,150,158,-8,4,0.8,,handball.net
250,TSV Mildstedt,Handballverband Schleswig-Holstein,Handballverband Schleswig-Holstein,5,Oberliga,Meisterrunde · Handballverband Schleswig-Holstein,15097,11,5,2,0,3,143,152,-9,4,0.8,,handball.net
251,BSV Limbach-O.,Handballverband Sachsen,Handballverband Sachsen,5,Oberliga,OLS MÄNNER,12542,8,4,1,1,2,110,111,-1,3,0.75,,handball.net
252,Handball Mülheim-Urmitz II,Handballverband Rheinland,Handballverband Rheinland,5,Oberliga,Oberliga Männer · Handballverband Rheinland,12820,7,4,1,1,2,109,116,-7,3,0.75,,handball.net
253,PSV E.V. Recklinghausen,Handballverband Westfalen,Handballverband Westfalen,5,Oberliga,HVW Männer Oberliga Staffel 2,12647,9,4,1,1,2,99,120,-21,3,0.75,,handball.net
254,ASV Senden E.V.,Handballverband Westfalen,Handballverband Westfalen,5,Oberliga,HVW Männer Oberliga Staffel 1,12646,7,3,1,0,2,91,89,2,2,0.67,,handball.net
255,HC Dillingen-Diefflen,Handballverband SAAR,Handballverband SAAR,5,Oberliga,Oberliga Männer,14368,9,3,1,0,2,66,65,1,2,0.67,,handball.net
256,TV BAD EMS,Handballverband Rheinland,Handballverband Rheinland,5,Oberliga,Oberliga Männer · Handballverband Rheinland,12820,8,3,1,0,2,86,87,-1,2,0.67,,handball.net
257,HVE Villigst-Ergste,Handballverband Westfalen,Handballverband Westfalen,5,Oberliga,HVW Männer Oberliga Staffel 2,12647,10,3,1,0,2,90,92,-2,2,0.67,,handball.net
258,TuS Ferndorf 2,Handballverband Westfalen,Handballverband Westfalen,5,Oberliga,HVW Männer Oberliga Staffel 2,12647,11,3,1,0,2,84,91,-7,2,0.67,,handball.net
259,TuS 09 Möllbergen e.V.,Handballverband Westfalen,Handballverband Westfalen,5,Oberliga,HVW Männer Oberliga Staffel 1,12646,9,3,1,0,2,77,88,-11,2,0.67,,handball.net
260,MSG Iggelheim/Meckenheim,Handballverband Rheinhessen-Pfalz,Handballverband Rheinhessen-Pfalz,5,Oberliga,M-OL,12401,10,3,1,0,2,71,82,-11,2,0.67,,handball.net
261,LHV Hoyerswerda,Handballverband Sachsen,Handballverband Sachsen,5,Oberliga,OLS MÄNNER,12542,9,4,1,0,3,115,104,11,2,0.5,,handball.net
262,VFL Bardenberg,Handball Nordrhein,Handball Nordrhein,5,Oberliga,Oberliga Männer Gr. 1,12904,10,2,0,1,1,57,61,-4,1,0.5,,handball.net
263,TV Birkesdorf,Handball Nordrhein,Handball Nordrhein,5,Oberliga,Oberliga Männer Gr. 1,12904,11,2,0,1,1,61,66,-5,1,0.5,,handball.net
264,SG Pirna/Heidenau II,Handballverband Sachsen,Handballverband Sachsen,5,Oberliga,OLS MÄNNER,12542,10,4,1,0,3,96,107,-11,2,0.5,,handball.net
265,SG Bünde-Dünne,Handballverband Westfalen,Handballverband Westfalen,5,Oberliga,HVW Männer Oberliga Staffel 1,12646,10,4,1,0,3,127,139,-12,2,0.5,,handball.net
266,HSG Pinnau,Hamburger Handballverband,Hamburger Handballverband,5,Oberliga,Oberliga Männer (100),12373,10,4,1,0,3,107,119,-12,2,0.5,,handball.net
267,SG Zweibrücken 2,Handballverband SAAR,Handballverband SAAR,5,Oberliga,Oberliga Männer,14368,10,4,1,0,3,113,126,-13,2,0.5,,handball.net
268,HSG Tills Löwen 08,Handballverband Schleswig-Holstein,Handballverband Schleswig-Holstein,5,Oberliga,Meisterrunde · Handballverband Schleswig-Holstein,15097,12,4,1,0,3,118,132,-14,2,0.5,,handball.net
269,HSG Petershagen/Lahde,Handballverband Westfalen,Handballverband Westfalen,5,Oberliga,HVW Männer Oberliga Staffel 1,12646,11,4,1,0,3,130,146,-16,2,0.5,,handball.net
270,Koweg Görlitz,Handballverband Sachsen,Handballverband Sachsen,5,Oberliga,OLS MÄNNER,12542,11,4,1,0,3,114,130,-16,2,0.5,,handball.net
271,ASC 09 Dortmund,Handballverband Westfalen,Handballverband Westfalen,5,Oberliga,HVW Männer Oberliga Staffel 2,12647,12,4,1,0,3,109,125,-16,2,0.5,,handball.net
272,HSG Hattingen-Sprockhövel 1,Handballverband Westfalen,Handballverband Westfalen,5,Oberliga,HVW Männer Oberliga Staffel 2,12647,13,4,1,0,3,108,126,-18,2,0.5,,handball.net
273,TV Bodenheim 1,Handballverband Rheinhessen-Pfalz,Handballverband Rheinhessen-Pfalz,5,Oberliga,M-OL,12401,11,4,1,0,3,89,110,-21,2,0.5,,handball.net
274,TSV Uetersen,Hamburger Handballverband,Hamburger Handballverband,5,Oberliga,Oberliga Männer (100),12373,11,4,1,0,3,100,122,-22,2,0.5,,handball.net
275,SG Hamburg-Nord II,Hamburger Handballverband,Hamburger Handballverband,5,Oberliga,Oberliga Männer (100),12373,12,4,1,0,3,114,143,-29,2,0.5,,handball.net
276,HSG Römerwall,Handballverband Rheinland,Handballverband Rheinland,5,Oberliga,Oberliga Männer · Handballverband Rheinland,12820,9,4,1,0,3,125,156,-31,2,0.5,,handball.net
277,LIT 1912 Nordhemmern-Nettelstedt-Mindenerwald-Holzhausen II III,Handballverband Westfalen,Handballverband Westfalen,5,Oberliga,HVW Männer Oberliga Staffel 1,12646,12,4,1,0,3,116,149,-33,2,0.5,,handball.net
278,EHV AUE II,Handballverband Sachsen,Handballverband Sachsen,5,Oberliga,OLS MÄNNER,12542,12,4,0,1,3,117,137,-20,1,0.25,,handball.net
279,AMTV Hamburg Ü40,Hamburger Handballverband,Hamburger Handballverband,5,Oberliga,Oberliga Senioren (300),17158,3,0,0,0,0,0,0,0,0,0.0,,handball.net
280,HC Gelpe/Strombach II,Handball Nordrhein,Handball Nordrhein,5,Oberliga,Oberliga Männer Gr. 1,12904,12,0,0,0,0,0,0,0,0,0.0,,handball.net
281,HSG Elbvororte Ü40,Hamburger Handballverband,Hamburger Handballverband,5,Oberliga,Oberliga Senioren (300),17158,4,0,0,0,0,0,0,0,0,0.0,,handball.net
282,HG Hamburg-Barmbek Ü40,Hamburger Handballverband,Hamburger Handballverband,5,Oberliga,Oberliga Senioren (300),17158,5,1,0,0,1,29,30,-1,0,0.0,,handball.net
283,OSC Rheinhausen II,Handball Nordrhein,Handball Nordrhein,5,Oberliga,Oberliga Männer Gr. 3,12906,10,2,0,0,2,46,48,-2,0,0.0,,handball.net
284,HG Ltg/Htv Remscheid,Handball Nordrhein,Handball Nordrhein,5,Oberliga,Oberliga Männer Gr. 2,12905,10,1,0,0,1,21,22,-1,0,0.0,,handball.net
285,Niendorfer TSV Ü40,Hamburger Handballverband,Hamburger Handballverband,5,Oberliga,Oberliga Senioren (300),17158,6,1,0,0,1,26,28,-2,0,0.0,,handball.net
286,TSV Aufderhöhe,Handball Nordrhein,Handball Nordrhein,5,Oberliga,Oberliga Männer Gr. 2,12905,11,2,0,0,2,56,62,-6,0,0.0,,handball.net
287,Mettmann-Sport,Handball Nordrhein,Handball Nordrhein,5,Oberliga,Oberliga Männer Gr. 2,12905,12,2,0,0,2,54,61,-7,0,0.0,,handball.net
288,HSG Hiesfeld/Aldenrade,Handball Nordrhein,Handball Nordrhein,5,Oberliga,Oberliga Männer Gr. 3,12906,11,2,0,0,2,52,59,-7,0,0.0,,handball.net
289,TV Niederwürzbach,Handballverband SAAR,Handballverband SAAR,5,Oberliga,Oberliga Männer,14368,11,3,0,0,3,84,95,-11,0,0.0,,handball.net
290,Falken (m),Handballverband SAAR,Handballverband SAAR,5,Oberliga,Oberliga Männer,14368,12,3,0,0,3,69,80,-11,0,0.0,,handball.net
291,TG Hörste,Handballverband Westfalen,Handballverband Westfalen,5,Oberliga,HVW Männer Oberliga Staffel 1,12646,13,1,0,0,1,34,38,-4,0,0.0,,handball.net
292,Preetzer TSV,Handballverband Schleswig-Holstein,Handballverband Schleswig-Holstein,5,Oberliga,Meisterrunde · Handballverband Schleswig-Holstein,15097,13,4,0,0,4,120,138,-18,0,0.0,,handball.net
293,HBD Löwen Oberberg,Handball Nordrhein,Handball Nordrhein,5,Oberliga,Oberliga Männer Gr. 1,12904,13,2,0,0,2,51,61,-10,0,0.0,,handball.net
294,DJK/MJC Trier,Handballverband Rheinland,Handballverband Rheinland,5,Oberliga,Oberliga Männer · Handballverband Rheinland,12820,10,4,0,0,4,110,136,-26,0,0.0,,handball.net
295,Bergische Panther II,Handball Nordrhein,Handball Nordrhein,5,Oberliga,Oberliga Männer Gr. 2,12905,13,2,0,0,2,54,67,-13,0,0.0,,handball.net
296,HG Hamburg-Barmbek II,Hamburger Handballverband,Hamburger Handballverband,5,Oberliga,Oberliga Männer (100),12373,13,3,0,0,3,63,83,-20,0,0.0,,handball.net
297,VFL Gummersbach II,Handball Nordrhein,Handball Nordrhein,5,Oberliga,Oberliga Männer Gr. 1,12904,14,2,0,0,2,46,60,-14,0,0.0,,handball.net
298,TUS Westfalia Hombruch,Handballverband Westfalen,Handballverband Westfalen,5,Oberliga,HVW Männer Oberliga Staffel 2,12647,14,4,0,0,4,106,138,-32,0,0.0,,handball.net
299,ASV Süchteln 1M,Handball Nordrhein,Handball Nordrhein,5,Oberliga,Oberliga Männer Gr. 3,12906,12,2,0,0,2,49,66,-17,0,0.0,,handball.net
300,SG Oeversee-Jarplund-Weding,Handballverband Schleswig-Holstein,Handballverband Schleswig-Holstein,5,Oberliga,Meisterrunde · Handballverband Schleswig-Holstein,15097,14,5,0,0,5,131,174,-43,0,0.0,,handball.net
301,TUS Weibern,Handballverband Rheinland,Handballverband Rheinland,5,Oberliga,Oberliga Männer · Handballverband Rheinland,12820,11,3,0,0,3,69,96,-27,0,0.0,,handball.net
302,HSG Werther/Borgholzhausen,Handballverband Westfalen,Handballverband Westfalen,5,Oberliga,HVW Männer Oberliga Staffel 1,12646,14,3,0,0,3,74,103,-29,0,0.0,,handball.net
303,TV Welling,Handballverband Rheinland,Handballverband Rheinland,5,Oberliga,Oberliga Männer · Handballverband Rheinland,12820,12,4,0,0,4,94,134,-40,0,0.0,,handball.net
304,TV 03 Wörth,Handballverband Rheinhessen-Pfalz,Handballverband Rheinhessen-Pfalz,5,Oberliga,M-OL,12401,12,5,0,0,5,106,158,-52,0,0.0,,handball.net
305,TV Lobberich,Handball Nordrhein,Handball Nordrhein,5,Oberliga,Oberliga Männer Gr. 3,12906,14,2,0,0,2,51,76,-25,0,0.0,,handball.net
306,SC Fortuna Köln,Handball Nordrhein,Handball Nordrhein,5,Oberliga,Oberliga Männer Gr. 2,12905,14,1,0,0,1,27,41,-14,0,0.0,,handball.net
307,1. HC Quickborn,Hamburger Handballverband,Hamburger Handballverband,5,Oberliga,Oberliga Männer (100),12373,14,4,0,0,4,89,149,-60,0,0.0,,handball.net
308,TV Aldekerk II,Handball Nordrhein,Handball Nordrhein,5,Oberliga,Oberliga Männer Gr. 3,12906,13,1,0,0,1,17,39,-22,0,0.0,,handball.net
309,TUS Lintorf 2m,Handball Nordrhein,Handball Nordrhein,6,Verbandsliga,Verbandsliga Männer Gr. 2,12914,6,1,1,0,0,34,14,20,2,2.0,,handball.net
310,Kjs-Club Dresden,Handballverband Sachsen,Handballverband Sachsen,6,Verbandsliga,Verbandsliga Ost,12571,1,4,4,0,0,153,97,56,8,2.0,,handball.net
311,HSG Geislar-Oberkassel,Handball Nordrhein,Handball Nordrhein,6,Verbandsliga,Verbandsliga Männer Gr. 4,12920,1,2,2,0,0,74,49,25,4,2.0,,handball.net
312,VFL Eintracht Hagen E.V. III,Handballverband Westfalen,Handballverband Westfalen,6,Verbandsliga,HVW Männer Verbandsliga Staffel 3,12655,2,3,3,0,0,112,77,35,6,2.0,,handball.net
313,TV Schwafheim,Handball Nordrhein,Handball Nordrhein,6,Verbandsliga,Verbandsliga Männer Gr. 1,12912,1,2,2,0,0,67,45,22,4,2.0,,handball.net
314,HSG Refrath/Hand II,Handball Nordrhein,Handball Nordrhein,6,Verbandsliga,Verbandsliga Männer Gr. 4,12920,2,2,2,0,0,66,44,22,4,2.0,,handball.net
315,Osterather TV,Handball Nordrhein,Handball Nordrhein,6,Verbandsliga,Verbandsliga Männer Gr. 6,12922,5,1,1,0,0,31,20,11,2,2.0,,handball.net
316,ETB SW Essen,Handball Nordrhein,Handball Nordrhein,6,Verbandsliga,Verbandsliga Männer Gr. 2,12914,1,2,2,0,0,67,47,20,4,2.0,,handball.net
317,HSV Rhein-Nette,Handballverband Rheinland,Handballverband Rheinland,6,Verbandsliga,Verbandsliga Männer · Handballverband Rheinland,12824,1,3,3,0,0,109,80,29,6,2.0,,handball.net
318,Brühler TV,Handball Nordrhein,Handball Nordrhein,6,Verbandsliga,Verbandsliga Männer Gr. 5,12921,1,2,2,0,0,63,44,19,4,2.0,,handball.net
319,MTV Lübeck II,Handballverband Schleswig-Holstein,Handballverband Schleswig-Holstein,6,Verbandsliga,Meisterrunde - Süd,14063,3,3,3,0,0,105,77,28,6,2.0,,handball.net
320,Polizei SV KÖLN,Handball Nordrhein,Handball Nordrhein,6,Verbandsliga,Verbandsliga Männer Gr. 4,12920,3,2,2,0,0,81,64,17,4,2.0,,handball.net
321,HT Sportfreunde Senne,Handballverband Westfalen,Handballverband Westfalen,6,Verbandsliga,HVW Männer Verbandsliga Staffel 1,12653,4,2,2,0,0,75,58,17,4,2.0,,handball.net
322,HC Gonsenheim,Handballverband Rheinhessen-Pfalz,Handballverband Rheinhessen-Pfalz,6,Verbandsliga,VL-M,12467,1,4,4,0,0,137,104,33,8,2.0,,handball.net
323,SUS Oberaden 1921 E.V.,Handballverband Westfalen,Handballverband Westfalen,6,Verbandsliga,HVW Männer Verbandsliga Staffel 3,12655,1,4,4,0,0,132,99,33,8,2.0,,handball.net
324,TEAM Hamburg (fwl),Hamburger Handballverband,Hamburger Handballverband,6,Verbandsliga,Freiwurf-Liga Hamburg (910),16949,1,1,1,0,0,10,2,8,2,2.0,,handball.net
325,SC DHFK Leipzig III,Handballverband Sachsen,Handballverband Sachsen,6,Verbandsliga,Verbandsliga West,12572,3,3,3,0,0,103,80,23,6,2.0,,handball.net
326,Pulheimer SC,Handball Nordrhein,Handball Nordrhein,6,Verbandsliga,Verbandsliga Männer Gr. 5,12921,2,2,2,0,0,70,55,15,4,2.0,,handball.net
327,SG LVB II,Handballverband Sachsen,Handballverband Sachsen,6,Verbandsliga,Verbandsliga West,12572,1,4,4,0,0,130,101,29,8,2.0,,handball.net
328,MTV Dänischenhagen,Handballverband Schleswig-Holstein,Handballverband Schleswig-Holstein,6,Verbandsliga,Meisterrunde - Süd,14063,2,4,4,0,0,123,94,29,8,2.0,,handball.net
329,HSV Frechen,Handball Nordrhein,Handball Nordrhein,6,Verbandsliga,Verbandsliga Männer Gr. 5,12921,4,1,1,0,0,32,25,7,2,2.0,,handball.net
330,DIE HAIE I HSG Horst/Kiebitzreihe,Handballverband Schleswig-Holstein,Handballverband Schleswig-Holstein,6,Verbandsliga,Meisterrunde - Nord,14064,3,2,2,0,0,57,43,14,4,2.0,,handball.net
331,ESV Dresden,Handballverband Sachsen,Handballverband Sachsen,6,Verbandsliga,Verbandsliga Ost,12571,2,4,4,0,0,134,107,27,8,2.0,,handball.net
332,TV Borken,Handball Nordrhein,Handball Nordrhein,6,Verbandsliga,Verbandsliga Männer Gr. 1,12912,2,2,2,0,0,74,61,13,4,2.0,,handball.net
333,HG Ltg/Htv Remscheid II,Handball Nordrhein,Handball Nordrhein,6,Verbandsliga,Verbandsliga Männer Gr. 3,12917,1,2,2,0,0,69,57,12,4,2.0,,handball.net
334,TV VERL,Handballverband Westfalen,Handballverband Westfalen,6,Verbandsliga,HVW Männer Verbandsliga Staffel 2,12654,9,1,1,0,0,31,25,6,2,2.0,,handball.net
335,DJK GRÜN Weiss Werden,Handball Nordrhein,Handball Nordrhein,6,Verbandsliga,Verbandsliga Männer Gr. 2,12914,2,2,2,0,0,60,48,12,4,2.0,,handball.net
336,SV Neukirchen,Handball Nordrhein,Handball Nordrhein,6,Verbandsliga,Verbandsliga Männer Gr. 1,12912,3,2,2,0,0,59,47,12,4,2.0,,handball.net
337,TUS Wesseling,Handball Nordrhein,Handball Nordrhein,6,Verbandsliga,Verbandsliga Männer Gr. 5,12921,3,2,2,0,0,59,47,12,4,2.0,,handball.net
338,SUS Neuenkirchen 09 E.V.,Handballverband Westfalen,Handballverband Westfalen,6,Verbandsliga,HVW Männer Verbandsliga Staffel 2,12654,1,3,3,0,0,112,97,15,6,2.0,,handball.net
339,Meerbuscher HV 1m,Handball Nordrhein,Handball Nordrhein,6,Verbandsliga,Verbandsliga Männer Gr. 6,12922,1,2,2,0,0,70,60,10,4,2.0,,handball.net
340,RSV Altenbögge-Bönen 1951 e.V. 1. Herren,Handballverband Westfalen,Handballverband Westfalen,6,Verbandsliga,HVW Männer Verbandsliga Staffel 3,12655,3,3,3,0,0,97,83,14,6,2.0,,handball.net
341,TV Sachsenross Hille E.V.,Handballverband Westfalen,Handballverband Westfalen,6,Verbandsliga,HVW Männer Verbandsliga Staffel 1,12653,1,3,3,0,0,86,72,14,6,2.0,,handball.net
342,HSG Spradow,Handballverband Westfalen,Handballverband Westfalen,6,Verbandsliga,HVW Männer Verbandsliga Staffel 1,12653,2,3,3,0,0,111,99,12,6,2.0,,handball.net
343,LTV Wuppertal II,Handball Nordrhein,Handball Nordrhein,6,Verbandsliga,Verbandsliga Männer Gr. 3,12917,2,2,2,0,0,64,56,8,4,2.0,,handball.net
344,TV Angermund 1m,Handball Nordrhein,Handball Nordrhein,6,Verbandsliga,Verbandsliga Männer Gr. 2,12914,3,2,2,0,0,55,47,8,4,2.0,,handball.net
345,TUS SW WEHE 1920 E.V.,Handballverband Westfalen,Handballverband Westfalen,6,Verbandsliga,HVW Männer Verbandsliga Staffel 1,12653,3,3,3,0,0,89,78,11,6,2.0,,handball.net
346,TB Wülfrath II,Handball Nordrhein,Handball Nordrhein,6,Verbandsliga,Verbandsliga Männer Gr. 3,12917,3,2,2,0,0,75,69,6,4,2.0,,handball.net
347,HC BSDL,Handball Nordrhein,Handball Nordrhein,6,Verbandsliga,Verbandsliga Männer Gr. 3,12917,7,1,1,0,0,29,26,3,2,2.0,,handball.net
348,BTB Aachen II,Handball Nordrhein,Handball Nordrhein,6,Verbandsliga,Verbandsliga Männer Gr. 5,12921,6,1,1,0,0,28,25,3,2,2.0,,handball.net
349,TUS Lintfort,Handball Nordrhein,Handball Nordrhein,6,Verbandsliga,Verbandsliga Männer Gr. 1,12912,4,2,2,0,0,51,46,5,4,2.0,,handball.net
350,TV Geistenbeck I,Handball Nordrhein,Handball Nordrhein,6,Verbandsliga,Verbandsliga Männer Gr. 6,12922,7,1,1,0,0,21,19,2,2,2.0,,handball.net
351,Alstadener TUS,Handball Nordrhein,Handball Nordrhein,6,Verbandsliga,Verbandsliga Männer Gr. 1,12912,5,2,2,0,0,57,54,3,4,2.0,,handball.net
352,SG Düren 1899,Handball Nordrhein,Handball Nordrhein,6,Verbandsliga,Verbandsliga Männer Gr. 5,12921,8,1,1,0,0,30,29,1,2,2.0,,handball.net
353,SV Niederau,Handballverband Sachsen,Handballverband Sachsen,6,Verbandsliga,Verbandsliga Ost,12571,3,4,3,1,0,122,98,24,7,1.75,,handball.net
354,TV Merchweiler,Handballverband SAAR,Handballverband SAAR,6,Verbandsliga,Verbandsliga Männer,14383,1,4,3,1,0,113,89,24,7,1.75,,handball.net
355,HSG Szoww,Handballverband Schleswig-Holstein,Handballverband Schleswig-Holstein,6,Verbandsliga,Meisterrunde - Nord,14064,1,4,3,1,0,115,92,23,7,1.75,,handball.net
356,SG Mogono Leipzig,Handballverband Sachsen,Handballverband Sachsen,6,Verbandsliga,Verbandsliga West,12572,2,4,3,1,0,127,111,16,7,1.75,,handball.net
357,HG Saarlouis 3,Handballverband SAAR,Handballverband SAAR,6,Verbandsliga,Verbandsliga Männer,14383,2,4,3,1,0,139,124,15,7,1.75,,handball.net
358,HSG Marne/Brunsbüttel,Handballverband Schleswig-Holstein,Handballverband Schleswig-Holstein,6,Verbandsliga,Meisterrunde - Nord,14064,2,3,2,1,0,85,73,12,5,1.67,,handball.net
359,TuS Aumühle-Wohltorf,Handballverband Schleswig-Holstein,Handballverband Schleswig-Holstein,6,Verbandsliga,Meisterrunde - Süd,14063,1,5,4,0,1,150,113,37,8,1.6,,handball.net
360,SF Budenheim 2,Handballverband Rheinhessen-Pfalz,Handballverband Rheinhessen-Pfalz,6,Verbandsliga,VL-M,12467,2,5,4,0,1,163,146,17,8,1.6,,handball.net
361,HSG Jörl-Doppeleiche Viöl,Handballverband Schleswig-Holstein,Handballverband Schleswig-Holstein,6,Verbandsliga,Meisterrunde - Nord,14064,7,2,1,1,0,65,54,11,3,1.5,,handball.net
362,HSG Rösrath/Forsbach,Handball Nordrhein,Handball Nordrhein,6,Verbandsliga,Verbandsliga Männer Gr. 4,12920,4,2,1,1,0,61,51,10,3,1.5,,handball.net
363,Wermelskirchener TV,Handball Nordrhein,Handball Nordrhein,6,Verbandsliga,Verbandsliga Männer Gr. 3,12917,4,2,1,1,0,55,45,10,3,1.5,,handball.net
364,Union Chemnitz,Handballverband Sachsen,Handballverband Sachsen,6,Verbandsliga,Verbandsliga West,12572,4,4,3,0,1,108,88,20,6,1.5,,handball.net
365,SV Gerolstein,Handballverband Rheinland,Handballverband Rheinland,6,Verbandsliga,Verbandsliga Männer · Handballverband Rheinland,12824,2,4,2,2,0,138,120,18,6,1.5,,handball.net
366,Handball Oppum II,Handball Nordrhein,Handball Nordrhein,6,Verbandsliga,Verbandsliga Männer Gr. 6,12922,2,2,1,1,0,66,57,9,3,1.5,,handball.net
367,Radeberger SV,Handballverband Sachsen,Handballverband Sachsen,6,Verbandsliga,Verbandsliga Ost,12571,4,4,2,2,0,121,107,14,6,1.5,,handball.net
368,SV Straelen,Handball Nordrhein,Handball Nordrhein,6,Verbandsliga,Verbandsliga Männer Gr. 6,12922,3,2,1,1,0,50,44,6,3,1.5,,handball.net
369,TUS Elm-Sprengen,Handballverband SAAR,Handballverband SAAR,6,Verbandsliga,Verbandsliga Männer,14383,3,4,3,0,1,115,104,11,6,1.5,,handball.net
370,HC Essen West,Handball Nordrhein,Handball Nordrhein,6,Verbandsliga,Verbandsliga Männer Gr. 2,12914,4,2,1,1,0,58,53,5,3,1.5,,handball.net
371,HSG Nahe-Glan,Handballverband Rheinhessen-Pfalz,Handballverband Rheinhessen-Pfalz,6,Verbandsliga,VL-M,12467,3,4,3,0,1,113,104,9,6,1.5,,handball.net
372,TV JAHN Köln-Wahn,Handball Nordrhein,Handball Nordrhein,6,Verbandsliga,Verbandsliga Männer Gr. 4,12920,5,2,1,1,0,54,50,4,3,1.5,,handball.net
373,HSG DJK Oberthal / RW Schaumberg,Handballverband SAAR,Handballverband SAAR,6,Verbandsliga,Verbandsliga Männer,14383,4,4,3,0,1,128,121,7,6,1.5,,handball.net
374,CVJM Rödinghausen E.V.,Handballverband Westfalen,Handballverband Westfalen,6,Verbandsliga,HVW Männer Verbandsliga Staffel 1,12653,6,2,1,1,0,59,56,3,3,1.5,,handball.net
375,DJK VFR Mülheim Saarn,Handball Nordrhein,Handball Nordrhein,6,Verbandsliga,Verbandsliga Männer Gr. 2,12914,5,2,1,1,0,52,49,3,3,1.5,,handball.net
376,TUS Heiligenstein,Handballverband Rheinhessen-Pfalz,Handballverband Rheinhessen-Pfalz,6,Verbandsliga,VL-M,12467,5,4,3,0,1,133,131,2,6,1.5,,handball.net
377,Tschft. St. Tönis II,Handball Nordrhein,Handball Nordrhein,6,Verbandsliga,Verbandsliga Männer Gr. 6,12922,4,2,1,1,0,63,62,1,3,1.5,,handball.net
378,TSV Kronshagen II,Handballverband Schleswig-Holstein,Handballverband Schleswig-Holstein,6,Verbandsliga,Meisterrunde - Süd,14063,4,4,3,0,1,107,105,2,6,1.5,,handball.net
379,Gw-Mendig,Handballverband Rheinland,Handballverband Rheinland,6,Verbandsliga,Verbandsliga Männer · Handballverband Rheinland,12824,3,4,3,0,1,118,119,-1,6,1.5,,handball.net
380,TV Brechten I,Handballverband Westfalen,Handballverband Westfalen,6,Verbandsliga,HVW Männer Verbandsliga Staffel 2,12654,2,3,2,0,1,96,78,18,4,1.33,,handball.net
381,SG Handball Ibbenbüren,Handballverband Westfalen,Handballverband Westfalen,6,Verbandsliga,HVW Männer Verbandsliga Staffel 2,12654,3,3,2,0,1,105,88,17,4,1.33,,handball.net
382,Stahl Rietschen,Handballverband Sachsen,Handballverband Sachsen,6,Verbandsliga,Verbandsliga Ost,12571,5,3,2,0,1,98,81,17,4,1.33,,handball.net
383,TSV Schwarzenbek,Handballverband Schleswig-Holstein,Handballverband Schleswig-Holstein,6,Verbandsliga,Meisterrunde - Süd,14063,5,3,2,0,1,90,74,16,4,1.33,,handball.net
384,HSG Tecklenburger LAND,Handballverband Westfalen,Handballverband Westfalen,6,Verbandsliga,HVW Männer Verbandsliga Staffel 2,12654,4,3,2,0,1,94,80,14,4,1.33,,handball.net
385,TUS Volmetal 1887 E.V. II,Handballverband Westfalen,Handballverband Westfalen,6,Verbandsliga,HVW Männer Verbandsliga Staffel 3,12655,4,3,2,0,1,106,93,13,4,1.33,,handball.net
386,DJK SG Bösperde,Handballverband Westfalen,Handballverband Westfalen,6,Verbandsliga,HVW Männer Verbandsliga Staffel 3,12655,5,3,2,0,1,95,86,9,4,1.33,,handball.net
387,HG Owschlag-Kropp-Tetenhusen,Handballverband Schleswig-Holstein,Handballverband Schleswig-Holstein,6,Verbandsliga,Meisterrunde - Nord,14064,4,3,2,0,1,95,87,8,4,1.33,,handball.net
388,SPVG Steinhagen,Handballverband Westfalen,Handballverband Westfalen,6,Verbandsliga,HVW Männer Verbandsliga Staffel 1,12653,5,3,2,0,1,79,71,8,4,1.33,,handball.net
389,SV Teutonia Riemke 1.Herren,Handballverband Westfalen,Handballverband Westfalen,6,Verbandsliga,HVW Männer Verbandsliga Staffel 2,12654,5,3,2,0,1,83,78,5,4,1.33,,handball.net
390,S.V. Schwarz-Weiß-Havixbeck 1,Handballverband Westfalen,Handballverband Westfalen,6,Verbandsliga,HVW Männer Verbandsliga Staffel 2,12654,6,3,2,0,1,98,96,2,4,1.33,,handball.net
391,HSG Hunsrück II,Handballverband Rheinland,Handballverband Rheinland,6,Verbandsliga,Verbandsliga Männer · Handballverband Rheinland,12824,4,3,2,0,1,93,91,2,4,1.33,,handball.net
392,TV Vreden 1922 E.V.,Handballverband Westfalen,Handballverband Westfalen,6,Verbandsliga,HVW Männer Verbandsliga Staffel 2,12654,7,3,2,0,1,81,79,2,4,1.33,,handball.net
393,SG Ruhrtal I H1,Handballverband Westfalen,Handballverband Westfalen,6,Verbandsliga,HVW Männer Verbandsliga Staffel 3,12655,6,3,2,0,1,81,82,-1,4,1.33,,handball.net
394,HSC IGEL,Handballverband Rheinland,Handballverband Rheinland,6,Verbandsliga,Verbandsliga Männer · Handballverband Rheinland,12824,5,3,2,0,1,94,99,-5,4,1.33,,handball.net
395,ATSV Stockelsdorf,Handballverband Schleswig-Holstein,Handballverband Schleswig-Holstein,6,Verbandsliga,Meisterrunde - Süd,14063,7,3,2,0,1,86,91,-5,4,1.33,,handball.net
396,HF Untere SAAR 2,Handballverband SAAR,Handballverband SAAR,6,Verbandsliga,Verbandsliga Männer,14383,5,4,2,1,1,107,108,-1,5,1.25,,handball.net
397,TSV Kandel,Handballverband Rheinhessen-Pfalz,Handballverband Rheinhessen-Pfalz,6,Verbandsliga,VL-M,12467,4,5,3,0,2,154,146,8,6,1.2,,handball.net
398,Südpfalz Tiger 2,Handballverband Rheinhessen-Pfalz,Handballverband Rheinhessen-Pfalz,6,Verbandsliga,VL-M,12467,6,5,3,0,2,140,149,-9,6,1.2,,handball.net
399,HSG Eckbachtal 2,Handballverband Rheinhessen-Pfalz,Handballverband Rheinhessen-Pfalz,6,Verbandsliga,VL-M,12467,7,4,2,0,2,130,114,16,4,1.0,,handball.net
400,TV Vorst,Handball Nordrhein,Handball Nordrhein,6,Verbandsliga,Verbandsliga Männer Gr. 6,12922,6,2,1,0,1,64,58,6,2,1.0,,handball.net
401,Wittener TV 1877 e.V.,Handballverband Westfalen,Handballverband Westfalen,6,Verbandsliga,HVW Männer Verbandsliga Staffel 2,12654,8,3,1,1,1,88,79,9,3,1.0,,handball.net
402,MTG Horst Essen,Handball Nordrhein,Handball Nordrhein,6,Verbandsliga,Verbandsliga Männer Gr. 2,12914,7,2,1,0,1,57,51,6,2,1.0,,handball.net
403,DJK Unitas HAAN E.V. II,Handball Nordrhein,Handball Nordrhein,6,Verbandsliga,Verbandsliga Männer Gr. 3,12917,5,2,1,0,1,65,60,5,2,1.0,,handball.net
404,HF Köllertal,Handballverband SAAR,Handballverband SAAR,6,Verbandsliga,Verbandsliga Männer,14383,6,4,2,0,2,126,116,10,4,1.0,,handball.net
405,Wölfe Voreifel II,Handball Nordrhein,Handball Nordrhein,6,Verbandsliga,Verbandsliga Männer Gr. 5,12921,5,2,1,0,1,54,50,4,2,1.0,,handball.net
406,ASC Quierschied,Handballverband SAAR,Handballverband SAAR,6,Verbandsliga,Verbandsliga Männer,14383,7,4,2,0,2,131,124,7,4,1.0,,handball.net
407,SSG Wuppertal/Hsv Wuppertal,Handball Nordrhein,Handball Nordrhein,6,Verbandsliga,Verbandsliga Männer Gr. 3,12917,6,2,1,0,1,70,67,3,2,1.0,,handball.net
408,CVJM Oberwiehl,Handball Nordrhein,Handball Nordrhein,6,Verbandsliga,Verbandsliga Männer Gr. 4,12920,6,2,1,0,1,66,64,2,2,1.0,,handball.net
409,Solinger TB 1. Herren,Handball Nordrhein,Handball Nordrhein,6,Verbandsliga,Verbandsliga Männer Gr. 3,12917,8,2,1,0,1,61,59,2,2,1.0,,handball.net
410,SGSH Dragons E.V. II,Handballverband Westfalen,Handballverband Westfalen,6,Verbandsliga,HVW Männer Verbandsliga Staffel 3,12655,7,3,1,1,1,90,87,3,3,1.0,,handball.net
411,TUS Ehrenfeld 65,Handball Nordrhein,Handball Nordrhein,6,Verbandsliga,Verbandsliga Männer Gr. 4,12920,7,2,1,0,1,53,51,2,2,1.0,,handball.net
412,Neusser HV,Handball Nordrhein,Handball Nordrhein,6,Verbandsliga,Verbandsliga Männer Gr. 5,12921,7,2,1,0,1,45,43,2,2,1.0,,handball.net
413,HSV Weinböhla,Handballverband Sachsen,Handballverband Sachsen,6,Verbandsliga,Verbandsliga Ost,12571,6,4,2,0,2,121,118,3,4,1.0,,handball.net
414,HSG Freiberg II,Handballverband Sachsen,Handballverband Sachsen,6,Verbandsliga,Verbandsliga West,12572,5,4,2,0,2,107,104,3,4,1.0,,handball.net
415,TV Anrath,Handball Nordrhein,Handball Nordrhein,6,Verbandsliga,Verbandsliga Männer Gr. 6,12922,8,2,1,0,1,64,63,1,2,1.0,,handball.net
416,TD Lank 1. Herren,Handball Nordrhein,Handball Nordrhein,6,Verbandsliga,Verbandsliga Männer Gr. 6,12922,9,2,1,0,1,48,47,1,2,1.0,,handball.net
417,Die Affenadler,Handball Nordrhein,Handball Nordrhein,6,Verbandsliga,Verbandsliga Männer Gr. 2,12914,8,2,1,0,1,60,60,0,2,1.0,,handball.net
418,TSV Büsum,Handballverband Schleswig-Holstein,Handballverband Schleswig-Holstein,6,Verbandsliga,Meisterrunde - Nord,14064,5,4,2,0,2,104,104,0,4,1.0,,handball.net
419,Cronenberger TG,Handball Nordrhein,Handball Nordrhein,6,Verbandsliga,Verbandsliga Männer Gr. 3,12917,9,1,0,1,0,23,23,0,1,1.0,,handball.net
420,ATV Hückeswagen,Handball Nordrhein,Handball Nordrhein,6,Verbandsliga,Verbandsliga Männer Gr. 4,12920,9,1,0,1,0,21,21,0,1,1.0,,handball.net
421,FC St. Pauli (fwl),Hamburger Handballverband,Hamburger Handballverband,6,Verbandsliga,Freiwurf-Liga Hamburg (910),16949,2,1,0,1,0,6,6,0,1,1.0,,handball.net
422,SV Eidelstedt (fwl),Hamburger Handballverband,Hamburger Handballverband,6,Verbandsliga,Freiwurf-Liga Hamburg (910),16949,3,1,0,1,0,6,6,0,1,1.0,,handball.net
423,SC Bottrop,Handball Nordrhein,Handball Nordrhein,6,Verbandsliga,Verbandsliga Männer Gr. 1,12912,6,2,1,0,1,57,58,-1,2,1.0,,handball.net
424,HSG Merkstein,Handball Nordrhein,Handball Nordrhein,6,Verbandsliga,Verbandsliga Männer Gr. 5,12921,9,2,1,0,1,55,56,-1,2,1.0,,handball.net
425,HC TV Rhede H1,Handball Nordrhein,Handball Nordrhein,6,Verbandsliga,Verbandsliga Männer Gr. 1,12912,7,2,1,0,1,53,54,-1,2,1.0,,handball.net
426,HSC Schweich,Handballverband Rheinland,Handballverband Rheinland,6,Verbandsliga,Verbandsliga Männer · Handballverband Rheinland,12824,6,3,1,1,1,92,95,-3,3,1.0,,handball.net
427,HSG Siebengebirge-Thomasberg II,Handball Nordrhein,Handball Nordrhein,6,Verbandsliga,Verbandsliga Männer Gr. 4,12920,8,2,1,0,1,50,52,-2,2,1.0,,handball.net
428,HSG Tva/Atsv Saarbrücken 2,Handballverband SAAR,Handballverband SAAR,6,Verbandsliga,Verbandsliga Männer,14383,8,3,1,1,1,79,83,-4,3,1.0,,handball.net
429,HSG Rückmarsdorf I,Handballverband Sachsen,Handballverband Sachsen,6,Verbandsliga,Verbandsliga West,12572,6,4,2,0,2,126,133,-7,4,1.0,,handball.net
430,HSG Mönkeberg-Schönkirchen II,Handballverband Schleswig-Holstein,Handballverband Schleswig-Holstein,6,Verbandsliga,Meisterrunde - Süd,14063,9,2,1,0,1,43,47,-4,2,1.0,,handball.net
431,HSG Kremperheide/Münsterdorf,Handballverband Schleswig-Holstein,Handballverband Schleswig-Holstein,6,Verbandsliga,Meisterrunde - Nord,14064,9,2,1,0,1,50,55,-5,2,1.0,,handball.net
432,TSV Oerlinghausen V. 1863 E.V.,Handballverband Westfalen,Handballverband Westfalen,6,Verbandsliga,HVW Männer Verbandsliga Staffel 1,12653,8,2,1,0,1,42,48,-6,2,1.0,,handball.net
433,HSG Tarp/Wanderup,Handballverband Schleswig-Holstein,Handballverband Schleswig-Holstein,6,Verbandsliga,Meisterrunde - Nord,14064,6,4,2,0,2,89,103,-14,4,1.0,,handball.net
434,HSV 1923 Pulsnitz,Handballverband Sachsen,Handballverband Sachsen,6,Verbandsliga,Verbandsliga Ost,12571,7,3,1,1,1,75,91,-16,3,1.0,,handball.net
435,SC Kieler Förde,Handballverband Schleswig-Holstein,Handballverband Schleswig-Holstein,6,Verbandsliga,Meisterrunde - Süd,14063,6,5,2,0,3,146,146,0,4,0.8,,handball.net
436,HC Fraureuth,Handballverband Sachsen,Handballverband Sachsen,6,Verbandsliga,Verbandsliga West,12572,7,4,1,1,2,132,124,8,3,0.75,,handball.net
437,HR Göllheim/Eisenberg/Asselheim/Kindenheim,Handballverband Rheinhessen-Pfalz,Handballverband Rheinhessen-Pfalz,6,Verbandsliga,VL-M,12467,8,4,1,1,2,122,128,-6,3,0.75,,handball.net
438,HC Koblenz II,Handballverband Rheinland,Handballverband Rheinland,6,Verbandsliga,Verbandsliga Männer · Handballverband Rheinland,12824,7,3,1,0,2,90,70,20,2,0.67,,handball.net
439,TSV Schönberg,Handballverband Schleswig-Holstein,Handballverband Schleswig-Holstein,6,Verbandsliga,Meisterrunde - Süd,14063,8,3,1,0,2,90,84,6,2,0.67,,handball.net
440,TG Hörste II,Handballverband Westfalen,Handballverband Westfalen,6,Verbandsliga,HVW Männer Verbandsliga Staffel 1,12653,7,3,1,0,2,98,95,3,2,0.67,,handball.net
441,HC Schmelz,Handballverband SAAR,Handballverband SAAR,6,Verbandsliga,Verbandsliga Männer,14383,9,3,1,0,2,74,74,0,2,0.67,,handball.net
442,HSG Neudorf/Döbeln,Handballverband Sachsen,Handballverband Sachsen,6,Verbandsliga,Verbandsliga West,12572,8,3,1,0,2,84,86,-2,2,0.67,,handball.net
443,HSG Mertesdorf-Ruwertal,Handballverband Rheinland,Handballverband Rheinland,6,Verbandsliga,Verbandsliga Männer · Handballverband Rheinland,12824,8,3,0,2,1,91,94,-3,2,0.67,,handball.net
444,SV Vorwärts Gronau 09,Handballverband Westfalen,Handballverband Westfalen,6,Verbandsliga,HVW Männer Verbandsliga Staffel 2,12654,10,3,1,0,2,75,78,-3,2,0.67,,handball.net
445,DJK Oespel-Kley Herren 1,Handballverband Westfalen,Handballverband Westfalen,6,Verbandsliga,HVW Männer Verbandsliga Staffel 3,12655,8,3,1,0,2,83,87,-4,2,0.67,,handball.net
446,TUS Eintracht Oberlübbe E.V.,Handballverband Westfalen,Handballverband Westfalen,6,Verbandsliga,HVW Männer Verbandsliga Staffel 1,12653,9,3,1,0,2,79,87,-8,2,0.67,,handball.net
447,HSG EGB Bielefeld,Handballverband Westfalen,Handballverband Westfalen,6,Verbandsliga,HVW Männer Verbandsliga Staffel 1,12653,10,3,1,0,2,92,102,-10,2,0.67,,handball.net
448,ATV Dorstfeld 1878 E.V.,Handballverband Westfalen,Handballverband Westfalen,6,Verbandsliga,HVW Männer Verbandsliga Staffel 3,12655,9,3,1,0,2,80,95,-15,2,0.67,,handball.net
449,Selbecker Turnerschaft 1896 E.V.,Handballverband Westfalen,Handballverband Westfalen,6,Verbandsliga,HVW Männer Verbandsliga Staffel 3,12655,11,3,1,0,2,79,104,-25,2,0.67,,handball.net
450,HSG Landau/Land,Handballverband Rheinhessen-Pfalz,Handballverband Rheinhessen-Pfalz,6,Verbandsliga,VL-M,12467,9,5,1,1,3,150,157,-7,3,0.6,,handball.net
451,Bramstedter TS,Handballverband Schleswig-Holstein,Handballverband Schleswig-Holstein,6,Verbandsliga,Meisterrunde - Nord,14064,8,5,1,1,3,136,147,-11,3,0.6,,handball.net
452,Turnerkreis Nippes 1. Herren,Handball Nordrhein,Handball Nordrhein,6,Verbandsliga,Verbandsliga Männer Gr. 4,12920,10,2,0,1,1,59,60,-1,1,0.5,,handball.net
453,Tschft. Lürrip,Handball Nordrhein,Handball Nordrhein,6,Verbandsliga,Verbandsliga Männer Gr. 6,12922,10,2,0,1,1,55,58,-3,1,0.5,,handball.net
454,TuS Müssen-Billinghausen,Handballverband Westfalen,Handballverband Westfalen,6,Verbandsliga,HVW Männer Verbandsliga Staffel 1,12653,11,2,0,1,1,58,62,-4,1,0.5,,handball.net
455,HSG Eider Harde III,Handballverband Schleswig-Holstein,Handballverband Schleswig-Holstein,6,Verbandsliga,Meisterrunde - Nord,14064,10,4,1,0,3,107,116,-9,2,0.5,,handball.net
456,TV Lobberich II,Handball Nordrhein,Handball Nordrhein,6,Verbandsliga,Verbandsliga Männer Gr. 6,12922,11,2,0,1,1,51,57,-6,1,0.5,,handball.net
457,SG Kurort Hartha,Handballverband Sachsen,Handballverband Sachsen,6,Verbandsliga,Verbandsliga Ost,12571,8,4,1,0,3,109,123,-14,2,0.5,,handball.net
458,Germania Zwenkau,Handballverband Sachsen,Handballverband Sachsen,6,Verbandsliga,Verbandsliga West,12572,9,4,1,0,3,121,137,-16,2,0.5,,handball.net
459,HC Pleissental,Handballverband Sachsen,Handballverband Sachsen,6,Verbandsliga,Verbandsliga West,12572,10,4,1,0,3,97,113,-16,2,0.5,,handball.net
460,Radebeuler HV,Handballverband Sachsen,Handballverband Sachsen,6,Verbandsliga,Verbandsliga Ost,12571,9,4,1,0,3,110,127,-17,2,0.5,,handball.net
461,TV Kirkel,Handballverband SAAR,Handballverband SAAR,6,Verbandsliga,Verbandsliga Männer,14383,10,4,1,0,3,95,112,-17,2,0.5,,handball.net
462,RSVE Siegen Handball E.V.,Handballverband Westfalen,Handballverband Westfalen,6,Verbandsliga,HVW Männer Verbandsliga Staffel 3,12655,10,4,1,0,3,109,127,-18,2,0.5,,handball.net
463,HC Westfalia Herne E.V. II,Handballverband Westfalen,Handballverband Westfalen,6,Verbandsliga,HVW Männer Verbandsliga Staffel 2,12654,11,2,0,1,1,51,60,-9,1,0.5,,handball.net
464,SSV Gartenstadt,Handball Nordrhein,Handball Nordrhein,6,Verbandsliga,Verbandsliga Männer Gr. 6,12922,12,2,0,1,1,51,60,-9,1,0.5,,handball.net
465,HC Glauchau/Meerane II,Handballverband Sachsen,Handballverband Sachsen,6,Verbandsliga,Verbandsliga West,12572,11,4,0,2,2,105,124,-19,2,0.5,,handball.net
466,VFL Lübeck-SCHWARTAU II,Handballverband Schleswig-Holstein,Handballverband Schleswig-Holstein,6,Verbandsliga,Meisterrunde - Süd,14063,10,4,1,0,3,100,126,-26,2,0.5,,handball.net
467,TUS Fortuna Saarburg,Handballverband Rheinland,Handballverband Rheinland,6,Verbandsliga,Verbandsliga Männer · Handballverband Rheinland,12824,9,4,1,0,3,104,135,-31,2,0.5,,handball.net
468,HSG Dudenhofen/Schifferstadt 2,Handballverband Rheinhessen-Pfalz,Handballverband Rheinhessen-Pfalz,6,Verbandsliga,VL-M,12467,10,5,1,0,4,148,157,-9,2,0.4,,handball.net
469,TV Nierstein,Handballverband Rheinhessen-Pfalz,Handballverband Rheinhessen-Pfalz,6,Verbandsliga,VL-M,12467,11,5,1,0,4,131,158,-27,2,0.4,,handball.net
470,SGH Unna Massen,Handballverband Westfalen,Handballverband Westfalen,6,Verbandsliga,HVW Männer Verbandsliga Staffel 3,12655,12,3,0,1,2,73,78,-5,1,0.33,,handball.net
471,TS Bendorf,Handballverband Rheinland,Handballverband Rheinland,6,Verbandsliga,Verbandsliga Männer · Handballverband Rheinland,12824,10,3,0,1,2,91,99,-8,1,0.33,,handball.net
472,HSG Wesel,Handball Nordrhein,Handball Nordrhein,6,Verbandsliga,Verbandsliga Männer Gr. 1,12912,8,0,0,0,0,0,0,0,0,0.0,,handball.net
473,HSV Dümpten 1992 II,Handball Nordrhein,Handball Nordrhein,6,Verbandsliga,Verbandsliga Männer Gr. 2,12914,9,0,0,0,0,0,0,0,0,0.0,,handball.net
474,Turnerb. Oberhausen,Handball Nordrhein,Handball Nordrhein,6,Verbandsliga,Verbandsliga Männer Gr. 1,12912,9,1,0,0,1,39,40,-1,0,0.0,,handball.net
475,HSG Euskirchen,Handball Nordrhein,Handball Nordrhein,6,Verbandsliga,Verbandsliga Männer Gr. 5,12921,10,1,0,0,1,29,30,-1,0,0.0,,handball.net
476,HSG Hiesfeld/Aldenrade II,Handball Nordrhein,Handball Nordrhein,6,Verbandsliga,Verbandsliga Männer Gr. 1,12912,10,2,0,0,2,52,56,-4,0,0.0,,handball.net
477,HVO Cunewalde,Handballverband Sachsen,Handballverband Sachsen,6,Verbandsliga,Verbandsliga Ost,12571,10,3,0,0,3,79,86,-7,0,0.0,,handball.net
478,VfL Herford 1. Männer,Handballverband Westfalen,Handballverband Westfalen,6,Verbandsliga,HVW Männer Verbandsliga Staffel 1,12653,12,3,0,0,3,73,80,-7,0,0.0,,handball.net
479,Wald-Merscheider TV,Handball Nordrhein,Handball Nordrhein,6,Verbandsliga,Verbandsliga Männer Gr. 3,12917,10,1,0,0,1,28,31,-3,0,0.0,,handball.net
480,Vohwinkeler STV,Handball Nordrhein,Handball Nordrhein,6,Verbandsliga,Verbandsliga Männer Gr. 3,12917,11,1,0,0,1,26,29,-3,0,0.0,,handball.net
481,HSV Überruhr 2. Männer,Handball Nordrhein,Handball Nordrhein,6,Verbandsliga,Verbandsliga Männer Gr. 2,12914,10,1,0,0,1,20,23,-3,0,0.0,,handball.net
482,TV Issum,Handball Nordrhein,Handball Nordrhein,6,Verbandsliga,Verbandsliga Männer Gr. 1,12912,11,2,0,0,2,35,42,-7,0,0.0,,handball.net
483,1.Fc KÖLN II,Handball Nordrhein,Handball Nordrhein,6,Verbandsliga,Verbandsliga Männer Gr. 5,12921,11,2,0,0,2,43,51,-8,0,0.0,,handball.net
484,TUS Brake 1. HERREN,Handballverband Westfalen,Handballverband Westfalen,6,Verbandsliga,HVW Männer Verbandsliga Staffel 1,12653,13,3,0,0,3,81,94,-13,0,0.0,,handball.net
485,TSG Kirchhellen,Handball Nordrhein,Handball Nordrhein,6,Verbandsliga,Verbandsliga Männer Gr. 1,12912,12,2,0,0,2,61,70,-9,0,0.0,,handball.net
486,TV OLPE 1848 E.V.,Handballverband Westfalen,Handballverband Westfalen,6,Verbandsliga,HVW Männer Verbandsliga Staffel 3,12655,13,3,0,0,3,70,84,-14,0,0.0,,handball.net
487,DJK Unitas HAAN E.V. III,Handball Nordrhein,Handball Nordrhein,6,Verbandsliga,Verbandsliga Männer Gr. 2,12914,11,2,0,0,2,46,56,-10,0,0.0,,handball.net
488,SG Bordesholm/Brügge II,Handballverband Schleswig-Holstein,Handballverband Schleswig-Holstein,6,Verbandsliga,Meisterrunde - Nord,14064,11,2,0,0,2,44,55,-11,0,0.0,,handball.net
489,TV Birkenfeld,Handballverband SAAR,Handballverband SAAR,6,Verbandsliga,Verbandsliga Männer,14383,11,4,0,0,4,112,135,-23,0,0.0,,handball.net
490,DJK St. Matthias Trier,Handballverband Rheinland,Handballverband Rheinland,6,Verbandsliga,Verbandsliga Männer · Handballverband Rheinland,12824,11,3,0,0,3,90,108,-18,0,0.0,,handball.net
491,TSV Sieverstedt II,Handballverband Schleswig-Holstein,Handballverband Schleswig-Holstein,6,Verbandsliga,Meisterrunde - Nord,14064,12,3,0,0,3,79,97,-18,0,0.0,,handball.net
492,TSV Bonn rrh. 3. Männer,Handball Nordrhein,Handball Nordrhein,6,Verbandsliga,Verbandsliga Männer Gr. 4,12920,11,2,0,0,2,47,59,-12,0,0.0,,handball.net
493,Kettwiger SV 70/86 1. Männer,Handball Nordrhein,Handball Nordrhein,6,Verbandsliga,Verbandsliga Männer Gr. 2,12914,12,2,0,0,2,55,68,-13,0,0.0,,handball.net
494,HSG VFL Solingen / BURG,Handball Nordrhein,Handball Nordrhein,6,Verbandsliga,Verbandsliga Männer Gr. 3,12917,12,2,0,0,2,53,66,-13,0,0.0,,handball.net
495,Lüttringhauser TV,Handball Nordrhein,Handball Nordrhein,6,Verbandsliga,Verbandsliga Männer Gr. 3,12917,13,2,0,0,2,53,66,-13,0,0.0,,handball.net
496,TV Korschenbroich 2. Herren,Handball Nordrhein,Handball Nordrhein,6,Verbandsliga,Verbandsliga Männer Gr. 6,12922,13,2,0,0,2,52,65,-13,0,0.0,,handball.net
497,Kieler MTV,Handballverband Schleswig-Holstein,Handballverband Schleswig-Holstein,6,Verbandsliga,Meisterrunde - Süd,14063,11,5,0,0,5,121,154,-33,0,0.0,,handball.net
498,HSG EURO,Handballverband Westfalen,Handballverband Westfalen,6,Verbandsliga,HVW Männer Verbandsliga Staffel 1,12653,14,3,0,0,3,90,110,-20,0,0.0,,handball.net
499,TV Kirrweiler,Handballverband Rheinhessen-Pfalz,Handballverband Rheinhessen-Pfalz,6,Verbandsliga,VL-M,12467,12,4,0,0,4,101,128,-27,0,0.0,,handball.net
500,TV Kapellen 1M,Handball Nordrhein,Handball Nordrhein,6,Verbandsliga,Verbandsliga Männer Gr. 1,12912,13,2,0,0,2,48,62,-14,0,0.0,,handball.net
501,HC Perl,Handballverband SAAR,Handballverband SAAR,6,Verbandsliga,Verbandsliga Männer,14383,12,4,0,0,4,116,145,-29,0,0.0,,handball.net
502,OHC Bernstadt,Handballverband Sachsen,Handballverband Sachsen,6,Verbandsliga,Verbandsliga Ost,12571,11,3,0,0,3,76,98,-22,0,0.0,,handball.net
503,HC Weiden 2018 III,Handball Nordrhein,Handball Nordrhein,6,Verbandsliga,Verbandsliga Männer Gr. 5,12921,12,2,0,0,2,44,59,-15,0,0.0,,handball.net
504,VFL Gladbeck 1921 E.V.,Handballverband Westfalen,Handballverband Westfalen,6,Verbandsliga,HVW Männer Verbandsliga Staffel 2,12654,12,3,0,0,3,71,94,-23,0,0.0,,handball.net
505,Eschweiler SG,Handball Nordrhein,Handball Nordrhein,6,Verbandsliga,Verbandsliga Männer Gr. 5,12921,13,2,0,0,2,46,62,-16,0,0.0,,handball.net
506,Tschft. Grefrath I,Handball Nordrhein,Handball Nordrhein,6,Verbandsliga,Verbandsliga Männer Gr. 6,12922,14,2,0,0,2,46,62,-16,0,0.0,,handball.net
507,Elmshorner HT (FWL),Hamburger Handballverband,Hamburger Handballverband,6,Verbandsliga,Freiwurf-Liga Hamburg (910),16949,4,1,0,0,1,2,10,-8,0,0.0,,handball.net
508,VFS 59 Warstein E.V.,Handballverband Westfalen,Handballverband Westfalen,6,Verbandsliga,HVW Männer Verbandsliga Staffel 3,12655,14,3,0,0,3,88,113,-25,0,0.0,,handball.net
509,MTV 1861 Elberfeld 1,Handball Nordrhein,Handball Nordrhein,6,Verbandsliga,Verbandsliga Männer Gr. 3,12917,14,2,0,0,2,57,74,-17,0,0.0,,handball.net
510,SC Münster 08 E.V.,Handballverband Westfalen,Handballverband Westfalen,6,Verbandsliga,HVW Männer Verbandsliga Staffel 2,12654,14,3,0,0,3,76,103,-27,0,0.0,,handball.net
511,SC Riesa,Handballverband Sachsen,Handballverband Sachsen,6,Verbandsliga,Verbandsliga West,12572,12,4,0,0,4,88,127,-39,0,0.0,,handball.net
512,SV Henstedt-Ulzburg,Handballverband Schleswig-Holstein,Handballverband Schleswig-Holstein,6,Verbandsliga,Meisterrunde - Süd,14063,12,5,0,0,5,116,166,-50,0,0.0,,handball.net
513,Mettmann-Sport II,Handball Nordrhein,Handball Nordrhein,6,Verbandsliga,Verbandsliga Männer Gr. 2,12914,13,2,0,0,2,37,58,-21,0,0.0,,handball.net
514,SV Eilendorf,Handball Nordrhein,Handball Nordrhein,6,Verbandsliga,Verbandsliga Männer Gr. 5,12921,14,2,0,0,2,54,76,-22,0,0.0,,handball.net
515,BTB Aachen III,Handball Nordrhein,Handball Nordrhein,6,Verbandsliga,Verbandsliga Männer Gr. 4,12920,13,2,0,0,2,57,82,-25,0,0.0,,handball.net
516,TV Dt. Eiche Ennigerloh 1899 E.V.,Handballverband Westfalen,Handballverband Westfalen,6,Verbandsliga,HVW Männer Verbandsliga Staffel 2,12654,13,2,0,0,2,37,63,-26,0,0.0,,handball.net
517,HSG Mülheim,Handball Nordrhein,Handball Nordrhein,6,Verbandsliga,Verbandsliga Männer Gr. 2,12914,14,2,0,0,2,39,66,-27,0,0.0,,handball.net
518,SG Monheim 1m,Handball Nordrhein,Handball Nordrhein,6,Verbandsliga,Verbandsliga Männer Gr. 4,12920,14,2,0,0,2,55,83,-28,0,0.0,,handball.net
519,TV Wahlscheid,Handball Nordrhein,Handball Nordrhein,6,Verbandsliga,Verbandsliga Männer Gr. 4,12920,12,1,0,0,1,14,28,-14,0,0.0,,handball.net
520,LHV Hoyerswerda II,Handballverband Sachsen,Handballverband Sachsen,6,Verbandsliga,Verbandsliga Ost,12571,12,4,0,0,4,95,160,-65,0,0.0,,handball.net
521,SV BLAU Weiss Dingden,Handball Nordrhein,Handball Nordrhein,6,Verbandsliga,Verbandsliga Männer Gr. 1,12912,14,1,0,0,1,20,38,-18,0,0.0,,handball.net
522,HG Hamburg-Barmbek III,Hamburger Handballverband,Hamburger Handballverband,7,Landesliga,Landesliga Männer Gruppe 2 (122),13428,1,4,4,0,0,121,79,42,8,2.0,,handball.net
523,TSC Wellingsbüttel Ü40,Hamburger Handballverband,Hamburger Handballverband,7,Landesliga,Landesliga Senioren (320),17292,1,2,2,0,0,51,32,19,4,2.0,,handball.net
524,FC St. Pauli Ü40,Hamburger Handballverband,Hamburger Handballverband,7,Landesliga,Landesliga Senioren (320),17292,2,2,2,0,0,60,42,18,4,2.0,,handball.net
525,SG Harburg,Hamburger Handballverband,Hamburger Handballverband,7,Landesliga,Landesliga Männer Gruppe 2 (122),13428,2,4,4,0,0,141,110,31,8,2.0,,handball.net
526,Hsv/Hamm 02,Hamburger Handballverband,Hamburger Handballverband,7,Landesliga,Landesliga Männer Gruppe 2 (122),13428,3,4,4,0,0,131,113,18,8,2.0,,handball.net
527,Barmstedter MTV,Hamburger Handballverband,Hamburger Handballverband,7,Landesliga,Landesliga Männer Gruppe 1 (121),13427,1,4,3,0,1,145,123,22,6,1.5,,handball.net
528,HL Buchholz08-Rosengarten Ü40,Hamburger Handballverband,Hamburger Handballverband,7,Landesliga,Landesliga Senioren (320),17292,4,2,1,1,0,43,36,7,3,1.5,,handball.net
529,TSV Ellerbek III,Hamburger Handballverband,Hamburger Handballverband,7,Landesliga,Landesliga Männer Gruppe 1 (121),13427,2,4,3,0,1,114,102,12,6,1.5,,handball.net
530,Hts/Bw96 Handball,Hamburger Handballverband,Hamburger Handballverband,7,Landesliga,Landesliga Männer Gruppe 1 (121),13427,3,4,3,0,1,109,99,10,6,1.5,,handball.net
531,SG Hamburg-Nord III,Hamburger Handballverband,Hamburger Handballverband,7,Landesliga,Landesliga Männer Gruppe 1 (121),13427,4,4,3,0,1,125,117,8,6,1.5,,handball.net
532,FC St. Pauli III,Hamburger Handballverband,Hamburger Handballverband,7,Landesliga,Landesliga Männer Gruppe 2 (122),13428,4,4,3,0,1,116,116,0,6,1.5,,handball.net
533,Niendorfer TSV,Hamburger Handballverband,Hamburger Handballverband,7,Landesliga,Landesliga Männer Gruppe 1 (121),13427,6,3,2,0,1,94,90,4,4,1.33,,handball.net
534,FC St. Pauli II,Hamburger Handballverband,Hamburger Handballverband,7,Landesliga,Landesliga Männer Gruppe 1 (121),13427,5,4,2,1,1,118,109,9,5,1.25,,handball.net
535,SG HT16/SC Eilbek,Hamburger Handballverband,Hamburger Handballverband,7,Landesliga,Landesliga Männer Gruppe 2 (122),13428,5,4,2,0,2,127,119,8,4,1.0,,handball.net
536,TH Eilbeck II,Hamburger Handballverband,Hamburger Handballverband,7,Landesliga,Landesliga Männer Gruppe 1 (121),13427,8,3,1,1,1,88,82,6,3,1.0,,handball.net
537,ETV Hamburg,Hamburger Handballverband,Hamburger Handballverband,7,Landesliga,Landesliga Männer Gruppe 2 (122),13428,6,4,2,0,2,119,114,5,4,1.0,,handball.net
538,HT Norderstedt Ü40 II,Hamburger Handballverband,Hamburger Handballverband,7,Landesliga,Landesliga Senioren (320),17292,3,4,2,0,2,85,85,0,4,1.0,,handball.net
539,TSC Wellingsbüttel,Hamburger Handballverband,Hamburger Handballverband,7,Landesliga,Landesliga Männer Gruppe 2 (122),13428,7,4,2,0,2,123,126,-3,4,1.0,,handball.net
540,Hsv/Hamm 02 II,Hamburger Handballverband,Hamburger Handballverband,7,Landesliga,Landesliga Männer Gruppe 1 (121),13427,7,4,2,0,2,138,144,-6,4,1.0,,handball.net
541,SG Hamburg-Nord Ü40,Hamburger Handballverband,Hamburger Handballverband,7,Landesliga,Landesliga Senioren (320),17292,5,2,1,0,1,32,38,-6,2,1.0,,handball.net
542,AMTV Hamburg II,Hamburger Handballverband,Hamburger Handballverband,7,Landesliga,Landesliga Männer Gruppe 2 (122),13428,8,3,1,0,2,90,92,-2,2,0.67,,handball.net
543,Rellinger TV II,Hamburger Handballverband,Hamburger Handballverband,7,Landesliga,Landesliga Männer Gruppe 1 (121),13427,9,4,1,0,3,126,125,1,2,0.5,,handball.net
544,SG Altona,Hamburger Handballverband,Hamburger Handballverband,7,Landesliga,Landesliga Männer Gruppe 1 (121),13427,10,4,1,0,3,108,124,-16,2,0.5,,handball.net
545,TSV Uetersen II,Hamburger Handballverband,Hamburger Handballverband,7,Landesliga,Landesliga Männer Gruppe 1 (121),13427,11,4,1,0,3,120,145,-25,2,0.5,,handball.net
546,SG Hamburg-Nord IV,Hamburger Handballverband,Hamburger Handballverband,7,Landesliga,Landesliga Männer Gruppe 2 (122),13428,9,4,1,0,3,121,147,-26,2,0.5,,handball.net
547,SC Alstertal-Langenhorn Ü40,Hamburger Handballverband,Hamburger Handballverband,7,Landesliga,Landesliga Senioren (320),17292,6,2,0,1,1,39,54,-15,1,0.5,,handball.net
548,TSV Hohenhorst Ü40,Hamburger Handballverband,Hamburger Handballverband,7,Landesliga,Landesliga Senioren (320),17292,7,2,0,0,2,37,46,-9,0,0.0,,handball.net
549,TH Eilbeck III,Hamburger Handballverband,Hamburger Handballverband,7,Landesliga,Landesliga Männer Gruppe 2 (122),13428,10,3,0,0,3,74,88,-14,0,0.0,,handball.net
550,HSG Elbvororte II,Hamburger Handballverband,Hamburger Handballverband,7,Landesliga,Landesliga Männer Gruppe 1 (121),13427,12,4,0,0,4,102,127,-25,0,0.0,,handball.net
551,Walddörfer SV Ü40,Hamburger Handballverband,Hamburger Handballverband,7,Landesliga,Landesliga Senioren (320),17292,8,2,0,0,2,31,45,-14,0,0.0,,handball.net
552,HSG Bergedorf/Vm,Hamburger Handballverband,Hamburger Handballverband,7,Landesliga,Landesliga Männer Gruppe 2 (122),13428,11,4,0,0,4,107,136,-29,0,0.0,,handball.net
553,HT Norderstedt III,Hamburger Handballverband,Hamburger Handballverband,7,Landesliga,Landesliga Männer Gruppe 2 (122),13428,12,4,0,0,4,105,135,-30,0,0.0,,handball.net
554,HBD Löwen Oberberg II,HK Oberberg,HK Oberberg,8,Bezirksoberliga / Kreisoberliga / Regionsoberliga,Regionsoberliga Männer,12955,1,3,2,1,0,48,43,5,7,2.33,,handball.net
555,HC Weiden IV,HK Aachen-Düren,HK Aachen-Düren,8,Bezirksoberliga / Kreisoberliga / Regionsoberliga,Regionsoberliga,14717,2,1,1,0,0,42,22,20,2,2.0,,handball.net
556,DJK Tura 05 Dümpten,HK Rhein-Ruhr,HK Rhein-Ruhr,8,Bezirksoberliga / Kreisoberliga / Regionsoberliga,REGIONSOBERLIGA MÄNNER,12778,1,2,2,0,0,67,34,33,4,2.0,,handball.net
557,TSV PLÖN,Handball-Erwachsene DER Kreishandballverbände IN Schleswig-Holstein,Handball-Erwachsene DER Kreishandballverbände IN Schleswig-Holstein,8,Bezirksoberliga / Kreisoberliga / Regionsoberliga,Kreisoberliga Männer Ost,12962,1,4,4,0,0,153,88,65,8,2.0,,handball.net
558,Turnverein Biefang,HK Rhein-Ruhr,HK Rhein-Ruhr,8,Bezirksoberliga / Kreisoberliga / Regionsoberliga,REGIONSOBERLIGA MÄNNER,12778,2,2,2,0,0,65,40,25,4,2.0,,handball.net
559,HC Grossenhain,HR Sachsen-Mitte,HR Sachsen-Mitte,8,Bezirksoberliga / Kreisoberliga / Regionsoberliga,ROL Männer · HR Sachsen-Mitte,13101,1,3,3,0,0,103,67,36,6,2.0,,handball.net
560,HSV Dresden II,HR Sachsen-Mitte,HR Sachsen-Mitte,8,Bezirksoberliga / Kreisoberliga / Regionsoberliga,ROL Männer · HR Sachsen-Mitte,13101,2,3,3,0,0,106,71,35,6,2.0,,handball.net
561,Elmshorner HT,Hamburger Handballverband,Hamburger Handballverband,8,Bezirksoberliga / Kreisoberliga / Regionsoberliga,Bezirksoberliga Männer Gruppe 1 (131),13431,1,3,3,0,0,108,74,34,6,2.0,,handball.net
562,HVH Kamenz,HR Ostsachsen,HR Ostsachsen,8,Bezirksoberliga / Kreisoberliga / Regionsoberliga,ROL Männer · HR Ostsachsen,13108,2,3,3,0,0,105,71,34,6,2.0,,handball.net
563,DJK Welper,KÜS Ruhrgebiet SÜD,KÜS Ruhrgebiet SÜD,8,Bezirksoberliga / Kreisoberliga / Regionsoberliga,KÜS Bezirksliga Ruhrgebiet,14338,1,3,3,0,0,106,73,33,6,2.0,,handball.net
564,HSG Obere NAHE,Mosel/Eifel-Nahe/Hunsrück,Mosel/Eifel-Nahe/Hunsrück,8,Bezirksoberliga / Kreisoberliga / Regionsoberliga,Bezirksoberliga Mosel/Eifel-Nahe/Hunsrück,14543,2,2,2,0,0,66,44,22,4,2.0,,handball.net
565,SC Fortuna Köln II,HK Köln-Rheinberg,HK Köln-Rheinberg,8,Bezirksoberliga / Kreisoberliga / Regionsoberliga,Regionsoberliga Männer · HK Köln-Rheinberg,12887,1,2,2,0,0,59,37,22,4,2.0,,handball.net
566,HSG Kastellaun-Simmern III,Mosel/Eifel-Nahe/Hunsrück,Mosel/Eifel-Nahe/Hunsrück,8,Bezirksoberliga / Kreisoberliga / Regionsoberliga,Bezirksoberliga Mosel/Eifel-Nahe/Hunsrück,14543,1,3,3,0,0,102,71,31,6,2.0,,handball.net
567,TSV Gross Grönau,Handball-Erwachsene DER Kreishandballverbände IN Schleswig-Holstein,Handball-Erwachsene DER Kreishandballverbände IN Schleswig-Holstein,8,Bezirksoberliga / Kreisoberliga / Regionsoberliga,Kreisoberliga Männer Süd,12964,2,4,4,0,0,128,87,41,8,2.0,,handball.net
568,SV LOK LEIPZIG-Mitte I,HR Leipzig,HR Leipzig,8,Bezirksoberliga / Kreisoberliga / Regionsoberliga,ROL Männer,13114,2,1,1,0,0,35,25,10,2,2.0,,handball.net
569,SG Menden 2,KÜS Ruhrgebiet SÜD,KÜS Ruhrgebiet SÜD,8,Bezirksoberliga / Kreisoberliga / Regionsoberliga,KÜS Bezirksliga Mitte,14340,1,3,3,0,0,104,77,27,6,2.0,,handball.net
570,MTV KÖLN 1850 III,HK Köln-Rheinberg,HK Köln-Rheinberg,8,Bezirksoberliga / Kreisoberliga / Regionsoberliga,Regionsoberliga Männer · HK Köln-Rheinberg,12887,2,2,2,0,0,72,55,17,4,2.0,,handball.net
571,ASC Dortmund II,KÜS Ruhrgebiet SÜD,KÜS Ruhrgebiet SÜD,8,Bezirksoberliga / Kreisoberliga / Regionsoberliga,KÜS Bezirksliga Mitte,14340,2,3,3,0,0,103,78,25,6,2.0,,handball.net
572,TV Billstedt,Hamburger Handballverband,Hamburger Handballverband,8,Bezirksoberliga / Kreisoberliga / Regionsoberliga,Bezirksoberliga Männer Gruppe 4 (134),13436,5,1,1,0,0,34,26,8,2,2.0,,handball.net
573,SG Handball Neumünster,Handball-Erwachsene DER Kreishandballverbände IN Schleswig-Holstein,Handball-Erwachsene DER Kreishandballverbände IN Schleswig-Holstein,8,Bezirksoberliga / Kreisoberliga / Regionsoberliga,Kreisoberliga Männer West,12963,2,2,2,0,0,64,48,16,4,2.0,,handball.net
574,Niendorfer TSV Ü40 II,Hamburger Handballverband,Hamburger Handballverband,8,Bezirksoberliga / Kreisoberliga / Regionsoberliga,Bezirksoberliga Senioren (331),17293,1,2,2,0,0,57,41,16,4,2.0,,handball.net
575,HSG Marienheide/Müllenbach,HK Oberberg,HK Oberberg,8,Bezirksoberliga / Kreisoberliga / Regionsoberliga,Regionsoberliga Männer,12955,2,2,2,0,0,56,40,16,4,2.0,,handball.net
576,HSG Hald/Mehrh/Isselb,HK Wesel,HK Wesel,8,Bezirksoberliga / Kreisoberliga / Regionsoberliga,Regionsoberliga Männer · HK Wesel,13063,1,2,2,0,0,62,47,15,4,2.0,,handball.net
577,TS Rodalben M1,Handballverband Rheinhessen-Pfalz,Handballverband Rheinhessen-Pfalz,8,Bezirksoberliga / Kreisoberliga / Regionsoberliga,M-BOL 2,12483,1,5,5,0,0,169,132,37,10,2.0,,handball.net
578,Hammer SC 2008 E.V.,Handballkreis Hellweg,Handballkreis Hellweg,8,Bezirksoberliga / Kreisoberliga / Regionsoberliga,Männer Bezirksliga HKH,12662,1,3,3,0,0,93,71,22,6,2.0,,handball.net
579,TV Brechten II,KÜS Ruhrgebiet SÜD,KÜS Ruhrgebiet SÜD,8,Bezirksoberliga / Kreisoberliga / Regionsoberliga,KÜS Bezirksliga Mitte,14340,3,3,3,0,0,89,67,22,6,2.0,,handball.net
580,SV Eintracht Dolberg 1946 E.V.,Handballkreis Hellweg,Handballkreis Hellweg,8,Bezirksoberliga / Kreisoberliga / Regionsoberliga,Männer Bezirksliga HKH,12662,2,3,3,0,0,111,90,21,6,2.0,,handball.net
581,MSG Iggelheim/Meckenheim 2,Handballverband Rheinhessen-Pfalz,Handballverband Rheinhessen-Pfalz,8,Bezirksoberliga / Kreisoberliga / Regionsoberliga,M-BOL 2,12483,2,5,5,0,0,151,117,34,10,2.0,,handball.net
582,Rotation Weissenborn,HR Südwestsachsen,HR Südwestsachsen,8,Bezirksoberliga / Kreisoberliga / Regionsoberliga,ROL Männer · HR Südwestsachsen,12709,2,3,3,0,0,82,62,20,6,2.0,,handball.net
583,TUS Königsdorf II,HK Köln-Rheinberg,HK Köln-Rheinberg,8,Bezirksoberliga / Kreisoberliga / Regionsoberliga,Regionsoberliga Männer · HK Köln-Rheinberg,12887,3,2,2,0,0,58,45,13,4,2.0,,handball.net
584,TV Wickede H1,KÜS Ruhrgebiet SÜD,KÜS Ruhrgebiet SÜD,8,Bezirksoberliga / Kreisoberliga / Regionsoberliga,KÜS Bezirksliga Mitte,14340,4,3,3,0,0,93,74,19,6,2.0,,handball.net
585,FC St. Pauli V,Hamburger Handballverband,Hamburger Handballverband,8,Bezirksoberliga / Kreisoberliga / Regionsoberliga,Bezirksoberliga Männer Gruppe 2 (132),13433,2,3,3,0,0,87,68,19,6,2.0,,handball.net
586,Sportverein Hamborn 1890 Handball E.V.,HK Rhein-Ruhr,HK Rhein-Ruhr,8,Bezirksoberliga / Kreisoberliga / Regionsoberliga,REGIONSOBERLIGA MÄNNER,12778,3,2,2,0,0,61,49,12,4,2.0,,handball.net
587,TSV Bocholt,HK Wesel,HK Wesel,8,Bezirksoberliga / Kreisoberliga / Regionsoberliga,Regionsoberliga Männer · HK Wesel,13063,4,1,1,0,0,28,22,6,2,2.0,,handball.net
588,HSG Lüdenscheid,KÜS Ruhrgebiet SÜD,KÜS Ruhrgebiet SÜD,8,Bezirksoberliga / Kreisoberliga / Regionsoberliga,KÜS Bezirklsliga Südwestfalen,14339,1,3,3,0,0,82,64,18,6,2.0,,handball.net
589,ATV Biesel,HK Krefeld-Grenzland,HK Krefeld-Grenzland,8,Bezirksoberliga / Kreisoberliga / Regionsoberliga,BOL Männer,15673,1,2,2,0,0,62,51,11,4,2.0,,handball.net
590,SG Wilhelmsburg,Hamburger Handballverband,Hamburger Handballverband,8,Bezirksoberliga / Kreisoberliga / Regionsoberliga,Bezirksoberliga Männer Gruppe 4 (134),13436,2,2,2,0,0,62,51,11,4,2.0,,handball.net
591,Allgemeiner Sportverein Hamm-Westfalen e.V. III,Handballkreis Hellweg,Handballkreis Hellweg,8,Bezirksoberliga / Kreisoberliga / Regionsoberliga,Männer Bezirksliga HKH,12662,3,3,3,0,0,88,72,16,6,2.0,,handball.net
592,Niendorfer TSV,Hamburger Handballverband,Hamburger Handballverband,8,Bezirksoberliga / Kreisoberliga / Regionsoberliga,Bezirksoberliga Männer Gruppe 2 (132),13433,5,1,1,0,0,37,32,5,2,2.0,,handball.net
593,TG Voerde 1. Herren,KÜS Ruhrgebiet SÜD,KÜS Ruhrgebiet SÜD,8,Bezirksoberliga / Kreisoberliga / Regionsoberliga,KÜS Bezirklsliga Südwestfalen,14339,2,3,3,0,0,89,74,15,6,2.0,,handball.net
594,HSG Gevelsberg Silschede 2,KÜS Ruhrgebiet SÜD,KÜS Ruhrgebiet SÜD,8,Bezirksoberliga / Kreisoberliga / Regionsoberliga,KÜS Bezirksliga Ruhrgebiet,14338,2,3,3,0,0,85,70,15,6,2.0,,handball.net
595,HC Essen West II,HK Essen,HK Essen,8,Bezirksoberliga / Kreisoberliga / Regionsoberliga,Staffel Nord- BEZIRKSOBERLIGA / KREISOBERLIGA / REGIONSOBERLIGA Männer ( HK Essen),16926,1,3,3,0,0,80,65,15,6,2.0,,handball.net
596,HSG Westerwald,Rhein/Westerwald,Rhein/Westerwald,8,Bezirksoberliga / Kreisoberliga / Regionsoberliga,Bezirksoberliga Rhein/Westerwald,13124,1,3,3,0,0,98,84,14,6,2.0,,handball.net
597,HSV Bocklemünd,HK Köln-Rheinberg,HK Köln-Rheinberg,8,Bezirksoberliga / Kreisoberliga / Regionsoberliga,Regionsoberliga Männer · HK Köln-Rheinberg,12887,4,2,2,0,0,61,52,9,4,2.0,,handball.net
598,HSG Südtondern,Handball-Erwachsene DER Kreishandballverbände IN Schleswig-Holstein,Handball-Erwachsene DER Kreishandballverbände IN Schleswig-Holstein,8,Bezirksoberliga / Kreisoberliga / Regionsoberliga,Kreisoberliga Männer Nord,12961,2,3,3,0,0,92,79,13,6,2.0,,handball.net
599,SC Arminia Ochtrup,Handballkreis Münsterland,Handballkreis Münsterland,8,Bezirksoberliga / Kreisoberliga / Regionsoberliga,Bezirksliga Münsterland Männer,13224,1,4,4,0,0,123,106,17,8,2.0,,handball.net
600,TV Witzhelden II,HK Essen,HK Essen,8,Bezirksoberliga / Kreisoberliga / Regionsoberliga,Staffel Nord- BEZIRKSOBERLIGA / KREISOBERLIGA / REGIONSOBERLIGA Männer ( HK Essen),16926,3,2,2,0,0,60,52,8,4,2.0,,handball.net
601,HC TV Rhede II,HK Wesel,HK Wesel,8,Bezirksoberliga / Kreisoberliga / Regionsoberliga,Regionsoberliga Männer · HK Wesel,13063,5,1,1,0,0,28,24,4,2,2.0,,handball.net
602,HC Sterkrade 75,HK Rhein-Ruhr,HK Rhein-Ruhr,8,Bezirksoberliga / Kreisoberliga / Regionsoberliga,REGIONSOBERLIGA MÄNNER,12778,4,2,2,0,0,52,44,8,4,2.0,,handball.net
603,VfL Bardenberg 2,HK Aachen-Düren,HK Aachen-Düren,8,Bezirksoberliga / Kreisoberliga / Regionsoberliga,Regionsoberliga,14717,1,2,2,0,0,58,51,7,4,2.0,,handball.net
604,HSG 24109,Handball-Erwachsene DER Kreishandballverbände IN Schleswig-Holstein,Handball-Erwachsene DER Kreishandballverbände IN Schleswig-Holstein,8,Bezirksoberliga / Kreisoberliga / Regionsoberliga,Kreisoberliga Männer Ost,12962,3,2,2,0,0,52,45,7,4,2.0,,handball.net
605,DJK VFR Mülheim Saarn II,HK Rhein-Ruhr,HK Rhein-Ruhr,8,Bezirksoberliga / Kreisoberliga / Regionsoberliga,REGIONSOBERLIGA MÄNNER,12778,5,2,2,0,0,64,58,6,4,2.0,,handball.net
606,DJK Winfried Huttrop,HK Essen,HK Essen,8,Bezirksoberliga / Kreisoberliga / Regionsoberliga,Staffel Nord- BEZIRKSOBERLIGA / KREISOBERLIGA / REGIONSOBERLIGA Männer ( HK Essen),16926,4,2,2,0,0,63,57,6,4,2.0,,handball.net
607,VFB Torgau,HR Leipzig,HR Leipzig,8,Bezirksoberliga / Kreisoberliga / Regionsoberliga,ROL Männer,13114,4,1,1,0,0,28,25,3,2,2.0,,handball.net
608,VFL Langerwehe,HK Aachen-Düren,HK Aachen-Düren,8,Bezirksoberliga / Kreisoberliga / Regionsoberliga,Regionsoberliga,14717,5,1,1,0,0,26,23,3,2,2.0,,handball.net
609,1. Handballclub Quickborn Ü40,Hamburger Handballverband,Hamburger Handballverband,8,Bezirksoberliga / Kreisoberliga / Regionsoberliga,Bezirksoberliga Senioren (331),17293,2,1,1,0,0,18,15,3,2,2.0,,handball.net
610,SG Handball Ibbenbüren II,Handballkreis Münsterland,Handballkreis Münsterland,8,Bezirksoberliga / Kreisoberliga / Regionsoberliga,Bezirksliga Münsterland Männer,13224,2,4,4,0,0,120,110,10,8,2.0,,handball.net
611,Ohligser TV 2,HK Essen,HK Essen,8,Bezirksoberliga / Kreisoberliga / Regionsoberliga,Staffel Süd - BEZIRKSOBERLIGA / KREISOBERLIGA / REGIONSOBERLIGA Männer ( HK Essen),16008,1,3,3,0,0,86,79,7,6,2.0,,handball.net
612,TSV Aufderhöhe II,HK Essen,HK Essen,8,Bezirksoberliga / Kreisoberliga / Regionsoberliga,Staffel Süd - BEZIRKSOBERLIGA / KREISOBERLIGA / REGIONSOBERLIGA Männer ( HK Essen),16008,3,2,2,0,0,67,63,4,4,2.0,,handball.net
613,HSV Rheydt,HK Krefeld-Grenzland,HK Krefeld-Grenzland,8,Bezirksoberliga / Kreisoberliga / Regionsoberliga,BOL Männer,15673,4,1,1,0,0,31,29,2,2,2.0,,handball.net
614,TVE BAD Münstereifel,HK Bonn-Euskirchen-Sieg,HK Bonn-Euskirchen-Sieg,8,Bezirksoberliga / Kreisoberliga / Regionsoberliga,Kreisoberliga Männer,12899,5,1,1,0,0,30,28,2,2,2.0,,handball.net
615,TuS Niederpleis,HK Bonn-Euskirchen-Sieg,HK Bonn-Euskirchen-Sieg,8,Bezirksoberliga / Kreisoberliga / Regionsoberliga,Kreisoberliga Männer,12899,2,2,2,0,0,52,49,3,4,2.0,,handball.net
616,Hts/Bw96 Handball III,Hamburger Handballverband,Hamburger Handballverband,8,Bezirksoberliga / Kreisoberliga / Regionsoberliga,Bezirksoberliga Männer Gruppe 1 (131),13431,5,1,1,0,0,35,34,1,2,2.0,,handball.net
617,TV Vorst II,HK Krefeld-Grenzland,HK Krefeld-Grenzland,8,Bezirksoberliga / Kreisoberliga / Regionsoberliga,BOL Männer,15673,5,1,1,0,0,31,30,1,2,2.0,,handball.net
618,HSG Pinnau II,Hamburger Handballverband,Hamburger Handballverband,8,Bezirksoberliga / Kreisoberliga / Regionsoberliga,Bezirksoberliga Männer Gruppe 1 (131),13431,6,1,1,0,0,29,28,1,2,2.0,,handball.net
619,Kaller SC 1922,HK Bonn-Euskirchen-Sieg,HK Bonn-Euskirchen-Sieg,8,Bezirksoberliga / Kreisoberliga / Regionsoberliga,Kreisoberliga Männer,12899,6,1,1,0,0,28,27,1,2,2.0,,handball.net
620,SV Friedrichsfeld,HK Wesel,HK Wesel,8,Bezirksoberliga / Kreisoberliga / Regionsoberliga,Regionsoberliga Männer · HK Wesel,13063,6,1,1,0,0,1,0,1,2,2.0,,handball.net
621,VfL Bad Schwartau III,Handball-Erwachsene DER Kreishandballverbände IN Schleswig-Holstein,Handball-Erwachsene DER Kreishandballverbände IN Schleswig-Holstein,8,Bezirksoberliga / Kreisoberliga / Regionsoberliga,Kreisoberliga Männer Süd,12964,1,5,4,1,0,133,119,14,9,1.8,,handball.net
622,HSV 1923 Pulsnitz II,HR Ostsachsen,HR Ostsachsen,8,Bezirksoberliga / Kreisoberliga / Regionsoberliga,ROL Männer · HR Ostsachsen,13108,1,4,3,1,0,144,125,19,7,1.75,,handball.net
623,TV Arnsberg H1,KÜS Ruhrgebiet SÜD,KÜS Ruhrgebiet SÜD,8,Bezirksoberliga / Kreisoberliga / Regionsoberliga,KÜS Bezirksliga Mitte,14340,5,3,2,1,0,109,86,23,5,1.67,,handball.net
624,TV Bad Ems II,Rhein/Westerwald,Rhein/Westerwald,8,Bezirksoberliga / Kreisoberliga / Regionsoberliga,Bezirksoberliga Rhein/Westerwald,13124,2,3,2,1,0,78,59,19,5,1.67,,handball.net
625,HSG Hattingen-Sprockhövel 2,KÜS Ruhrgebiet SÜD,KÜS Ruhrgebiet SÜD,8,Bezirksoberliga / Kreisoberliga / Regionsoberliga,KÜS Bezirksliga Ruhrgebiet,14338,3,3,2,1,0,89,76,13,5,1.67,,handball.net
626,ASV Senden II,Handballkreis Münsterland,Handballkreis Münsterland,8,Bezirksoberliga / Kreisoberliga / Regionsoberliga,Bezirksliga Münsterland Männer,13224,5,3,2,1,0,89,77,12,5,1.67,,handball.net
627,THB Hamburg 03,Hamburger Handballverband,Hamburger Handballverband,8,Bezirksoberliga / Kreisoberliga / Regionsoberliga,Bezirksoberliga Männer Gruppe 3 (133),13437,1,3,2,1,0,104,96,8,5,1.67,,handball.net
628,HSG Mutterstadt/Ruchheim,Handballverband Rheinhessen-Pfalz,Handballverband Rheinhessen-Pfalz,8,Bezirksoberliga / Kreisoberliga / Regionsoberliga,M-BOL 1,12482,1,5,4,0,1,162,134,28,8,1.6,,handball.net
629,TV Offenbach 2,Handballverband Rheinhessen-Pfalz,Handballverband Rheinhessen-Pfalz,8,Bezirksoberliga / Kreisoberliga / Regionsoberliga,M-BOL 2,12483,3,5,4,0,1,142,117,25,8,1.6,,handball.net
630,TuS Aumühle-Wohltorf II,Handball-Erwachsene DER Kreishandballverbände IN Schleswig-Holstein,Handball-Erwachsene DER Kreishandballverbände IN Schleswig-Holstein,8,Bezirksoberliga / Kreisoberliga / Regionsoberliga,Kreisoberliga Männer Süd,12964,3,5,4,0,1,155,132,23,8,1.6,,handball.net
631,HSG Sieg H1,HK Bonn-Euskirchen-Sieg,HK Bonn-Euskirchen-Sieg,8,Bezirksoberliga / Kreisoberliga / Regionsoberliga,Kreisoberliga Männer,12899,3,2,1,1,0,61,45,16,3,1.5,,handball.net
632,HV Grüna,HR Südwestsachsen,HR Südwestsachsen,8,Bezirksoberliga / Kreisoberliga / Regionsoberliga,ROL Männer · HR Südwestsachsen,12709,1,4,3,0,1,139,108,31,6,1.5,,handball.net
633,HSG Schülp/Westerrönfeld/Rendsburg II,Handball-Erwachsene DER Kreishandballverbände IN Schleswig-Holstein,Handball-Erwachsene DER Kreishandballverbände IN Schleswig-Holstein,8,Bezirksoberliga / Kreisoberliga / Regionsoberliga,Kreisoberliga Männer Nord,12961,1,4,3,0,1,140,112,28,6,1.5,,handball.net
634,HSG Kalkberg 06,Handball-Erwachsene DER Kreishandballverbände IN Schleswig-Holstein,Handball-Erwachsene DER Kreishandballverbände IN Schleswig-Holstein,8,Bezirksoberliga / Kreisoberliga / Regionsoberliga,Kreisoberliga Männer West,12963,1,4,3,0,1,113,88,25,6,1.5,,handball.net
635,Rellinger TV III,Hamburger Handballverband,Hamburger Handballverband,8,Bezirksoberliga / Kreisoberliga / Regionsoberliga,Bezirksoberliga Männer Gruppe 2 (132),13433,1,4,3,0,1,112,88,24,6,1.5,,handball.net
636,SPARTA Münster,Handballkreis Münsterland,Handballkreis Münsterland,8,Bezirksoberliga / Kreisoberliga / Regionsoberliga,Bezirksliga Münsterland Männer,13224,3,4,3,0,1,102,83,19,6,1.5,,handball.net
637,Adler Königshof 2M,HK Krefeld-Grenzland,HK Krefeld-Grenzland,8,Bezirksoberliga / Kreisoberliga / Regionsoberliga,BOL Männer,15673,2,2,1,1,0,73,64,9,3,1.5,,handball.net
638,TH Eilbeck IV,Hamburger Handballverband,Hamburger Handballverband,8,Bezirksoberliga / Kreisoberliga / Regionsoberliga,Bezirksoberliga Männer Gruppe 3 (133),13437,5,2,1,1,0,56,50,6,3,1.5,,handball.net
639,HSG Holsteinische Schweiz II,Handball-Erwachsene DER Kreishandballverbände IN Schleswig-Holstein,Handball-Erwachsene DER Kreishandballverbände IN Schleswig-Holstein,8,Bezirksoberliga / Kreisoberliga / Regionsoberliga,Kreisoberliga Männer Süd,12964,6,4,3,0,1,143,132,11,6,1.5,,handball.net
640,MTV Dänischenhagen II,Handball-Erwachsene DER Kreishandballverbände IN Schleswig-Holstein,Handball-Erwachsene DER Kreishandballverbände IN Schleswig-Holstein,8,Bezirksoberliga / Kreisoberliga / Regionsoberliga,Kreisoberliga Männer Ost,12962,2,4,3,0,1,131,121,10,6,1.5,,handball.net
641,HSG Elbvororte 3,Hamburger Handballverband,Hamburger Handballverband,8,Bezirksoberliga / Kreisoberliga / Regionsoberliga,Bezirksoberliga Männer Gruppe 1 (131),13431,2,4,3,0,1,108,99,9,6,1.5,,handball.net
642,SG Saulheim 2,Handballverband Rheinhessen-Pfalz,Handballverband Rheinhessen-Pfalz,8,Bezirksoberliga / Kreisoberliga / Regionsoberliga,M-BOL 1,12482,2,4,3,0,1,103,95,8,6,1.5,,handball.net
643,HSV Rhein-Nette II,Rhein/Westerwald,Rhein/Westerwald,8,Bezirksoberliga / Kreisoberliga / Regionsoberliga,Bezirksoberliga Rhein/Westerwald,13124,3,2,1,1,0,55,52,3,3,1.5,,handball.net
644,TD Lank 2. Herren,HK Krefeld-Grenzland,HK Krefeld-Grenzland,8,Bezirksoberliga / Kreisoberliga / Regionsoberliga,BOL Männer,15673,3,2,1,1,0,58,56,2,3,1.5,,handball.net
645,HSG Preussen/Bor. Münster,Handballkreis Münsterland,Handballkreis Münsterland,8,Bezirksoberliga / Kreisoberliga / Regionsoberliga,Bezirksliga Münsterland Männer,13224,4,4,3,0,1,100,97,3,6,1.5,,handball.net
646,DHK Flensborg II,Handball-Erwachsene DER Kreishandballverbände IN Schleswig-Holstein,Handball-Erwachsene DER Kreishandballverbände IN Schleswig-Holstein,8,Bezirksoberliga / Kreisoberliga / Regionsoberliga,Kreisoberliga Männer Nord,12961,3,4,3,0,1,106,105,1,6,1.5,,handball.net
647,SG Harburg II,Hamburger Handballverband,Hamburger Handballverband,8,Bezirksoberliga / Kreisoberliga / Regionsoberliga,Bezirksoberliga Männer Gruppe 4 (134),13436,1,3,2,0,1,119,89,30,4,1.33,,handball.net
648,BSG Wismut AUE,HR Südwestsachsen,HR Südwestsachsen,8,Bezirksoberliga / Kreisoberliga / Regionsoberliga,ROL Männer · HR Südwestsachsen,12709,4,3,2,0,1,92,74,18,4,1.33,,handball.net
649,SG Handball Kamen,Handballkreis Hellweg,Handballkreis Hellweg,8,Bezirksoberliga / Kreisoberliga / Regionsoberliga,Männer Bezirksliga HKH,12662,4,3,2,0,1,64,46,18,4,1.33,,handball.net
650,Ahrensburger TSV II,Hamburger Handballverband,Hamburger Handballverband,8,Bezirksoberliga / Kreisoberliga / Regionsoberliga,Bezirksoberliga Männer Gruppe 3 (133),13437,2,3,2,0,1,101,84,17,4,1.33,,handball.net
651,FC St. Pauli IV,Hamburger Handballverband,Hamburger Handballverband,8,Bezirksoberliga / Kreisoberliga / Regionsoberliga,Bezirksoberliga Männer Gruppe 3 (133),13437,3,3,2,0,1,101,85,16,4,1.33,,handball.net
652,HSG Wittlich II,Mosel/Eifel-Nahe/Hunsrück,Mosel/Eifel-Nahe/Hunsrück,8,Bezirksoberliga / Kreisoberliga / Regionsoberliga,Bezirksoberliga Mosel/Eifel-Nahe/Hunsrück,14543,3,3,2,0,1,91,75,16,4,1.33,,handball.net
653,Bergische Panther III,HK Essen,HK Essen,8,Bezirksoberliga / Kreisoberliga / Regionsoberliga,Staffel Süd - BEZIRKSOBERLIGA / KREISOBERLIGA / REGIONSOBERLIGA Männer ( HK Essen),16008,2,3,2,0,1,78,63,15,4,1.33,,handball.net
654,Cronenberger TG II,HK Essen,HK Essen,8,Bezirksoberliga / Kreisoberliga / Regionsoberliga,Staffel Nord- BEZIRKSOBERLIGA / KREISOBERLIGA / REGIONSOBERLIGA Männer ( HK Essen),16926,2,3,2,0,1,97,83,14,4,1.33,,handball.net
655,HSG Kremperheide/Münsterdorf II,Handball-Erwachsene DER Kreishandballverbände IN Schleswig-Holstein,Handball-Erwachsene DER Kreishandballverbände IN Schleswig-Holstein,8,Bezirksoberliga / Kreisoberliga / Regionsoberliga,Kreisoberliga Männer West,12963,3,3,2,0,1,99,86,13,4,1.33,,handball.net
656,HT Norderstedt IV,Hamburger Handballverband,Hamburger Handballverband,8,Bezirksoberliga / Kreisoberliga / Regionsoberliga,Bezirksoberliga Männer Gruppe 2 (132),13433,3,3,2,0,1,78,66,12,4,1.33,,handball.net
657,HV Erftstadt,HK Bonn-Euskirchen-Sieg,HK Bonn-Euskirchen-Sieg,8,Bezirksoberliga / Kreisoberliga / Regionsoberliga,Kreisoberliga Männer,12899,1,3,2,0,1,91,81,10,4,1.33,,handball.net
658,TSV Mildstedt II,Handball-Erwachsene DER Kreishandballverbände IN Schleswig-Holstein,Handball-Erwachsene DER Kreishandballverbände IN Schleswig-Holstein,8,Bezirksoberliga / Kreisoberliga / Regionsoberliga,Kreisoberliga Männer Nord,12961,5,3,2,0,1,88,79,9,4,1.33,,handball.net
659,HTV Hemer II,KÜS Ruhrgebiet SÜD,KÜS Ruhrgebiet SÜD,8,Bezirksoberliga / Kreisoberliga / Regionsoberliga,KÜS Bezirklsliga Südwestfalen,14339,3,3,2,0,1,95,88,7,4,1.33,,handball.net
660,TV Werne 03 E.V.,Handballkreis Hellweg,Handballkreis Hellweg,8,Bezirksoberliga / Kreisoberliga / Regionsoberliga,Männer Bezirksliga HKH,12662,5,3,2,0,1,79,73,6,4,1.33,,handball.net
661,SV Niederau II,HR Sachsen-Mitte,HR Sachsen-Mitte,8,Bezirksoberliga / Kreisoberliga / Regionsoberliga,ROL Männer · HR Sachsen-Mitte,13101,4,3,2,0,1,86,81,5,4,1.33,,handball.net
662,SG Sohland/Friedersdorf,HR Ostsachsen,HR Ostsachsen,8,Bezirksoberliga / Kreisoberliga / Regionsoberliga,ROL Männer · HR Ostsachsen,13108,3,3,2,0,1,85,80,5,4,1.33,,handball.net
663,TSV EINHEIT CLAUßNITZ 1864 e.V.,HR Südwestsachsen,HR Südwestsachsen,8,Bezirksoberliga / Kreisoberliga / Regionsoberliga,ROL Männer · HR Südwestsachsen,12709,5,3,2,0,1,84,79,5,4,1.33,,handball.net
664,TUS 05 DAUN II,Mosel/Eifel-Nahe/Hunsrück,Mosel/Eifel-Nahe/Hunsrück,8,Bezirksoberliga / Kreisoberliga / Regionsoberliga,Bezirksoberliga Mosel/Eifel-Nahe/Hunsrück,14543,4,3,2,0,1,76,72,4,4,1.33,,handball.net
665,TUS Bommern II,KÜS Ruhrgebiet SÜD,KÜS Ruhrgebiet SÜD,8,Bezirksoberliga / Kreisoberliga / Regionsoberliga,KÜS Bezirksliga Ruhrgebiet,14338,4,3,2,0,1,74,71,3,4,1.33,,handball.net
666,HSG Zotzenheim/St.Johann/Sprendlingen,Handballverband Rheinhessen-Pfalz,Handballverband Rheinhessen-Pfalz,8,Bezirksoberliga / Kreisoberliga / Regionsoberliga,M-BOL 1,12482,6,3,2,0,1,89,87,2,4,1.33,,handball.net
667,HSV Weinböhla II,HR Sachsen-Mitte,HR Sachsen-Mitte,8,Bezirksoberliga / Kreisoberliga / Regionsoberliga,ROL Männer · HR Sachsen-Mitte,13101,5,3,2,0,1,82,80,2,4,1.33,,handball.net
668,Bergischer HC,HK Essen,HK Essen,8,Bezirksoberliga / Kreisoberliga / Regionsoberliga,Staffel Süd - BEZIRKSOBERLIGA / KREISOBERLIGA / REGIONSOBERLIGA Männer ( HK Essen),16008,4,3,2,0,1,79,77,2,4,1.33,,handball.net
669,SG TURA Halden Herbeck,KÜS Ruhrgebiet SÜD,KÜS Ruhrgebiet SÜD,8,Bezirksoberliga / Kreisoberliga / Regionsoberliga,KÜS Bezirksliga Ruhrgebiet,14338,5,3,2,0,1,92,92,0,4,1.33,,handball.net
670,HSV Sobernheim H1,Handballverband Rheinhessen-Pfalz,Handballverband Rheinhessen-Pfalz,8,Bezirksoberliga / Kreisoberliga / Regionsoberliga,M-BOL 1,12482,7,3,2,0,1,82,82,0,4,1.33,,handball.net
671,Werler TV VON 1894 E.V.,Handballkreis Hellweg,Handballkreis Hellweg,8,Bezirksoberliga / Kreisoberliga / Regionsoberliga,Männer Bezirksliga HKH,12662,6,3,2,0,1,61,61,0,4,1.33,,handball.net
672,TSV Weddingstedt II,Handball-Erwachsene DER Kreishandballverbände IN Schleswig-Holstein,Handball-Erwachsene DER Kreishandballverbände IN Schleswig-Holstein,8,Bezirksoberliga / Kreisoberliga / Regionsoberliga,Kreisoberliga Männer West,12963,5,3,2,0,1,91,93,-2,4,1.33,,handball.net
673,SG Dithmarschen SÜD,Handball-Erwachsene DER Kreishandballverbände IN Schleswig-Holstein,Handball-Erwachsene DER Kreishandballverbände IN Schleswig-Holstein,8,Bezirksoberliga / Kreisoberliga / Regionsoberliga,Kreisoberliga Männer West,12963,6,3,2,0,1,84,86,-2,4,1.33,,handball.net
674,Burgstädter HC,HR Südwestsachsen,HR Südwestsachsen,8,Bezirksoberliga / Kreisoberliga / Regionsoberliga,ROL Männer · HR Südwestsachsen,12709,6,3,2,0,1,88,93,-5,4,1.33,,handball.net
675,Niederbergischer HC,HK Essen,HK Essen,8,Bezirksoberliga / Kreisoberliga / Regionsoberliga,Staffel Nord- BEZIRKSOBERLIGA / KREISOBERLIGA / REGIONSOBERLIGA Männer ( HK Essen),16926,5,3,2,0,1,79,88,-9,4,1.33,,handball.net
676,HSG Fockbek/Nübbel/Alt Duvenstedt,Handball-Erwachsene DER Kreishandballverbände IN Schleswig-Holstein,Handball-Erwachsene DER Kreishandballverbände IN Schleswig-Holstein,8,Bezirksoberliga / Kreisoberliga / Regionsoberliga,Kreisoberliga Männer Nord,12961,8,3,2,0,1,80,90,-10,4,1.33,,handball.net
677,SG Osdorf/Lurup,Hamburger Handballverband,Hamburger Handballverband,8,Bezirksoberliga / Kreisoberliga / Regionsoberliga,Bezirksoberliga Männer Gruppe 4 (134),13436,3,3,2,0,1,83,101,-18,4,1.33,,handball.net
678,Gettorfer TV,Handball-Erwachsene DER Kreishandballverbände IN Schleswig-Holstein,Handball-Erwachsene DER Kreishandballverbände IN Schleswig-Holstein,8,Bezirksoberliga / Kreisoberliga / Regionsoberliga,Kreisoberliga Männer Ost,12962,7,3,2,0,1,70,89,-19,4,1.33,,handball.net
679,SV 04 Plauen-O. III,HR Südwestsachsen,HR Südwestsachsen,8,Bezirksoberliga / Kreisoberliga / Regionsoberliga,ROL Männer · HR Südwestsachsen,12709,3,4,2,1,1,126,116,10,5,1.25,,handball.net
680,HSG Nordau,Handball-Erwachsene DER Kreishandballverbände IN Schleswig-Holstein,Handball-Erwachsene DER Kreishandballverbände IN Schleswig-Holstein,8,Bezirksoberliga / Kreisoberliga / Regionsoberliga,Kreisoberliga Männer Nord,12961,4,4,2,1,1,100,90,10,5,1.25,,handball.net
681,SSV Lommatzsch,HR Sachsen-Mitte,HR Sachsen-Mitte,8,Bezirksoberliga / Kreisoberliga / Regionsoberliga,ROL Männer · HR Sachsen-Mitte,13101,3,4,2,1,1,111,113,-2,5,1.25,,handball.net
682,HSG Trifels,Handballverband Rheinhessen-Pfalz,Handballverband Rheinhessen-Pfalz,8,Bezirksoberliga / Kreisoberliga / Regionsoberliga,M-BOL 2,12483,4,5,3,0,2,159,139,20,6,1.2,,handball.net
683,HSG Lingenfeld/Schwegenheim,Handballverband Rheinhessen-Pfalz,Handballverband Rheinhessen-Pfalz,8,Bezirksoberliga / Kreisoberliga / Regionsoberliga,M-BOL 2,12483,5,5,3,0,2,145,127,18,6,1.2,,handball.net
684,HSG Wagrien,Handball-Erwachsene DER Kreishandballverbände IN Schleswig-Holstein,Handball-Erwachsene DER Kreishandballverbände IN Schleswig-Holstein,8,Bezirksoberliga / Kreisoberliga / Regionsoberliga,Kreisoberliga Männer Süd,12964,4,5,3,0,2,135,123,12,6,1.2,,handball.net
685,SV Fehmarn,Handball-Erwachsene DER Kreishandballverbände IN Schleswig-Holstein,Handball-Erwachsene DER Kreishandballverbände IN Schleswig-Holstein,8,Bezirksoberliga / Kreisoberliga / Regionsoberliga,Kreisoberliga Männer Süd,12964,5,5,3,0,2,157,146,11,6,1.2,,handball.net
686,TG Osthofen 2,Handballverband Rheinhessen-Pfalz,Handballverband Rheinhessen-Pfalz,8,Bezirksoberliga / Kreisoberliga / Regionsoberliga,M-BOL 1,12482,3,5,3,0,2,170,171,-1,6,1.2,,handball.net
687,HSG Worms,Handballverband Rheinhessen-Pfalz,Handballverband Rheinhessen-Pfalz,8,Bezirksoberliga / Kreisoberliga / Regionsoberliga,M-BOL 1,12482,4,5,3,0,2,150,157,-7,6,1.2,,handball.net
688,MTV Rheinw Dinslaken II,HK Wesel,HK Wesel,8,Bezirksoberliga / Kreisoberliga / Regionsoberliga,Regionsoberliga Männer · HK Wesel,13063,2,2,1,0,1,42,22,20,2,1.0,,handball.net
689,Letmather TV 1877 e.V. I,KÜS Ruhrgebiet SÜD,KÜS Ruhrgebiet SÜD,8,Bezirksoberliga / Kreisoberliga / Regionsoberliga,KÜS Bezirklsliga Südwestfalen,14339,4,2,1,0,1,66,51,15,2,1.0,,handball.net
690,SG Langenfeld III,HK Essen,HK Essen,8,Bezirksoberliga / Kreisoberliga / Regionsoberliga,Staffel Süd - BEZIRKSOBERLIGA / KREISOBERLIGA / REGIONSOBERLIGA Männer ( HK Essen),16008,7,2,1,0,1,65,50,15,2,1.0,,handball.net
691,Kevelaerer SV,HK Wesel,HK Wesel,8,Bezirksoberliga / Kreisoberliga / Regionsoberliga,Regionsoberliga Männer · HK Wesel,13063,3,2,1,0,1,35,21,14,2,1.0,,handball.net
692,SG Düren 1899 II,HK Aachen-Düren,HK Aachen-Düren,8,Bezirksoberliga / Kreisoberliga / Regionsoberliga,Regionsoberliga,14717,3,2,1,0,1,50,41,9,2,1.0,,handball.net
693,TV JAHN Köln-Wahn II,HK Köln-Rheinberg,HK Köln-Rheinberg,8,Bezirksoberliga / Kreisoberliga / Regionsoberliga,Regionsoberliga Männer · HK Köln-Rheinberg,12887,5,2,1,0,1,61,53,8,2,1.0,,handball.net
694,TV Roetgen,HK Aachen-Düren,HK Aachen-Düren,8,Bezirksoberliga / Kreisoberliga / Regionsoberliga,Regionsoberliga,14717,4,2,1,0,1,61,53,8,2,1.0,,handball.net
695,2.Herren,Hamburger Handballverband,Hamburger Handballverband,8,Bezirksoberliga / Kreisoberliga / Regionsoberliga,Bezirksoberliga Männer Gruppe 4 (134),13436,4,3,1,1,1,93,82,11,3,1.0,,handball.net
696,Heikendorfer SV,Handball-Erwachsene DER Kreishandballverbände IN Schleswig-Holstein,Handball-Erwachsene DER Kreishandballverbände IN Schleswig-Holstein,8,Bezirksoberliga / Kreisoberliga / Regionsoberliga,Kreisoberliga Männer Ost,12962,8,2,1,0,1,64,57,7,2,1.0,,handball.net
697,ETV Hamburg II,Hamburger Handballverband,Hamburger Handballverband,8,Bezirksoberliga / Kreisoberliga / Regionsoberliga,Bezirksoberliga Männer Gruppe 3 (133),13437,6,2,1,0,1,60,53,7,2,1.0,,handball.net
698,MTV Herzhorn II,Handball-Erwachsene DER Kreishandballverbände IN Schleswig-Holstein,Handball-Erwachsene DER Kreishandballverbände IN Schleswig-Holstein,8,Bezirksoberliga / Kreisoberliga / Regionsoberliga,Kreisoberliga Männer West,12963,8,2,1,0,1,58,51,7,2,1.0,,handball.net
699,HG Hamburg-Barmbek IV,Hamburger Handballverband,Hamburger Handballverband,8,Bezirksoberliga / Kreisoberliga / Regionsoberliga,Bezirksoberliga Männer Gruppe 3 (133),13437,4,4,2,0,2,128,115,13,4,1.0,,handball.net
700,VfB Eilenburg,HR Leipzig,HR Leipzig,8,Bezirksoberliga / Kreisoberliga / Regionsoberliga,ROL Männer,13114,3,2,1,0,1,64,58,6,2,1.0,,handball.net
701,TSV Ellerau,Handball-Erwachsene DER Kreishandballverbände IN Schleswig-Holstein,Handball-Erwachsene DER Kreishandballverbände IN Schleswig-Holstein,8,Bezirksoberliga / Kreisoberliga / Regionsoberliga,Kreisoberliga Männer West,12963,4,4,2,0,2,119,107,12,4,1.0,,handball.net
702,HSV Solingen-Gräfrath 76 E.V.,HK Essen,HK Essen,8,Bezirksoberliga / Kreisoberliga / Regionsoberliga,Staffel Süd - BEZIRKSOBERLIGA / KREISOBERLIGA / REGIONSOBERLIGA Männer ( HK Essen),16008,8,2,1,0,1,50,45,5,2,1.0,,handball.net
703,SG Sendenhorst,Handballkreis Münsterland,Handballkreis Münsterland,8,Bezirksoberliga / Kreisoberliga / Regionsoberliga,Bezirksliga Münsterland Männer,13224,6,4,2,0,2,98,88,10,4,1.0,,handball.net
704,USV TU Dresden,HR Sachsen-Mitte,HR Sachsen-Mitte,8,Bezirksoberliga / Kreisoberliga / Regionsoberliga,ROL Männer · HR Sachsen-Mitte,13101,6,3,1,1,1,90,83,7,3,1.0,,handball.net
705,TUS Esingen II,Hamburger Handballverband,Hamburger Handballverband,8,Bezirksoberliga / Kreisoberliga / Regionsoberliga,Bezirksoberliga Männer Gruppe 1 (131),13431,4,2,1,0,1,66,62,4,2,1.0,,handball.net
706,Solinger TB 2. Herren,HK Essen,HK Essen,8,Bezirksoberliga / Kreisoberliga / Regionsoberliga,Staffel Süd - BEZIRKSOBERLIGA / KREISOBERLIGA / REGIONSOBERLIGA Männer ( HK Essen),16008,9,2,1,0,1,64,60,4,2,1.0,,handball.net
707,HFF Munkbrarup,Handball-Erwachsene DER Kreishandballverbände IN Schleswig-Holstein,Handball-Erwachsene DER Kreishandballverbände IN Schleswig-Holstein,8,Bezirksoberliga / Kreisoberliga / Regionsoberliga,Kreisoberliga Männer Nord,12961,6,4,2,0,2,118,111,7,4,1.0,,handball.net
708,HSG Geislar-Oberkassel II,HK Bonn-Euskirchen-Sieg,HK Bonn-Euskirchen-Sieg,8,Bezirksoberliga / Kreisoberliga / Regionsoberliga,Kreisoberliga Männer,12899,4,3,1,1,1,80,75,5,3,1.0,,handball.net
709,MSV Duisburg Handball,HK Rhein-Ruhr,HK Rhein-Ruhr,8,Bezirksoberliga / Kreisoberliga / Regionsoberliga,REGIONSOBERLIGA MÄNNER,12778,6,2,1,0,1,56,53,3,2,1.0,,handball.net
710,Radeberger SV II,HR Ostsachsen,HR Ostsachsen,8,Bezirksoberliga / Kreisoberliga / Regionsoberliga,ROL Männer · HR Ostsachsen,13108,4,3,1,1,1,93,90,3,3,1.0,,handball.net
711,HSG Mönkeberg-Schönkirchen III,Handball-Erwachsene DER Kreishandballverbände IN Schleswig-Holstein,Handball-Erwachsene DER Kreishandballverbände IN Schleswig-Holstein,8,Bezirksoberliga / Kreisoberliga / Regionsoberliga,Kreisoberliga Männer Ost,12962,4,4,2,0,2,112,108,4,4,1.0,,handball.net
712,Cronenberger TG III,HK Essen,HK Essen,8,Bezirksoberliga / Kreisoberliga / Regionsoberliga,Staffel Süd - BEZIRKSOBERLIGA / KREISOBERLIGA / REGIONSOBERLIGA Männer ( HK Essen),16008,5,3,1,1,1,82,79,3,3,1.0,,handball.net
713,HSG Merkstein II,HK Aachen-Düren,HK Aachen-Düren,8,Bezirksoberliga / Kreisoberliga / Regionsoberliga,Regionsoberliga,14717,6,2,1,0,1,54,52,2,2,1.0,,handball.net
714,VFB Homberg,HK Rhein-Ruhr,HK Rhein-Ruhr,8,Bezirksoberliga / Kreisoberliga / Regionsoberliga,REGIONSOBERLIGA MÄNNER,12778,7,2,1,0,1,49,47,2,2,1.0,,handball.net
715,HSG Rhein-Nahe Bingen 2,Handballverband Rheinhessen-Pfalz,Handballverband Rheinhessen-Pfalz,8,Bezirksoberliga / Kreisoberliga / Regionsoberliga,M-BOL 1,12482,5,4,2,0,2,121,119,2,4,1.0,,handball.net
716,CVJM Oberwiehl II,HK Oberberg,HK Oberberg,8,Bezirksoberliga / Kreisoberliga / Regionsoberliga,Regionsoberliga Männer,12955,3,2,1,0,1,60,59,1,2,1.0,,handball.net
717,SG Husum/Schobüll/Nordstrand,Handball-Erwachsene DER Kreishandballverbände IN Schleswig-Holstein,Handball-Erwachsene DER Kreishandballverbände IN Schleswig-Holstein,8,Bezirksoberliga / Kreisoberliga / Regionsoberliga,Kreisoberliga Männer Nord,12961,7,4,2,0,2,118,116,2,4,1.0,,handball.net
718,TV Hermeskeil,Mosel/Eifel-Nahe/Hunsrück,Mosel/Eifel-Nahe/Hunsrück,8,Bezirksoberliga / Kreisoberliga / Regionsoberliga,Bezirksoberliga Mosel/Eifel-Nahe/Hunsrück,14543,5,2,1,0,1,51,50,1,2,1.0,,handball.net
719,TV Witzhelden,HK Essen,HK Essen,8,Bezirksoberliga / Kreisoberliga / Regionsoberliga,Staffel Süd - BEZIRKSOBERLIGA / KREISOBERLIGA / REGIONSOBERLIGA Männer ( HK Essen),16008,6,3,1,1,1,82,81,1,3,1.0,,handball.net
720,HSV Herbede,KÜS Ruhrgebiet SÜD,KÜS Ruhrgebiet SÜD,8,Bezirksoberliga / Kreisoberliga / Regionsoberliga,KÜS Bezirksliga Ruhrgebiet,14338,6,3,1,1,1,70,69,1,3,1.0,,handball.net
721,HSG WABO 2011,Handball-Erwachsene DER Kreishandballverbände IN Schleswig-Holstein,Handball-Erwachsene DER Kreishandballverbände IN Schleswig-Holstein,8,Bezirksoberliga / Kreisoberliga / Regionsoberliga,Kreisoberliga Männer Ost,12962,5,4,2,0,2,116,115,1,4,1.0,,handball.net
722,SG Hüls-Scherlebeck,KÜS Ruhrgebiet SÜD,KÜS Ruhrgebiet SÜD,8,Bezirksoberliga / Kreisoberliga / Regionsoberliga,KÜS Bezirksliga Ruhrgebiet,14338,7,2,1,0,1,61,61,0,2,1.0,,handball.net
723,Welfia M'gladbach,HK Krefeld-Grenzland,HK Krefeld-Grenzland,8,Bezirksoberliga / Kreisoberliga / Regionsoberliga,BOL Männer,15673,6,2,1,0,1,56,56,0,2,1.0,,handball.net
724,Suchsdorfer SV,Handball-Erwachsene DER Kreishandballverbände IN Schleswig-Holstein,Handball-Erwachsene DER Kreishandballverbände IN Schleswig-Holstein,8,Bezirksoberliga / Kreisoberliga / Regionsoberliga,Kreisoberliga Männer Ost,12962,6,4,2,0,2,109,109,0,4,1.0,,handball.net
725,Polizei SV KÖLN II,HK Köln-Rheinberg,HK Köln-Rheinberg,8,Bezirksoberliga / Kreisoberliga / Regionsoberliga,Regionsoberliga Männer · HK Köln-Rheinberg,12887,6,2,1,0,1,51,51,0,2,1.0,,handball.net
726,CVJM Waldbröl,HK Oberberg,HK Oberberg,8,Bezirksoberliga / Kreisoberliga / Regionsoberliga,Regionsoberliga Männer,12955,4,1,0,1,0,19,19,0,1,1.0,,handball.net
727,TSG Mz-Bretzenheim 2,Handballverband Rheinhessen-Pfalz,Handballverband Rheinhessen-Pfalz,8,Bezirksoberliga / Kreisoberliga / Regionsoberliga,M-BOL 1,12482,8,4,2,0,2,129,130,-1,4,1.0,,handball.net
728,HV BöHLEN,HR Leipzig,HR Leipzig,8,Bezirksoberliga / Kreisoberliga / Regionsoberliga,ROL Männer,13114,5,2,1,0,1,63,64,-1,2,1.0,,handball.net
729,TV Beckum 1892 E.V. II,Handballkreis Hellweg,Handballkreis Hellweg,8,Bezirksoberliga / Kreisoberliga / Regionsoberliga,Männer Bezirksliga HKH,12662,7,2,1,0,1,62,63,-1,2,1.0,,handball.net
730,HSG Tecklenburger LAND II,Handballkreis Münsterland,Handballkreis Münsterland,8,Bezirksoberliga / Kreisoberliga / Regionsoberliga,Bezirksliga Münsterland Männer,13224,7,4,2,0,2,108,111,-3,4,1.0,,handball.net
731,TSV Travemünde,Handball-Erwachsene DER Kreishandballverbände IN Schleswig-Holstein,Handball-Erwachsene DER Kreishandballverbände IN Schleswig-Holstein,8,Bezirksoberliga / Kreisoberliga / Regionsoberliga,Kreisoberliga Männer Süd,12964,7,4,2,0,2,77,80,-3,4,1.0,,handball.net
732,SC Alstertal-Langenhorn,Hamburger Handballverband,Hamburger Handballverband,8,Bezirksoberliga / Kreisoberliga / Regionsoberliga,Bezirksoberliga Männer Gruppe 2 (132),13433,6,2,1,0,1,61,63,-2,2,1.0,,handball.net
733,SV Untermosel,Rhein/Westerwald,Rhein/Westerwald,8,Bezirksoberliga / Kreisoberliga / Regionsoberliga,Bezirksoberliga Rhein/Westerwald,13124,6,2,1,0,1,60,62,-2,2,1.0,,handball.net
734,Luchse Düsseldorf,HK Essen,HK Essen,8,Bezirksoberliga / Kreisoberliga / Regionsoberliga,Staffel Nord- BEZIRKSOBERLIGA / KREISOBERLIGA / REGIONSOBERLIGA Männer ( HK Essen),16926,8,2,1,0,1,58,60,-2,2,1.0,,handball.net
735,1. HC Quickborn,Hamburger Handballverband,Hamburger Handballverband,8,Bezirksoberliga / Kreisoberliga / Regionsoberliga,Bezirksoberliga Männer Gruppe 1 (131),13431,3,3,1,1,1,86,89,-3,3,1.0,,handball.net
736,DIE HAIE I HSG Horst/Kiebitzreihe II,Handball-Erwachsene DER Kreishandballverbände IN Schleswig-Holstein,Handball-Erwachsene DER Kreishandballverbände IN Schleswig-Holstein,8,Bezirksoberliga / Kreisoberliga / Regionsoberliga,Kreisoberliga Männer West,12963,9,2,1,0,1,53,55,-2,2,1.0,,handball.net
737,NSV Gelb-Weiss Görlitz,HR Ostsachsen,HR Ostsachsen,8,Bezirksoberliga / Kreisoberliga / Regionsoberliga,ROL Männer · HR Ostsachsen,13108,5,2,1,0,1,53,55,-2,2,1.0,,handball.net
738,Warendorfer SU,Handballkreis Münsterland,Handballkreis Münsterland,8,Bezirksoberliga / Kreisoberliga / Regionsoberliga,Bezirksliga Münsterland Männer,13224,9,2,1,0,1,48,50,-2,2,1.0,,handball.net
739,HC Einheit Plauen II,HR Südwestsachsen,HR Südwestsachsen,8,Bezirksoberliga / Kreisoberliga / Regionsoberliga,ROL Männer · HR Südwestsachsen,12709,8,3,1,1,1,51,54,-3,3,1.0,,handball.net
740,SSK Kerpen,HK Köln-Rheinberg,HK Köln-Rheinberg,8,Bezirksoberliga / Kreisoberliga / Regionsoberliga,Regionsoberliga Männer · HK Köln-Rheinberg,12887,7,2,1,0,1,64,67,-3,2,1.0,,handball.net
741,SV Heißen,HK Rhein-Ruhr,HK Rhein-Ruhr,8,Bezirksoberliga / Kreisoberliga / Regionsoberliga,REGIONSOBERLIGA MÄNNER,12778,8,2,1,0,1,62,65,-3,2,1.0,,handball.net
742,TV Kapellen 2M,HK Wesel,HK Wesel,8,Bezirksoberliga / Kreisoberliga / Regionsoberliga,Regionsoberliga Männer · HK Wesel,13063,7,2,1,0,1,25,28,-3,2,1.0,,handball.net
743,HGV Hürth-Gleuel,HK Köln-Rheinberg,HK Köln-Rheinberg,8,Bezirksoberliga / Kreisoberliga / Regionsoberliga,Regionsoberliga Männer · HK Köln-Rheinberg,12887,8,2,1,0,1,46,50,-4,2,1.0,,handball.net
744,SSV 95 Wissen,Rhein/Westerwald,Rhein/Westerwald,8,Bezirksoberliga / Kreisoberliga / Regionsoberliga,Bezirksoberliga Rhein/Westerwald,13124,4,3,1,1,1,81,88,-7,3,1.0,,handball.net
745,VTV Freier Grund,KÜS Ruhrgebiet SÜD,KÜS Ruhrgebiet SÜD,8,Bezirksoberliga / Kreisoberliga / Regionsoberliga,KÜS Bezirklsliga Südwestfalen,14339,9,2,1,0,1,59,64,-5,2,1.0,,handball.net
746,SG Kollmar/Neuendorf,Handball-Erwachsene DER Kreishandballverbände IN Schleswig-Holstein,Handball-Erwachsene DER Kreishandballverbände IN Schleswig-Holstein,8,Bezirksoberliga / Kreisoberliga / Regionsoberliga,Kreisoberliga Männer West,12963,7,4,2,0,2,117,129,-12,4,1.0,,handball.net
747,SG Attendorn Ennest E.V.,KÜS Ruhrgebiet SÜD,KÜS Ruhrgebiet SÜD,8,Bezirksoberliga / Kreisoberliga / Regionsoberliga,KÜS Bezirklsliga Südwestfalen,14339,10,2,1,0,1,58,64,-6,2,1.0,,handball.net
748,TSV Bayer Dormagen III,HK Köln-Rheinberg,HK Köln-Rheinberg,8,Bezirksoberliga / Kreisoberliga / Regionsoberliga,Regionsoberliga Männer · HK Köln-Rheinberg,12887,9,2,1,0,1,58,64,-6,2,1.0,,handball.net
749,TUS Finkenwerder,Hamburger Handballverband,Hamburger Handballverband,8,Bezirksoberliga / Kreisoberliga / Regionsoberliga,Bezirksoberliga Männer Gruppe 4 (134),13436,6,2,1,0,1,58,64,-6,2,1.0,,handball.net
750,SG LVB III,HR Leipzig,HR Leipzig,8,Bezirksoberliga / Kreisoberliga / Regionsoberliga,ROL Männer,13114,1,3,1,1,1,81,90,-9,3,1.0,,handball.net
751,FT Vorwärts KIEL,Handball-Erwachsene DER Kreishandballverbände IN Schleswig-Holstein,Handball-Erwachsene DER Kreishandballverbände IN Schleswig-Holstein,8,Bezirksoberliga / Kreisoberliga / Regionsoberliga,Kreisoberliga Männer Ost,12962,9,2,1,0,1,45,51,-6,2,1.0,,handball.net
752,SG Unterrath,HK Essen,HK Essen,8,Bezirksoberliga / Kreisoberliga / Regionsoberliga,Staffel Nord- BEZIRKSOBERLIGA / KREISOBERLIGA / REGIONSOBERLIGA Männer ( HK Essen),16926,10,2,1,0,1,21,29,-8,2,1.0,,handball.net
753,HSG Hiesfeld/Aldenrade III,HK Wesel,HK Wesel,8,Bezirksoberliga / Kreisoberliga / Regionsoberliga,Regionsoberliga Männer · HK Wesel,13063,8,2,1,0,1,21,35,-14,2,1.0,,handball.net
754,TV Birkesdorf II,HK Aachen-Düren,HK Aachen-Düren,8,Bezirksoberliga / Kreisoberliga / Regionsoberliga,Regionsoberliga,14717,7,2,1,0,1,50,68,-18,2,1.0,,handball.net
755,GW Bingen-Büdesheim,Handballverband Rheinhessen-Pfalz,Handballverband Rheinhessen-Pfalz,8,Bezirksoberliga / Kreisoberliga / Regionsoberliga,M-BOL 1,12482,9,5,2,0,3,138,142,-4,4,0.8,,handball.net
756,TUS Neuhofen,Handballverband Rheinhessen-Pfalz,Handballverband Rheinhessen-Pfalz,8,Bezirksoberliga / Kreisoberliga / Regionsoberliga,M-BOL 2,12483,6,5,2,0,3,136,143,-7,4,0.8,,handball.net
757,HSG Landau/Land 2,Handballverband Rheinhessen-Pfalz,Handballverband Rheinhessen-Pfalz,8,Bezirksoberliga / Kreisoberliga / Regionsoberliga,M-BOL 2,12483,7,5,2,0,3,129,138,-9,4,0.8,,handball.net
758,HSG Tills Löwen 08 II,Handball-Erwachsene DER Kreishandballverbände IN Schleswig-Holstein,Handball-Erwachsene DER Kreishandballverbände IN Schleswig-Holstein,8,Bezirksoberliga / Kreisoberliga / Regionsoberliga,Kreisoberliga Männer Süd,12964,8,5,2,0,3,108,125,-17,4,0.8,,handball.net
759,Südpfalz Tiger 3,Handballverband Rheinhessen-Pfalz,Handballverband Rheinhessen-Pfalz,8,Bezirksoberliga / Kreisoberliga / Regionsoberliga,M-BOL 2,12483,8,5,2,0,3,120,138,-18,4,0.8,,handball.net
760,VFL Geesthacht,Handball-Erwachsene DER Kreishandballverbände IN Schleswig-Holstein,Handball-Erwachsene DER Kreishandballverbände IN Schleswig-Holstein,8,Bezirksoberliga / Kreisoberliga / Regionsoberliga,Kreisoberliga Männer Süd,12964,9,4,1,1,2,117,119,-2,3,0.75,,handball.net
761,USG Chemnitz,HR Südwestsachsen,HR Südwestsachsen,8,Bezirksoberliga / Kreisoberliga / Regionsoberliga,ROL Männer · HR Südwestsachsen,12709,7,4,1,1,2,85,87,-2,3,0.75,,handball.net
762,BSV Limbach-O. II,HR Südwestsachsen,HR Südwestsachsen,8,Bezirksoberliga / Kreisoberliga / Regionsoberliga,ROL Männer · HR Südwestsachsen,12709,9,4,1,1,2,89,113,-24,3,0.75,,handball.net
763,SC Victoria,Hamburger Handballverband,Hamburger Handballverband,8,Bezirksoberliga / Kreisoberliga / Regionsoberliga,Bezirksoberliga Männer Gruppe 2 (132),13433,4,3,1,0,2,100,93,7,2,0.67,,handball.net
764,HC Koblenz III,Rhein/Westerwald,Rhein/Westerwald,8,Bezirksoberliga / Kreisoberliga / Regionsoberliga,Bezirksoberliga Rhein/Westerwald,13124,5,3,1,0,2,94,93,1,2,0.67,,handball.net
765,TV Lössel,KÜS Ruhrgebiet SÜD,KÜS Ruhrgebiet SÜD,8,Bezirksoberliga / Kreisoberliga / Regionsoberliga,KÜS Bezirklsliga Südwestfalen,14339,5,3,1,0,2,86,85,1,2,0.67,,handball.net
766,DJK GRÜN Weiss Werden 2.M,HK Essen,HK Essen,8,Bezirksoberliga / Kreisoberliga / Regionsoberliga,Staffel Nord- BEZIRKSOBERLIGA / KREISOBERLIGA / REGIONSOBERLIGA Männer ( HK Essen),16926,6,3,1,0,2,76,75,1,2,0.67,,handball.net
767,TS Evingsen,KÜS Ruhrgebiet SÜD,KÜS Ruhrgebiet SÜD,8,Bezirksoberliga / Kreisoberliga / Regionsoberliga,KÜS Bezirklsliga Südwestfalen,14339,6,3,1,0,2,81,82,-1,2,0.67,,handball.net
768,Godesberger TV,HK Bonn-Euskirchen-Sieg,HK Bonn-Euskirchen-Sieg,8,Bezirksoberliga / Kreisoberliga / Regionsoberliga,Kreisoberliga Männer,12899,7,3,0,2,1,78,80,-2,2,0.67,,handball.net
769,HSG Velbert/Heiligenhaus,HK Essen,HK Essen,8,Bezirksoberliga / Kreisoberliga / Regionsoberliga,Staffel Nord- BEZIRKSOBERLIGA / KREISOBERLIGA / REGIONSOBERLIGA Männer ( HK Essen),16926,7,3,1,0,2,67,69,-2,2,0.67,,handball.net
770,SG DJK A09/Phönix Essen,HK Essen,HK Essen,8,Bezirksoberliga / Kreisoberliga / Regionsoberliga,Staffel Nord- BEZIRKSOBERLIGA / KREISOBERLIGA / REGIONSOBERLIGA Männer ( HK Essen),16926,9,3,1,0,2,58,60,-2,2,0.67,,handball.net
771,HSG Wetter Grundschöttel,KÜS Ruhrgebiet SÜD,KÜS Ruhrgebiet SÜD,8,Bezirksoberliga / Kreisoberliga / Regionsoberliga,KÜS Bezirksliga Mitte,14340,6,3,1,0,2,94,97,-3,2,0.67,,handball.net
772,LOK Schleife,HR Ostsachsen,HR Ostsachsen,8,Bezirksoberliga / Kreisoberliga / Regionsoberliga,ROL Männer · HR Ostsachsen,13108,6,3,0,2,1,81,84,-3,2,0.67,,handball.net
773,TV Emsdetten 1898 II,Handballkreis Münsterland,Handballkreis Münsterland,8,Bezirksoberliga / Kreisoberliga / Regionsoberliga,Bezirksliga Münsterland Männer,13224,10,3,1,0,2,89,93,-4,2,0.67,,handball.net
774,HSG Siegerland,KÜS Ruhrgebiet SÜD,KÜS Ruhrgebiet SÜD,8,Bezirksoberliga / Kreisoberliga / Regionsoberliga,KÜS Bezirklsliga Südwestfalen,14339,7,3,1,0,2,87,91,-4,2,0.67,,handball.net
775,HSG Hohenlimburg,KÜS Ruhrgebiet SÜD,KÜS Ruhrgebiet SÜD,8,Bezirksoberliga / Kreisoberliga / Regionsoberliga,KÜS Bezirklsliga Südwestfalen,14339,8,3,1,0,2,89,94,-5,2,0.67,,handball.net
776,SC Huckarde RAHM,KÜS Ruhrgebiet SÜD,KÜS Ruhrgebiet SÜD,8,Bezirksoberliga / Kreisoberliga / Regionsoberliga,KÜS Bezirksliga Mitte,14340,7,3,1,0,2,82,87,-5,2,0.67,,handball.net
777,HSG Hunsrück III,Mosel/Eifel-Nahe/Hunsrück,Mosel/Eifel-Nahe/Hunsrück,8,Bezirksoberliga / Kreisoberliga / Regionsoberliga,Bezirksoberliga Mosel/Eifel-Nahe/Hunsrück,14543,6,3,1,0,2,89,97,-8,2,0.67,,handball.net
778,Kieler Turnverein,Handball-Erwachsene DER Kreishandballverbände IN Schleswig-Holstein,Handball-Erwachsene DER Kreishandballverbände IN Schleswig-Holstein,8,Bezirksoberliga / Kreisoberliga / Regionsoberliga,Kreisoberliga Männer Ost,12962,10,3,1,0,2,85,94,-9,2,0.67,,handball.net
779,HC Elbflorenz 2006 III,HR Sachsen-Mitte,HR Sachsen-Mitte,8,Bezirksoberliga / Kreisoberliga / Regionsoberliga,ROL Männer · HR Sachsen-Mitte,13101,7,3,1,0,2,82,91,-9,2,0.67,,handball.net
780,MSG Niederfeld/Oggersheim,Handballverband Rheinhessen-Pfalz,Handballverband Rheinhessen-Pfalz,8,Bezirksoberliga / Kreisoberliga / Regionsoberliga,M-BOL 2,12483,9,3,1,0,2,82,91,-9,2,0.67,,handball.net
781,DJK/MJC Trier II,Mosel/Eifel-Nahe/Hunsrück,Mosel/Eifel-Nahe/Hunsrück,8,Bezirksoberliga / Kreisoberliga / Regionsoberliga,Bezirksoberliga Mosel/Eifel-Nahe/Hunsrück,14543,7,3,1,0,2,91,101,-10,2,0.67,,handball.net
782,HSV Werdohl/Versetal 1972 E.V.,KÜS Ruhrgebiet SÜD,KÜS Ruhrgebiet SÜD,8,Bezirksoberliga / Kreisoberliga / Regionsoberliga,KÜS Bezirklsliga Südwestfalen,14339,11,3,1,0,2,70,81,-11,2,0.67,,handball.net
783,Rot-Weiss Sagar,HR Ostsachsen,HR Ostsachsen,8,Bezirksoberliga / Kreisoberliga / Regionsoberliga,ROL Männer · HR Ostsachsen,13108,7,3,1,0,2,85,98,-13,2,0.67,,handball.net
784,GW Mendig II,Rhein/Westerwald,Rhein/Westerwald,8,Bezirksoberliga / Kreisoberliga / Regionsoberliga,Bezirksoberliga Rhein/Westerwald,13124,7,3,1,0,2,72,85,-13,2,0.67,,handball.net
785,HTS/BW96 Handball IV,Hamburger Handballverband,Hamburger Handballverband,8,Bezirksoberliga / Kreisoberliga / Regionsoberliga,Bezirksoberliga Männer Gruppe 3 (133),13437,7,3,1,0,2,70,84,-14,2,0.67,,handball.net
786,ESV Dresden II,HR Sachsen-Mitte,HR Sachsen-Mitte,8,Bezirksoberliga / Kreisoberliga / Regionsoberliga,ROL Männer · HR Sachsen-Mitte,13101,8,3,1,0,2,90,105,-15,2,0.67,,handball.net
787,TV 01 Wattenscheid,KÜS Ruhrgebiet SÜD,KÜS Ruhrgebiet SÜD,8,Bezirksoberliga / Kreisoberliga / Regionsoberliga,KÜS Bezirksliga Ruhrgebiet,14338,8,3,1,0,2,75,91,-16,2,0.67,,handball.net
788,RSV Altenbögge-Bönen 1951 e.V. 2. Herren,Handballkreis Hellweg,Handballkreis Hellweg,8,Bezirksoberliga / Kreisoberliga / Regionsoberliga,Männer Bezirksliga HKH,12662,8,3,1,0,2,79,96,-17,2,0.67,,handball.net
789,Medizin BAD Gottleuba,HR Sachsen-Mitte,HR Sachsen-Mitte,8,Bezirksoberliga / Kreisoberliga / Regionsoberliga,ROL Männer · HR Sachsen-Mitte,13101,9,3,1,0,2,71,89,-18,2,0.67,,handball.net
790,TV Bitburg,Mosel/Eifel-Nahe/Hunsrück,Mosel/Eifel-Nahe/Hunsrück,8,Bezirksoberliga / Kreisoberliga / Regionsoberliga,Bezirksoberliga Mosel/Eifel-Nahe/Hunsrück,14543,8,3,1,0,2,76,97,-21,2,0.67,,handball.net
791,TuS Borussia Höchsten,KÜS Ruhrgebiet SÜD,KÜS Ruhrgebiet SÜD,8,Bezirksoberliga / Kreisoberliga / Regionsoberliga,KÜS Bezirksliga Mitte,14340,8,3,1,0,2,78,102,-24,2,0.67,,handball.net
792,TSC Wellingsbüttel II,Hamburger Handballverband,Hamburger Handballverband,8,Bezirksoberliga / Kreisoberliga / Regionsoberliga,Bezirksoberliga Männer Gruppe 3 (133),13437,8,3,1,0,2,75,100,-25,2,0.67,,handball.net
793,Roter Stern Leipzig,HR Leipzig,HR Leipzig,8,Bezirksoberliga / Kreisoberliga / Regionsoberliga,ROL Männer,13114,6,2,0,1,1,64,65,-1,1,0.5,,handball.net
794,Longericher SC III,HK Köln-Rheinberg,HK Köln-Rheinberg,8,Bezirksoberliga / Kreisoberliga / Regionsoberliga,Regionsoberliga Männer · HK Köln-Rheinberg,12887,10,2,0,1,1,57,58,-1,1,0.5,,handball.net
795,TV Friesen Telgte,Handballkreis Münsterland,Handballkreis Münsterland,8,Bezirksoberliga / Kreisoberliga / Regionsoberliga,Bezirksliga Münsterland Männer,13224,8,4,1,0,3,105,107,-2,2,0.5,,handball.net
796,HSG Horchheim/Lahnstein,Rhein/Westerwald,Rhein/Westerwald,8,Bezirksoberliga / Kreisoberliga / Regionsoberliga,Bezirksoberliga Rhein/Westerwald,13124,8,2,0,1,1,50,51,-1,1,0.5,,handball.net
797,HSG 91 Nortorf,Handball-Erwachsene DER Kreishandballverbände IN Schleswig-Holstein,Handball-Erwachsene DER Kreishandballverbände IN Schleswig-Holstein,8,Bezirksoberliga / Kreisoberliga / Regionsoberliga,Kreisoberliga Männer Nord,12961,9,4,1,0,3,102,110,-8,2,0.5,,handball.net
798,SC Westfalia Kinderhaus,Handballkreis Münsterland,Handballkreis Münsterland,8,Bezirksoberliga / Kreisoberliga / Regionsoberliga,Bezirksliga Münsterland Männer,13224,11,4,1,0,3,101,110,-9,2,0.5,,handball.net
799,MTV Lübeck III,Handball-Erwachsene DER Kreishandballverbände IN Schleswig-Holstein,Handball-Erwachsene DER Kreishandballverbände IN Schleswig-Holstein,8,Bezirksoberliga / Kreisoberliga / Regionsoberliga,Kreisoberliga Männer Süd,12964,10,4,1,0,3,123,133,-10,2,0.5,,handball.net
800,HSG Tarp/Wanderup II,Handball-Erwachsene DER Kreishandballverbände IN Schleswig-Holstein,Handball-Erwachsene DER Kreishandballverbände IN Schleswig-Holstein,8,Bezirksoberliga / Kreisoberliga / Regionsoberliga,Kreisoberliga Männer Nord,12961,10,4,1,0,3,108,118,-10,2,0.5,,handball.net
801,HSG Freiberg III,HR Südwestsachsen,HR Südwestsachsen,8,Bezirksoberliga / Kreisoberliga / Regionsoberliga,ROL Männer · HR Südwestsachsen,12709,10,4,1,0,3,110,127,-17,2,0.5,,handball.net
802,Radebeuler HV II,HR Sachsen-Mitte,HR Sachsen-Mitte,8,Bezirksoberliga / Kreisoberliga / Regionsoberliga,ROL Männer · HR Sachsen-Mitte,13101,10,4,1,0,3,120,140,-20,2,0.5,,handball.net
803,Stahl Rietschen II,HR Ostsachsen,HR Ostsachsen,8,Bezirksoberliga / Kreisoberliga / Regionsoberliga,ROL Männer · HR Ostsachsen,13108,8,2,0,1,1,49,59,-10,1,0.5,,handball.net
804,Pulheimer SC II,HK Köln-Rheinberg,HK Köln-Rheinberg,8,Bezirksoberliga / Kreisoberliga / Regionsoberliga,Regionsoberliga Männer · HK Köln-Rheinberg,12887,11,2,0,1,1,57,70,-13,1,0.5,,handball.net
805,TBSV Neugersdorf,HR Ostsachsen,HR Ostsachsen,8,Bezirksoberliga / Kreisoberliga / Regionsoberliga,ROL Männer · HR Ostsachsen,13108,9,3,0,1,2,93,106,-13,1,0.33,,handball.net
806,HG Hamburg-Barmbek V,Hamburger Handballverband,Hamburger Handballverband,8,Bezirksoberliga / Kreisoberliga / Regionsoberliga,Bezirksoberliga Männer Gruppe 4 (134),13436,7,3,0,1,2,83,98,-15,1,0.33,,handball.net
807,Rellinger TV IV,Hamburger Handballverband,Hamburger Handballverband,8,Bezirksoberliga / Kreisoberliga / Regionsoberliga,Bezirksoberliga Männer Gruppe 1 (131),13431,7,3,0,1,2,88,106,-18,1,0.33,,handball.net
808,TV Neheim H1,KÜS Ruhrgebiet SÜD,KÜS Ruhrgebiet SÜD,8,Bezirksoberliga / Kreisoberliga / Regionsoberliga,KÜS Bezirksliga Mitte,14340,9,3,0,1,2,80,99,-19,1,0.33,,handball.net
809,Fortschritt Mittweida,HR Südwestsachsen,HR Südwestsachsen,8,Bezirksoberliga / Kreisoberliga / Regionsoberliga,ROL Männer · HR Südwestsachsen,12709,12,3,0,1,2,68,90,-22,1,0.33,,handball.net
810,TV Nieder-Olm 2,Handballverband Rheinhessen-Pfalz,Handballverband Rheinhessen-Pfalz,8,Bezirksoberliga / Kreisoberliga / Regionsoberliga,M-BOL 1,12482,10,4,0,1,3,85,92,-7,1,0.25,,handball.net
811,HSC Ingelheim,Handballverband Rheinhessen-Pfalz,Handballverband Rheinhessen-Pfalz,8,Bezirksoberliga / Kreisoberliga / Regionsoberliga,M-BOL 1,12482,11,4,0,1,3,107,116,-9,1,0.25,,handball.net
812,ZHC Grubenlampe II,HR Südwestsachsen,HR Südwestsachsen,8,Bezirksoberliga / Kreisoberliga / Regionsoberliga,ROL Männer · HR Südwestsachsen,12709,11,4,0,1,3,112,123,-11,1,0.25,,handball.net
813,SUS Stadtlohn,Handballkreis Münsterland,Handballkreis Münsterland,8,Bezirksoberliga / Kreisoberliga / Regionsoberliga,Bezirksliga Münsterland Männer,13224,12,4,0,1,3,105,121,-16,1,0.25,,handball.net
814,HSG Szoww II,Handball-Erwachsene DER Kreishandballverbände IN Schleswig-Holstein,Handball-Erwachsene DER Kreishandballverbände IN Schleswig-Holstein,8,Bezirksoberliga / Kreisoberliga / Regionsoberliga,Kreisoberliga Männer Nord,12961,11,4,0,1,3,90,124,-34,1,0.25,,handball.net
815,HSV Mölkau - Die Haie,HR Leipzig,HR Leipzig,8,Bezirksoberliga / Kreisoberliga / Regionsoberliga,ROL Männer,13114,7,0,0,0,0,0,0,0,0,0.0,,handball.net
816,Schwarz -Rot Aachen 1,HK Aachen-Düren,HK Aachen-Düren,8,Bezirksoberliga / Kreisoberliga / Regionsoberliga,Regionsoberliga,14717,8,0,0,0,0,0,0,0,0,0.0,,handball.net
817,Stolberger SV,HK Aachen-Düren,HK Aachen-Düren,8,Bezirksoberliga / Kreisoberliga / Regionsoberliga,Regionsoberliga,14717,9,0,0,0,0,0,0,0,0,0.0,,handball.net
818,VT Kempen,HK Krefeld-Grenzland,HK Krefeld-Grenzland,8,Bezirksoberliga / Kreisoberliga / Regionsoberliga,BOL Männer,15673,7,0,0,0,0,0,0,0,0,0.0,,handball.net
819,HG Kaarst / Büttgen,HK Krefeld-Grenzland,HK Krefeld-Grenzland,8,Bezirksoberliga / Kreisoberliga / Regionsoberliga,BOL Männer,15673,8,1,0,0,1,30,31,-1,0,0.0,,handball.net
820,TSV 1862 Radeburg,HR Sachsen-Mitte,HR Sachsen-Mitte,8,Bezirksoberliga / Kreisoberliga / Regionsoberliga,ROL Männer · HR Sachsen-Mitte,13101,11,1,0,0,1,30,31,-1,0,0.0,,handball.net
821,Wölfe Voreifel III,HK Bonn-Euskirchen-Sieg,HK Bonn-Euskirchen-Sieg,8,Bezirksoberliga / Kreisoberliga / Regionsoberliga,Kreisoberliga Männer,12899,8,1,0,0,1,27,28,-1,0,0.0,,handball.net
822,Schwarz -Rot Aachen 2,HK Aachen-Düren,HK Aachen-Düren,8,Bezirksoberliga / Kreisoberliga / Regionsoberliga,Regionsoberliga,14717,10,1,0,0,1,25,26,-1,0,0.0,,handball.net
823,TUS Lintfort II,HK Wesel,HK Wesel,8,Bezirksoberliga / Kreisoberliga / Regionsoberliga,Regionsoberliga Männer · HK Wesel,13063,9,1,0,0,1,0,1,-1,0,0.0,,handball.net
824,VFL Rheinhausen,HK Rhein-Ruhr,HK Rhein-Ruhr,8,Bezirksoberliga / Kreisoberliga / Regionsoberliga,REGIONSOBERLIGA MÄNNER,12778,9,1,0,0,1,33,35,-2,0,0.0,,handball.net
825,SV Straelen II,HK Krefeld-Grenzland,HK Krefeld-Grenzland,8,Bezirksoberliga / Kreisoberliga / Regionsoberliga,BOL Männer,15673,9,1,0,0,1,29,31,-2,0,0.0,,handball.net
826,Eagles Niederrhein II,HK Krefeld-Grenzland,HK Krefeld-Grenzland,8,Bezirksoberliga / Kreisoberliga / Regionsoberliga,BOL Männer,15673,10,1,0,0,1,26,28,-2,0,0.0,,handball.net
827,HC Heeren-Werve E.V.,Handballkreis Hellweg,Handballkreis Hellweg,8,Bezirksoberliga / Kreisoberliga / Regionsoberliga,Männer Bezirksliga HKH,12662,9,3,0,0,3,55,61,-6,0,0.0,,handball.net
828,HSC Haltern-Sythen 2,KÜS Ruhrgebiet SÜD,KÜS Ruhrgebiet SÜD,8,Bezirksoberliga / Kreisoberliga / Regionsoberliga,KÜS Bezirksliga Ruhrgebiet,14338,9,2,0,0,2,43,48,-5,0,0.0,,handball.net
829,HC Treia/Jübek II,Handball-Erwachsene DER Kreishandballverbände IN Schleswig-Holstein,Handball-Erwachsene DER Kreishandballverbände IN Schleswig-Holstein,8,Bezirksoberliga / Kreisoberliga / Regionsoberliga,Kreisoberliga Männer Nord,12961,12,3,0,0,3,81,89,-8,0,0.0,,handball.net
830,HSG AM Hallo Essen 2.M,HK Essen,HK Essen,8,Bezirksoberliga / Kreisoberliga / Regionsoberliga,Staffel Nord- BEZIRKSOBERLIGA / KREISOBERLIGA / REGIONSOBERLIGA Männer ( HK Essen),16926,11,3,0,0,3,79,87,-8,0,0.0,,handball.net
831,Vohwinkeler STV II,HK Essen,HK Essen,8,Bezirksoberliga / Kreisoberliga / Regionsoberliga,Staffel Süd - BEZIRKSOBERLIGA / KREISOBERLIGA / REGIONSOBERLIGA Männer ( HK Essen),16008,10,1,0,0,1,27,30,-3,0,0.0,,handball.net
832,HSG Herdecke/Ende II,KÜS Ruhrgebiet SÜD,KÜS Ruhrgebiet SÜD,8,Bezirksoberliga / Kreisoberliga / Regionsoberliga,KÜS Bezirksliga Mitte,14340,10,3,0,0,3,71,80,-9,0,0.0,,handball.net
833,SV Schermbeck,HK Wesel,HK Wesel,8,Bezirksoberliga / Kreisoberliga / Regionsoberliga,Regionsoberliga Männer · HK Wesel,13063,10,2,0,0,2,48,55,-7,0,0.0,,handball.net
834,TG Waldsee 2,Handballverband Rheinhessen-Pfalz,Handballverband Rheinhessen-Pfalz,8,Bezirksoberliga / Kreisoberliga / Regionsoberliga,M-BOL 2,12483,10,3,0,0,3,86,98,-12,0,0.0,,handball.net
835,Olympia Fischeln,HK Krefeld-Grenzland,HK Krefeld-Grenzland,8,Bezirksoberliga / Kreisoberliga / Regionsoberliga,BOL Männer,15673,11,1,0,0,1,27,31,-4,0,0.0,,handball.net
836,HSG Römerwall II,Rhein/Westerwald,Rhein/Westerwald,8,Bezirksoberliga / Kreisoberliga / Regionsoberliga,Bezirksoberliga Rhein/Westerwald,13124,10,2,0,0,2,52,60,-8,0,0.0,,handball.net
837,HSV Frechen II,HK Köln-Rheinberg,HK Köln-Rheinberg,8,Bezirksoberliga / Kreisoberliga / Regionsoberliga,Regionsoberliga Männer · HK Köln-Rheinberg,12887,12,2,0,0,2,52,60,-8,0,0.0,,handball.net
838,SC BOTTROP 2. Herren,HK Rhein-Ruhr,HK Rhein-Ruhr,8,Bezirksoberliga / Kreisoberliga / Regionsoberliga,REGIONSOBERLIGA MÄNNER,12778,10,2,0,0,2,51,59,-8,0,0.0,,handball.net
839,TSV Altenholz III,Handball-Erwachsene DER Kreishandballverbände IN Schleswig-Holstein,Handball-Erwachsene DER Kreishandballverbände IN Schleswig-Holstein,8,Bezirksoberliga / Kreisoberliga / Regionsoberliga,Kreisoberliga Männer Ost,12962,11,4,0,0,4,110,127,-17,0,0.0,,handball.net
840,TB Wülfrath M3,HK Essen,HK Essen,8,Bezirksoberliga / Kreisoberliga / Regionsoberliga,Staffel Nord- BEZIRKSOBERLIGA / KREISOBERLIGA / REGIONSOBERLIGA Männer ( HK Essen),16926,12,3,0,0,3,72,85,-13,0,0.0,,handball.net
841,TV Gladbeck,KÜS Ruhrgebiet SÜD,KÜS Ruhrgebiet SÜD,8,Bezirksoberliga / Kreisoberliga / Regionsoberliga,KÜS Bezirksliga Ruhrgebiet,14338,10,2,0,0,2,57,67,-10,0,0.0,,handball.net
842,HSG Veruka II,HK Rhein-Ruhr,HK Rhein-Ruhr,8,Bezirksoberliga / Kreisoberliga / Regionsoberliga,REGIONSOBERLIGA MÄNNER,12778,11,2,0,0,2,47,57,-10,0,0.0,,handball.net
843,HSG Ascheberg/Drensteinfurt 1.Herren,Handballkreis Münsterland,Handballkreis Münsterland,8,Bezirksoberliga / Kreisoberliga / Regionsoberliga,Bezirksliga Münsterland Männer,13224,14,4,0,0,4,91,111,-20,0,0.0,,handball.net
844,HSG Ostsee Neustadt/Grömitz II,Handball-Erwachsene DER Kreishandballverbände IN Schleswig-Holstein,Handball-Erwachsene DER Kreishandballverbände IN Schleswig-Holstein,8,Bezirksoberliga / Kreisoberliga / Regionsoberliga,Kreisoberliga Männer Süd,12964,11,4,0,0,4,75,95,-20,0,0.0,,handball.net
845,HSV Alzey,Handballverband Rheinhessen-Pfalz,Handballverband Rheinhessen-Pfalz,8,Bezirksoberliga / Kreisoberliga / Regionsoberliga,M-BOL 1,12482,12,2,0,0,2,55,66,-11,0,0.0,,handball.net
846,TSV Ellerbek IV,Hamburger Handballverband,Hamburger Handballverband,8,Bezirksoberliga / Kreisoberliga / Regionsoberliga,Bezirksoberliga Männer Gruppe 1 (131),13431,8,2,0,0,2,49,60,-11,0,0.0,,handball.net
847,HSG Elbvororte Ü40 II,Hamburger Handballverband,Hamburger Handballverband,8,Bezirksoberliga / Kreisoberliga / Regionsoberliga,Bezirksoberliga Senioren (331),17293,4,2,0,0,2,36,47,-11,0,0.0,,handball.net
848,Barmstedter MTV II,Hamburger Handballverband,Hamburger Handballverband,8,Bezirksoberliga / Kreisoberliga / Regionsoberliga,Bezirksoberliga Männer Gruppe 1 (131),13431,9,3,0,0,3,81,98,-17,0,0.0,,handball.net
849,TV Bassenheim,Rhein/Westerwald,Rhein/Westerwald,8,Bezirksoberliga / Kreisoberliga / Regionsoberliga,Bezirksoberliga Rhein/Westerwald,13124,9,1,0,0,1,30,36,-6,0,0.0,,handball.net
850,HSG Re/Oe,KÜS Ruhrgebiet SÜD,KÜS Ruhrgebiet SÜD,8,Bezirksoberliga / Kreisoberliga / Regionsoberliga,KÜS Bezirksliga Ruhrgebiet,14338,11,2,0,0,2,48,60,-12,0,0.0,,handball.net
851,MSG Mundenheim/Rheingönheim,Handballverband Rheinhessen-Pfalz,Handballverband Rheinhessen-Pfalz,8,Bezirksoberliga / Kreisoberliga / Regionsoberliga,M-BOL 2,12483,11,4,0,0,4,93,117,-24,0,0.0,,handball.net
852,HSG Refrath/Hand III,HK Köln-Rheinberg,HK Köln-Rheinberg,8,Bezirksoberliga / Kreisoberliga / Regionsoberliga,Regionsoberliga Männer · HK Köln-Rheinberg,12887,13,2,0,0,2,53,66,-13,0,0.0,,handball.net
853,TSV Dresden-Bühlau,HR Sachsen-Mitte,HR Sachsen-Mitte,8,Bezirksoberliga / Kreisoberliga / Regionsoberliga,ROL Männer · HR Sachsen-Mitte,13101,12,3,0,0,3,89,109,-20,0,0.0,,handball.net
854,HSG Störtal Hummeln,Handball-Erwachsene DER Kreishandballverbände IN Schleswig-Holstein,Handball-Erwachsene DER Kreishandballverbände IN Schleswig-Holstein,8,Bezirksoberliga / Kreisoberliga / Regionsoberliga,Kreisoberliga Männer West,12963,11,3,0,0,3,69,89,-20,0,0.0,,handball.net
855,SGH Unna Massen 2,Handballkreis Hellweg,Handballkreis Hellweg,8,Bezirksoberliga / Kreisoberliga / Regionsoberliga,Männer Bezirksliga HKH,12662,11,3,0,0,3,66,86,-20,0,0.0,,handball.net
856,HSG Siebengebirge-Thomasberg III,HK Bonn-Euskirchen-Sieg,HK Bonn-Euskirchen-Sieg,8,Bezirksoberliga / Kreisoberliga / Regionsoberliga,Kreisoberliga Männer,12899,9,1,0,0,1,32,39,-7,0,0.0,,handball.net
857,VFL Waldheim 54,HR Leipzig,HR Leipzig,8,Bezirksoberliga / Kreisoberliga / Regionsoberliga,ROL Männer,13114,8,1,0,0,1,31,38,-7,0,0.0,,handball.net
858,ATV Biesel II,HK Krefeld-Grenzland,HK Krefeld-Grenzland,8,Bezirksoberliga / Kreisoberliga / Regionsoberliga,BOL Männer,15673,12,1,0,0,1,25,32,-7,0,0.0,,handball.net
859,Croatia Hamburg,Hamburger Handballverband,Hamburger Handballverband,8,Bezirksoberliga / Kreisoberliga / Regionsoberliga,Bezirksoberliga Männer Gruppe 4 (134),13436,8,3,0,0,3,75,96,-21,0,0.0,,handball.net
860,TuRa Meldorf,Handball-Erwachsene DER Kreishandballverbände IN Schleswig-Holstein,Handball-Erwachsene DER Kreishandballverbände IN Schleswig-Holstein,8,Bezirksoberliga / Kreisoberliga / Regionsoberliga,Kreisoberliga Männer West,12963,10,2,0,0,2,50,64,-14,0,0.0,,handball.net
861,SUS Oberaden 1921 E.V. II,Handballkreis Hellweg,Handballkreis Hellweg,8,Bezirksoberliga / Kreisoberliga / Regionsoberliga,Männer Bezirksliga HKH,12662,12,3,0,0,3,50,71,-21,0,0.0,,handball.net
862,Waltroper HV,KÜS Ruhrgebiet SÜD,KÜS Ruhrgebiet SÜD,8,Bezirksoberliga / Kreisoberliga / Regionsoberliga,KÜS Bezirksliga Ruhrgebiet,14338,12,3,0,0,3,67,89,-22,0,0.0,,handball.net
863,HSG NRG 2025,Handballkreis Münsterland,Handballkreis Münsterland,8,Bezirksoberliga / Kreisoberliga / Regionsoberliga,Bezirksliga Münsterland Männer,13224,13,2,0,0,2,42,57,-15,0,0.0,,handball.net
864,HSC IGEL II,Mosel/Eifel-Nahe/Hunsrück,Mosel/Eifel-Nahe/Hunsrück,8,Bezirksoberliga / Kreisoberliga / Regionsoberliga,Bezirksoberliga Mosel/Eifel-Nahe/Hunsrück,14543,10,3,0,0,3,69,92,-23,0,0.0,,handball.net
865,Lübecker TS,Handball-Erwachsene DER Kreishandballverbände IN Schleswig-Holstein,Handball-Erwachsene DER Kreishandballverbände IN Schleswig-Holstein,8,Bezirksoberliga / Kreisoberliga / Regionsoberliga,Kreisoberliga Männer Süd,12964,12,3,0,0,3,63,86,-23,0,0.0,,handball.net
866,Hsv/Hamm 02 Ü40,Hamburger Handballverband,Hamburger Handballverband,8,Bezirksoberliga / Kreisoberliga / Regionsoberliga,Bezirksoberliga Senioren (331),17293,3,1,0,0,1,20,28,-8,0,0.0,,handball.net
867,SSV Nümbrecht Handball II,HK Oberberg,HK Oberberg,8,Bezirksoberliga / Kreisoberliga / Regionsoberliga,Regionsoberliga Männer,12955,5,1,0,0,1,15,23,-8,0,0.0,,handball.net
868,Eschweiler SG II,HK Aachen-Düren,HK Aachen-Düren,8,Bezirksoberliga / Kreisoberliga / Regionsoberliga,Regionsoberliga,14717,12,2,0,0,2,44,61,-17,0,0.0,,handball.net
869,Hildener Wölfe 1m,HK Essen,HK Essen,8,Bezirksoberliga / Kreisoberliga / Regionsoberliga,Staffel Süd - BEZIRKSOBERLIGA / KREISOBERLIGA / REGIONSOBERLIGA Männer ( HK Essen),16008,11,3,0,0,3,79,105,-26,0,0.0,,handball.net
870,TV Beckrath 1898 E.V.,HK Krefeld-Grenzland,HK Krefeld-Grenzland,8,Bezirksoberliga / Kreisoberliga / Regionsoberliga,BOL Männer,15673,13,1,0,0,1,34,43,-9,0,0.0,,handball.net
871,HC Gelpe/Strombach III,HK Oberberg,HK Oberberg,8,Bezirksoberliga / Kreisoberliga / Regionsoberliga,Regionsoberliga Männer,12955,6,1,0,0,1,26,35,-9,0,0.0,,handball.net
872,HVE Villigst-Ergste II,KÜS Ruhrgebiet SÜD,KÜS Ruhrgebiet SÜD,8,Bezirksoberliga / Kreisoberliga / Regionsoberliga,KÜS Bezirksliga Mitte,14340,11,3,0,0,3,78,105,-27,0,0.0,,handball.net
873,Soester TV VON 1862 E.V. II,Handballkreis Hellweg,Handballkreis Hellweg,8,Bezirksoberliga / Kreisoberliga / Regionsoberliga,Männer Bezirksliga HKH,12662,10,2,0,0,2,46,64,-18,0,0.0,,handball.net
874,TV Palmersheim II,HK Bonn-Euskirchen-Sieg,HK Bonn-Euskirchen-Sieg,8,Bezirksoberliga / Kreisoberliga / Regionsoberliga,Kreisoberliga Männer,12899,10,3,0,0,3,67,94,-27,0,0.0,,handball.net
875,SG Altona II,Hamburger Handballverband,Hamburger Handballverband,8,Bezirksoberliga / Kreisoberliga / Regionsoberliga,Bezirksoberliga Männer Gruppe 2 (132),13433,7,1,0,0,1,22,31,-9,0,0.0,,handball.net
876,HSG Rade/Herbeck,HK Essen,HK Essen,8,Bezirksoberliga / Kreisoberliga / Regionsoberliga,Staffel Süd - BEZIRKSOBERLIGA / KREISOBERLIGA / REGIONSOBERLIGA Männer ( HK Essen),16008,12,3,0,0,3,59,86,-27,0,0.0,,handball.net
877,TUS Lübeck VON 1893 II,Handball-Erwachsene DER Kreishandballverbände IN Schleswig-Holstein,Handball-Erwachsene DER Kreishandballverbände IN Schleswig-Holstein,8,Bezirksoberliga / Kreisoberliga / Regionsoberliga,Kreisoberliga Männer Süd,12964,13,4,0,0,4,98,135,-37,0,0.0,,handball.net
878,SG Ht16/Sc Eilbek II,Hamburger Handballverband,Hamburger Handballverband,8,Bezirksoberliga / Kreisoberliga / Regionsoberliga,Bezirksoberliga Männer Gruppe 3 (133),13437,9,3,0,0,3,79,107,-28,0,0.0,,handball.net
879,Turnverein Biefang II,HK Rhein-Ruhr,HK Rhein-Ruhr,8,Bezirksoberliga / Kreisoberliga / Regionsoberliga,REGIONSOBERLIGA MÄNNER,12778,13,2,0,0,2,40,59,-19,0,0.0,,handball.net
880,DJK SG Boesperde II,KÜS Ruhrgebiet SÜD,KÜS Ruhrgebiet SÜD,8,Bezirksoberliga / Kreisoberliga / Regionsoberliga,KÜS Bezirksliga Mitte,14340,12,3,0,0,3,67,96,-29,0,0.0,,handball.net
881,HVO Cunewalde II,HR Ostsachsen,HR Ostsachsen,8,Bezirksoberliga / Kreisoberliga / Regionsoberliga,ROL Männer · HR Ostsachsen,13108,10,2,0,0,2,49,69,-20,0,0.0,,handball.net
882,SG Pahlhude/Tellingstedt,Handball-Erwachsene DER Kreishandballverbände IN Schleswig-Holstein,Handball-Erwachsene DER Kreishandballverbände IN Schleswig-Holstein,8,Bezirksoberliga / Kreisoberliga / Regionsoberliga,Kreisoberliga Männer West,12963,12,2,0,0,2,44,65,-21,0,0.0,,handball.net
883,ETV Hamburg III,Hamburger Handballverband,Hamburger Handballverband,8,Bezirksoberliga / Kreisoberliga / Regionsoberliga,Bezirksoberliga Männer Gruppe 2 (132),13433,8,2,0,0,2,41,62,-21,0,0.0,,handball.net
884,SC Janus KÖLN,HK Köln-Rheinberg,HK Köln-Rheinberg,8,Bezirksoberliga / Kreisoberliga / Regionsoberliga,Regionsoberliga Männer · HK Köln-Rheinberg,12887,14,2,0,0,2,40,61,-21,0,0.0,,handball.net
885,Kieler MTV II,Handball-Erwachsene DER Kreishandballverbände IN Schleswig-Holstein,Handball-Erwachsene DER Kreishandballverbände IN Schleswig-Holstein,8,Bezirksoberliga / Kreisoberliga / Regionsoberliga,Kreisoberliga Männer Ost,12962,12,4,0,0,4,89,132,-43,0,0.0,,handball.net
886,Hts/Bw96 Handball II,Hamburger Handballverband,Hamburger Handballverband,8,Bezirksoberliga / Kreisoberliga / Regionsoberliga,Bezirksoberliga Männer Gruppe 2 (132),13433,9,3,0,0,3,71,106,-35,0,0.0,,handball.net
887,TUS Ferndorf 3,KÜS Ruhrgebiet SÜD,KÜS Ruhrgebiet SÜD,8,Bezirksoberliga / Kreisoberliga / Regionsoberliga,KÜS Bezirklsliga Südwestfalen,14339,12,2,0,0,2,42,66,-24,0,0.0,,handball.net
888,SK PRÜM,Mosel/Eifel-Nahe/Hunsrück,Mosel/Eifel-Nahe/Hunsrück,8,Bezirksoberliga / Kreisoberliga / Regionsoberliga,Bezirksoberliga Mosel/Eifel-Nahe/Hunsrück,14543,9,1,0,0,1,17,29,-12,0,0.0,,handball.net
889,BTB Aachen IV,HK Aachen-Düren,HK Aachen-Düren,8,Bezirksoberliga / Kreisoberliga / Regionsoberliga,Regionsoberliga,14717,11,1,0,0,1,13,26,-13,0,0.0,,handball.net
890,TSV Speyer 2,Handballverband Rheinhessen-Pfalz,Handballverband Rheinhessen-Pfalz,8,Bezirksoberliga / Kreisoberliga / Regionsoberliga,M-BOL 2,12483,12,4,0,0,4,88,143,-55,0,0.0,,handball.net
891,SV Neukirchen II,HK Wesel,HK Wesel,8,Bezirksoberliga / Kreisoberliga / Regionsoberliga,Regionsoberliga Männer · HK Wesel,13063,11,1,0,0,1,21,35,-14,0,0.0,,handball.net
892,Alstadener TUS II,HK Rhein-Ruhr,HK Rhein-Ruhr,8,Bezirksoberliga / Kreisoberliga / Regionsoberliga,REGIONSOBERLIGA MÄNNER,12778,14,2,0,0,2,43,74,-31,0,0.0,,handball.net
893,HSG Duisburg-Süd Senioren,HK Rhein-Ruhr,HK Rhein-Ruhr,8,Bezirksoberliga / Kreisoberliga / Regionsoberliga,REGIONSOBERLIGA MÄNNER,12778,12,1,0,0,1,17,33,-16,0,0.0,,handball.net
894,TV Issum II,HK Wesel,HK Wesel,8,Bezirksoberliga / Kreisoberliga / Regionsoberliga,Regionsoberliga Männer · HK Wesel,13063,12,1,0,0,1,21,42,-21,0,0.0,,handball.net
895,SSV Overath,HK Oberberg,HK Oberberg,8,Bezirksoberliga / Kreisoberliga / Regionsoberliga,Regionsoberliga Männer,12955,7,2,0,0,2,24,29,-5,-2,-1.0,,handball.net
896,Stolberger SV II,HK Aachen-Düren,HK Aachen-Düren,9,Bezirksliga / Kreisliga / Regionsliga,Regionsliga,14819,1,2,2,0,0,76,38,38,4,2.0,,handball.net
897,TuS Grünenbaum 2,Handballkreis Lenne-Sieg,Handballkreis Lenne-Sieg,9,Bezirksliga / Kreisliga / Regionsliga,Kreisliga B Nord,13093,2,1,1,0,0,43,26,17,2,2.0,,handball.net
898,HC Weiden 2018 V,HK Aachen-Düren,HK Aachen-Düren,9,Bezirksliga / Kreisliga / Regionsliga,Regionsliga,14819,2,1,1,0,0,38,21,17,2,2.0,,handball.net
899,TUS Fellinghausen E.V. VON 1920 II,Handballkreis Lenne-Sieg,Handballkreis Lenne-Sieg,9,Bezirksliga / Kreisliga / Regionsliga,Kreisliga B Süd,13094,1,1,1,0,0,36,19,17,2,2.0,,handball.net
900,TuS Rheindorf (M),HK Köln-Rheinberg,HK Köln-Rheinberg,9,Bezirksliga / Kreisliga / Regionsliga,Regionsliga Männer · HK Köln-Rheinberg,12889,1,2,2,0,0,70,36,34,4,2.0,,handball.net
901,Spfr. Loxten II,KÜS Ostwestfalenlippe,KÜS Ostwestfalenlippe,9,Bezirksliga / Kreisliga / Regionsliga,OWL Männer Bezirksliga Staffel 2,12672,3,2,2,0,0,71,39,32,4,2.0,,handball.net
902,SV Heissen II,HK Rhein-Ruhr,HK Rhein-Ruhr,9,Bezirksliga / Kreisliga / Regionsliga,REGIONSLIGA MÄNNER,13017,1,2,2,0,0,72,41,31,4,2.0,,handball.net
903,Preetzer TSV II,Handball-Erwachsene DER Kreishandballverbände IN Schleswig-Holstein,Handball-Erwachsene DER Kreishandballverbände IN Schleswig-Holstein,9,Bezirksliga / Kreisliga / Regionsliga,Kreisliga Männer - Staffel D,12972,1,2,2,0,0,84,54,30,4,2.0,,handball.net
904,SGSH Dragons E.V. III,Handballkreis Lenne-Sieg,Handballkreis Lenne-Sieg,9,Bezirksliga / Kreisliga / Regionsliga,HKLesi Kreisliga A Männer,15898,1,2,2,0,0,65,36,29,4,2.0,,handball.net
905,TSV Bigge-Olsberg H1,Handballkreis Iserlohn-Arnsberg,Handballkreis Iserlohn-Arnsberg,9,Bezirksliga / Kreisliga / Regionsliga,HKISAR Kreisliga MÄNNER,15069,2,1,1,0,0,33,19,14,2,2.0,,handball.net
906,LIT 1912 5,Handballkreis Minden-Lübbecke,Handballkreis Minden-Lübbecke,9,Bezirksliga / Kreisliga / Regionsliga,HBKML Männer Kreisliga,13016,3,2,2,0,0,73,47,26,4,2.0,,handball.net
907,Handball SV Westerholt E.V. II,Handballkreis Industrie,Handballkreis Industrie,9,Bezirksliga / Kreisliga / Regionsliga,HKI-M-Kreisliga,12710,3,2,2,0,0,72,46,26,4,2.0,,handball.net
908,Tschft. Grefrath II,HK Krefeld-Grenzland,HK Krefeld-Grenzland,9,Bezirksliga / Kreisliga / Regionsliga,BL Männer,15675,6,1,1,0,0,30,17,13,2,2.0,,handball.net
909,TuS 97 Bielefeld/Jöllenbeck III,Handballkreis Bielefeld-Herford,Handballkreis Bielefeld-Herford,9,Bezirksliga / Kreisliga / Regionsliga,Männer Kreisliga Bielefeld-Herford,13295,1,3,3,0,0,94,56,38,6,2.0,,handball.net
910,Turnerschaft Lürrip 1901 E.V. III,HK Krefeld-Grenzland,HK Krefeld-Grenzland,9,Bezirksliga / Kreisliga / Regionsliga,BL Männer,15675,1,2,2,0,0,65,42,23,4,2.0,,handball.net
911,HSG Blomberg-Lippe 1,Handballkreis Lippe,Handballkreis Lippe,9,Bezirksliga / Kreisliga / Regionsliga,HBKLIP Kreisliga Männer,13126,1,2,2,0,0,61,38,23,4,2.0,,handball.net
912,Handball BAD Salzuflen 3,Handballkreis Lippe,Handballkreis Lippe,9,Bezirksliga / Kreisliga / Regionsliga,HBKLIP Kreisliga Männer,13126,2,2,2,0,0,60,37,23,4,2.0,,handball.net
913,Niendorfer TSV III,Hamburger Handballverband,Hamburger Handballverband,9,Bezirksliga / Kreisliga / Regionsliga,Kreisliga Männer Gruppe 1 (141),13440,3,1,1,0,0,40,29,11,2,2.0,,handball.net
914,HSG Angeln,Handball-Erwachsene DER Kreishandballverbände IN Schleswig-Holstein,Handball-Erwachsene DER Kreishandballverbände IN Schleswig-Holstein,9,Bezirksliga / Kreisliga / Regionsliga,Kreisliga Männer - Staffel C,12971,4,2,2,0,0,69,47,22,4,2.0,,handball.net
915,HC St. Ingbert- Hassel 2,Handballverband SAAR,Handballverband SAAR,9,Bezirksliga / Kreisliga / Regionsliga,Bezirksliga Männer,14382,3,3,3,0,0,92,60,32,6,2.0,,handball.net
916,SUS Essen-Haarzopf,HK Essen,HK Essen,9,Bezirksliga / Kreisliga / Regionsliga,Regionsliga Männer Nord,16078,1,2,2,0,0,74,54,20,4,2.0,,handball.net
917,Polizei SV KÖLN III,HK Köln-Rheinberg,HK Köln-Rheinberg,9,Bezirksliga / Kreisliga / Regionsliga,Regionsliga Männer · HK Köln-Rheinberg,12889,2,2,2,0,0,72,52,20,4,2.0,,handball.net
918,RSVE Siegen Handball E.V. II,Handballkreis Lenne-Sieg,Handballkreis Lenne-Sieg,9,Bezirksliga / Kreisliga / Regionsliga,Kreisliga B Süd,13094,2,1,1,0,0,34,24,10,2,2.0,,handball.net
919,TVC Enger,Handballkreis Bielefeld-Herford,Handballkreis Bielefeld-Herford,9,Bezirksliga / Kreisliga / Regionsliga,Männer Kreisliga Bielefeld-Herford,13295,2,3,3,0,0,99,69,30,6,2.0,,handball.net
920,HSG ECD Hagen 1,Handballkreis Hagen/Ennepe-Ruhr,Handballkreis Hagen/Ennepe-Ruhr,9,Bezirksliga / Kreisliga / Regionsliga,MÄNNER KREISLIGA HKHR,13011,1,3,3,0,0,98,68,30,6,2.0,,handball.net
921,TSV Bärenstein,HR Sachsen-Mitte,HR Sachsen-Mitte,9,Bezirksliga / Kreisliga / Regionsliga,RL Männer · HR Sachsen-Mitte,13103,2,2,2,0,0,64,45,19,4,2.0,,handball.net
922,TV Vreden II,Handballkreis Münsterland,Handballkreis Münsterland,9,Bezirksliga / Kreisliga / Regionsliga,Kreisliga Münsterland Männer,13227,1,3,3,0,0,108,80,28,6,2.0,,handball.net
923,MTV Ahrensbök,Handball-Erwachsene DER Kreishandballverbände IN Schleswig-Holstein,Handball-Erwachsene DER Kreishandballverbände IN Schleswig-Holstein,9,Bezirksliga / Kreisliga / Regionsliga,Kreisliga Männer - Staffel F,12974,1,2,2,0,0,63,45,18,4,2.0,,handball.net
924,OSC Rheinhausen III,HK Rhein-Ruhr,HK Rhein-Ruhr,9,Bezirksliga / Kreisliga / Regionsliga,REGIONSLIGA MÄNNER,13017,5,1,1,0,0,26,17,9,2,2.0,,handball.net
925,SF 01 Dresden,HR Sachsen-Mitte,HR Sachsen-Mitte,9,Bezirksliga / Kreisliga / Regionsliga,RL Männer · HR Sachsen-Mitte,13103,1,4,4,0,0,125,90,35,8,2.0,,handball.net
926,HSG Porta Westfalica,KÜS Ostwestfalenlippe,KÜS Ostwestfalenlippe,9,Bezirksliga / Kreisliga / Regionsliga,OWL Männer Bezirksliga Staffel 1,12671,1,3,3,0,0,107,81,26,6,2.0,,handball.net
927,TV OLPE 1848 E.V.,Handballkreis Lenne-Sieg,Handballkreis Lenne-Sieg,9,Bezirksliga / Kreisliga / Regionsliga,HKLesi Kreisliga A Männer,15898,2,2,2,0,0,57,40,17,4,2.0,,handball.net
928,LHV Hoyerswerda III,HR Ostsachsen,HR Ostsachsen,9,Bezirksliga / Kreisliga / Regionsliga,RL Männer · HR Ostsachsen,13110,1,3,3,0,0,101,76,25,6,2.0,,handball.net
929,Union 92 Halle,Handballkreis Gütersloh,Handballkreis Gütersloh,9,Bezirksliga / Kreisliga / Regionsliga,HBKGT Männer Kreisliga,12456,1,3,3,0,0,98,73,25,6,2.0,,handball.net
930,TG Osthofen 3,Handballverband Rheinhessen-Pfalz,Handballverband Rheinhessen-Pfalz,9,Bezirksliga / Kreisliga / Regionsliga,M-BZL 1,12486,1,4,4,0,0,142,110,32,8,2.0,,handball.net
931,DJK Westfalia Welper E.V. II,Handballkreis Industrie,Handballkreis Industrie,9,Bezirksliga / Kreisliga / Regionsliga,HKI-M-Kreisliga,12710,1,3,3,0,0,100,77,23,6,2.0,,handball.net
932,HSG Störtal Hummeln II,Handball-Erwachsene DER Kreishandballverbände IN Schleswig-Holstein,Handball-Erwachsene DER Kreishandballverbände IN Schleswig-Holstein,9,Bezirksliga / Kreisliga / Regionsliga,Kreisliga Männer - Staffel E,12973,1,3,3,0,0,95,72,23,6,2.0,,handball.net
933,HSG Wittgenstein,Handballkreis Lenne-Sieg,Handballkreis Lenne-Sieg,9,Bezirksliga / Kreisliga / Regionsliga,HKLesi Kreisliga A Männer,15898,3,2,2,0,0,63,48,15,4,2.0,,handball.net
934,TV Mengede,Handballkreis Dortmund,Handballkreis Dortmund,9,Bezirksliga / Kreisliga / Regionsliga,HKDO-KL-M,12777,1,3,3,0,0,111,89,22,6,2.0,,handball.net
935,TH Eilbeck V,Hamburger Handballverband,Hamburger Handballverband,9,Bezirksliga / Kreisliga / Regionsliga,Kreisliga Männer Gruppe 1 (141),13440,1,3,3,0,0,100,78,22,6,2.0,,handball.net
936,TV Westfalia Halingen H2,Handballkreis Iserlohn-Arnsberg,Handballkreis Iserlohn-Arnsberg,9,Bezirksliga / Kreisliga / Regionsliga,HKISAR Kreisliga MÄNNER,15069,4,1,1,0,0,37,30,7,2,2.0,,handball.net
937,AMTV Hamburg III,Hamburger Handballverband,Hamburger Handballverband,9,Bezirksliga / Kreisliga / Regionsliga,Kreisliga Männer Gruppe 2 (142),13442,3,2,2,0,0,70,56,14,4,2.0,,handball.net
938,TSV Hahlen 2,Handballkreis Minden-Lübbecke,Handballkreis Minden-Lübbecke,9,Bezirksliga / Kreisliga / Regionsliga,HBKML Männer Kreisliga,13016,1,3,3,0,0,93,72,21,6,2.0,,handball.net
939,CVJM Oberwiehl III,HK Oberberg,HK Oberberg,9,Bezirksliga / Kreisliga / Regionsliga,Regionsliga Männer,12960,1,2,2,0,0,59,45,14,4,2.0,,handball.net
940,TUS JAHN Dellwig E.V.,Handballkreis Hellweg,Handballkreis Hellweg,9,Bezirksliga / Kreisliga / Regionsliga,Männer Kreisliga HKH,12689,1,1,1,0,0,27,20,7,2,2.0,,handball.net
941,TSG Benrath 81 1m,HK Essen,HK Essen,9,Bezirksliga / Kreisliga / Regionsliga,Regionsliga Männer Süd,14914,3,2,2,0,0,64,51,13,4,2.0,,handball.net
942,HV Sundern H1,Handballkreis Iserlohn-Arnsberg,Handballkreis Iserlohn-Arnsberg,9,Bezirksliga / Kreisliga / Regionsliga,HKISAR Kreisliga MÄNNER,15069,1,2,2,0,0,52,39,13,4,2.0,,handball.net
943,Handball BAD Salzuflen 2,KÜS Ostwestfalenlippe,KÜS Ostwestfalenlippe,9,Bezirksliga / Kreisliga / Regionsliga,OWL Männer Bezirksliga Staffel 1,12671,2,3,3,0,0,93,74,19,6,2.0,,handball.net
944,HSG EURO 2,Handballkreis Minden-Lübbecke,Handballkreis Minden-Lübbecke,9,Bezirksliga / Kreisliga / Regionsliga,HBKML Männer Kreisliga,13016,2,3,3,0,0,92,73,19,6,2.0,,handball.net
945,TuS Ickern 1912 e.V.,Handballkreis Industrie,Handballkreis Industrie,9,Bezirksliga / Kreisliga / Regionsliga,HKI-M-Kreisliga,12710,6,1,1,0,0,35,29,6,2,2.0,,handball.net
946,TUS Fellinghausen E.V. VON 1920,Handballkreis Lenne-Sieg,Handballkreis Lenne-Sieg,9,Bezirksliga / Kreisliga / Regionsliga,HKLesi Kreisliga A Männer,15898,4,1,1,0,0,31,25,6,2,2.0,,handball.net
947,TSV Bonn rrh. 5. Männer,HK Bonn-Euskirchen-Sieg,HK Bonn-Euskirchen-Sieg,9,Bezirksliga / Kreisliga / Regionsliga,Kreisliga Männer,12897,3,1,1,0,0,30,24,6,2,2.0,,handball.net
948,TUS Ehrenfeld 65 II,HK Köln-Rheinberg,HK Köln-Rheinberg,9,Bezirksliga / Kreisliga / Regionsliga,Regionsliga Männer · HK Köln-Rheinberg,12889,5,1,1,0,0,30,24,6,2,2.0,,handball.net
949,HSV Werdohl/Versetal 1972 E.V. 2,Handballkreis Lenne-Sieg,Handballkreis Lenne-Sieg,9,Bezirksliga / Kreisliga / Regionsliga,Kreisliga B Nord,13093,1,2,2,0,0,58,46,12,4,2.0,,handball.net
950,Poppelsdorfer HV,HK Bonn-Euskirchen-Sieg,HK Bonn-Euskirchen-Sieg,9,Bezirksliga / Kreisliga / Regionsliga,Kreisliga Männer,12897,2,2,2,0,0,56,44,12,4,2.0,,handball.net
951,SG Oeversee-Jarplund-Weding II,Handball-Erwachsene DER Kreishandballverbände IN Schleswig-Holstein,Handball-Erwachsene DER Kreishandballverbände IN Schleswig-Holstein,9,Bezirksliga / Kreisliga / Regionsliga,Kreisliga Männer - Staffel A,12969,3,1,1,0,0,28,22,6,2,2.0,,handball.net
952,TUS Fortuna Saarburg II,Mosel/Eifel-Nahe/Hunsrück,Mosel/Eifel-Nahe/Hunsrück,9,Bezirksliga / Kreisliga / Regionsliga,Bezirksliga Männer Mosel/Eifel-Nahe/Hunsrück,14548,1,1,1,0,0,28,22,6,2,2.0,,handball.net
953,HSG Wagrien II,Handball-Erwachsene DER Kreishandballverbände IN Schleswig-Holstein,Handball-Erwachsene DER Kreishandballverbände IN Schleswig-Holstein,9,Bezirksliga / Kreisliga / Regionsliga,Kreisliga Männer - Staffel F,12974,2,1,1,0,0,27,21,6,2,2.0,,handball.net
954,TSV PLÖN II,Handball-Erwachsene DER Kreishandballverbände IN Schleswig-Holstein,Handball-Erwachsene DER Kreishandballverbände IN Schleswig-Holstein,9,Bezirksliga / Kreisliga / Regionsliga,Kreisliga Männer - Staffel F,12974,3,1,1,0,0,23,17,6,2,2.0,,handball.net
955,SC Alstertal-Langenhorn,Hamburger Handballverband,Hamburger Handballverband,9,Bezirksliga / Kreisliga / Regionsliga,Kreisliga Männer Gruppe 2 (142),13442,1,3,3,0,0,96,79,17,6,2.0,,handball.net
956,Zwönitzer HSV II,HR Südwestsachsen,HR Südwestsachsen,9,Bezirksliga / Kreisliga / Regionsliga,RL Männer · HR Südwestsachsen,13096,1,3,3,0,0,92,75,17,6,2.0,,handball.net
957,FC Greffen,Handballkreis Gütersloh,Handballkreis Gütersloh,9,Bezirksliga / Kreisliga / Regionsliga,HBKGT Männer Kreisliga,12456,2,2,2,0,0,68,57,11,4,2.0,,handball.net
958,HSV Dresden III,HR Sachsen-Mitte,HR Sachsen-Mitte,9,Bezirksliga / Kreisliga / Regionsliga,RL Männer · HR Sachsen-Mitte,13103,4,2,2,0,0,64,53,11,4,2.0,,handball.net
959,Turnverein Ratingen 2m,HK Essen,HK Essen,9,Bezirksliga / Kreisliga / Regionsliga,Regionsliga Männer Nord,16078,3,2,2,0,0,51,40,11,4,2.0,,handball.net
960,SG Hörnerkirchen/Hohenfelde,Handball-Erwachsene DER Kreishandballverbände IN Schleswig-Holstein,Handball-Erwachsene DER Kreishandballverbände IN Schleswig-Holstein,9,Bezirksliga / Kreisliga / Regionsliga,Kreisliga Männer - Staffel E,12973,2,2,2,0,0,59,49,10,4,2.0,,handball.net
961,SV Straelen III,HK Krefeld-Grenzland,HK Krefeld-Grenzland,9,Bezirksliga / Kreisliga / Regionsliga,BL Männer,15675,2,2,2,0,0,56,46,10,4,2.0,,handball.net
962,Blue-White-Dynamite VFL Gummersbach E.V.,HK Oberberg,HK Oberberg,9,Bezirksliga / Kreisliga / Regionsliga,Regionsliga Männer,12960,2,1,1,0,0,27,22,5,2,2.0,,handball.net
963,SG Handball Steinfurt,Handballkreis Münsterland,Handballkreis Münsterland,9,Bezirksliga / Kreisliga / Regionsliga,Kreisliga Münsterland Männer,13227,2,3,3,0,0,91,77,14,6,2.0,,handball.net
964,VFL Handball Mennighüffen II,KÜS Ostwestfalenlippe,KÜS Ostwestfalenlippe,9,Bezirksliga / Kreisliga / Regionsliga,OWL Männer Bezirksliga Staffel 1,12671,3,3,3,0,0,95,82,13,6,2.0,,handball.net
965,SG Handball Kamen II,Handballkreis Hellweg,Handballkreis Hellweg,9,Bezirksliga / Kreisliga / Regionsliga,Männer Kreisliga HKH,12689,2,1,1,0,0,34,30,4,2,2.0,,handball.net
966,HSG Sieg H2,HK Bonn-Euskirchen-Sieg,HK Bonn-Euskirchen-Sieg,9,Bezirksliga / Kreisliga / Regionsliga,Kreisliga Männer,12897,4,1,1,0,0,33,29,4,2,2.0,,handball.net
967,HSG Hüllhorst 2,Handballkreis Minden-Lübbecke,Handballkreis Minden-Lübbecke,9,Bezirksliga / Kreisliga / Regionsliga,HBKML Männer Kreisliga,13016,7,1,1,0,0,30,26,4,2,2.0,,handball.net
968,HCE BAD Oeynhausen,KÜS Ostwestfalenlippe,KÜS Ostwestfalenlippe,9,Bezirksliga / Kreisliga / Regionsliga,OWL Männer Bezirksliga Staffel 1,12671,4,3,3,0,0,88,76,12,6,2.0,,handball.net
969,SG Harburg III,Hamburger Handballverband,Hamburger Handballverband,9,Bezirksliga / Kreisliga / Regionsliga,Kreisliga Männer Gruppe 1 (141),13440,4,1,1,0,0,29,25,4,2,2.0,,handball.net
970,HSG Altenbeken/Buke 2,Handballkreis Lippe,Handballkreis Lippe,9,Bezirksliga / Kreisliga / Regionsliga,HBKLIP Kreisliga Männer,13126,3,2,2,0,0,56,48,8,4,2.0,,handball.net
971,TSV Glücksburg 09,Handball-Erwachsene DER Kreishandballverbände IN Schleswig-Holstein,Handball-Erwachsene DER Kreishandballverbände IN Schleswig-Holstein,9,Bezirksliga / Kreisliga / Regionsliga,Kreisliga Männer - Staffel A,12969,4,1,1,0,0,27,23,4,2,2.0,,handball.net
972,SV Frielingsdorf,HK Oberberg,HK Oberberg,9,Bezirksliga / Kreisliga / Regionsliga,Regionsliga Männer,12960,3,1,1,0,0,26,22,4,2,2.0,,handball.net
973,Lüttringhauser TV II,HK Essen,HK Essen,9,Bezirksliga / Kreisliga / Regionsliga,Regionsliga Männer Süd,14914,6,1,1,0,0,22,18,4,2,2.0,,handball.net
974,CVJM Gevelsberg,Handballkreis Hagen/Ennepe-Ruhr,Handballkreis Hagen/Ennepe-Ruhr,9,Bezirksliga / Kreisliga / Regionsliga,MÄNNER KREISLIGA HKHR,13011,2,3,3,0,0,96,85,11,6,2.0,,handball.net
975,HSG NRG 2025 II,Handballkreis Münsterland,Handballkreis Münsterland,9,Bezirksliga / Kreisliga / Regionsliga,Kreisliga Münsterland Männer,13227,3,3,3,0,0,82,71,11,6,2.0,,handball.net
976,HSG Spradow 2,Handballkreis Bielefeld-Herford,Handballkreis Bielefeld-Herford,9,Bezirksliga / Kreisliga / Regionsliga,Männer Kreisliga Bielefeld-Herford,13295,3,2,2,0,0,55,48,7,4,2.0,,handball.net
977,Handball Oppum III,HK Krefeld-Grenzland,HK Krefeld-Grenzland,9,Bezirksliga / Kreisliga / Regionsliga,BL Männer,15675,3,2,2,0,0,51,44,7,4,2.0,,handball.net
978,TUS Lübeck VON 1893 III,Handball-Erwachsene DER Kreishandballverbände IN Schleswig-Holstein,Handball-Erwachsene DER Kreishandballverbände IN Schleswig-Holstein,9,Bezirksliga / Kreisliga / Regionsliga,Kreisliga Männer - Staffel G,12975,2,2,2,0,0,48,41,7,4,2.0,,handball.net
979,TSG Harsewinkel II,KÜS Ostwestfalenlippe,KÜS Ostwestfalenlippe,9,Bezirksliga / Kreisliga / Regionsliga,OWL Männer Bezirksliga Staffel 2,12672,1,3,3,0,0,78,68,10,6,2.0,,handball.net
980,HG Owschlag-Kropp-Tetenhusen,Handball-Erwachsene DER Kreishandballverbände IN Schleswig-Holstein,Handball-Erwachsene DER Kreishandballverbände IN Schleswig-Holstein,9,Bezirksliga / Kreisliga / Regionsliga,Kreisliga Männer - Staffel B,12970,5,1,1,0,0,35,32,3,2,2.0,,handball.net
981,SG Neuenkirchen/Varensell,KÜS Ostwestfalenlippe,KÜS Ostwestfalenlippe,9,Bezirksliga / Kreisliga / Regionsliga,OWL Männer Bezirksliga Staffel 2,12672,2,3,3,0,0,97,88,9,6,2.0,,handball.net
982,GHG Hahnheide,Handball-Erwachsene DER Kreishandballverbände IN Schleswig-Holstein,Handball-Erwachsene DER Kreishandballverbände IN Schleswig-Holstein,9,Bezirksliga / Kreisliga / Regionsliga,Kreisliga Männer - Staffel G,12975,6,1,1,0,0,31,28,3,2,2.0,,handball.net
983,TV Nieder-Olm 3,Handballverband Rheinhessen-Pfalz,Handballverband Rheinhessen-Pfalz,9,Bezirksliga / Kreisliga / Regionsliga,M-BZL 1,12486,2,4,4,0,0,120,108,12,8,2.0,,handball.net
984,VfL Brambauer 1925 e.V.,Handballkreis Hellweg,Handballkreis Hellweg,9,Bezirksliga / Kreisliga / Regionsliga,Männer Kreisliga HKH,12689,3,1,1,0,0,27,24,3,2,2.0,,handball.net
985,TSV Hürup III,Handball-Erwachsene DER Kreishandballverbände IN Schleswig-Holstein,Handball-Erwachsene DER Kreishandballverbände IN Schleswig-Holstein,9,Bezirksliga / Kreisliga / Regionsliga,Kreisliga Männer - Staffel A,12969,1,3,3,0,0,79,71,8,6,2.0,,handball.net
986,Gürzenicher TV,HK Aachen-Düren,HK Aachen-Düren,9,Bezirksliga / Kreisliga / Regionsliga,Regionsliga,14819,3,1,1,0,0,32,30,2,2,2.0,,handball.net
987,DJK SG Tackenberg,HK Rhein-Ruhr,HK Rhein-Ruhr,9,Bezirksliga / Kreisliga / Regionsliga,REGIONSLIGA MÄNNER,13017,2,2,2,0,0,54,50,4,4,2.0,,handball.net
988,TSV Schloss Neuhaus 2,Handballkreis Lippe,Handballkreis Lippe,9,Bezirksliga / Kreisliga / Regionsliga,HBKLIP Kreisliga Männer,13126,4,2,2,0,0,54,50,4,4,2.0,,handball.net
989,HSV Rhein-Nette III,Rhein/Westerwald,Rhein/Westerwald,9,Bezirksliga / Kreisliga / Regionsliga,Bezirksliga Männer Rhein/Westerwald,15020,2,1,1,0,0,25,23,2,2,2.0,,handball.net
990,DJK Styrum 06,HK Rhein-Ruhr,HK Rhein-Ruhr,9,Bezirksliga / Kreisliga / Regionsliga,REGIONSLIGA MÄNNER,13017,6,1,1,0,0,24,22,2,2,2.0,,handball.net
991,TV Borken II,HK Wesel,HK Wesel,9,Bezirksliga / Kreisliga / Regionsliga,Regionsliga Männer · HK Wesel,13065,2,1,1,0,0,21,19,2,2,2.0,,handball.net
992,SG Ruhrtal H2,Handballkreis Iserlohn-Arnsberg,Handballkreis Iserlohn-Arnsberg,9,Bezirksliga / Kreisliga / Regionsliga,HKISAR Kreisliga MÄNNER,15069,5,1,1,0,0,2,0,2,2,2.0,,handball.net
993,Moorreger SV,Hamburger Handballverband,Hamburger Handballverband,9,Bezirksliga / Kreisliga / Regionsliga,Kreisliga Männer Gruppe 1 (141),13440,2,2,2,0,0,57,54,3,4,2.0,,handball.net
994,TUS Kaisersesch,Rhein/Westerwald,Rhein/Westerwald,9,Bezirksliga / Kreisliga / Regionsliga,Bezirksliga Männer Rhein/Westerwald,15020,3,1,1,0,0,38,37,1,2,2.0,,handball.net
995,TV Boisheim,HK Krefeld-Grenzland,HK Krefeld-Grenzland,9,Bezirksliga / Kreisliga / Regionsliga,BL Männer,15675,7,1,1,0,0,28,27,1,2,2.0,,handball.net
996,2. Herren,Handballkreis Hellweg,Handballkreis Hellweg,9,Bezirksliga / Kreisliga / Regionsliga,Männer Kreisliga HKH,12689,4,1,1,0,0,24,23,1,2,2.0,,handball.net
997,TV Voerde,HK Wesel,HK Wesel,9,Bezirksliga / Kreisliga / Regionsliga,Regionsliga Männer · HK Wesel,13065,3,1,1,0,0,24,23,1,2,2.0,,handball.net
998,TSV Bargteheide,Handball-Erwachsene DER Kreishandballverbände IN Schleswig-Holstein,Handball-Erwachsene DER Kreishandballverbände IN Schleswig-Holstein,9,Bezirksliga / Kreisliga / Regionsliga,Kreisliga Männer - Staffel G,12975,7,1,1,0,0,23,22,1,2,2.0,,handball.net
999,TUS Wiebelskirchen,Handballverband SAAR,Handballverband SAAR,9,Bezirksliga / Kreisliga / Regionsliga,Bezirksliga Männer,14382,1,4,3,1,0,132,106,26,7,1.75,,handball.net
1000,THW KIEL III,Handball-Erwachsene DER Kreishandballverbände IN Schleswig-Holstein,Handball-Erwachsene DER Kreishandballverbände IN Schleswig-Holstein,9,Bezirksliga / Kreisliga / Regionsliga,Kreisliga Männer - Staffel C,12971,2,3,2,1,0,91,71,20,5,1.67,,handball.net
1001,Husen-Kurl 1. Männer,Handballkreis Dortmund,Handballkreis Dortmund,9,Bezirksliga / Kreisliga / Regionsliga,HKDO-KL-M,12777,2,3,2,1,0,78,63,15,5,1.67,,handball.net
1002,SG Wilhelmsburg II,Hamburger Handballverband,Hamburger Handballverband,9,Bezirksliga / Kreisliga / Regionsliga,Kreisliga Männer Gruppe 2 (142),13442,2,3,2,1,0,97,84,13,5,1.67,,handball.net
1003,FT Adler KIEL,Handball-Erwachsene DER Kreishandballverbände IN Schleswig-Holstein,Handball-Erwachsene DER Kreishandballverbände IN Schleswig-Holstein,9,Bezirksliga / Kreisliga / Regionsliga,Kreisliga Männer - Staffel C,12971,3,3,2,1,0,93,86,7,5,1.67,,handball.net
1004,ATV Hückeswagen II,HK Essen,HK Essen,9,Bezirksliga / Kreisliga / Regionsliga,Regionsliga Männer Süd,14914,1,3,2,1,0,84,77,7,5,1.67,,handball.net
1005,HSG Schülp/Westerrönfeld/Rendsburg III,Handball-Erwachsene DER Kreishandballverbände IN Schleswig-Holstein,Handball-Erwachsene DER Kreishandballverbände IN Schleswig-Holstein,9,Bezirksliga / Kreisliga / Regionsliga,Kreisliga Männer - Staffel B,12970,1,3,2,1,0,84,77,7,5,1.67,,handball.net
1006,HR Göllheim/Eisenberg/Asselheim/Kindenheim 2,Handballverband Rheinhessen-Pfalz,Handballverband Rheinhessen-Pfalz,9,Bezirksliga / Kreisliga / Regionsliga,M-BZL 2,12487,1,5,4,0,1,138,122,16,8,1.6,,handball.net
1007,HSG Dudenhofen/Schifferstadt 3,Handballverband Rheinhessen-Pfalz,Handballverband Rheinhessen-Pfalz,9,Bezirksliga / Kreisliga / Regionsliga,M-BZL 2,12487,2,5,4,0,1,153,139,14,8,1.6,,handball.net
1008,SV BOUS,Handballverband SAAR,Handballverband SAAR,9,Bezirksliga / Kreisliga / Regionsliga,Bezirksliga Männer,14382,2,4,3,0,1,127,84,43,6,1.5,,handball.net
1009,HC Gonsenheim 2,Handballverband Rheinhessen-Pfalz,Handballverband Rheinhessen-Pfalz,9,Bezirksliga / Kreisliga / Regionsliga,M-BZL 1,12486,3,4,3,0,1,145,112,33,6,1.5,,handball.net
1010,HSG Ohlau,Handball-Erwachsene DER Kreishandballverbände IN Schleswig-Holstein,Handball-Erwachsene DER Kreishandballverbände IN Schleswig-Holstein,9,Bezirksliga / Kreisliga / Regionsliga,Kreisliga Männer - Staffel E,12973,4,2,1,1,0,61,47,14,3,1.5,,handball.net
1011,SV LOK LEIPZIG-Mitte II,HR Leipzig,HR Leipzig,9,Bezirksliga / Kreisliga / Regionsliga,RL Männer,13116,1,4,3,0,1,126,100,26,6,1.5,,handball.net
1012,TV 03 Wörth 2,Handballverband Rheinhessen-Pfalz,Handballverband Rheinhessen-Pfalz,9,Bezirksliga / Kreisliga / Regionsliga,M-BZL 2,12487,3,4,3,0,1,120,95,25,6,1.5,,handball.net
1013,TSG 1861 Taucha,HR Leipzig,HR Leipzig,9,Bezirksliga / Kreisliga / Regionsliga,RL Männer,13116,2,4,3,0,1,120,96,24,6,1.5,,handball.net
1014,HSG 24109 II,Handball-Erwachsene DER Kreishandballverbände IN Schleswig-Holstein,Handball-Erwachsene DER Kreishandballverbände IN Schleswig-Holstein,9,Bezirksliga / Kreisliga / Regionsliga,Kreisliga Männer - Staffel C,12971,1,4,3,0,1,133,111,22,6,1.5,,handball.net
1015,ASV Süchteln 2M,HK Krefeld-Grenzland,HK Krefeld-Grenzland,9,Bezirksliga / Kreisliga / Regionsliga,BL Männer,15675,4,2,1,1,0,62,53,9,3,1.5,,handball.net
1016,Koweg Görlitz III,HR Ostsachsen,HR Ostsachsen,9,Bezirksliga / Kreisliga / Regionsliga,RL Männer · HR Ostsachsen,13110,6,2,1,1,0,56,47,9,3,1.5,,handball.net
1017,TV Offenbach 3,Handballverband Rheinhessen-Pfalz,Handballverband Rheinhessen-Pfalz,9,Bezirksliga / Kreisliga / Regionsliga,M-BZL 2,12487,4,4,3,0,1,106,89,17,6,1.5,,handball.net
1018,HSG Refrath/Hand IV,HK Köln-Rheinberg,HK Köln-Rheinberg,9,Bezirksliga / Kreisliga / Regionsliga,Regionsliga Männer · HK Köln-Rheinberg,12889,3,2,1,1,0,53,46,7,3,1.5,,handball.net
1019,Rotation Borstendorf,HR Südwestsachsen,HR Südwestsachsen,9,Bezirksliga / Kreisliga / Regionsliga,RL Männer · HR Südwestsachsen,13096,7,2,1,1,0,53,47,6,3,1.5,,handball.net
1020,Falken 2 (m),Handballverband SAAR,Handballverband SAAR,9,Bezirksliga / Kreisliga / Regionsliga,Bezirksliga Männer,14382,4,4,3,0,1,100,88,12,6,1.5,,handball.net
1021,DJK Oespel-Kley Herren 2,Handballkreis Dortmund,Handballkreis Dortmund,9,Bezirksliga / Kreisliga / Regionsliga,HKDO-KL-M,12777,3,2,1,1,0,41,35,6,3,1.5,,handball.net
1022,"HC ""leipziger City""",HR Leipzig,HR Leipzig,9,Bezirksliga / Kreisliga / Regionsliga,RL Männer,13116,3,4,3,0,1,125,114,11,6,1.5,,handball.net
1023,OHC Bernstadt II,HR Ostsachsen,HR Ostsachsen,9,Bezirksliga / Kreisliga / Regionsliga,RL Männer · HR Ostsachsen,13110,2,4,3,0,1,114,103,11,6,1.5,,handball.net
1024,SG Handball Neumünster II,Handball-Erwachsene DER Kreishandballverbände IN Schleswig-Holstein,Handball-Erwachsene DER Kreishandballverbände IN Schleswig-Holstein,9,Bezirksliga / Kreisliga / Regionsliga,Kreisliga Männer - Staffel D,12972,2,2,1,1,0,56,51,5,3,1.5,,handball.net
1025,HSV Wegberg,HK Krefeld-Grenzland,HK Krefeld-Grenzland,9,Bezirksliga / Kreisliga / Regionsliga,BL Männer,15675,5,2,1,1,0,62,58,4,3,1.5,,handball.net
1026,SG Glinde/Reinbek,Handball-Erwachsene DER Kreishandballverbände IN Schleswig-Holstein,Handball-Erwachsene DER Kreishandballverbände IN Schleswig-Holstein,9,Bezirksliga / Kreisliga / Regionsliga,Kreisliga Männer - Staffel G,12975,4,2,1,1,0,64,63,1,3,1.5,,handball.net
1027,Turnerb. Oberhausen II,HK Rhein-Ruhr,HK Rhein-Ruhr,9,Bezirksliga / Kreisliga / Regionsliga,REGIONSLIGA MÄNNER,13017,3,2,1,1,0,57,56,1,3,1.5,,handball.net
1028,HSG DJK Rauxel-Schwerin E.V.,Handballkreis Industrie,Handballkreis Industrie,9,Bezirksliga / Kreisliga / Regionsliga,HKI-M-Kreisliga,12710,2,3,2,0,1,113,84,29,4,1.33,,handball.net
1029,HSG Eider Harde IV,Handball-Erwachsene DER Kreishandballverbände IN Schleswig-Holstein,Handball-Erwachsene DER Kreishandballverbände IN Schleswig-Holstein,9,Bezirksliga / Kreisliga / Regionsliga,Kreisliga Männer - Staffel B,12970,2,3,2,0,1,99,72,27,4,1.33,,handball.net
1030,SG Unterrath 2m,HK Essen,HK Essen,9,Bezirksliga / Kreisliga / Regionsliga,Regionsliga Männer Süd,14914,2,3,2,0,1,92,66,26,4,1.33,,handball.net
1031,ETB SW Essen II,HK Essen,HK Essen,9,Bezirksliga / Kreisliga / Regionsliga,Regionsliga Männer Nord,16078,2,3,2,0,1,108,90,18,4,1.33,,handball.net
1032,TSV 1862 Radeburg II,HR Sachsen-Mitte,HR Sachsen-Mitte,9,Bezirksliga / Kreisliga / Regionsliga,RL Männer · HR Sachsen-Mitte,13103,3,3,2,0,1,85,68,17,4,1.33,,handball.net
1033,HC Ennepetal,Handballkreis Hagen/Ennepe-Ruhr,Handballkreis Hagen/Ennepe-Ruhr,9,Bezirksliga / Kreisliga / Regionsliga,MÄNNER KREISLIGA HKHR,13011,3,3,2,0,1,104,88,16,4,1.33,,handball.net
1034,TuS Müssen-Billinghausen 2,KÜS Ostwestfalenlippe,KÜS Ostwestfalenlippe,9,Bezirksliga / Kreisliga / Regionsliga,OWL Männer Bezirksliga Staffel 2,12672,4,3,2,0,1,87,74,13,4,1.33,,handball.net
1035,Wölfe Voreifel IV,HK Bonn-Euskirchen-Sieg,HK Bonn-Euskirchen-Sieg,9,Bezirksliga / Kreisliga / Regionsliga,Kreisliga Männer,12897,1,3,2,0,1,83,71,12,4,1.33,,handball.net
1036,HSG Beste Trave,Handball-Erwachsene DER Kreishandballverbände IN Schleswig-Holstein,Handball-Erwachsene DER Kreishandballverbände IN Schleswig-Holstein,9,Bezirksliga / Kreisliga / Regionsliga,Kreisliga Männer - Staffel G,12975,1,3,2,0,1,81,72,9,4,1.33,,handball.net
1037,TSV Oelsnitz,HR Südwestsachsen,HR Südwestsachsen,9,Bezirksliga / Kreisliga / Regionsliga,RL Männer · HR Südwestsachsen,13096,3,3,2,0,1,70,62,8,4,1.33,,handball.net
1038,SG Pirna/Heidenau III,HR Sachsen-Mitte,HR Sachsen-Mitte,9,Bezirksliga / Kreisliga / Regionsliga,RL Männer · HR Sachsen-Mitte,13103,5,3,2,0,1,82,76,6,4,1.33,,handball.net
1039,TSV Markkleeberg,HR Leipzig,HR Leipzig,9,Bezirksliga / Kreisliga / Regionsliga,RL Männer,13116,5,3,2,0,1,81,77,4,4,1.33,,handball.net
1040,Sachsen 90 Werdau,HR Südwestsachsen,HR Südwestsachsen,9,Bezirksliga / Kreisliga / Regionsliga,RL Männer · HR Südwestsachsen,13096,5,3,2,0,1,90,87,3,4,1.33,,handball.net
1041,TUSPO Meißen,KÜS Ostwestfalenlippe,KÜS Ostwestfalenlippe,9,Bezirksliga / Kreisliga / Regionsliga,OWL Männer Bezirksliga Staffel 1,12671,5,3,2,0,1,89,86,3,4,1.33,,handball.net
1042,VFL Eintracht Mettingen,Handballkreis Münsterland,Handballkreis Münsterland,9,Bezirksliga / Kreisliga / Regionsliga,Kreisliga Münsterland Männer,13227,4,3,2,0,1,88,85,3,4,1.33,,handball.net
1043,SG LiDa 1.Männer,Handballkreis Industrie,Handballkreis Industrie,9,Bezirksliga / Kreisliga / Regionsliga,HKI-M-Kreisliga,12710,4,3,2,0,1,84,82,2,4,1.33,,handball.net
1044,DIE HAIE I HSG Horst/Kiebitzreihe III,Handball-Erwachsene DER Kreishandballverbände IN Schleswig-Holstein,Handball-Erwachsene DER Kreishandballverbände IN Schleswig-Holstein,9,Bezirksliga / Kreisliga / Regionsliga,Kreisliga Männer - Staffel E,12973,3,3,2,0,1,79,77,2,4,1.33,,handball.net
1045,SF Budenheim 3,Handballverband Rheinhessen-Pfalz,Handballverband Rheinhessen-Pfalz,9,Bezirksliga / Kreisliga / Regionsliga,M-BZL 1,12486,5,3,2,0,1,99,98,1,4,1.33,,handball.net
1046,HSV Sobernheim 2,Handballverband Rheinhessen-Pfalz,Handballverband Rheinhessen-Pfalz,9,Bezirksliga / Kreisliga / Regionsliga,M-BZL 1,12486,6,3,2,0,1,97,96,1,4,1.33,,handball.net
1047,Union Chemnitz II,HR Südwestsachsen,HR Südwestsachsen,9,Bezirksliga / Kreisliga / Regionsliga,RL Männer · HR Südwestsachsen,13096,6,3,2,0,1,83,82,1,4,1.33,,handball.net
1048,HSG Eckbachtal 3,Handballverband Rheinhessen-Pfalz,Handballverband Rheinhessen-Pfalz,9,Bezirksliga / Kreisliga / Regionsliga,M-BZL 2,12487,6,3,2,0,1,83,84,-1,4,1.33,,handball.net
1049,HSG Hüllhorst,KÜS Ostwestfalenlippe,KÜS Ostwestfalenlippe,9,Bezirksliga / Kreisliga / Regionsliga,OWL Männer Bezirksliga Staffel 1,12671,6,3,2,0,1,75,76,-1,4,1.33,,handball.net
1050,SG Handball Detmold,KÜS Ostwestfalenlippe,KÜS Ostwestfalenlippe,9,Bezirksliga / Kreisliga / Regionsliga,OWL Männer Bezirksliga Staffel 2,12672,5,3,2,0,1,99,101,-2,4,1.33,,handball.net
1051,Luchse Düsseldorf 2M,HK Essen,HK Essen,9,Bezirksliga / Kreisliga / Regionsliga,Regionsliga Männer Süd,14914,4,3,2,0,1,75,77,-2,4,1.33,,handball.net
1052,SGS Augustdorf-Hövelhof,KÜS Ostwestfalenlippe,KÜS Ostwestfalenlippe,9,Bezirksliga / Kreisliga / Regionsliga,OWL Männer Bezirksliga Staffel 2,12672,6,3,2,0,1,72,74,-2,4,1.33,,handball.net
1053,Bornaer HV 09,HR Leipzig,HR Leipzig,9,Bezirksliga / Kreisliga / Regionsliga,RL Männer,13116,6,3,2,0,1,114,117,-3,4,1.33,,handball.net
1054,VFL Bochum 1848 Handball E.V.,Handballkreis Industrie,Handballkreis Industrie,9,Bezirksliga / Kreisliga / Regionsliga,HKI-M-Kreisliga,12710,5,3,2,0,1,78,81,-3,4,1.33,,handball.net
1055,TUS SW WEHE 2,Handballkreis Minden-Lübbecke,Handballkreis Minden-Lübbecke,9,Bezirksliga / Kreisliga / Regionsliga,HBKML Männer Kreisliga,13016,4,3,2,0,1,68,71,-3,4,1.33,,handball.net
1056,Union 92 Halle II,Handballkreis Gütersloh,Handballkreis Gütersloh,9,Bezirksliga / Kreisliga / Regionsliga,HBKGT Männer Kreisliga,12456,3,3,2,0,1,65,80,-15,4,1.33,,handball.net
1057,OSV Zittau,HR Ostsachsen,HR Ostsachsen,9,Bezirksliga / Kreisliga / Regionsliga,RL Männer · HR Ostsachsen,13110,3,4,2,1,1,129,108,21,5,1.25,,handball.net
1058,HSG Sachsenring,HR Südwestsachsen,HR Südwestsachsen,9,Bezirksliga / Kreisliga / Regionsliga,RL Männer · HR Südwestsachsen,13096,2,4,2,1,1,128,120,8,5,1.25,,handball.net
1059,Leipziger SV Südwest,HR Leipzig,HR Leipzig,9,Bezirksliga / Kreisliga / Regionsliga,RL Männer,13116,4,4,2,1,1,124,117,7,5,1.25,,handball.net
1060,HF Illtal 3,Handballverband SAAR,Handballverband SAAR,9,Bezirksliga / Kreisliga / Regionsliga,Bezirksliga Männer,14382,5,4,2,1,1,111,111,0,5,1.25,,handball.net
1061,TSG Mz-Bretzenheim 3,Handballverband Rheinhessen-Pfalz,Handballverband Rheinhessen-Pfalz,9,Bezirksliga / Kreisliga / Regionsliga,M-BZL 1,12486,4,5,3,0,2,153,138,15,6,1.2,,handball.net
1062,SV Spexard,Handballkreis Gütersloh,Handballkreis Gütersloh,9,Bezirksliga / Kreisliga / Regionsliga,HBKGT Männer Kreisliga,12456,4,2,1,0,1,56,40,16,2,1.0,,handball.net
1063,TVE Röcke,Handballkreis Minden-Lübbecke,Handballkreis Minden-Lübbecke,9,Bezirksliga / Kreisliga / Regionsliga,HBKML Männer Kreisliga,13016,5,2,1,0,1,58,43,15,2,1.0,,handball.net
1064,HSG Nordau II,Handball-Erwachsene DER Kreishandballverbände IN Schleswig-Holstein,Handball-Erwachsene DER Kreishandballverbände IN Schleswig-Holstein,9,Bezirksliga / Kreisliga / Regionsliga,Kreisliga Männer - Staffel A,12969,2,2,1,0,1,57,42,15,2,1.0,,handball.net
1065,SG TURA Halden Herbeck 2,Handballkreis Hagen/Ennepe-Ruhr,Handballkreis Hagen/Ennepe-Ruhr,9,Bezirksliga / Kreisliga / Regionsliga,MÄNNER KREISLIGA HKHR,13011,4,2,1,0,1,72,60,12,2,1.0,,handball.net
1066,Letmather TV H2,Handballkreis Iserlohn-Arnsberg,Handballkreis Iserlohn-Arnsberg,9,Bezirksliga / Kreisliga / Regionsliga,HKISAR Kreisliga MÄNNER,15069,3,2,1,0,1,62,50,12,2,1.0,,handball.net
1067,TUS Möllbergen 2,KÜS Ostwestfalenlippe,KÜS Ostwestfalenlippe,9,Bezirksliga / Kreisliga / Regionsliga,OWL Männer Bezirksliga Staffel 1,12671,7,2,1,0,1,65,54,11,2,1.0,,handball.net
1068,ETUS Wedau,HK Rhein-Ruhr,HK Rhein-Ruhr,9,Bezirksliga / Kreisliga / Regionsliga,REGIONSLIGA MÄNNER,13017,4,2,1,0,1,59,48,11,2,1.0,,handball.net
1069,HSG Kremperheide/Münsterdorf III,Handball-Erwachsene DER Kreishandballverbände IN Schleswig-Holstein,Handball-Erwachsene DER Kreishandballverbände IN Schleswig-Holstein,9,Bezirksliga / Kreisliga / Regionsliga,Kreisliga Männer - Staffel E,12973,6,2,1,0,1,73,63,10,2,1.0,,handball.net
1070,Lauenburger SV,Handball-Erwachsene DER Kreishandballverbände IN Schleswig-Holstein,Handball-Erwachsene DER Kreishandballverbände IN Schleswig-Holstein,9,Bezirksliga / Kreisliga / Regionsliga,Kreisliga Männer - Staffel G,12975,3,3,1,1,1,90,77,13,3,1.0,,handball.net
1071,TH Eilbeck VI,Hamburger Handballverband,Hamburger Handballverband,9,Bezirksliga / Kreisliga / Regionsliga,Kreisliga Männer Gruppe 2 (142),13442,4,3,1,1,1,98,89,9,3,1.0,,handball.net
1072,Turnerkreis Nippes 2. Herren,HK Köln-Rheinberg,HK Köln-Rheinberg,9,Bezirksliga / Kreisliga / Regionsliga,Regionsliga Männer · HK Köln-Rheinberg,12889,4,2,1,0,1,57,51,6,2,1.0,,handball.net
1073,BSV Roxel,Handballkreis Münsterland,Handballkreis Münsterland,9,Bezirksliga / Kreisliga / Regionsliga,Kreisliga Münsterland Männer,13227,5,2,1,0,1,68,63,5,2,1.0,,handball.net
1074,SSG Wuppertal/Hsv Wuppertal II,HK Essen,HK Essen,9,Bezirksliga / Kreisliga / Regionsliga,Regionsliga Männer Süd,14914,5,2,1,0,1,63,58,5,2,1.0,,handball.net
1075,MTV Heide,Handball-Erwachsene DER Kreishandballverbände IN Schleswig-Holstein,Handball-Erwachsene DER Kreishandballverbände IN Schleswig-Holstein,9,Bezirksliga / Kreisliga / Regionsliga,Kreisliga Männer - Staffel B,12970,4,2,1,0,1,48,43,5,2,1.0,,handball.net
1076,TuSEM Essen III,HK Essen,HK Essen,9,Bezirksliga / Kreisliga / Regionsliga,Regionsliga Männer Nord,16078,4,3,1,1,1,87,80,7,3,1.0,,handball.net
1077,SF Puderbach 09,Rhein/Westerwald,Rhein/Westerwald,9,Bezirksliga / Kreisliga / Regionsliga,Bezirksliga Männer Rhein/Westerwald,15020,1,2,1,0,1,61,57,4,2,1.0,,handball.net
1078,Walddörfer SV II,Hamburger Handballverband,Hamburger Handballverband,9,Bezirksliga / Kreisliga / Regionsliga,Kreisliga Männer Gruppe 2 (142),13442,5,2,1,0,1,61,57,4,2,1.0,,handball.net
1079,tus Berne,Hamburger Handballverband,Hamburger Handballverband,9,Bezirksliga / Kreisliga / Regionsliga,Kreisliga Männer Gruppe 2 (142),13442,6,2,1,0,1,60,56,4,2,1.0,,handball.net
1080,HSG Mertesdorf-Ruwertal II,Mosel/Eifel-Nahe/Hunsrück,Mosel/Eifel-Nahe/Hunsrück,9,Bezirksliga / Kreisliga / Regionsliga,Bezirksliga Männer Mosel/Eifel-Nahe/Hunsrück,14548,2,2,1,0,1,55,51,4,2,1.0,,handball.net
1081,VfL Gladbeck 1921 e.V. III,Handballkreis Industrie,Handballkreis Industrie,9,Bezirksliga / Kreisliga / Regionsliga,HKI-M-Kreisliga,12710,7,2,1,0,1,55,51,4,2,1.0,,handball.net
1082,Herzebrocker SV,Handballkreis Gütersloh,Handballkreis Gütersloh,9,Bezirksliga / Kreisliga / Regionsliga,HBKGT Männer Kreisliga,12456,6,2,1,0,1,57,54,3,2,1.0,,handball.net
1083,SC Victoria II,Hamburger Handballverband,Hamburger Handballverband,9,Bezirksliga / Kreisliga / Regionsliga,Kreisliga Männer Gruppe 1 (141),13440,5,2,1,0,1,57,54,3,2,1.0,,handball.net
1084,FC St. Pauli VI,Hamburger Handballverband,Hamburger Handballverband,9,Bezirksliga / Kreisliga / Regionsliga,Kreisliga Männer Gruppe 1 (141),13440,6,2,1,0,1,65,63,2,2,1.0,,handball.net
1085,SV Schermbeck II,HK Wesel,HK Wesel,9,Bezirksliga / Kreisliga / Regionsliga,Regionsliga Männer · HK Wesel,13065,1,2,1,0,1,54,52,2,2,1.0,,handball.net
1086,SG Zschopautal,HR Südwestsachsen,HR Südwestsachsen,9,Bezirksliga / Kreisliga / Regionsliga,RL Männer · HR Südwestsachsen,13096,4,4,2,0,2,109,106,3,4,1.0,,handball.net
1087,HSG Petershagen/Lahde 2,Handballkreis Minden-Lübbecke,Handballkreis Minden-Lübbecke,9,Bezirksliga / Kreisliga / Regionsliga,HBKML Männer Kreisliga,13016,8,2,1,0,1,61,60,1,2,1.0,,handball.net
1088,HSG Schwerte Westhofen 1.H,Handballkreis Iserlohn-Arnsberg,Handballkreis Iserlohn-Arnsberg,9,Bezirksliga / Kreisliga / Regionsliga,HKISAR Kreisliga MÄNNER,15069,6,2,1,0,1,59,58,1,2,1.0,,handball.net
1089,DJK Adler 07 Bottrop,HK Rhein-Ruhr,HK Rhein-Ruhr,9,Bezirksliga / Kreisliga / Regionsliga,REGIONSLIGA MÄNNER,13017,7,2,1,0,1,44,43,1,2,1.0,,handball.net
1090,HSG Siegerland II,Handballkreis Lenne-Sieg,Handballkreis Lenne-Sieg,9,Bezirksliga / Kreisliga / Regionsliga,Kreisliga B Süd,13094,3,1,0,1,0,31,31,0,1,1.0,,handball.net
1091,SG Attendorn Ennest E.V. II,Handballkreis Lenne-Sieg,Handballkreis Lenne-Sieg,9,Bezirksliga / Kreisliga / Regionsliga,Kreisliga B Süd,13094,4,1,0,1,0,31,31,0,1,1.0,,handball.net
1092,DJK Ewaldi Aplerbeck H1,Handballkreis Dortmund,Handballkreis Dortmund,9,Bezirksliga / Kreisliga / Regionsliga,HKDO-KL-M,12777,7,1,0,1,0,30,30,0,1,1.0,,handball.net
1093,TV DAHN Herren,Handballverband Rheinhessen-Pfalz,Handballverband Rheinhessen-Pfalz,9,Bezirksliga / Kreisliga / Regionsliga,M-BZL 2,12487,5,4,2,0,2,113,113,0,4,1.0,,handball.net
1094,Alstadener TUS III,HK Rhein-Ruhr,HK Rhein-Ruhr,9,Bezirksliga / Kreisliga / Regionsliga,REGIONSLIGA MÄNNER,13017,8,1,0,1,0,28,28,0,1,1.0,,handball.net
1095,MTV Ahrensbök II,Handball-Erwachsene DER Kreishandballverbände IN Schleswig-Holstein,Handball-Erwachsene DER Kreishandballverbände IN Schleswig-Holstein,9,Bezirksliga / Kreisliga / Regionsliga,Kreisliga Männer - Staffel F,12974,5,1,0,1,0,26,26,0,1,1.0,,handball.net
1096,Spvgg Lülsdorf-Ranzel,HK Köln-Rheinberg,HK Köln-Rheinberg,9,Bezirksliga / Kreisliga / Regionsliga,Regionsliga Männer · HK Köln-Rheinberg,12889,7,1,0,1,0,26,26,0,1,1.0,,handball.net
1097,HCE Bergkamen 2.H,Handballkreis Hellweg,Handballkreis Hellweg,9,Bezirksliga / Kreisliga / Regionsliga,Männer Kreisliga HKH,12689,5,2,1,0,1,51,51,0,2,1.0,,handball.net
1098,SC Fortuna Wellsee,Handball-Erwachsene DER Kreishandballverbände IN Schleswig-Holstein,Handball-Erwachsene DER Kreishandballverbände IN Schleswig-Holstein,9,Bezirksliga / Kreisliga / Regionsliga,Kreisliga Männer - Staffel D,12972,5,1,0,1,0,25,25,0,1,1.0,,handball.net
1099,TUS Linscheid-Heedfeld 1914 E.V.,Handballkreis Lenne-Sieg,Handballkreis Lenne-Sieg,9,Bezirksliga / Kreisliga / Regionsliga,Kreisliga B Nord,13093,3,1,0,1,0,25,25,0,1,1.0,,handball.net
1100,SC Fortuna Köln III,HK Köln-Rheinberg,HK Köln-Rheinberg,9,Bezirksliga / Kreisliga / Regionsliga,Regionsliga Männer · HK Köln-Rheinberg,12889,8,1,0,1,0,22,22,0,1,1.0,,handball.net
1101,SG DJK A09/Phönix Essen II,HK Essen,HK Essen,9,Bezirksliga / Kreisliga / Regionsliga,Regionsliga Männer Nord,16078,8,1,0,1,0,22,22,0,1,1.0,,handball.net
1102,SG Handball Neumünster III,Handball-Erwachsene DER Kreishandballverbände IN Schleswig-Holstein,Handball-Erwachsene DER Kreishandballverbände IN Schleswig-Holstein,9,Bezirksliga / Kreisliga / Regionsliga,Kreisliga Männer - Staffel E,12973,5,3,1,1,1,86,87,-1,3,1.0,,handball.net
1103,HC Dillingen-Diefflen 2,Handballverband SAAR,Handballverband SAAR,9,Bezirksliga / Kreisliga / Regionsliga,Bezirksliga Männer,14382,7,2,1,0,1,63,64,-1,2,1.0,,handball.net
1104,TV VERL II,Handballkreis Gütersloh,Handballkreis Gütersloh,9,Bezirksliga / Kreisliga / Regionsliga,HBKGT Männer Kreisliga,12456,7,2,1,0,1,50,51,-1,2,1.0,,handball.net
1105,HF Untere Saar 3,Handballverband SAAR,Handballverband SAAR,9,Bezirksliga / Kreisliga / Regionsliga,Bezirksliga Männer,14382,6,4,2,0,2,98,100,-2,4,1.0,,handball.net
1106,TV Horn-Bad Meinberg,Handballkreis Lippe,Handballkreis Lippe,9,Bezirksliga / Kreisliga / Regionsliga,HBKLIP Kreisliga Männer,13126,6,2,1,0,1,43,44,-1,2,1.0,,handball.net
1107,TSG Schüren,Handballkreis Dortmund,Handballkreis Dortmund,9,Bezirksliga / Kreisliga / Regionsliga,HKDO-KL-M,12777,4,3,1,1,1,91,93,-2,3,1.0,,handball.net
1108,TSV Büsum II,Handball-Erwachsene DER Kreishandballverbände IN Schleswig-Holstein,Handball-Erwachsene DER Kreishandballverbände IN Schleswig-Holstein,9,Bezirksliga / Kreisliga / Regionsliga,Kreisliga Männer - Staffel B,12970,3,3,1,1,1,90,92,-2,3,1.0,,handball.net
1109,Surendorfer TS,Handball-Erwachsene DER Kreishandballverbände IN Schleswig-Holstein,Handball-Erwachsene DER Kreishandballverbände IN Schleswig-Holstein,9,Bezirksliga / Kreisliga / Regionsliga,Kreisliga Männer - Staffel C,12971,5,2,1,0,1,61,63,-2,2,1.0,,handball.net
1110,HC Cologne Kangaroos,HK Köln-Rheinberg,HK Köln-Rheinberg,9,Bezirksliga / Kreisliga / Regionsliga,Regionsliga Männer · HK Köln-Rheinberg,12889,6,2,1,0,1,56,58,-2,2,1.0,,handball.net
1111,TSV Feytal,HK Bonn-Euskirchen-Sieg,HK Bonn-Euskirchen-Sieg,9,Bezirksliga / Kreisliga / Regionsliga,Kreisliga Männer,12897,5,2,1,0,1,55,57,-2,2,1.0,,handball.net
1112,DJK Westfalia Hörde,Handballkreis Dortmund,Handballkreis Dortmund,9,Bezirksliga / Kreisliga / Regionsliga,HKDO-KL-M,12777,5,2,1,0,1,34,36,-2,2,1.0,,handball.net
1113,HBD Löwen Oberberg III,HK Oberberg,HK Oberberg,9,Bezirksliga / Kreisliga / Regionsliga,Regionsliga Männer,12960,4,2,1,0,1,25,27,-2,2,1.0,,handball.net
1114,SV Regis-Breitingen,HR Leipzig,HR Leipzig,9,Bezirksliga / Kreisliga / Regionsliga,RL Männer,13116,7,4,2,0,2,97,102,-5,4,1.0,,handball.net
1115,HC Annaberg-B.,HR Südwestsachsen,HR Südwestsachsen,9,Bezirksliga / Kreisliga / Regionsliga,RL Männer · HR Südwestsachsen,13096,10,2,1,0,1,64,67,-3,2,1.0,,handball.net
1116,TBSV Neugersdorf,HR Ostsachsen,HR Ostsachsen,9,Bezirksliga / Kreisliga / Regionsliga,RL Männer · HR Ostsachsen,13110,7,2,1,0,1,59,62,-3,2,1.0,,handball.net
1117,SG Handball Detmold 2,Handballkreis Lippe,Handballkreis Lippe,9,Bezirksliga / Kreisliga / Regionsliga,HBKLIP Kreisliga Männer,13126,7,2,1,0,1,55,58,-3,2,1.0,,handball.net
1118,TSV Hillentrup,Handballkreis Lippe,Handballkreis Lippe,9,Bezirksliga / Kreisliga / Regionsliga,HBKLIP Kreisliga Männer,13126,8,2,1,0,1,48,51,-3,2,1.0,,handball.net
1119,TV Asseln,Handballkreis Dortmund,Handballkreis Dortmund,9,Bezirksliga / Kreisliga / Regionsliga,HKDO-KL-M,12777,6,2,1,0,1,46,49,-3,2,1.0,,handball.net
1120,Eckernförder MTV,Handball-Erwachsene DER Kreishandballverbände IN Schleswig-Holstein,Handball-Erwachsene DER Kreishandballverbände IN Schleswig-Holstein,9,Bezirksliga / Kreisliga / Regionsliga,Kreisliga Männer - Staffel C,12971,6,2,1,0,1,32,35,-3,2,1.0,,handball.net
1121,HSV 1923 Pulsnitz III,HR Ostsachsen,HR Ostsachsen,9,Bezirksliga / Kreisliga / Regionsliga,RL Männer · HR Ostsachsen,13110,5,4,2,0,2,116,123,-7,4,1.0,,handball.net
1122,Niederbergischer HC II,HK Essen,HK Essen,9,Bezirksliga / Kreisliga / Regionsliga,Regionsliga Männer Nord,16078,5,2,1,0,1,57,61,-4,2,1.0,,handball.net
1123,SC Westfalia Kinderhaus II,Handballkreis Münsterland,Handballkreis Münsterland,9,Bezirksliga / Kreisliga / Regionsliga,Kreisliga Münsterland Männer,13227,7,2,1,0,1,54,58,-4,2,1.0,,handball.net
1124,DJK Eintracht Hiltrup,Handballkreis Münsterland,Handballkreis Münsterland,9,Bezirksliga / Kreisliga / Regionsliga,Kreisliga Münsterland Männer,13227,8,2,1,0,1,53,57,-4,2,1.0,,handball.net
1125,SG Handball Eidertal,Handball-Erwachsene DER Kreishandballverbände IN Schleswig-Holstein,Handball-Erwachsene DER Kreishandballverbände IN Schleswig-Holstein,9,Bezirksliga / Kreisliga / Regionsliga,Kreisliga Männer - Staffel D,12972,4,2,1,0,1,49,53,-4,2,1.0,,handball.net
1126,SG Iserlohn-Sümmern H1,Handballkreis Iserlohn-Arnsberg,Handballkreis Iserlohn-Arnsberg,9,Bezirksliga / Kreisliga / Regionsliga,HKISAR Kreisliga MÄNNER,15069,7,2,1,0,1,51,56,-5,2,1.0,,handball.net
1127,Lennestadt Würdinghausen,Handballkreis Lenne-Sieg,Handballkreis Lenne-Sieg,9,Bezirksliga / Kreisliga / Regionsliga,HKLesi Kreisliga A Männer,15898,5,2,1,0,1,58,64,-6,2,1.0,,handball.net
1128,TuS 97 Bielefeld/Jöllenbeck II,Handballkreis Bielefeld-Herford,Handballkreis Bielefeld-Herford,9,Bezirksliga / Kreisliga / Regionsliga,Männer Kreisliga Bielefeld-Herford,13295,4,2,1,0,1,57,63,-6,2,1.0,,handball.net
1129,TV Isselhorst III,Handballkreis Gütersloh,Handballkreis Gütersloh,9,Bezirksliga / Kreisliga / Regionsliga,HBKGT Männer Kreisliga,12456,8,2,1,0,1,57,64,-7,2,1.0,,handball.net
1130,SV Leisnig 90,HR Leipzig,HR Leipzig,9,Bezirksliga / Kreisliga / Regionsliga,RL Männer,13116,9,3,1,1,1,77,88,-11,3,1.0,,handball.net
1131,JAHN Bockum,HK Krefeld-Grenzland,HK Krefeld-Grenzland,9,Bezirksliga / Kreisliga / Regionsliga,BL Männer,15675,8,2,1,0,1,50,58,-8,2,1.0,,handball.net
1132,SC Kieler Förde II,Handball-Erwachsene DER Kreishandballverbände IN Schleswig-Holstein,Handball-Erwachsene DER Kreishandballverbände IN Schleswig-Holstein,9,Bezirksliga / Kreisliga / Regionsliga,Kreisliga Männer - Staffel D,12972,3,3,1,1,1,67,79,-12,3,1.0,,handball.net
1133,VFR Übach-Palenberg Handball E.V.,HK Aachen-Düren,HK Aachen-Düren,9,Bezirksliga / Kreisliga / Regionsliga,Regionsliga,14819,4,2,1,0,1,48,57,-9,2,1.0,,handball.net
1134,Spfr. Loxten III,Handballkreis Gütersloh,Handballkreis Gütersloh,9,Bezirksliga / Kreisliga / Regionsliga,HBKGT Männer Kreisliga,12456,9,2,1,0,1,44,56,-12,2,1.0,,handball.net
1135,TSV Westerland,Handball-Erwachsene DER Kreishandballverbände IN Schleswig-Holstein,Handball-Erwachsene DER Kreishandballverbände IN Schleswig-Holstein,9,Bezirksliga / Kreisliga / Regionsliga,Kreisliga Männer - Staffel A,12969,5,2,1,0,1,51,64,-13,2,1.0,,handball.net
1136,HSG Gevelsberg Silschede 3,Handballkreis Hagen/Ennepe-Ruhr,Handballkreis Hagen/Ennepe-Ruhr,9,Bezirksliga / Kreisliga / Regionsliga,MÄNNER KREISLIGA HKHR,13011,7,2,1,0,1,38,51,-13,2,1.0,,handball.net
1137,SV LOK Königsbrück,HR Ostsachsen,HR Ostsachsen,9,Bezirksliga / Kreisliga / Regionsliga,RL Männer · HR Ostsachsen,13110,4,5,2,0,3,148,150,-2,4,0.8,,handball.net
1138,HSG Landau/Land 3,Handballverband Rheinhessen-Pfalz,Handballverband Rheinhessen-Pfalz,9,Bezirksliga / Kreisliga / Regionsliga,M-BZL 2,12487,7,5,2,0,3,104,110,-6,4,0.8,,handball.net
1139,HSG Handball Lemgo 4,Handballkreis Lippe,Handballkreis Lippe,9,Bezirksliga / Kreisliga / Regionsliga,HBKLIP Kreisliga Männer,13126,5,4,1,1,2,74,68,6,3,0.75,,handball.net
1140,Rodewischer Hb-Wölfe,HR Südwestsachsen,HR Südwestsachsen,9,Bezirksliga / Kreisliga / Regionsliga,RL Männer · HR Südwestsachsen,13096,8,4,1,1,2,119,114,5,3,0.75,,handball.net
1141,SG Mogono Leipzig II,HR Leipzig,HR Leipzig,9,Bezirksliga / Kreisliga / Regionsliga,RL Männer,13116,8,4,1,1,2,146,152,-6,3,0.75,,handball.net
1142,Rotation Weissenborn II,HR Südwestsachsen,HR Südwestsachsen,9,Bezirksliga / Kreisliga / Regionsliga,RL Männer · HR Südwestsachsen,13096,9,4,1,1,2,97,106,-9,3,0.75,,handball.net
1143,Spvg. Versmold,KÜS Ostwestfalenlippe,KÜS Ostwestfalenlippe,9,Bezirksliga / Kreisliga / Regionsliga,OWL Männer Bezirksliga Staffel 2,12672,7,3,1,0,2,95,85,10,2,0.67,,handball.net
1144,HSG Handball Lemgo 3,KÜS Ostwestfalenlippe,KÜS Ostwestfalenlippe,9,Bezirksliga / Kreisliga / Regionsliga,OWL Männer Bezirksliga Staffel 1,12671,8,3,1,0,2,78,68,10,2,0.67,,handball.net
1145,HSG Rietberg-Mastholte,Handballkreis Gütersloh,Handballkreis Gütersloh,9,Bezirksliga / Kreisliga / Regionsliga,HBKGT Männer Kreisliga,12456,5,3,1,0,2,68,58,10,2,0.67,,handball.net
1146,ATSV Stockelsdorf II,Handball-Erwachsene DER Kreishandballverbände IN Schleswig-Holstein,Handball-Erwachsene DER Kreishandballverbände IN Schleswig-Holstein,9,Bezirksliga / Kreisliga / Regionsliga,Kreisliga Männer - Staffel G,12975,5,3,1,0,2,92,84,8,2,0.67,,handball.net
1147,RE Schwelm 1,Handballkreis Hagen/Ennepe-Ruhr,Handballkreis Hagen/Ennepe-Ruhr,9,Bezirksliga / Kreisliga / Regionsliga,MÄNNER KREISLIGA HKHR,13011,5,3,1,0,2,78,72,6,2,0.67,,handball.net
1148,TUS Eintracht Oberlübbe 2,Handballkreis Minden-Lübbecke,Handballkreis Minden-Lübbecke,9,Bezirksliga / Kreisliga / Regionsliga,HBKML Männer Kreisliga,13016,6,3,1,0,2,89,84,5,2,0.67,,handball.net
1149,HSG Altenbeken/Buke,KÜS Ostwestfalenlippe,KÜS Ostwestfalenlippe,9,Bezirksliga / Kreisliga / Regionsliga,OWL Männer Bezirksliga Staffel 2,12672,8,3,1,0,2,88,84,4,2,0.67,,handball.net
1150,VFL Schlangen,KÜS Ostwestfalenlippe,KÜS Ostwestfalenlippe,9,Bezirksliga / Kreisliga / Regionsliga,OWL Männer Bezirksliga Staffel 2,12672,9,3,1,0,2,84,80,4,2,0.67,,handball.net
1151,HSG Ostsee Neustadt/Grömitz III,Handball-Erwachsene DER Kreishandballverbände IN Schleswig-Holstein,Handball-Erwachsene DER Kreishandballverbände IN Schleswig-Holstein,9,Bezirksliga / Kreisliga / Regionsliga,Kreisliga Männer - Staffel F,12974,4,3,1,0,2,80,76,4,2,0.67,,handball.net
1152,TUS Wörrstadt,Handballverband Rheinhessen-Pfalz,Handballverband Rheinhessen-Pfalz,9,Bezirksliga / Kreisliga / Regionsliga,M-BZL 1,12486,7,3,1,0,2,97,95,2,2,0.67,,handball.net
1153,HSG Tecklenburger LAND III,Handballkreis Münsterland,Handballkreis Münsterland,9,Bezirksliga / Kreisliga / Regionsliga,Kreisliga Münsterland Männer,13227,6,3,1,0,2,69,68,1,2,0.67,,handball.net
1154,Neusser HV 2m,HK Essen,HK Essen,9,Bezirksliga / Kreisliga / Regionsliga,Regionsliga Männer Süd,14914,7,3,1,0,2,84,86,-2,2,0.67,,handball.net
1155,TV Isselhorst II,KÜS Ostwestfalenlippe,KÜS Ostwestfalenlippe,9,Bezirksliga / Kreisliga / Regionsliga,OWL Männer Bezirksliga Staffel 2,12672,10,3,1,0,2,78,81,-3,2,0.67,,handball.net
1156,Selbecker Turnerschaft 2,Handballkreis Hagen/Ennepe-Ruhr,Handballkreis Hagen/Ennepe-Ruhr,9,Bezirksliga / Kreisliga / Regionsliga,MÄNNER KREISLIGA HKHR,13011,6,3,1,0,2,77,81,-4,2,0.67,,handball.net
1157,Mettmann-Sport III,HK Essen,HK Essen,9,Bezirksliga / Kreisliga / Regionsliga,Regionsliga Männer Nord,16078,6,3,1,0,2,81,86,-5,2,0.67,,handball.net
1158,Turnverein Ratingen 1m,HK Essen,HK Essen,9,Bezirksliga / Kreisliga / Regionsliga,Regionsliga Männer Süd,14914,8,3,1,0,2,67,72,-5,2,0.67,,handball.net
1159,TSV Dresden-Bühlau II,HR Sachsen-Mitte,HR Sachsen-Mitte,9,Bezirksliga / Kreisliga / Regionsliga,RL Männer · HR Sachsen-Mitte,13103,7,3,1,0,2,93,99,-6,2,0.67,,handball.net
1160,TV Hille 2,Handballkreis Minden-Lübbecke,Handballkreis Minden-Lübbecke,9,Bezirksliga / Kreisliga / Regionsliga,HBKML Männer Kreisliga,13016,10,3,1,0,2,76,82,-6,2,0.67,,handball.net
1161,Meerbuscher HV 2m,HK Essen,HK Essen,9,Bezirksliga / Kreisliga / Regionsliga,Regionsliga Männer Süd,14914,9,3,1,0,2,88,95,-7,2,0.67,,handball.net
1162,TSVE 1890 Bielefeld,Handballkreis Bielefeld-Herford,Handballkreis Bielefeld-Herford,9,Bezirksliga / Kreisliga / Regionsliga,Männer Kreisliga Bielefeld-Herford,13295,5,3,1,0,2,84,93,-9,2,0.67,,handball.net
1163,Radeberger SV III,HR Ostsachsen,HR Ostsachsen,9,Bezirksliga / Kreisliga / Regionsliga,RL Männer · HR Ostsachsen,13110,8,3,1,0,2,79,88,-9,2,0.67,,handball.net
1164,SG Kollmar/Neuendorf II,Handball-Erwachsene DER Kreishandballverbände IN Schleswig-Holstein,Handball-Erwachsene DER Kreishandballverbände IN Schleswig-Holstein,9,Bezirksliga / Kreisliga / Regionsliga,Kreisliga Männer - Staffel E,12973,7,3,1,0,2,84,95,-11,2,0.67,,handball.net
1165,TB Wülfrath M4,HK Essen,HK Essen,9,Bezirksliga / Kreisliga / Regionsliga,Regionsliga Männer Nord,16078,7,3,1,0,2,69,80,-11,2,0.67,,handball.net
1166,HSV Minden-Nord,Handballkreis Minden-Lübbecke,Handballkreis Minden-Lübbecke,9,Bezirksliga / Kreisliga / Regionsliga,HBKML Männer Kreisliga,13016,11,3,1,0,2,68,79,-11,2,0.67,,handball.net
1167,DJK Eintracht Coesfeld,Handballkreis Münsterland,Handballkreis Münsterland,9,Bezirksliga / Kreisliga / Regionsliga,Kreisliga Münsterland Männer,13227,9,3,1,0,2,82,94,-12,2,0.67,,handball.net
1168,HSG Porta Hr. 2,Handballkreis Minden-Lübbecke,Handballkreis Minden-Lübbecke,9,Bezirksliga / Kreisliga / Regionsliga,HBKML Männer Kreisliga,13016,12,3,1,0,2,71,86,-15,2,0.67,,handball.net
1169,HSG Werther/Borgholzhausen II,Handballkreis Gütersloh,Handballkreis Gütersloh,9,Bezirksliga / Kreisliga / Regionsliga,HBKGT Männer Kreisliga,12456,10,3,1,0,2,69,84,-15,2,0.67,,handball.net
1170,TUSPO Meißen 2,Handballkreis Minden-Lübbecke,Handballkreis Minden-Lübbecke,9,Bezirksliga / Kreisliga / Regionsliga,HBKML Männer Kreisliga,13016,13,3,1,0,2,74,91,-17,2,0.67,,handball.net
1171,ESV Dresden III,HR Sachsen-Mitte,HR Sachsen-Mitte,9,Bezirksliga / Kreisliga / Regionsliga,RL Männer · HR Sachsen-Mitte,13103,10,3,1,0,2,81,99,-18,2,0.67,,handball.net
1172,SG Handball Paderborn,Handballkreis Lippe,Handballkreis Lippe,9,Bezirksliga / Kreisliga / Regionsliga,HBKLIP Kreisliga Männer,13126,9,3,0,2,1,39,57,-18,2,0.67,,handball.net
1173,Lübecker SV GUT HEIL V. 1876,Handball-Erwachsene DER Kreishandballverbände IN Schleswig-Holstein,Handball-Erwachsene DER Kreishandballverbände IN Schleswig-Holstein,9,Bezirksliga / Kreisliga / Regionsliga,Kreisliga Männer - Staffel G,12975,8,3,1,0,2,81,100,-19,2,0.67,,handball.net
1174,TG Voerde 2. Herren,Handballkreis Hagen/Ennepe-Ruhr,Handballkreis Hagen/Ennepe-Ruhr,9,Bezirksliga / Kreisliga / Regionsliga,MÄNNER KREISLIGA HKHR,13011,8,3,1,0,2,77,96,-19,2,0.67,,handball.net
1175,TUS Brockhagen II,KÜS Ostwestfalenlippe,KÜS Ostwestfalenlippe,9,Bezirksliga / Kreisliga / Regionsliga,OWL Männer Bezirksliga Staffel 2,12672,11,3,1,0,2,78,99,-21,2,0.67,,handball.net
1176,SV Teutonia Riemke 2.Herren,Handballkreis Industrie,Handballkreis Industrie,9,Bezirksliga / Kreisliga / Regionsliga,HKI-M-Kreisliga,12710,8,3,1,0,2,76,97,-21,2,0.67,,handball.net
1177,TUS Brake II,KÜS Ostwestfalenlippe,KÜS Ostwestfalenlippe,9,Bezirksliga / Kreisliga / Regionsliga,OWL Männer Bezirksliga Staffel 2,12672,12,3,1,0,2,73,94,-21,2,0.67,,handball.net
1178,LIT 1912 IV,KÜS Ostwestfalenlippe,KÜS Ostwestfalenlippe,9,Bezirksliga / Kreisliga / Regionsliga,OWL Männer Bezirksliga Staffel 1,12671,9,3,1,0,2,64,86,-22,2,0.67,,handball.net
1179,Wellingdorfer TV II,Handball-Erwachsene DER Kreishandballverbände IN Schleswig-Holstein,Handball-Erwachsene DER Kreishandballverbände IN Schleswig-Holstein,9,Bezirksliga / Kreisliga / Regionsliga,Kreisliga Männer - Staffel C,12971,7,3,1,0,2,69,95,-26,2,0.67,,handball.net
1180,Hsv/Hamm 02 III,Hamburger Handballverband,Hamburger Handballverband,9,Bezirksliga / Kreisliga / Regionsliga,Kreisliga Männer Gruppe 2 (142),13442,7,4,1,0,3,115,116,-1,2,0.5,,handball.net
1181,SG Weixdorf,HR Sachsen-Mitte,HR Sachsen-Mitte,9,Bezirksliga / Kreisliga / Regionsliga,RL Männer · HR Sachsen-Mitte,13103,6,4,1,0,3,119,122,-3,2,0.5,,handball.net
1182,TUS Porta Barkhausen,Handballkreis Minden-Lübbecke,Handballkreis Minden-Lübbecke,9,Bezirksliga / Kreisliga / Regionsliga,HBKML Männer Kreisliga,13016,9,4,1,0,3,91,94,-3,2,0.5,,handball.net
1183,HF Köllertal 2,Handballverband SAAR,Handballverband SAAR,9,Bezirksliga / Kreisliga / Regionsliga,Bezirksliga Männer,14382,8,4,1,0,3,98,106,-8,2,0.5,,handball.net
1184,TSG Hassloch 2,Handballverband Rheinhessen-Pfalz,Handballverband Rheinhessen-Pfalz,9,Bezirksliga / Kreisliga / Regionsliga,M-BZL 2,12487,8,4,1,0,3,102,111,-9,2,0.5,,handball.net
1185,TV Merchweiler 2,Handballverband SAAR,Handballverband SAAR,9,Bezirksliga / Kreisliga / Regionsliga,Bezirksliga Männer,14382,9,4,1,0,3,104,114,-10,2,0.5,,handball.net
1186,SG Dippoldiswalde-Ruppendorf,HR Sachsen-Mitte,HR Sachsen-Mitte,9,Bezirksliga / Kreisliga / Regionsliga,RL Männer · HR Sachsen-Mitte,13103,8,4,1,0,3,109,121,-12,2,0.5,,handball.net
1187,HSG Lüdenscheid E.V. III,Handballkreis Lenne-Sieg,Handballkreis Lenne-Sieg,9,Bezirksliga / Kreisliga / Regionsliga,Kreisliga B Nord,13093,4,2,0,1,1,44,50,-6,1,0.5,,handball.net
1188,HSG Neudorf/Döbeln II,HR Leipzig,HR Leipzig,9,Bezirksliga / Kreisliga / Regionsliga,RL Männer,13116,10,4,1,0,3,95,108,-13,2,0.5,,handball.net
1189,SG Klotzsche,HR Sachsen-Mitte,HR Sachsen-Mitte,9,Bezirksliga / Kreisliga / Regionsliga,RL Männer · HR Sachsen-Mitte,13103,9,4,1,0,3,103,119,-16,2,0.5,,handball.net
1190,SC Bobenheim-Roxheim,Handballverband Rheinhessen-Pfalz,Handballverband Rheinhessen-Pfalz,9,Bezirksliga / Kreisliga / Regionsliga,M-BZL 2,12487,9,4,1,0,3,118,135,-17,2,0.5,,handball.net
1191,FT Adler KIEL II,Handball-Erwachsene DER Kreishandballverbände IN Schleswig-Holstein,Handball-Erwachsene DER Kreishandballverbände IN Schleswig-Holstein,9,Bezirksliga / Kreisliga / Regionsliga,Kreisliga Männer - Staffel D,12972,6,2,0,1,1,61,70,-9,1,0.5,,handball.net
1192,TSV Vineta Audorf,Handball-Erwachsene DER Kreishandballverbände IN Schleswig-Holstein,Handball-Erwachsene DER Kreishandballverbände IN Schleswig-Holstein,9,Bezirksliga / Kreisliga / Regionsliga,Kreisliga Männer - Staffel B,12970,6,2,0,1,1,48,61,-13,1,0.5,,handball.net
1193,ATSV Stockelsdorf III,Handball-Erwachsene DER Kreishandballverbände IN Schleswig-Holstein,Handball-Erwachsene DER Kreishandballverbände IN Schleswig-Holstein,9,Bezirksliga / Kreisliga / Regionsliga,Kreisliga Männer - Staffel F,12974,6,2,0,1,1,44,58,-14,1,0.5,,handball.net
1194,HSG Tva/Atsv Saarbrücken 3,Handballverband SAAR,Handballverband SAAR,9,Bezirksliga / Kreisliga / Regionsliga,Bezirksliga Männer,14382,10,4,1,0,3,98,128,-30,2,0.5,,handball.net
1195,HSG Eiderstedt,Handball-Erwachsene DER Kreishandballverbände IN Schleswig-Holstein,Handball-Erwachsene DER Kreishandballverbände IN Schleswig-Holstein,9,Bezirksliga / Kreisliga / Regionsliga,Kreisliga Männer - Staffel B,12970,7,2,0,1,1,46,61,-15,1,0.5,,handball.net
1196,HV Eibau,HR Ostsachsen,HR Ostsachsen,9,Bezirksliga / Kreisliga / Regionsliga,RL Männer · HR Ostsachsen,13110,9,4,1,0,3,74,104,-30,2,0.5,,handball.net
1197,HCS Neustadt-S.,HR Sachsen-Mitte,HR Sachsen-Mitte,9,Bezirksliga / Kreisliga / Regionsliga,RL Männer · HR Sachsen-Mitte,13103,11,4,1,0,3,91,124,-33,2,0.5,,handball.net
1198,TUS Wesseling II,HK Köln-Rheinberg,HK Köln-Rheinberg,9,Bezirksliga / Kreisliga / Regionsliga,Regionsliga Männer · HK Köln-Rheinberg,12889,9,2,0,1,1,51,70,-19,1,0.5,,handball.net
1199,DJK Marpingen 2,Handballverband SAAR,Handballverband SAAR,9,Bezirksliga / Kreisliga / Regionsliga,Bezirksliga Männer,14382,11,4,1,0,3,79,120,-41,2,0.5,,handball.net
1200,HSG Worms 2,Handballverband Rheinhessen-Pfalz,Handballverband Rheinhessen-Pfalz,9,Bezirksliga / Kreisliga / Regionsliga,M-BZL 2,12487,10,5,1,0,4,131,149,-18,2,0.4,,handball.net
1201,ASV Wuppertal,HK Essen,HK Essen,9,Bezirksliga / Kreisliga / Regionsliga,Regionsliga Männer Süd,14914,10,3,0,1,2,95,100,-5,1,0.33,,handball.net
1202,Victoria Naunhof,HR Leipzig,HR Leipzig,9,Bezirksliga / Kreisliga / Regionsliga,RL Männer,13116,11,3,0,1,2,78,86,-8,1,0.33,,handball.net
1203,TUS Brake/Lippe,Handballkreis Lippe,Handballkreis Lippe,9,Bezirksliga / Kreisliga / Regionsliga,HBKLIP Kreisliga Männer,13126,10,3,0,1,2,70,90,-20,1,0.33,,handball.net
1204,SG HSC Chemnitz,HR Südwestsachsen,HR Südwestsachsen,9,Bezirksliga / Kreisliga / Regionsliga,RL Männer · HR Südwestsachsen,13096,11,4,0,1,3,100,119,-19,1,0.25,,handball.net
1205,SV Beierfeld,HR Südwestsachsen,HR Südwestsachsen,9,Bezirksliga / Kreisliga / Regionsliga,RL Männer · HR Südwestsachsen,13096,12,4,0,1,3,114,134,-20,1,0.25,,handball.net
1206,Brühler TV II,HK Köln-Rheinberg,HK Köln-Rheinberg,9,Bezirksliga / Kreisliga / Regionsliga,Regionsliga Männer · HK Köln-Rheinberg,12889,10,0,0,0,0,0,0,0,0,0.0,,handball.net
1207,HC Koblenz IV,Rhein/Westerwald,Rhein/Westerwald,9,Bezirksliga / Kreisliga / Regionsliga,Bezirksliga Männer Rhein/Westerwald,15020,4,0,0,0,0,0,0,0,0,0.0,,handball.net
1208,HSG ECD Hagen 2,Handballkreis Hagen/Ennepe-Ruhr,Handballkreis Hagen/Ennepe-Ruhr,9,Bezirksliga / Kreisliga / Regionsliga,MÄNNER KREISLIGA HKHR,13011,9,0,0,0,0,0,0,0,0,0.0,,handball.net
1209,HSG Siegerland II,Handballkreis Lenne-Sieg,Handballkreis Lenne-Sieg,9,Bezirksliga / Kreisliga / Regionsliga,KLB Süd 3 Runde,15787,1,0,0,0,0,0,0,0,0,0.0,,handball.net
1210,HSG Wesel II,HK Wesel,HK Wesel,9,Bezirksliga / Kreisliga / Regionsliga,Regionsliga Männer · HK Wesel,13065,4,0,0,0,0,0,0,0,0,0.0,,handball.net
1211,HV Vallendar III,Rhein/Westerwald,Rhein/Westerwald,9,Bezirksliga / Kreisliga / Regionsliga,Bezirksliga Männer Rhein/Westerwald,15020,5,0,0,0,0,0,0,0,0,0.0,,handball.net
1212,RSVE Siegen Handball E.V. II,Handballkreis Lenne-Sieg,Handballkreis Lenne-Sieg,9,Bezirksliga / Kreisliga / Regionsliga,KLB Süd 3 Runde,15787,2,0,0,0,0,0,0,0,0,0.0,,handball.net
1213,SF Neustadt/Wied,Rhein/Westerwald,Rhein/Westerwald,9,Bezirksliga / Kreisliga / Regionsliga,Bezirksliga Männer Rhein/Westerwald,15020,6,0,0,0,0,0,0,0,0,0.0,,handball.net
1214,SG Attendorn Ennest E.V. II,Handballkreis Lenne-Sieg,Handballkreis Lenne-Sieg,9,Bezirksliga / Kreisliga / Regionsliga,KLB Süd 3 Runde,15787,3,0,0,0,0,0,0,0,0,0.0,,handball.net
1215,SG Kierspe-Meinerzhagen II,Handballkreis Lenne-Sieg,Handballkreis Lenne-Sieg,9,Bezirksliga / Kreisliga / Regionsliga,KLB Süd 3 Runde,15787,4,0,0,0,0,0,0,0,0,0.0,,handball.net
1216,SG Mittelangeln,Handball-Erwachsene DER Kreishandballverbände IN Schleswig-Holstein,Handball-Erwachsene DER Kreishandballverbände IN Schleswig-Holstein,9,Bezirksliga / Kreisliga / Regionsliga,Kreisliga Männer - Staffel A,12969,6,0,0,0,0,0,0,0,0,0.0,,handball.net
1217,SGSH Dragons E.V. IV,Handballkreis Lenne-Sieg,Handballkreis Lenne-Sieg,9,Bezirksliga / Kreisliga / Regionsliga,Kreisliga B Nord,13093,5,0,0,0,0,0,0,0,0,0.0,,handball.net
1218,SV Eilendorf II,HK Aachen-Düren,HK Aachen-Düren,9,Bezirksliga / Kreisliga / Regionsliga,Regionsliga,14819,5,0,0,0,0,0,0,0,0,0.0,,handball.net
1219,SV Neuerburg,Mosel/Eifel-Nahe/Hunsrück,Mosel/Eifel-Nahe/Hunsrück,9,Bezirksliga / Kreisliga / Regionsliga,Bezirksliga Männer Mosel/Eifel-Nahe/Hunsrück,14548,3,0,0,0,0,0,0,0,0,0.0,,handball.net
1220,THW KIEL IV,Handball-Erwachsene DER Kreishandballverbände IN Schleswig-Holstein,Handball-Erwachsene DER Kreishandballverbände IN Schleswig-Holstein,9,Bezirksliga / Kreisliga / Regionsliga,Kreisliga Männer - Staffel D,12972,7,0,0,0,0,0,0,0,0,0.0,,handball.net
1221,TS Evingsen 1887 E.V. 2,Handballkreis Lenne-Sieg,Handballkreis Lenne-Sieg,9,Bezirksliga / Kreisliga / Regionsliga,Kreisliga B Nord,13093,6,0,0,0,0,0,0,0,0,0.0,,handball.net
1222,TSV Ellerau II,Handball-Erwachsene DER Kreishandballverbände IN Schleswig-Holstein,Handball-Erwachsene DER Kreishandballverbände IN Schleswig-Holstein,9,Bezirksliga / Kreisliga / Regionsliga,Kreisliga Männer - Staffel E,12973,8,0,0,0,0,0,0,0,0,0.0,,handball.net
1223,TUS Fellinghausen E.V. VON 1920 II,Handballkreis Lenne-Sieg,Handballkreis Lenne-Sieg,9,Bezirksliga / Kreisliga / Regionsliga,KLB Süd 3 Runde,15787,5,0,0,0,0,0,0,0,0,0.0,,handball.net
1224,TUS Xanten,HK Wesel,HK Wesel,9,Bezirksliga / Kreisliga / Regionsliga,Regionsliga Männer · HK Wesel,13065,5,0,0,0,0,0,0,0,0,0.0,,handball.net
1225,TV Fischbek III,Hamburger Handballverband,Hamburger Handballverband,9,Bezirksliga / Kreisliga / Regionsliga,Kreisliga Männer Gruppe 2 (142),13442,8,0,0,0,0,0,0,0,0,0.0,,handball.net
1226,TV Morbach,Mosel/Eifel-Nahe/Hunsrück,Mosel/Eifel-Nahe/Hunsrück,9,Bezirksliga / Kreisliga / Regionsliga,Bezirksliga Männer Mosel/Eifel-Nahe/Hunsrück,14548,4,0,0,0,0,0,0,0,0,0.0,,handball.net
1227,TVE BAD Münstereifel II,HK Bonn-Euskirchen-Sieg,HK Bonn-Euskirchen-Sieg,9,Bezirksliga / Kreisliga / Regionsliga,Kreisliga Männer,12897,6,0,0,0,0,0,0,0,0,0.0,,handball.net
1228,Uedemer TUS,HK Wesel,HK Wesel,9,Bezirksliga / Kreisliga / Regionsliga,Regionsliga Männer · HK Wesel,13065,6,0,0,0,0,0,0,0,0,0.0,,handball.net
1229,VFB Lohberg,HK Wesel,HK Wesel,9,Bezirksliga / Kreisliga / Regionsliga,Regionsliga Männer · HK Wesel,13065,7,0,0,0,0,0,0,0,0,0.0,,handball.net
1230,Wellingdorfer TV,Handball-Erwachsene DER Kreishandballverbände IN Schleswig-Holstein,Handball-Erwachsene DER Kreishandballverbände IN Schleswig-Holstein,9,Bezirksliga / Kreisliga / Regionsliga,Kreisliga Männer - Staffel D,12972,8,0,0,0,0,0,0,0,0,0.0,,handball.net
1231,DJK Betzdorf,Rhein/Westerwald,Rhein/Westerwald,9,Bezirksliga / Kreisliga / Regionsliga,Bezirksliga Männer Rhein/Westerwald,15020,7,1,0,0,1,37,38,-1,0,0.0,,handball.net
1232,Hammer SC 2008 E.V. II,Handballkreis Hellweg,Handballkreis Hellweg,9,Bezirksliga / Kreisliga / Regionsliga,Männer Kreisliga HKH,12689,6,1,0,0,1,27,28,-1,0,0.0,,handball.net
1233,TSV Bösingfeld,KÜS Ostwestfalenlippe,KÜS Ostwestfalenlippe,9,Bezirksliga / Kreisliga / Regionsliga,OWL Männer Bezirksliga Staffel 1,12671,10,1,0,0,1,26,27,-1,0,0.0,,handball.net
1234,ASV Rurtal Hückelhoven,HK Krefeld-Grenzland,HK Krefeld-Grenzland,9,Bezirksliga / Kreisliga / Regionsliga,BL Männer,15675,9,1,0,0,1,24,25,-1,0,0.0,,handball.net
1235,HSG Büchen/Siebeneichen,Handball-Erwachsene DER Kreishandballverbände IN Schleswig-Holstein,Handball-Erwachsene DER Kreishandballverbände IN Schleswig-Holstein,9,Bezirksliga / Kreisliga / Regionsliga,Kreisliga Männer - Staffel G,12975,9,2,0,0,2,56,59,-3,0,0.0,,handball.net
1236,Spvg. Hesselteich,Handballkreis Gütersloh,Handballkreis Gütersloh,9,Bezirksliga / Kreisliga / Regionsliga,HBKGT Männer Kreisliga,12456,11,2,0,0,2,47,50,-3,0,0.0,,handball.net
1237,HTSF Senne II,Handballkreis Bielefeld-Herford,Handballkreis Bielefeld-Herford,9,Bezirksliga / Kreisliga / Regionsliga,Männer Kreisliga Bielefeld-Herford,13295,6,1,0,0,1,33,35,-2,0,0.0,,handball.net
1238,VfL Bardenberg 3,HK Aachen-Düren,HK Aachen-Düren,9,Bezirksliga / Kreisliga / Regionsliga,Regionsliga,14819,6,1,0,0,1,30,32,-2,0,0.0,,handball.net
1239,TSG Kirchhellen II,HK Rhein-Ruhr,HK Rhein-Ruhr,9,Bezirksliga / Kreisliga / Regionsliga,REGIONSLIGA MÄNNER,13017,9,1,0,0,1,22,24,-2,0,0.0,,handball.net
1240,HC TV Rhede III,HK Wesel,HK Wesel,9,Bezirksliga / Kreisliga / Regionsliga,Regionsliga Männer · HK Wesel,13065,8,1,0,0,1,19,21,-2,0,0.0,,handball.net
1241,TUS Königsdorf III,HK Köln-Rheinberg,HK Köln-Rheinberg,9,Bezirksliga / Kreisliga / Regionsliga,Regionsliga Männer · HK Köln-Rheinberg,12889,11,2,1,0,1,28,33,-5,0,0.0,,handball.net
1242,TG Herford 1,KÜS Ostwestfalenlippe,KÜS Ostwestfalenlippe,9,Bezirksliga / Kreisliga / Regionsliga,OWL Männer Bezirksliga Staffel 1,12671,11,3,0,0,3,86,94,-8,0,0.0,,handball.net
1243,TV Schwafheim II,HK Wesel,HK Wesel,9,Bezirksliga / Kreisliga / Regionsliga,Regionsliga Männer · HK Wesel,13065,9,1,0,0,1,28,31,-3,0,0.0,,handball.net
1244,SV Eintracht Dolberg II,Handballkreis Hellweg,Handballkreis Hellweg,9,Bezirksliga / Kreisliga / Regionsliga,Männer Kreisliga HKH,12689,7,1,0,0,1,24,27,-3,0,0.0,,handball.net
1245,HSG Jörl-Doppeleiche Viöl II,Handball-Erwachsene DER Kreishandballverbände IN Schleswig-Holstein,Handball-Erwachsene DER Kreishandballverbände IN Schleswig-Holstein,9,Bezirksliga / Kreisliga / Regionsliga,Kreisliga Männer - Staffel A,12969,9,3,0,0,3,78,88,-10,0,0.0,,handball.net
1246,HSG Bergedorf Vier- und Marschlande II,Hamburger Handballverband,Hamburger Handballverband,9,Bezirksliga / Kreisliga / Regionsliga,Kreisliga Männer Gruppe 1 (141),13440,7,3,0,0,3,80,91,-11,0,0.0,,handball.net
1247,Allgemeiner Sportverein Hamm-Westfalen e.V. IV,Handballkreis Hellweg,Handballkreis Hellweg,9,Bezirksliga / Kreisliga / Regionsliga,Männer Kreisliga HKH,12689,8,1,0,0,1,30,34,-4,0,0.0,,handball.net
1248,TUS Westfalia Vlotho-Uffeln,KÜS Ostwestfalenlippe,KÜS Ostwestfalenlippe,9,Bezirksliga / Kreisliga / Regionsliga,OWL Männer Bezirksliga Staffel 1,12671,12,3,0,0,3,81,93,-12,0,0.0,,handball.net
1249,FC Stukenbrock,Handballkreis Lippe,Handballkreis Lippe,9,Bezirksliga / Kreisliga / Regionsliga,HBKLIP Kreisliga Männer,13126,11,2,0,0,2,53,61,-8,0,0.0,,handball.net
1250,IF Stjernen Flensborg,Handball-Erwachsene DER Kreishandballverbände IN Schleswig-Holstein,Handball-Erwachsene DER Kreishandballverbände IN Schleswig-Holstein,9,Bezirksliga / Kreisliga / Regionsliga,Kreisliga Männer - Staffel A,12969,7,1,0,0,1,23,27,-4,0,0.0,,handball.net
1251,SSV Nümbrecht Handball III,HK Oberberg,HK Oberberg,9,Bezirksliga / Kreisliga / Regionsliga,Regionsliga Männer,12960,5,1,0,0,1,22,26,-4,0,0.0,,handball.net
1252,HSG Geislar-Oberkassel III,HK Bonn-Euskirchen-Sieg,HK Bonn-Euskirchen-Sieg,9,Bezirksliga / Kreisliga / Regionsliga,Kreisliga Männer,12897,7,1,0,0,1,18,22,-4,0,0.0,,handball.net
1253,MTV Dänischenhagen III,Handball-Erwachsene DER Kreishandballverbände IN Schleswig-Holstein,Handball-Erwachsene DER Kreishandballverbände IN Schleswig-Holstein,9,Bezirksliga / Kreisliga / Regionsliga,Kreisliga Männer - Staffel C,12971,9,3,0,0,3,52,65,-13,0,0.0,,handball.net
1254,HSC Haltern-Sythen,Handballkreis Industrie,Handballkreis Industrie,9,Bezirksliga / Kreisliga / Regionsliga,HKI-M-Kreisliga,12710,10,2,0,0,2,48,57,-9,0,0.0,,handball.net
1255,HSG Lüdenscheid E.V. II,Handballkreis Lenne-Sieg,Handballkreis Lenne-Sieg,9,Bezirksliga / Kreisliga / Regionsliga,HKLesi Kreisliga A Männer,15898,6,2,0,0,2,45,54,-9,0,0.0,,handball.net
1256,TV Aldekerk III,HK Krefeld-Grenzland,HK Krefeld-Grenzland,9,Bezirksliga / Kreisliga / Regionsliga,BL Männer,15675,10,2,0,0,2,44,53,-9,0,0.0,,handball.net
1257,HSG Schleswig,Handball-Erwachsene DER Kreishandballverbände IN Schleswig-Holstein,Handball-Erwachsene DER Kreishandballverbände IN Schleswig-Holstein,9,Bezirksliga / Kreisliga / Regionsliga,Kreisliga Männer - Staffel C,12971,8,1,0,0,1,32,37,-5,0,0.0,,handball.net
1258,Sparta Münster II,Handballkreis Münsterland,Handballkreis Münsterland,9,Bezirksliga / Kreisliga / Regionsliga,Kreisliga Münsterland Männer,13227,11,3,0,0,3,87,102,-15,0,0.0,,handball.net
1259,HSG AM Hallo Essen III,HK Essen,HK Essen,9,Bezirksliga / Kreisliga / Regionsliga,Regionsliga Männer Nord,16078,9,1,0,0,1,22,27,-5,0,0.0,,handball.net
1260,Adler Königshof 3M,HK Krefeld-Grenzland,HK Krefeld-Grenzland,9,Bezirksliga / Kreisliga / Regionsliga,BL Männer,15675,11,2,0,0,2,43,53,-10,0,0.0,,handball.net
1261,SG Oberlichtenau,HR Ostsachsen,HR Ostsachsen,9,Bezirksliga / Kreisliga / Regionsliga,RL Männer · HR Ostsachsen,13110,10,3,0,0,3,63,78,-15,0,0.0,,handball.net
1262,Raisdorfer TSV,Handball-Erwachsene DER Kreishandballverbände IN Schleswig-Holstein,Handball-Erwachsene DER Kreishandballverbände IN Schleswig-Holstein,9,Bezirksliga / Kreisliga / Regionsliga,Kreisliga Männer - Staffel D,12972,9,2,0,0,2,37,47,-10,0,0.0,,handball.net
1263,VFS Warstein H2,Handballkreis Iserlohn-Arnsberg,Handballkreis Iserlohn-Arnsberg,9,Bezirksliga / Kreisliga / Regionsliga,HKISAR Kreisliga MÄNNER,15069,8,2,0,0,2,21,31,-10,0,0.0,,handball.net
1264,SV Adler Münster,Handballkreis Münsterland,Handballkreis Münsterland,9,Bezirksliga / Kreisliga / Regionsliga,Kreisliga Münsterland Männer,13227,12,3,0,0,3,89,105,-16,0,0.0,,handball.net
1265,HSG Annen-Rüdinghausen | 1. Herren,Handballkreis Dortmund,Handballkreis Dortmund,9,Bezirksliga / Kreisliga / Regionsliga,HKDO-KL-M,12777,10,3,0,0,3,76,92,-16,0,0.0,,handball.net
1266,Turnerschaft Lürrip 1901 E.V. II,HK Krefeld-Grenzland,HK Krefeld-Grenzland,9,Bezirksliga / Kreisliga / Regionsliga,BL Männer,15675,12,2,0,0,2,53,64,-11,0,0.0,,handball.net
1267,HSG EGB Bielefeld II,Handballkreis Bielefeld-Herford,Handballkreis Bielefeld-Herford,9,Bezirksliga / Kreisliga / Regionsliga,Männer Kreisliga Bielefeld-Herford,13295,7,2,0,0,2,51,62,-11,0,0.0,,handball.net
1268,TUS Müssen-Billinghausen 3,Handballkreis Lippe,Handballkreis Lippe,9,Bezirksliga / Kreisliga / Regionsliga,HBKLIP Kreisliga Männer,13126,12,2,0,0,2,48,59,-11,0,0.0,,handball.net
1269,SC Münster 08 II,Handballkreis Münsterland,Handballkreis Münsterland,9,Bezirksliga / Kreisliga / Regionsliga,Kreisliga Münsterland Männer,13227,10,2,0,0,2,45,56,-11,0,0.0,,handball.net
1270,HSG Westerwald II,Rhein/Westerwald,Rhein/Westerwald,9,Bezirksliga / Kreisliga / Regionsliga,Bezirksliga Männer Rhein/Westerwald,15020,8,1,0,0,1,32,38,-6,0,0.0,,handball.net
1271,TV Gladbeck 1912 e.V. II,Handballkreis Industrie,Handballkreis Industrie,9,Bezirksliga / Kreisliga / Regionsliga,HKI-M-Kreisliga,12710,9,1,0,0,1,29,35,-6,0,0.0,,handball.net
1272,TV JAHN Oelde,Handballkreis Gütersloh,Handballkreis Gütersloh,9,Bezirksliga / Kreisliga / Regionsliga,HBKGT Männer Kreisliga,12456,12,2,0,0,2,57,69,-12,0,0.0,,handball.net
1273,TV Brechten 3,Handballkreis Dortmund,Handballkreis Dortmund,9,Bezirksliga / Kreisliga / Regionsliga,HKDO-KL-M,12777,9,2,0,0,2,55,67,-12,0,0.0,,handball.net
1274,TUS Niederpleis III,HK Bonn-Euskirchen-Sieg,HK Bonn-Euskirchen-Sieg,9,Bezirksliga / Kreisliga / Regionsliga,Kreisliga Männer,12897,8,2,0,0,2,48,60,-12,0,0.0,,handball.net
1275,SG Kierspe-Meinerzhagen,Handballkreis Lenne-Sieg,Handballkreis Lenne-Sieg,9,Bezirksliga / Kreisliga / Regionsliga,HKLesi Kreisliga A Männer,15898,7,2,0,0,2,45,57,-12,0,0.0,,handball.net
1276,HFF Munkbrarup II,Handball-Erwachsene DER Kreishandballverbände IN Schleswig-Holstein,Handball-Erwachsene DER Kreishandballverbände IN Schleswig-Holstein,9,Bezirksliga / Kreisliga / Regionsliga,Kreisliga Männer - Staffel A,12969,8,1,0,0,1,22,28,-6,0,0.0,,handball.net
1277,TSV Weddingstedt III,Handball-Erwachsene DER Kreishandballverbände IN Schleswig-Holstein,Handball-Erwachsene DER Kreishandballverbände IN Schleswig-Holstein,9,Bezirksliga / Kreisliga / Regionsliga,Kreisliga Männer - Staffel B,12970,8,2,0,0,2,39,51,-12,0,0.0,,handball.net
1278,HSG Kalkberg 06 II,Handball-Erwachsene DER Kreishandballverbände IN Schleswig-Holstein,Handball-Erwachsene DER Kreishandballverbände IN Schleswig-Holstein,9,Bezirksliga / Kreisliga / Regionsliga,Kreisliga Männer - Staffel F,12974,7,1,0,0,1,17,23,-6,0,0.0,,handball.net
1279,HV Weisenau,Handballverband Rheinhessen-Pfalz,Handballverband Rheinhessen-Pfalz,9,Bezirksliga / Kreisliga / Regionsliga,M-BZL 1,12486,8,3,0,0,3,83,102,-19,0,0.0,,handball.net
1280,TSG Altenhagen-Heepen III,KÜS Ostwestfalenlippe,KÜS Ostwestfalenlippe,9,Bezirksliga / Kreisliga / Regionsliga,OWL Männer Bezirksliga Staffel 2,12672,14,3,0,0,3,71,90,-19,0,0.0,,handball.net
1281,SG Altona III,Hamburger Handballverband,Hamburger Handballverband,9,Bezirksliga / Kreisliga / Regionsliga,Kreisliga Männer Gruppe 1 (141),13440,8,2,0,0,2,55,68,-13,0,0.0,,handball.net
1282,Turbine Leipzig,HR Leipzig,HR Leipzig,9,Bezirksliga / Kreisliga / Regionsliga,RL Männer,13116,12,4,0,0,4,104,130,-26,0,0.0,,handball.net
1283,TSG Altenhagen Heepen IV,Handballkreis Bielefeld-Herford,Handballkreis Bielefeld-Herford,9,Bezirksliga / Kreisliga / Regionsliga,Männer Kreisliga Bielefeld-Herford,13295,8,2,0,0,2,43,56,-13,0,0.0,,handball.net
1284,MAINZER TV v. 1817,Handballverband Rheinhessen-Pfalz,Handballverband Rheinhessen-Pfalz,9,Bezirksliga / Kreisliga / Regionsliga,M-BZL 1,12486,9,3,0,0,3,72,92,-20,0,0.0,,handball.net
1285,HSG DJK Oberthal / RW Schaumberg 2,Handballverband SAAR,Handballverband SAAR,9,Bezirksliga / Kreisliga / Regionsliga,Bezirksliga Männer,14382,12,3,0,0,3,79,100,-21,0,0.0,,handball.net
1286,RSV Rath-Heumar,HK Köln-Rheinberg,HK Köln-Rheinberg,9,Bezirksliga / Kreisliga / Regionsliga,Regionsliga Männer · HK Köln-Rheinberg,12889,12,1,0,0,1,24,31,-7,0,0.0,,handball.net
1287,TSV Schloss Neuhaus,KÜS Ostwestfalenlippe,KÜS Ostwestfalenlippe,9,Bezirksliga / Kreisliga / Regionsliga,OWL Männer Bezirksliga Staffel 2,12672,13,2,0,0,2,47,61,-14,0,0.0,,handball.net
1288,TV Edigheim,Handballverband Rheinhessen-Pfalz,Handballverband Rheinhessen-Pfalz,9,Bezirksliga / Kreisliga / Regionsliga,M-BZL 2,12487,11,3,0,0,3,69,90,-21,0,0.0,,handball.net
1289,Jülicher TV,HK Aachen-Düren,HK Aachen-Düren,9,Bezirksliga / Kreisliga / Regionsliga,Regionsliga,14819,7,1,0,0,1,22,29,-7,0,0.0,,handball.net
1290,HSG Soest Herren,Handballkreis Hellweg,Handballkreis Hellweg,9,Bezirksliga / Kreisliga / Regionsliga,Männer Kreisliga HKH,12689,9,1,0,0,1,20,27,-7,0,0.0,,handball.net
1291,SG TURA Halden Herbeck 3,Handballkreis Hagen/Ennepe-Ruhr,Handballkreis Hagen/Ennepe-Ruhr,9,Bezirksliga / Kreisliga / Regionsliga,MÄNNER KREISLIGA HKHR,13011,11,3,0,0,3,72,94,-22,0,0.0,,handball.net
1292,Polizei SV KIEL,Handball-Erwachsene DER Kreishandballverbände IN Schleswig-Holstein,Handball-Erwachsene DER Kreishandballverbände IN Schleswig-Holstein,9,Bezirksliga / Kreisliga / Regionsliga,Kreisliga Männer - Staffel C,12971,10,3,0,0,3,65,87,-22,0,0.0,,handball.net
1293,TV 1848 Mönchengladbach 1M,HK Krefeld-Grenzland,HK Krefeld-Grenzland,9,Bezirksliga / Kreisliga / Regionsliga,BL Männer,15675,14,2,0,0,2,49,64,-15,0,0.0,,handball.net
1294,Dünnwalder TV,HK Köln-Rheinberg,HK Köln-Rheinberg,9,Bezirksliga / Kreisliga / Regionsliga,Regionsliga Männer · HK Köln-Rheinberg,12889,13,2,0,0,2,18,33,-15,0,0.0,,handball.net
1295,TSV Hardebek,Handball-Erwachsene DER Kreishandballverbände IN Schleswig-Holstein,Handball-Erwachsene DER Kreishandballverbände IN Schleswig-Holstein,9,Bezirksliga / Kreisliga / Regionsliga,Kreisliga Männer - Staffel E,12973,9,3,0,0,3,76,99,-23,0,0.0,,handball.net
1296,SV Henstedt-Ulzburg II,Handball-Erwachsene DER Kreishandballverbände IN Schleswig-Holstein,Handball-Erwachsene DER Kreishandballverbände IN Schleswig-Holstein,9,Bezirksliga / Kreisliga / Regionsliga,Kreisliga Männer - Staffel E,12973,10,3,0,0,3,74,98,-24,0,0.0,,handball.net
1297,Beecker Turnverein,HK Rhein-Ruhr,HK Rhein-Ruhr,9,Bezirksliga / Kreisliga / Regionsliga,REGIONSLIGA MÄNNER,13017,10,2,0,0,2,46,62,-16,0,0.0,,handball.net
1298,TSV Bonn rrh. 4. Männer,HK Bonn-Euskirchen-Sieg,HK Bonn-Euskirchen-Sieg,9,Bezirksliga / Kreisliga / Regionsliga,Kreisliga Männer,12897,9,2,0,0,2,45,61,-16,0,0.0,,handball.net
1299,Eschweiler SG III,HK Aachen-Düren,HK Aachen-Düren,9,Bezirksliga / Kreisliga / Regionsliga,Regionsliga,14819,8,1,0,0,1,19,27,-8,0,0.0,,handball.net
1300,DJK-Saxonia Dortmund,Handballkreis Dortmund,Handballkreis Dortmund,9,Bezirksliga / Kreisliga / Regionsliga,HKDO-KL-M,12777,8,1,0,0,1,16,24,-8,0,0.0,,handball.net
1301,SG Bünde-Dünne II,KÜS Ostwestfalenlippe,KÜS Ostwestfalenlippe,9,Bezirksliga / Kreisliga / Regionsliga,OWL Männer Bezirksliga Staffel 1,12671,13,2,0,0,2,49,66,-17,0,0.0,,handball.net
1302,HSG Marienheide/Müllenbach,HK Oberberg,HK Oberberg,9,Bezirksliga / Kreisliga / Regionsliga,Regionsliga Männer,12960,6,2,0,0,2,42,59,-17,0,0.0,,handball.net
1303,SSV Meschede H1,Handballkreis Iserlohn-Arnsberg,Handballkreis Iserlohn-Arnsberg,9,Bezirksliga / Kreisliga / Regionsliga,HKISAR Kreisliga MÄNNER,15069,9,2,0,0,2,40,57,-17,0,0.0,,handball.net
1304,TSG Ober-Hilbersheim 2,Handballverband Rheinhessen-Pfalz,Handballverband Rheinhessen-Pfalz,9,Bezirksliga / Kreisliga / Regionsliga,M-BZL 1,12486,11,4,0,0,4,105,140,-35,0,0.0,,handball.net
1305,PSV E.V. Recklinghausen II,Handballkreis Industrie,Handballkreis Industrie,9,Bezirksliga / Kreisliga / Regionsliga,HKI-M-Kreisliga,12710,12,2,0,0,2,58,76,-18,0,0.0,,handball.net
1306,Spfr. Hamborn 07,HK Rhein-Ruhr,HK Rhein-Ruhr,9,Bezirksliga / Kreisliga / Regionsliga,REGIONSLIGA MÄNNER,13017,11,2,0,0,2,51,69,-18,0,0.0,,handball.net
1307,S.S.D. Nikola Tesla,Hamburger Handballverband,Hamburger Handballverband,9,Bezirksliga / Kreisliga / Regionsliga,Kreisliga Männer Gruppe 2 (142),13442,9,2,0,0,2,48,67,-19,0,0.0,,handball.net
1308,DJK St. Matthias Trier II,Mosel/Eifel-Nahe/Hunsrück,Mosel/Eifel-Nahe/Hunsrück,9,Bezirksliga / Kreisliga / Regionsliga,Bezirksliga Männer Mosel/Eifel-Nahe/Hunsrück,14548,5,1,0,0,1,23,33,-10,0,0.0,,handball.net
1309,SC Buntekuh Lübeck,Handball-Erwachsene DER Kreishandballverbände IN Schleswig-Holstein,Handball-Erwachsene DER Kreishandballverbände IN Schleswig-Holstein,9,Bezirksliga / Kreisliga / Regionsliga,Kreisliga Männer - Staffel G,12975,10,2,0,0,2,45,65,-20,0,0.0,,handball.net
1310,SC Teutonia 10,Hamburger Handballverband,Hamburger Handballverband,9,Bezirksliga / Kreisliga / Regionsliga,Kreisliga Männer Gruppe 1 (141),13440,9,2,0,0,2,45,66,-21,0,0.0,,handball.net
1311,FC Schalke 04,Handballkreis Industrie,Handballkreis Industrie,9,Bezirksliga / Kreisliga / Regionsliga,HKI-M-Kreisliga,12710,13,2,0,0,2,56,78,-22,0,0.0,,handball.net
1312,TV Nierstein 2,Handballverband Rheinhessen-Pfalz,Handballverband Rheinhessen-Pfalz,9,Bezirksliga / Kreisliga / Regionsliga,M-BZL 1,12486,10,2,0,0,2,47,69,-22,0,0.0,,handball.net
1313,SG Hüls-Scherlebeck II,Handballkreis Industrie,Handballkreis Industrie,9,Bezirksliga / Kreisliga / Regionsliga,HKI-M-Kreisliga,12710,11,1,0,0,1,23,34,-11,0,0.0,,handball.net
1314,TUS Hartum,KÜS Ostwestfalenlippe,KÜS Ostwestfalenlippe,9,Bezirksliga / Kreisliga / Regionsliga,OWL Männer Bezirksliga Staffel 1,12671,14,3,0,0,3,69,102,-33,0,0.0,,handball.net
1315,TUS Grünenbaum 1895 E.V.,Handballkreis Lenne-Sieg,Handballkreis Lenne-Sieg,9,Bezirksliga / Kreisliga / Regionsliga,Kreisliga B Nord,13093,7,2,0,0,2,53,76,-23,0,0.0,,handball.net
1316,Turnverein Biefang III,HK Rhein-Ruhr,HK Rhein-Ruhr,9,Bezirksliga / Kreisliga / Regionsliga,REGIONSLIGA MÄNNER,13017,12,2,0,0,2,41,64,-23,0,0.0,,handball.net
1317,TUS Vlotho-Uffeln 2,Handballkreis Minden-Lübbecke,Handballkreis Minden-Lübbecke,9,Bezirksliga / Kreisliga / Regionsliga,HBKML Männer Kreisliga,13016,14,3,0,0,3,69,105,-36,0,0.0,,handball.net
1318,TV 1890 Schmallenberg E.V.,Handballkreis Lenne-Sieg,Handballkreis Lenne-Sieg,9,Bezirksliga / Kreisliga / Regionsliga,HKLesi Kreisliga A Männer,15898,8,1,0,0,1,21,33,-12,0,0.0,,handball.net
1319,HSG Rösrath/Forsbach II,HK Köln-Rheinberg,HK Köln-Rheinberg,9,Bezirksliga / Kreisliga / Regionsliga,Regionsliga Männer · HK Köln-Rheinberg,12889,14,2,0,0,2,42,67,-25,0,0.0,,handball.net
1320,TV Anrath II,HK Krefeld-Grenzland,HK Krefeld-Grenzland,9,Bezirksliga / Kreisliga / Regionsliga,BL Männer,15675,13,1,0,0,1,17,30,-13,0,0.0,,handball.net
1321,SG Kierspe-Meinerzhagen II,Handballkreis Lenne-Sieg,Handballkreis Lenne-Sieg,9,Bezirksliga / Kreisliga / Regionsliga,Kreisliga B Süd,13094,5,2,0,0,2,43,70,-27,0,0.0,,handball.net
1322,THB Hamburg 03 II,Hamburger Handballverband,Hamburger Handballverband,9,Bezirksliga / Kreisliga / Regionsliga,Kreisliga Männer Gruppe 2 (142),13442,10,3,0,0,3,67,108,-41,0,0.0,,handball.net
1323,VTV Freier Grund 2016 E.V. II,Handballkreis Lenne-Sieg,Handballkreis Lenne-Sieg,9,Bezirksliga / Kreisliga / Regionsliga,HKLesi Kreisliga A Männer,15898,9,2,0,0,2,47,75,-28,0,0.0,,handball.net
1324,HSG Lübecker Bucht,Handball-Erwachsene DER Kreishandballverbände IN Schleswig-Holstein,Handball-Erwachsene DER Kreishandballverbände IN Schleswig-Holstein,9,Bezirksliga / Kreisliga / Regionsliga,Kreisliga Männer - Staffel F,12974,8,1,0,0,1,18,32,-14,0,0.0,,handball.net
1325,DJK Winfried Huttrop 2.M,HK Essen,HK Essen,9,Bezirksliga / Kreisliga / Regionsliga,Regionsliga Männer Nord,16078,10,2,0,0,2,44,75,-31,0,0.0,,handball.net
1326,TUS Volmetal 3,Handballkreis Hagen/Ennepe-Ruhr,Handballkreis Hagen/Ennepe-Ruhr,9,Bezirksliga / Kreisliga / Regionsliga,MÄNNER KREISLIGA HKHR,13011,10,1,0,0,1,24,41,-17,0,0.0,,handball.net
1327,TV Arnsberg H2,Handballkreis Iserlohn-Arnsberg,Handballkreis Iserlohn-Arnsberg,9,Bezirksliga / Kreisliga / Regionsliga,HKISAR Kreisliga MÄNNER,15069,10,1,0,0,1,23,40,-17,0,0.0,,handball.net
1328,TV Häver,Handballkreis Bielefeld-Herford,Handballkreis Bielefeld-Herford,9,Bezirksliga / Kreisliga / Regionsliga,Männer Kreisliga Bielefeld-Herford,13295,9,2,0,0,2,38,72,-34,0,0.0,,handball.net
1329,Hildener Wölfe 2m,HK Essen,HK Essen,9,Bezirksliga / Kreisliga / Regionsliga,Regionsliga Männer Süd,14914,11,2,0,0,2,35,69,-34,0,0.0,,handball.net
1330,Schwarz -Rot Aachen 3,HK Aachen-Düren,HK Aachen-Düren,9,Bezirksliga / Kreisliga / Regionsliga,Regionsliga,14819,9,1,0,0,1,16,47,-31,0,0.0,,handball.net
1331,TV Wahlscheid V,HK Oberberg,HK Oberberg,9,Bezirksliga / Kreisliga / Regionsliga,Regionsliga Männer,12960,7,1,0,0,1,0,0,0,-2,-2.0,,handball.net
1332,Gürzenicher TV II,HK Aachen-Düren,HK Aachen-Düren,10,Bezirksklasse / Kreisklasse / Regionsklasse,Regionsklasse,14820,2,1,1,0,0,45,15,30,2,2.0,,handball.net
1333,TuS Südhemmern,Handballkreis Minden-Lübbecke,Handballkreis Minden-Lübbecke,10,Bezirksklasse / Kreisklasse / Regionsklasse,HBKML Männer Kreisklasse Staffel 1,14376,1,1,1,0,0,38,13,25,2,2.0,,handball.net
1334,HSG Merkstein III,HK Aachen-Düren,HK Aachen-Düren,10,Bezirksklasse / Kreisklasse / Regionsklasse,Regionsklasse,14820,3,1,1,0,0,41,17,24,2,2.0,,handball.net
1335,TSV Nord Harrislee II,Handball-Erwachsene DER Kreishandballverbände IN Schleswig-Holstein,Handball-Erwachsene DER Kreishandballverbände IN Schleswig-Holstein,10,Bezirksklasse / Kreisklasse / Regionsklasse,Kreisklasse Männer Nord A,12985,2,2,2,0,0,81,34,47,4,2.0,,handball.net
1336,Interaktiv.Handball Düsseldorf/Ratingen 3m,HK Düsseldorf,HK Düsseldorf,10,Bezirksklasse / Kreisklasse / Regionsklasse,1. Regionsklasse Männer (HK Düsseldorf),15941,2,1,1,0,0,50,30,20,2,2.0,,handball.net
1337,HSG Angeln II,Handball-Erwachsene DER Kreishandballverbände IN Schleswig-Holstein,Handball-Erwachsene DER Kreishandballverbände IN Schleswig-Holstein,10,Bezirksklasse / Kreisklasse / Regionsklasse,Kreisklasse Männer Nord A,12985,3,2,2,0,0,71,31,40,4,2.0,,handball.net
1338,Berliner SC/SH,Handball-Erwachsene DER Kreishandballverbände IN Schleswig-Holstein,Handball-Erwachsene DER Kreishandballverbände IN Schleswig-Holstein,10,Bezirksklasse / Kreisklasse / Regionsklasse,Kreisklasse Männer Plön,12987,2,2,2,0,0,74,37,37,4,2.0,,handball.net
1339,TSV Gross Grönau II,Handball-Erwachsene DER Kreishandballverbände IN Schleswig-Holstein,Handball-Erwachsene DER Kreishandballverbände IN Schleswig-Holstein,10,Bezirksklasse / Kreisklasse / Regionsklasse,Kreisklasse Männer Ostsee,12989,1,2,2,0,0,71,34,37,4,2.0,,handball.net
1340,TSV Schloss Neuhaus 3,Handballkreis Lippe,Handballkreis Lippe,10,Bezirksklasse / Kreisklasse / Regionsklasse,HBKLIP Kreisklasse Männer,15837,1,1,1,0,0,37,19,18,2,2.0,,handball.net
1341,ASV Süchteln 3M,HK Krefeld-Grenzland,HK Krefeld-Grenzland,10,Bezirksklasse / Kreisklasse / Regionsklasse,BK Männer,15676,1,2,2,0,0,75,41,34,4,2.0,,handball.net
1342,Wermelskirchener TV II,Bergischer HK,Bergischer HK,10,Bezirksklasse / Kreisklasse / Regionsklasse,1. Regionsklasse Männer BHK,14417,1,2,2,0,0,79,46,33,4,2.0,,handball.net
1343,SC Rot-Weiss Oberhausen E.V. II,HK Rhein-Ruhr,HK Rhein-Ruhr,10,Bezirksklasse / Kreisklasse / Regionsklasse,REGIONSKLASSE MÄNNER,13019,1,2,2,0,0,70,38,32,4,2.0,,handball.net
1344,Preetzer TSV III,Handball-Erwachsene DER Kreishandballverbände IN Schleswig-Holstein,Handball-Erwachsene DER Kreishandballverbände IN Schleswig-Holstein,10,Bezirksklasse / Kreisklasse / Regionsklasse,Kreisklasse Männer Plön,12987,3,2,2,0,0,79,48,31,4,2.0,,handball.net
1345,HCE BAD Oeynhausen 2,Handballkreis Minden-Lübbecke,Handballkreis Minden-Lübbecke,10,Bezirksklasse / Kreisklasse / Regionsklasse,HBKML Männer Kreisklasse Staffel 2,14377,3,2,2,0,0,69,39,30,4,2.0,,handball.net
1346,HVE Villigst-Ergste H3,Handballkreis Iserlohn-Arnsberg,Handballkreis Iserlohn-Arnsberg,10,Bezirksklasse / Kreisklasse / Regionsklasse,HKISAR 1. Kreisklasse MÄNNER,15392,3,1,1,0,0,31,16,15,2,2.0,,handball.net
1347,TV Sachsenross Hille 3,Handballkreis Minden-Lübbecke,Handballkreis Minden-Lübbecke,10,Bezirksklasse / Kreisklasse / Regionsklasse,HBKML Männer Kreisklasse Staffel 1,14376,2,1,1,0,0,30,15,15,2,2.0,,handball.net
1348,HSG Ottweiler/Steinbach,Handballverband SAAR,Handballverband SAAR,10,Bezirksklasse / Kreisklasse / Regionsklasse,A-Liga Männer Staffel Ost,14384,2,3,3,0,0,99,55,44,6,2.0,,handball.net
1349,DJK TURA 05 Dümpten III,HK Rhein-Ruhr,HK Rhein-Ruhr,10,Bezirksklasse / Kreisklasse / Regionsklasse,REGIONSKLASSE MÄNNER,13019,3,1,1,0,0,38,24,14,2,2.0,,handball.net
1350,Polizei SV KÖLN IV,HK Köln-Rheinberg,HK Köln-Rheinberg,10,Bezirksklasse / Kreisklasse / Regionsklasse,Regionsklasse Männer,12894,1,2,2,0,0,75,47,28,4,2.0,,handball.net
1351,PSV Aachen H1,HK Aachen-Düren,HK Aachen-Düren,10,Bezirksklasse / Kreisklasse / Regionsklasse,Regionsklasse,14820,4,1,1,0,0,34,20,14,2,2.0,,handball.net
1352,SSK Kerpen II,HK Köln-Rheinberg,HK Köln-Rheinberg,10,Bezirksklasse / Kreisklasse / Regionsklasse,Regionsklasse Männer,12894,2,2,2,0,0,84,57,27,4,2.0,,handball.net
1353,SV Friedrichsfeld II,HK Wesel,HK Wesel,10,Bezirksklasse / Kreisklasse / Regionsklasse,Regionsklasse Männer · HK Wesel,13067,2,1,1,0,0,38,25,13,2,2.0,,handball.net
1354,TVD Velbert,HK Essen,HK Essen,10,Bezirksklasse / Kreisklasse / Regionsklasse,Regionsklasse Wuppertal Männer,16080,2,1,1,0,0,37,24,13,2,2.0,,handball.net
1355,DHK Flensborg III,Handball-Erwachsene DER Kreishandballverbände IN Schleswig-Holstein,Handball-Erwachsene DER Kreishandballverbände IN Schleswig-Holstein,10,Bezirksklasse / Kreisklasse / Regionsklasse,Kreisklasse Männer Nord A,12985,1,3,3,0,0,98,59,39,6,2.0,,handball.net
1356,SG Glinde/Reinbek II,Handball-Erwachsene DER Kreishandballverbände IN Schleswig-Holstein,Handball-Erwachsene DER Kreishandballverbände IN Schleswig-Holstein,10,Bezirksklasse / Kreisklasse / Regionsklasse,Kreisklasse Männer LauSto,12990,1,2,2,0,0,65,39,26,4,2.0,,handball.net
1357,VFL Bochum 1848 Handball E.V. II,Handballkreis Industrie,Handballkreis Industrie,10,Bezirksklasse / Kreisklasse / Regionsklasse,HKI-M-1. Kreisklasse,13048,1,2,2,0,0,65,39,26,4,2.0,,handball.net
1358,HSG Hüllhorst 3,Handballkreis Minden-Lübbecke,Handballkreis Minden-Lübbecke,10,Bezirksklasse / Kreisklasse / Regionsklasse,HBKML Männer Kreisklasse Staffel 1,14376,3,1,1,0,0,34,22,12,2,2.0,,handball.net
1359,TSV Bösingfeld 2,Handballkreis Lippe,Handballkreis Lippe,10,Bezirksklasse / Kreisklasse / Regionsklasse,HBKLIP Kreisklasse Männer,15837,2,1,1,0,0,34,22,12,2,2.0,,handball.net
1360,HSG Hiesfeld/Aldenrade IV,HK Wesel,HK Wesel,10,Bezirksklasse / Kreisklasse / Regionsklasse,Regionsklasse Männer · HK Wesel,13067,3,1,1,0,0,30,18,12,2,2.0,,handball.net
1361,TV Huchem-Stammeln,HK Aachen-Düren,HK Aachen-Düren,10,Bezirksklasse / Kreisklasse / Regionsklasse,Regionsklasse,14820,5,1,1,0,0,28,16,12,2,2.0,,handball.net
1362,HSG Wetter/Grundschöttel 2,Handballkreis Hagen/Ennepe-Ruhr,Handballkreis Hagen/Ennepe-Ruhr,10,Bezirksklasse / Kreisklasse / Regionsklasse,MÄNNER KREISklasse HKHR,13009,3,1,1,0,0,35,24,11,2,2.0,,handball.net
1363,TUS Eintracht Oberlübbe 4,Handballkreis Minden-Lübbecke,Handballkreis Minden-Lübbecke,10,Bezirksklasse / Kreisklasse / Regionsklasse,HBKML Männer Kreisklasse Staffel 2,14377,1,3,3,0,0,101,68,33,6,2.0,,handball.net
1364,SG Bünde-Dünne III,Handballkreis Bielefeld-Herford,Handballkreis Bielefeld-Herford,10,Bezirksklasse / Kreisklasse / Regionsklasse,Männer 1. Kreisklasse,13293,5,1,1,0,0,32,21,11,2,2.0,,handball.net
1365,TUS Lintorf 3m,HK Düsseldorf,HK Düsseldorf,10,Bezirksklasse / Kreisklasse / Regionsklasse,1. Regionsklasse Männer (HK Düsseldorf),15941,1,2,2,0,0,72,51,21,4,2.0,,handball.net
1366,Longericher SC IV,HK Köln-Rheinberg,HK Köln-Rheinberg,10,Bezirksklasse / Kreisklasse / Regionsklasse,Regionsklasse Männer,12894,3,2,2,0,0,64,43,21,4,2.0,,handball.net
1367,Eichholzer SV,Handball-Erwachsene DER Kreishandballverbände IN Schleswig-Holstein,Handball-Erwachsene DER Kreishandballverbände IN Schleswig-Holstein,10,Bezirksklasse / Kreisklasse / Regionsklasse,Kreisklasse Männer Ostsee,12989,2,2,2,0,0,62,41,21,4,2.0,,handball.net
1368,HSG Hohenlimburg H2,Handballkreis Iserlohn-Arnsberg,Handballkreis Iserlohn-Arnsberg,10,Bezirksklasse / Kreisklasse / Regionsklasse,HKISAR 1. Kreisklasse MÄNNER,15392,1,3,3,0,0,96,66,30,6,2.0,,handball.net
1369,VfL Bad Schwartau IV,Handball-Erwachsene DER Kreishandballverbände IN Schleswig-Holstein,Handball-Erwachsene DER Kreishandballverbände IN Schleswig-Holstein,10,Bezirksklasse / Kreisklasse / Regionsklasse,Kreisklasse Männer Ostsee,12989,4,1,1,0,0,32,22,10,2,2.0,,handball.net
1370,TV Vorst III,HK Krefeld-Grenzland,HK Krefeld-Grenzland,10,Bezirksklasse / Kreisklasse / Regionsklasse,BK Männer,15676,2,2,2,0,0,65,46,19,4,2.0,,handball.net
1371,SG Handball Kamen III,Handballkreis Hellweg,Handballkreis Hellweg,10,Bezirksklasse / Kreisklasse / Regionsklasse,Männer 1. Kreisklasse HKH,12715,1,2,2,0,0,61,42,19,4,2.0,,handball.net
1372,ATV Dorstfeld 2,Handballkreis Dortmund,Handballkreis Dortmund,10,Bezirksklasse / Kreisklasse / Regionsklasse,HKDO-1. KK-M,12784,1,3,3,0,0,95,67,28,6,2.0,,handball.net
1373,HC Gonsenheim 3,Handballverband Rheinhessen-Pfalz,Handballverband Rheinhessen-Pfalz,10,Bezirksklasse / Kreisklasse / Regionsklasse,M-BZK 1,12582,1,4,4,0,0,123,86,37,8,2.0,,handball.net
1374,SF 01 Dresden II,HR Sachsen-Mitte,HR Sachsen-Mitte,10,Bezirksklasse / Kreisklasse / Regionsklasse,RK Männer St. 2,13107,1,4,4,0,0,122,85,37,8,2.0,,handball.net
1375,SV Rähnitz,HR Sachsen-Mitte,HR Sachsen-Mitte,10,Bezirksklasse / Kreisklasse / Regionsklasse,RK Männer St. 1,13106,1,2,2,0,0,70,52,18,4,2.0,,handball.net
1376,TSG Schüren 2,Handballkreis Dortmund,Handballkreis Dortmund,10,Bezirksklasse / Kreisklasse / Regionsklasse,HKDO-1. KK-M,12784,2,3,3,0,0,99,72,27,6,2.0,,handball.net
1377,Cronenberger TG IV,HK Essen,HK Essen,10,Bezirksklasse / Kreisklasse / Regionsklasse,Regionsklasse Wuppertal Männer,16080,1,2,2,0,0,61,43,18,4,2.0,,handball.net
1378,HSV Waldmohr,Handballverband SAAR,Handballverband SAAR,10,Bezirksklasse / Kreisklasse / Regionsklasse,A-Liga Männer Staffel Ost,14384,1,4,4,0,0,126,93,33,8,2.0,,handball.net
1379,Büdelsdorfer TSV,Handball-Erwachsene DER Kreishandballverbände IN Schleswig-Holstein,Handball-Erwachsene DER Kreishandballverbände IN Schleswig-Holstein,10,Bezirksklasse / Kreisklasse / Regionsklasse,Kreisklasse Männer Kiel/RD,12988,1,3,3,0,0,102,78,24,6,2.0,,handball.net
1380,HC Einheit Plauen III,HR Südwestsachsen,HR Südwestsachsen,10,Bezirksklasse / Kreisklasse / Regionsklasse,RK Männer West,13099,2,2,2,0,0,63,47,16,4,2.0,,handball.net
1381,Burgstädter HC II,HR Südwestsachsen,HR Südwestsachsen,10,Bezirksklasse / Kreisklasse / Regionsklasse,RK Männer Ost,13100,3,3,3,0,0,103,80,23,6,2.0,,handball.net
1382,TV Schiefbahn,HK Krefeld-Grenzland,HK Krefeld-Grenzland,10,Bezirksklasse / Kreisklasse / Regionsklasse,BK Männer,15676,3,2,2,0,0,66,51,15,4,2.0,,handball.net
1383,Radebeuler HV III,HR Sachsen-Mitte,HR Sachsen-Mitte,10,Bezirksklasse / Kreisklasse / Regionsklasse,RK Männer St. 2,13107,2,2,2,0,0,70,56,14,4,2.0,,handball.net
1384,HSG Nordau III,Handball-Erwachsene DER Kreishandballverbände IN Schleswig-Holstein,Handball-Erwachsene DER Kreishandballverbände IN Schleswig-Holstein,10,Bezirksklasse / Kreisklasse / Regionsklasse,Kreisklasse Männer Nord A,12985,4,2,2,0,0,63,49,14,4,2.0,,handball.net
1385,Osterather TV II,HK Krefeld-Grenzland,HK Krefeld-Grenzland,10,Bezirksklasse / Kreisklasse / Regionsklasse,BK Männer,15676,5,1,1,0,0,31,24,7,2,2.0,,handball.net
1386,TV Dt. Eiche Ennigerloh 1899 E.V. II,Handballkreis Hellweg,Handballkreis Hellweg,10,Bezirksklasse / Kreisklasse / Regionsklasse,Männer 1. Kreisklasse HKH,12715,2,1,1,0,0,31,24,7,2,2.0,,handball.net
1387,TV THALEISCHWEILER Herren,Handballverband Rheinhessen-Pfalz,Handballverband Rheinhessen-Pfalz,10,Bezirksklasse / Kreisklasse / Regionsklasse,M-BZK 2,12583,2,4,4,0,0,117,89,28,8,2.0,,handball.net
1388,TSV Eller 04 1m,HK Düsseldorf,HK Düsseldorf,10,Bezirksklasse / Kreisklasse / Regionsklasse,1. Regionsklasse Männer (HK Düsseldorf),15941,3,1,1,0,0,29,22,7,2,2.0,,handball.net
1389,TUS Elm-Sprengen 2,Handballverband SAAR,Handballverband SAAR,10,Bezirksklasse / Kreisklasse / Regionsklasse,A-Liga Männer Staffel West,14385,4,1,1,0,0,29,22,7,2,2.0,,handball.net
1390,TuS Niederpleis IV,HK Bonn-Euskirchen-Sieg,HK Bonn-Euskirchen-Sieg,10,Bezirksklasse / Kreisklasse / Regionsklasse,Kreisklasse Männer,17301,1,1,1,0,0,27,20,7,2,2.0,,handball.net
1391,HSV Solingen-Gräfrath 76 E.V. II,Bergischer HK,Bergischer HK,10,Bezirksklasse / Kreisklasse / Regionsklasse,1. Regionsklasse Männer BHK,14417,3,1,1,0,0,26,19,7,2,2.0,,handball.net
1392,TuS Aumühle-Wohltorf III,Handball-Erwachsene DER Kreishandballverbände IN Schleswig-Holstein,Handball-Erwachsene DER Kreishandballverbände IN Schleswig-Holstein,10,Bezirksklasse / Kreisklasse / Regionsklasse,Kreisklasse Männer LauSto,12990,2,2,2,0,0,47,33,14,4,2.0,,handball.net
1393,Ahlener SG 93 E.V. III,Handballkreis Hellweg,Handballkreis Hellweg,10,Bezirksklasse / Kreisklasse / Regionsklasse,Männer 1. Kreisklasse HKH,12715,3,1,1,0,0,23,16,7,2,2.0,,handball.net
1394,TV VERL III,Handballkreis Gütersloh,Handballkreis Gütersloh,10,Bezirksklasse / Kreisklasse / Regionsklasse,HBKGT Männer 1. Kreisklasse,12686,1,3,3,0,0,106,86,20,6,2.0,,handball.net
1395,VFL Sassenberg,Handballkreis Münsterland,Handballkreis Münsterland,10,Bezirksklasse / Kreisklasse / Regionsklasse,Kreisklasse 1 Münsterland Männer,13229,1,3,3,0,0,103,83,20,6,2.0,,handball.net
1396,VFL Herford II,Handballkreis Bielefeld-Herford,Handballkreis Bielefeld-Herford,10,Bezirksklasse / Kreisklasse / Regionsklasse,Männer 1. Kreisklasse,13293,1,3,3,0,0,98,78,20,6,2.0,,handball.net
1397,SG LaFt - Herren,Handballverband Rheinhessen-Pfalz,Handballverband Rheinhessen-Pfalz,10,Bezirksklasse / Kreisklasse / Regionsklasse,M-BZK 2,12583,1,5,5,0,0,164,131,33,10,2.0,,handball.net
1398,Union Chemnitz III,HR Südwestsachsen,HR Südwestsachsen,10,Bezirksklasse / Kreisklasse / Regionsklasse,RK Männer Ost,13100,1,4,4,0,0,134,108,26,8,2.0,,handball.net
1399,HSG Wetter/Grundschöttel 3,Handballkreis Hagen/Ennepe-Ruhr,Handballkreis Hagen/Ennepe-Ruhr,10,Bezirksklasse / Kreisklasse / Regionsklasse,MÄNNER KREISklasse HKHR,13009,1,2,2,0,0,52,39,13,4,2.0,,handball.net
1400,HC Essen West III,HK Essen,HK Essen,10,Bezirksklasse / Kreisklasse / Regionsklasse,Regionsklasse Essen Männer,16888,1,3,3,0,0,82,63,19,6,2.0,,handball.net
1401,SGS Augustdorf-Hövelhof 2,Handballkreis Lippe,Handballkreis Lippe,10,Bezirksklasse / Kreisklasse / Regionsklasse,HBKLIP Kreisklasse Männer,15837,3,1,1,0,0,33,27,6,2,2.0,,handball.net
1402,Ohligser TV III,Bergischer HK,Bergischer HK,10,Bezirksklasse / Kreisklasse / Regionsklasse,1. Regionsklasse Männer BHK,14417,2,2,2,0,0,58,46,12,4,2.0,,handball.net
1403,ETB SW Essen III,HK Essen,HK Essen,10,Bezirksklasse / Kreisklasse / Regionsklasse,Regionsklasse Essen Männer,16888,2,3,3,0,0,85,67,18,6,2.0,,handball.net
1404,HSG Nordau IV,Handball-Erwachsene DER Kreishandballverbände IN Schleswig-Holstein,Handball-Erwachsene DER Kreishandballverbände IN Schleswig-Holstein,10,Bezirksklasse / Kreisklasse / Regionsklasse,Kreisklasse Männer Nord B,12986,1,2,2,0,0,55,43,12,4,2.0,,handball.net
1405,Stolberger SV III,HK Aachen-Düren,HK Aachen-Düren,10,Bezirksklasse / Kreisklasse / Regionsklasse,Regionsklasse,14820,1,2,2,0,0,67,56,11,4,2.0,,handball.net
1406,TV Flittard,HK Köln-Rheinberg,HK Köln-Rheinberg,10,Bezirksklasse / Kreisklasse / Regionsklasse,Regionsklasse Männer,12894,4,2,2,0,0,51,40,11,4,2.0,,handball.net
1407,SG Gescher/Legden,Handballkreis Münsterland,Handballkreis Münsterland,10,Bezirksklasse / Kreisklasse / Regionsklasse,Kreisklasse 1 Münsterland Männer,13229,6,1,1,0,0,40,35,5,2,2.0,,handball.net
1408,VFB Schleiden,HK Bonn-Euskirchen-Sieg,HK Bonn-Euskirchen-Sieg,10,Bezirksklasse / Kreisklasse / Regionsklasse,Kreisklasse Männer,17301,2,1,1,0,0,35,30,5,2,2.0,,handball.net
1409,SV 04 Plauen-O. IV,HR Südwestsachsen,HR Südwestsachsen,10,Bezirksklasse / Kreisklasse / Regionsklasse,RK Männer West,13099,4,1,1,0,0,26,21,5,2,2.0,,handball.net
1410,HSG Tarp/Wanderup III,Handball-Erwachsene DER Kreishandballverbände IN Schleswig-Holstein,Handball-Erwachsene DER Kreishandballverbände IN Schleswig-Holstein,10,Bezirksklasse / Kreisklasse / Regionsklasse,Kreisklasse Männer Nord B,12986,3,1,1,0,0,23,18,5,2,2.0,,handball.net
1411,HT Norderstedt V,Hamburger Handballverband,Hamburger Handballverband,10,Bezirksklasse / Kreisklasse / Regionsklasse,Kreisklasse Männer Gruppe 1 (151),13445,2,1,1,0,0,23,18,5,2,2.0,,handball.net
1412,HC Sterkrade 75 II,HK Rhein-Ruhr,HK Rhein-Ruhr,10,Bezirksklasse / Kreisklasse / Regionsklasse,REGIONSKLASSE MÄNNER,13019,2,2,2,0,0,65,56,9,4,2.0,,handball.net
1413,HSV Bocklemünd II,HK Köln-Rheinberg,HK Köln-Rheinberg,10,Bezirksklasse / Kreisklasse / Regionsklasse,Regionsklasse Männer,12894,5,2,2,0,0,60,51,9,4,2.0,,handball.net
1414,TV Billstedt II,Hamburger Handballverband,Hamburger Handballverband,10,Bezirksklasse / Kreisklasse / Regionsklasse,Kreisklasse Männer Gruppe 2 (152),13446,2,2,2,0,0,59,50,9,4,2.0,,handball.net
1415,HSG Herdecke/Ende III,Handballkreis Hagen/Ennepe-Ruhr,Handballkreis Hagen/Ennepe-Ruhr,10,Bezirksklasse / Kreisklasse / Regionsklasse,MÄNNER KREISklasse HKHR,13009,2,2,2,0,0,55,46,9,4,2.0,,handball.net
1416,TSV Bocholt III,HK Wesel,HK Wesel,10,Bezirksklasse / Kreisklasse / Regionsklasse,Regionsklasse Männer · HK Wesel,13067,1,2,2,0,0,71,63,8,4,2.0,,handball.net
1417,Ahrensburger TSV III,Hamburger Handballverband,Hamburger Handballverband,10,Bezirksklasse / Kreisklasse / Regionsklasse,Kreisklasse Männer Gruppe 2 (152),13446,4,1,1,0,0,35,31,4,2,2.0,,handball.net
1418,TUS Spenge IV,Handballkreis Bielefeld-Herford,Handballkreis Bielefeld-Herford,10,Bezirksklasse / Kreisklasse / Regionsklasse,Männer 1. Kreisklasse,13293,2,2,2,0,0,57,49,8,4,2.0,,handball.net
1419,TuS Gaarden,Handball-Erwachsene DER Kreishandballverbände IN Schleswig-Holstein,Handball-Erwachsene DER Kreishandballverbände IN Schleswig-Holstein,10,Bezirksklasse / Kreisklasse / Regionsklasse,Kreisklasse Männer Kiel/RD,12988,3,1,1,0,0,28,24,4,2,2.0,,handball.net
1420,SG Kurort Hartha II,HR Sachsen-Mitte,HR Sachsen-Mitte,10,Bezirksklasse / Kreisklasse / Regionsklasse,RK Männer St. 1,13106,2,1,1,0,0,27,23,4,2,2.0,,handball.net
1421,TG Herford II,Handballkreis Bielefeld-Herford,Handballkreis Bielefeld-Herford,10,Bezirksklasse / Kreisklasse / Regionsklasse,Männer 1. Kreisklasse,13293,3,2,2,0,0,65,58,7,4,2.0,,handball.net
1422,BSC Setterich,HK Aachen-Düren,HK Aachen-Düren,10,Bezirksklasse / Kreisklasse / Regionsklasse,Regionsklasse,14820,6,1,1,0,0,20,17,3,2,2.0,,handball.net
1423,USC Saar,Handballverband SAAR,Handballverband SAAR,10,Bezirksklasse / Kreisklasse / Regionsklasse,A-Liga Männer Staffel West,14385,2,3,3,0,0,101,93,8,6,2.0,,handball.net
1424,TV Kirkel 2,Handballverband SAAR,Handballverband SAAR,10,Bezirksklasse / Kreisklasse / Regionsklasse,A-Liga Männer Staffel Ost,14384,5,1,1,0,0,29,27,2,2,2.0,,handball.net
1425,TEAM Cdg/Dav Wuppertal,HK Essen,HK Essen,10,Bezirksklasse / Kreisklasse / Regionsklasse,Regionsklasse Wuppertal Männer,16080,3,1,1,0,0,27,25,2,2,2.0,,handball.net
1426,TV Angermund 2m,HK Düsseldorf,HK Düsseldorf,10,Bezirksklasse / Kreisklasse / Regionsklasse,1. Regionsklasse Männer (HK Düsseldorf),15941,4,1,1,0,0,24,22,2,2,2.0,,handball.net
1427,Kieler MTV IV,Handball-Erwachsene DER Kreishandballverbände IN Schleswig-Holstein,Handball-Erwachsene DER Kreishandballverbände IN Schleswig-Holstein,10,Bezirksklasse / Kreisklasse / Regionsklasse,Kreisklasse Männer Kiel/RD,12988,4,1,1,0,0,34,33,1,2,2.0,,handball.net
1428,Elmshorner HT II,Hamburger Handballverband,Hamburger Handballverband,10,Bezirksklasse / Kreisklasse / Regionsklasse,Kreisklasse Männer Gruppe 1 (151),13445,4,1,1,0,0,24,23,1,2,2.0,,handball.net
1429,SG Oeversee-Jarplund-Weding III,Handball-Erwachsene DER Kreishandballverbände IN Schleswig-Holstein,Handball-Erwachsene DER Kreishandballverbände IN Schleswig-Holstein,10,Bezirksklasse / Kreisklasse / Regionsklasse,Kreisklasse Männer Nord B,12986,4,1,1,0,0,20,19,1,2,2.0,,handball.net
1430,HG Saarlouis 4,Handballverband SAAR,Handballverband SAAR,10,Bezirksklasse / Kreisklasse / Regionsklasse,A-Liga Männer Staffel West,14385,1,4,3,1,0,126,97,29,7,1.75,,handball.net
1431,USG Chemnitz II,HR Südwestsachsen,HR Südwestsachsen,10,Bezirksklasse / Kreisklasse / Regionsklasse,RK Männer Ost,13100,2,4,3,1,0,120,109,11,7,1.75,,handball.net
1432,SG LVB IV,HR Leipzig,HR Leipzig,10,Bezirksklasse / Kreisklasse / Regionsklasse,RK Männer,13118,1,4,3,1,0,107,96,11,7,1.75,,handball.net
1433,Wandsbeker TSV Concordia,Hamburger Handballverband,Hamburger Handballverband,10,Bezirksklasse / Kreisklasse / Regionsklasse,Kreisklasse Männer Gruppe 2 (152),13446,1,3,2,1,0,71,45,26,5,1.67,,handball.net
1434,TSV GWD Minden 3,Handballkreis Minden-Lübbecke,Handballkreis Minden-Lübbecke,10,Bezirksklasse / Kreisklasse / Regionsklasse,HBKML Männer Kreisklasse Staffel 2,14377,2,3,2,1,0,89,65,24,5,1.67,,handball.net
1435,TV JAHN Oelde II,Handballkreis Gütersloh,Handballkreis Gütersloh,10,Bezirksklasse / Kreisklasse / Regionsklasse,HBKGT Männer 1. Kreisklasse,12686,2,3,2,1,0,85,69,16,5,1.67,,handball.net
1436,SuS Neuenkirchen 09 II,Handballkreis Münsterland,Handballkreis Münsterland,10,Bezirksklasse / Kreisklasse / Regionsklasse,Kreisklasse 1 Münsterland Männer,13229,2,3,2,1,0,106,93,13,5,1.67,,handball.net
1437,HSV Mölkau - DIE HAIE II,HR Leipzig,HR Leipzig,10,Bezirksklasse / Kreisklasse / Regionsklasse,RK Männer,13118,3,3,2,1,0,77,67,10,5,1.67,,handball.net
1438,TUS Leipzig-Mockau,HR Leipzig,HR Leipzig,10,Bezirksklasse / Kreisklasse / Regionsklasse,RK Männer,13118,2,4,3,0,1,133,110,23,6,1.5,,handball.net
1439,HSG Werther/Borgholzhausen III,Handballkreis Gütersloh,Handballkreis Gütersloh,10,Bezirksklasse / Kreisklasse / Regionsklasse,HBKGT Männer 1. Kreisklasse,12686,4,2,1,1,0,70,61,9,3,1.5,,handball.net
1440,TSV Travemünde II,Handball-Erwachsene DER Kreishandballverbände IN Schleswig-Holstein,Handball-Erwachsene DER Kreishandballverbände IN Schleswig-Holstein,10,Bezirksklasse / Kreisklasse / Regionsklasse,Kreisklasse Männer Ostsee,12989,3,2,1,1,0,25,17,8,3,1.5,,handball.net
1441,TSV Schönberg II,Handball-Erwachsene DER Kreishandballverbände IN Schleswig-Holstein,Handball-Erwachsene DER Kreishandballverbände IN Schleswig-Holstein,10,Bezirksklasse / Kreisklasse / Regionsklasse,Kreisklasse Männer Plön,12987,1,4,3,0,1,127,113,14,6,1.5,,handball.net
1442,TSV EINHEIT CLAUßNITZ 1864 E.V.,HR Südwestsachsen,HR Südwestsachsen,10,Bezirksklasse / Kreisklasse / Regionsklasse,RK Männer Ost,13100,4,4,3,0,1,121,109,12,6,1.5,,handball.net
1443,Borussia VFL 1900 Mönchengladbach 2,HK Krefeld-Grenzland,HK Krefeld-Grenzland,10,Bezirksklasse / Kreisklasse / Regionsklasse,BK Männer,15676,4,2,1,1,0,58,53,5,3,1.5,,handball.net
1444,HSG Grethen/Maxdorf,Handballverband Rheinhessen-Pfalz,Handballverband Rheinhessen-Pfalz,10,Bezirksklasse / Kreisklasse / Regionsklasse,M-BZK 2,12583,3,4,3,0,1,118,115,3,6,1.5,,handball.net
1445,Wiedenbrücker TV,Handballkreis Gütersloh,Handballkreis Gütersloh,10,Bezirksklasse / Kreisklasse / Regionsklasse,HBKGT Männer 1. Kreisklasse,12686,5,2,1,1,0,51,50,1,3,1.5,,handball.net
1446,HSV Alzey 2,Handballverband Rheinhessen-Pfalz,Handballverband Rheinhessen-Pfalz,10,Bezirksklasse / Kreisklasse / Regionsklasse,M-BZK 1,12582,2,3,2,0,1,99,84,15,4,1.33,,handball.net
1447,GW Bingen-Büdesheim 2,Handballverband Rheinhessen-Pfalz,Handballverband Rheinhessen-Pfalz,10,Bezirksklasse / Kreisklasse / Regionsklasse,M-BZK 1,12582,3,3,2,0,1,84,71,13,4,1.33,,handball.net
1448,SG Bordesholm/Brügge III,Handball-Erwachsene DER Kreishandballverbände IN Schleswig-Holstein,Handball-Erwachsene DER Kreishandballverbände IN Schleswig-Holstein,10,Bezirksklasse / Kreisklasse / Regionsklasse,Kreisklasse Männer Plön,12987,4,3,2,0,1,100,90,10,4,1.33,,handball.net
1449,TSV Ellerbek V,Hamburger Handballverband,Hamburger Handballverband,10,Bezirksklasse / Kreisklasse / Regionsklasse,Kreisklasse Männer Gruppe 1 (151),13445,1,3,2,0,1,83,73,10,4,1.33,,handball.net
1450,HSG Re/Oe II,Handballkreis Industrie,Handballkreis Industrie,10,Bezirksklasse / Kreisklasse / Regionsklasse,HKI-M-1. Kreisklasse,13048,2,3,2,0,1,45,36,9,4,1.33,,handball.net
1451,HC Elbflorenz 2006  IV,HR Sachsen-Mitte,HR Sachsen-Mitte,10,Bezirksklasse / Kreisklasse / Regionsklasse,RK Männer St. 2,13107,3,3,2,0,1,74,66,8,4,1.33,,handball.net
1452,SC Huckarde-Rahm 2,Handballkreis Dortmund,Handballkreis Dortmund,10,Bezirksklasse / Kreisklasse / Regionsklasse,HKDO-1. KK-M,12784,3,3,2,0,1,75,68,7,4,1.33,,handball.net
1453,ASC 09 Dortmund 3,Handballkreis Dortmund,Handballkreis Dortmund,10,Bezirksklasse / Kreisklasse / Regionsklasse,HKDO-1. KK-M,12784,4,3,2,0,1,83,77,6,4,1.33,,handball.net
1454,SC Arminia Ochtrup II,Handballkreis Münsterland,Handballkreis Münsterland,10,Bezirksklasse / Kreisklasse / Regionsklasse,Kreisklasse 1 Münsterland Männer,13229,3,3,2,0,1,82,77,5,4,1.33,,handball.net
1455,Sparta Münster III,Handballkreis Münsterland,Handballkreis Münsterland,10,Bezirksklasse / Kreisklasse / Regionsklasse,Kreisklasse 1 Münsterland Männer,13229,4,3,2,0,1,112,108,4,4,1.33,,handball.net
1456,HV Böhlen II,HR Leipzig,HR Leipzig,10,Bezirksklasse / Kreisklasse / Regionsklasse,RK Männer,13118,4,3,2,0,1,84,82,2,4,1.33,,handball.net
1457,TuS Bommern 3. Herren 1. Kreisklasse,Handballkreis Industrie,Handballkreis Industrie,10,Bezirksklasse / Kreisklasse / Regionsklasse,HKI-M-1. Kreisklasse,13048,3,3,2,0,1,75,73,2,4,1.33,,handball.net
1458,HSG Hattingen-Sprockhövel IV,Handballkreis Industrie,Handballkreis Industrie,10,Bezirksklasse / Kreisklasse / Regionsklasse,HKI-M-1. Kreisklasse,13048,4,3,2,0,1,75,76,-1,4,1.33,,handball.net
1459,HSC Ingelheim 2,Handballverband Rheinhessen-Pfalz,Handballverband Rheinhessen-Pfalz,10,Bezirksklasse / Kreisklasse / Regionsklasse,M-BZK 1,12582,4,3,2,0,1,73,74,-1,4,1.33,,handball.net
1460,HSG Nahe-Glan 2,Handballverband Rheinhessen-Pfalz,Handballverband Rheinhessen-Pfalz,10,Bezirksklasse / Kreisklasse / Regionsklasse,M-BZK 1,12582,5,3,2,0,1,98,100,-2,4,1.33,,handball.net
1461,HSG Preussen/Bor. Münster II,Handballkreis Münsterland,Handballkreis Münsterland,10,Bezirksklasse / Kreisklasse / Regionsklasse,Kreisklasse 1 Münsterland Männer,13229,5,3,2,0,1,80,83,-3,4,1.33,,handball.net
1462,HSG Porta Hr. 3,Handballkreis Minden-Lübbecke,Handballkreis Minden-Lübbecke,10,Bezirksklasse / Kreisklasse / Regionsklasse,HBKML Männer Kreisklasse Staffel 2,14377,4,3,2,0,1,72,78,-6,4,1.33,,handball.net
1463,HSG Zwönitztal,HR Südwestsachsen,HR Südwestsachsen,10,Bezirksklasse / Kreisklasse / Regionsklasse,RK Männer Ost,13100,5,4,2,1,1,113,109,4,5,1.25,,handball.net
1464,HSG Mutterstadt/Ruchheim 2,Handballverband Rheinhessen-Pfalz,Handballverband Rheinhessen-Pfalz,10,Bezirksklasse / Kreisklasse / Regionsklasse,M-BZK 2,12583,6,4,2,0,2,123,89,34,4,1.0,,handball.net
1465,TSV Hohenhorst,Hamburger Handballverband,Hamburger Handballverband,10,Bezirksklasse / Kreisklasse / Regionsklasse,Kreisklasse Männer Gruppe 2 (152),13446,3,2,1,0,1,56,44,12,2,1.0,,handball.net
1466,HC Glauchau/Meerane III,HR Südwestsachsen,HR Südwestsachsen,10,Bezirksklasse / Kreisklasse / Regionsklasse,RK Männer West,13099,1,4,2,0,2,133,111,22,4,1.0,,handball.net
1467,HSG Dudweiler-Fischbach,Handballverband SAAR,Handballverband SAAR,10,Bezirksklasse / Kreisklasse / Regionsklasse,A-Liga Männer Staffel Ost,14384,4,2,1,0,1,66,56,10,2,1.0,,handball.net
1468,Fortschritt Mylau-Reichenb.,HR Südwestsachsen,HR Südwestsachsen,10,Bezirksklasse / Kreisklasse / Regionsklasse,RK Männer West,13099,3,2,1,0,1,54,45,9,2,1.0,,handball.net
1469,SV Rähnitz II,HR Sachsen-Mitte,HR Sachsen-Mitte,10,Bezirksklasse / Kreisklasse / Regionsklasse,RK Männer St. 2,13107,4,2,1,0,1,69,61,8,2,1.0,,handball.net
1470,TUS Brockhagen III,Handballkreis Gütersloh,Handballkreis Gütersloh,10,Bezirksklasse / Kreisklasse / Regionsklasse,HBKGT Männer 1. Kreisklasse,12686,3,3,1,1,1,92,80,12,3,1.0,,handball.net
1471,HC St. Johann,Handballverband SAAR,Handballverband SAAR,10,Bezirksklasse / Kreisklasse / Regionsklasse,A-Liga Männer Staffel West,14385,3,3,1,1,1,101,92,9,3,1.0,,handball.net
1472,Suchsdorfer SV II,Handball-Erwachsene DER Kreishandballverbände IN Schleswig-Holstein,Handball-Erwachsene DER Kreishandballverbände IN Schleswig-Holstein,10,Bezirksklasse / Kreisklasse / Regionsklasse,Kreisklasse Männer Kiel/RD,12988,2,2,1,0,1,66,60,6,2,1.0,,handball.net
1473,DJK Oespel-Kley Herren 3,Handballkreis Dortmund,Handballkreis Dortmund,10,Bezirksklasse / Kreisklasse / Regionsklasse,HKDO-1. KK-M,12784,5,3,1,1,1,86,77,9,3,1.0,,handball.net
1474,IF Stjernen Flensborg II,Handball-Erwachsene DER Kreishandballverbände IN Schleswig-Holstein,Handball-Erwachsene DER Kreishandballverbände IN Schleswig-Holstein,10,Bezirksklasse / Kreisklasse / Regionsklasse,Kreisklasse Männer Nord B,12986,2,2,1,0,1,53,47,6,2,1.0,,handball.net
1475,DHG Sandesneben,Handball-Erwachsene DER Kreishandballverbände IN Schleswig-Holstein,Handball-Erwachsene DER Kreishandballverbände IN Schleswig-Holstein,10,Bezirksklasse / Kreisklasse / Regionsklasse,Kreisklasse Männer LauSto,12990,4,2,1,0,1,50,44,6,2,1.0,,handball.net
1476,1.Fc KÖLN III,HK Köln-Rheinberg,HK Köln-Rheinberg,10,Bezirksklasse / Kreisklasse / Regionsklasse,Regionsklasse Männer,12894,6,2,1,0,1,62,57,5,2,1.0,,handball.net
1477,SG Saulheim 3,Handballverband Rheinhessen-Pfalz,Handballverband Rheinhessen-Pfalz,10,Bezirksklasse / Kreisklasse / Regionsklasse,M-BZK 1,12582,8,2,1,0,1,59,55,4,2,1.0,,handball.net
1478,TUS Heiligenstein 2,Handballverband Rheinhessen-Pfalz,Handballverband Rheinhessen-Pfalz,10,Bezirksklasse / Kreisklasse / Regionsklasse,M-BZK 2,12583,4,5,2,1,2,143,135,8,5,1.0,,handball.net
1479,BSG Wismut AUE II,HR Südwestsachsen,HR Südwestsachsen,10,Bezirksklasse / Kreisklasse / Regionsklasse,RK Männer West,13099,5,2,1,0,1,57,54,3,2,1.0,,handball.net
1480,HSG Wetter/Grundschöttel 4,Handballkreis Hagen/Ennepe-Ruhr,Handballkreis Hagen/Ennepe-Ruhr,10,Bezirksklasse / Kreisklasse / Regionsklasse,MÄNNER KREISklasse HKHR,13009,4,2,1,0,1,52,49,3,2,1.0,,handball.net
1481,SG Osdorf/Lurup II,Hamburger Handballverband,Hamburger Handballverband,10,Bezirksklasse / Kreisklasse / Regionsklasse,Kreisklasse Männer Gruppe 1 (151),13445,3,2,1,0,1,46,43,3,2,1.0,,handball.net
1482,VFL Schlangen 2,Handballkreis Lippe,Handballkreis Lippe,10,Bezirksklasse / Kreisklasse / Regionsklasse,HBKLIP Kreisklasse Männer,15837,4,2,1,0,1,55,53,2,2,1.0,,handball.net
1483,SSV Lommatzsch II,HR Sachsen-Mitte,HR Sachsen-Mitte,10,Bezirksklasse / Kreisklasse / Regionsklasse,RK Männer St. 1,13106,3,2,1,0,1,54,52,2,2,1.0,,handball.net
1484,Rheydter TV 1847,HK Krefeld-Grenzland,HK Krefeld-Grenzland,10,Bezirksklasse / Kreisklasse / Regionsklasse,BK Männer,15676,6,2,1,0,1,52,50,2,2,1.0,,handball.net
1485,Handball BAD Salzuflen 4,Handballkreis Lippe,Handballkreis Lippe,10,Bezirksklasse / Kreisklasse / Regionsklasse,HBKLIP Kreisklasse Männer,15837,5,2,1,0,1,51,49,2,2,1.0,,handball.net
1486,Leezener SC,Handball-Erwachsene DER Kreishandballverbände IN Schleswig-Holstein,Handball-Erwachsene DER Kreishandballverbände IN Schleswig-Holstein,10,Bezirksklasse / Kreisklasse / Regionsklasse,Kreisklasse Männer Ostsee,12989,5,2,1,0,1,51,49,2,2,1.0,,handball.net
1487,HSG Südtondern II,Handball-Erwachsene DER Kreishandballverbände IN Schleswig-Holstein,Handball-Erwachsene DER Kreishandballverbände IN Schleswig-Holstein,10,Bezirksklasse / Kreisklasse / Regionsklasse,Kreisklasse Männer Nord A,12985,6,2,1,0,1,48,46,2,2,1.0,,handball.net
1488,HSG Gremmendorf/Angelmodde,Handballkreis Münsterland,Handballkreis Münsterland,10,Bezirksklasse / Kreisklasse / Regionsklasse,Kreisklasse 1 Münsterland Männer,13229,7,2,1,0,1,60,59,1,2,1.0,,handball.net
1489,SG 1899 Striegistal,HR Südwestsachsen,HR Südwestsachsen,10,Bezirksklasse / Kreisklasse / Regionsklasse,RK Männer Ost,13100,7,2,1,0,1,55,54,1,2,1.0,,handball.net
1490,VFL Eintracht Hagen E.V. 4,Handballkreis Hagen/Ennepe-Ruhr,Handballkreis Hagen/Ennepe-Ruhr,10,Bezirksklasse / Kreisklasse / Regionsklasse,MÄNNER KREISklasse HKHR,13009,5,2,1,0,1,55,54,1,2,1.0,,handball.net
1491,Bergischer HC,Bergischer HK,Bergischer HK,10,Bezirksklasse / Kreisklasse / Regionsklasse,1. Regionsklasse Männer BHK,14417,4,2,1,0,1,51,50,1,2,1.0,,handball.net
1492,ETUS Wedau II,HK Rhein-Ruhr,HK Rhein-Ruhr,10,Bezirksklasse / Kreisklasse / Regionsklasse,REGIONSKLASSE MÄNNER,13019,4,2,1,0,1,48,47,1,2,1.0,,handball.net
1493,HSG VFL Solingen / BURG II,Bergischer HK,Bergischer HK,10,Bezirksklasse / Kreisklasse / Regionsklasse,1. Regionsklasse Männer BHK,14417,6,1,0,1,0,33,33,0,1,1.0,,handball.net
1494,TV Issum III,HK Wesel,HK Wesel,10,Bezirksklasse / Kreisklasse / Regionsklasse,Regionsklasse Männer · HK Wesel,13067,4,2,1,0,1,58,58,0,2,1.0,,handball.net
1495,TG Schildesche,Handballkreis Bielefeld-Herford,Handballkreis Bielefeld-Herford,10,Bezirksklasse / Kreisklasse / Regionsklasse,Männer 1. Kreisklasse,13293,4,4,2,0,2,115,115,0,4,1.0,,handball.net
1496,HSV Herbede II,Handballkreis Industrie,Handballkreis Industrie,10,Bezirksklasse / Kreisklasse / Regionsklasse,HKI-M-1. Kreisklasse,13048,5,2,1,0,1,55,55,0,2,1.0,,handball.net
1497,SG Klotzsche II,HR Sachsen-Mitte,HR Sachsen-Mitte,10,Bezirksklasse / Kreisklasse / Regionsklasse,RK Männer St. 1,13106,5,2,1,0,1,55,55,0,2,1.0,,handball.net
1498,Boizenburger HV,Handball-Erwachsene DER Kreishandballverbände IN Schleswig-Holstein,Handball-Erwachsene DER Kreishandballverbände IN Schleswig-Holstein,10,Bezirksklasse / Kreisklasse / Regionsklasse,Kreisklasse Männer LauSto,12990,5,2,1,0,1,52,52,0,2,1.0,,handball.net
1499,HSG Siebengebirge-Thomasberg IV,HK Bonn-Euskirchen-Sieg,HK Bonn-Euskirchen-Sieg,10,Bezirksklasse / Kreisklasse / Regionsklasse,Kreisklasse Männer,17301,3,2,1,0,1,52,52,0,2,1.0,,handball.net
1500,MTV 61 Elberfeld II,HK Essen,HK Essen,10,Bezirksklasse / Kreisklasse / Regionsklasse,Regionsklasse Wuppertal Männer,16080,4,2,1,0,1,51,51,0,2,1.0,,handball.net
1501,Letmather TV H3,Handballkreis Iserlohn-Arnsberg,Handballkreis Iserlohn-Arnsberg,10,Bezirksklasse / Kreisklasse / Regionsklasse,HKISAR 1. Kreisklasse MÄNNER,15392,5,1,0,1,0,0,0,0,1,1.0,,handball.net
1502,SGH Unna Massen 3,Handballkreis Hellweg,Handballkreis Hellweg,10,Bezirksklasse / Kreisklasse / Regionsklasse,Männer 1. Kreisklasse HKH,12715,4,2,1,0,1,55,56,-1,2,1.0,,handball.net
1503,HSG Löhne-Obernbeck,Handballkreis Bielefeld-Herford,Handballkreis Bielefeld-Herford,10,Bezirksklasse / Kreisklasse / Regionsklasse,Männer 1. Kreisklasse,13293,7,2,1,0,1,46,47,-1,2,1.0,,handball.net
1504,Union 92 Halle III,Handballkreis Gütersloh,Handballkreis Gütersloh,10,Bezirksklasse / Kreisklasse / Regionsklasse,HBKGT Männer 1. Kreisklasse,12686,6,2,1,0,1,46,47,-1,2,1.0,,handball.net
1505,SV Wipperfürth,Bergischer HK,Bergischer HK,10,Bezirksklasse / Kreisklasse / Regionsklasse,1. Regionsklasse Männer BHK,14417,5,2,1,0,1,61,63,-2,2,1.0,,handball.net
1506,DJK GRÜN Weiss Werden 3.M,HK Essen,HK Essen,10,Bezirksklasse / Kreisklasse / Regionsklasse,Regionsklasse Essen Männer,16888,4,2,1,0,1,51,53,-2,2,1.0,,handball.net
1507,HG Itzenplitz,Handballverband SAAR,Handballverband SAAR,10,Bezirksklasse / Kreisklasse / Regionsklasse,A-Liga Männer Staffel Ost,14384,3,4,2,0,2,99,103,-4,4,1.0,,handball.net
1508,SV Niederau III,HR Sachsen-Mitte,HR Sachsen-Mitte,10,Bezirksklasse / Kreisklasse / Regionsklasse,RK Männer St. 1,13106,7,2,1,0,1,48,50,-2,2,1.0,,handball.net
1509,TSG Kirchhellen III,HK Rhein-Ruhr,HK Rhein-Ruhr,10,Bezirksklasse / Kreisklasse / Regionsklasse,REGIONSKLASSE MÄNNER,13019,5,2,1,0,1,45,47,-2,2,1.0,,handball.net
1510,SC Bottrop III,HK Rhein-Ruhr,HK Rhein-Ruhr,10,Bezirksklasse / Kreisklasse / Regionsklasse,REGIONSKLASSE MÄNNER,13019,6,2,1,0,1,56,59,-3,2,1.0,,handball.net
1511,HSG Elbvororte IV,Hamburger Handballverband,Hamburger Handballverband,10,Bezirksklasse / Kreisklasse / Regionsklasse,Kreisklasse Männer Gruppe 1 (151),13445,5,2,1,0,1,53,56,-3,2,1.0,,handball.net
1512,TV Germania Marterloh,Handballkreis Dortmund,Handballkreis Dortmund,10,Bezirksklasse / Kreisklasse / Regionsklasse,HKDO-1. KK-M,12784,6,3,1,1,1,72,77,-5,3,1.0,,handball.net
1513,Tschft. St. Tönis III,HK Krefeld-Grenzland,HK Krefeld-Grenzland,10,Bezirksklasse / Kreisklasse / Regionsklasse,BK Männer,15676,7,2,1,0,1,51,55,-4,2,1.0,,handball.net
1514,HSG Sieg H3,HK Bonn-Euskirchen-Sieg,HK Bonn-Euskirchen-Sieg,10,Bezirksklasse / Kreisklasse / Regionsklasse,Kreisklasse Männer,17301,4,2,1,0,1,35,39,-4,2,1.0,,handball.net
1515,HSG Südtondern III,Handball-Erwachsene DER Kreishandballverbände IN Schleswig-Holstein,Handball-Erwachsene DER Kreishandballverbände IN Schleswig-Holstein,10,Bezirksklasse / Kreisklasse / Regionsklasse,Kreisklasse Männer Nord B,12986,5,2,1,0,1,35,39,-4,2,1.0,,handball.net
1516,Germania Zwenkau II,HR Leipzig,HR Leipzig,10,Bezirksklasse / Kreisklasse / Regionsklasse,RK Männer,13118,6,2,1,0,1,66,71,-5,2,1.0,,handball.net
1517,TSV Bargteheide II,Handball-Erwachsene DER Kreishandballverbände IN Schleswig-Holstein,Handball-Erwachsene DER Kreishandballverbände IN Schleswig-Holstein,10,Bezirksklasse / Kreisklasse / Regionsklasse,Kreisklasse Männer LauSto,12990,3,3,1,1,1,87,95,-8,3,1.0,,handball.net
1518,SG Handball Detmold 3,Handballkreis Lippe,Handballkreis Lippe,10,Bezirksklasse / Kreisklasse / Regionsklasse,HBKLIP Kreisklasse Männer,15837,6,2,1,0,1,52,58,-6,2,1.0,,handball.net
1519,ASC Quierschied 2,Handballverband SAAR,Handballverband SAAR,10,Bezirksklasse / Kreisklasse / Regionsklasse,A-Liga Männer Staffel Ost,14384,6,2,1,0,1,52,60,-8,2,1.0,,handball.net
1520,SG Iserlohn-Sümmern H2,Handballkreis Iserlohn-Arnsberg,Handballkreis Iserlohn-Arnsberg,10,Bezirksklasse / Kreisklasse / Regionsklasse,HKISAR 1. Kreisklasse MÄNNER,15392,2,3,1,1,1,43,57,-14,3,1.0,,handball.net
1521,TSV Kandel 2,Handballverband Rheinhessen-Pfalz,Handballverband Rheinhessen-Pfalz,10,Bezirksklasse / Kreisklasse / Regionsklasse,M-BZK 2,12583,5,5,2,1,2,128,154,-26,5,1.0,,handball.net
1522,TV Wickede H2,Handballkreis Iserlohn-Arnsberg,Handballkreis Iserlohn-Arnsberg,10,Bezirksklasse / Kreisklasse / Regionsklasse,HKISAR 1. Kreisklasse MÄNNER,15392,4,2,1,0,1,43,55,-12,2,1.0,,handball.net
1523,TUS Hartum 2,Handballkreis Minden-Lübbecke,Handballkreis Minden-Lübbecke,10,Bezirksklasse / Kreisklasse / Regionsklasse,HBKML Männer Kreisklasse Staffel 2,14377,5,2,1,0,1,57,70,-13,2,1.0,,handball.net
1524,Spvg. Versmold II,Handballkreis Gütersloh,Handballkreis Gütersloh,10,Bezirksklasse / Kreisklasse / Regionsklasse,HBKGT Männer 1. Kreisklasse,12686,7,2,1,0,1,52,66,-14,2,1.0,,handball.net
1525,Luchse Düsseldorf 3M,HK Düsseldorf,HK Düsseldorf,10,Bezirksklasse / Kreisklasse / Regionsklasse,1. Regionsklasse Männer (HK Düsseldorf),15941,5,2,1,0,1,54,69,-15,2,1.0,,handball.net
1526,HSV Frechen III,HK Köln-Rheinberg,HK Köln-Rheinberg,10,Bezirksklasse / Kreisklasse / Regionsklasse,Regionsklasse Männer,12894,7,2,1,0,1,53,70,-17,2,1.0,,handball.net
1527,HSV Alzey 3,Handballverband Rheinhessen-Pfalz,Handballverband Rheinhessen-Pfalz,10,Bezirksklasse / Kreisklasse / Regionsklasse,M-BZK 1,12582,6,5,2,0,3,126,137,-11,4,0.8,,handball.net
1528,HC Gonsenheim 4,Handballverband Rheinhessen-Pfalz,Handballverband Rheinhessen-Pfalz,10,Bezirksklasse / Kreisklasse / Regionsklasse,M-BZK 1,12582,7,5,2,0,3,125,137,-12,4,0.8,,handball.net
1529,HV Grüna II,HR Südwestsachsen,HR Südwestsachsen,10,Bezirksklasse / Kreisklasse / Regionsklasse,RK Männer Ost,13100,6,4,1,1,2,116,117,-1,3,0.75,,handball.net
1530,TUS Neuhofen 2,Handballverband Rheinhessen-Pfalz,Handballverband Rheinhessen-Pfalz,10,Bezirksklasse / Kreisklasse / Regionsklasse,M-BZK 2,12583,7,4,1,1,2,91,103,-12,3,0.75,,handball.net
1531,Bredstedter TSV II,Handball-Erwachsene DER Kreishandballverbände IN Schleswig-Holstein,Handball-Erwachsene DER Kreishandballverbände IN Schleswig-Holstein,10,Bezirksklasse / Kreisklasse / Regionsklasse,Kreisklasse Männer Nord A,12985,5,3,1,0,2,83,66,17,2,0.67,,handball.net
1532,HSV ÜBERRUHR 3.Männer,HK Essen,HK Essen,10,Bezirksklasse / Kreisklasse / Regionsklasse,Regionsklasse Essen Männer,16888,3,3,1,0,2,77,67,10,2,0.67,,handball.net
1533,DJK Ewaldi Aplerbeck H2,Handballkreis Dortmund,Handballkreis Dortmund,10,Bezirksklasse / Kreisklasse / Regionsklasse,HKDO-1. KK-M,12784,7,3,1,0,2,84,78,6,2,0.67,,handball.net
1534,HV Glesien,HR Leipzig,HR Leipzig,10,Bezirksklasse / Kreisklasse / Regionsklasse,RK Männer,13118,5,3,1,0,2,95,90,5,2,0.67,,handball.net
1535,TSG Mz-Bretzenheim 4,Handballverband Rheinhessen-Pfalz,Handballverband Rheinhessen-Pfalz,10,Bezirksklasse / Kreisklasse / Regionsklasse,M-BZK 1,12582,9,3,1,0,2,97,96,1,2,0.67,,handball.net
1536,VFL Meissen,HR Sachsen-Mitte,HR Sachsen-Mitte,10,Bezirksklasse / Kreisklasse / Regionsklasse,RK Männer St. 1,13106,4,3,1,0,2,70,69,1,2,0.67,,handball.net
1537,TSV Oerlinghausen II,Handballkreis Bielefeld-Herford,Handballkreis Bielefeld-Herford,10,Bezirksklasse / Kreisklasse / Regionsklasse,Männer 1. Kreisklasse,13293,6,3,1,0,2,78,79,-1,2,0.67,,handball.net
1538,USV TU Dresden II,HR Sachsen-Mitte,HR Sachsen-Mitte,10,Bezirksklasse / Kreisklasse / Regionsklasse,RK Männer St. 1,13106,6,3,1,0,2,73,74,-1,2,0.67,,handball.net
1539,ROßWEINER SV II,HR Südwestsachsen,HR Südwestsachsen,10,Bezirksklasse / Kreisklasse / Regionsklasse,RK Männer Ost,13100,8,3,1,0,2,82,84,-2,2,0.67,,handball.net
1540,SG Handball Steinfurt II,Handballkreis Münsterland,Handballkreis Münsterland,10,Bezirksklasse / Kreisklasse / Regionsklasse,Kreisklasse 1 Münsterland Männer,13229,8,3,1,0,2,91,95,-4,2,0.67,,handball.net
1541,TSV Stellingen 88,Hamburger Handballverband,Hamburger Handballverband,10,Bezirksklasse / Kreisklasse / Regionsklasse,Kreisklasse Männer Gruppe 1 (151),13445,6,3,1,0,2,83,88,-5,2,0.67,,handball.net
1542,DJK TUS Ruhrtal Witten,Handballkreis Dortmund,Handballkreis Dortmund,10,Bezirksklasse / Kreisklasse / Regionsklasse,HKDO-1. KK-M,12784,8,3,0,2,1,72,79,-7,2,0.67,,handball.net
1543,SG TURA Halden-Herbeck 4,Handballkreis Hagen/Ennepe-Ruhr,Handballkreis Hagen/Ennepe-Ruhr,10,Bezirksklasse / Kreisklasse / Regionsklasse,MÄNNER KREISklasse HKHR,13009,6,3,1,0,2,66,73,-7,2,0.67,,handball.net
1544,HSG Büchen/Siebeneichen II,Handball-Erwachsene DER Kreishandballverbände IN Schleswig-Holstein,Handball-Erwachsene DER Kreishandballverbände IN Schleswig-Holstein,10,Bezirksklasse / Kreisklasse / Regionsklasse,Kreisklasse Männer LauSto,12990,6,3,1,0,2,64,72,-8,2,0.67,,handball.net
1545,SG DJK Altendorf 09/SC Phönix Essen 1920 III,HK Essen,HK Essen,10,Bezirksklasse / Kreisklasse / Regionsklasse,Regionsklasse Essen Männer,16888,5,3,1,0,2,73,83,-10,2,0.67,,handball.net
1546,VfL Aplerbeckermark 1. Herren,Handballkreis Dortmund,Handballkreis Dortmund,10,Bezirksklasse / Kreisklasse / Regionsklasse,HKDO-1. KK-M,12784,9,3,1,0,2,76,87,-11,2,0.67,,handball.net
1547,SG Kurort Hartha III,HR Sachsen-Mitte,HR Sachsen-Mitte,10,Bezirksklasse / Kreisklasse / Regionsklasse,RK Männer St. 2,13107,5,3,1,0,2,79,91,-12,2,0.67,,handball.net
1548,TUS WELLINGHOFEN Erwachsene männlich,Handballkreis Dortmund,Handballkreis Dortmund,10,Bezirksklasse / Kreisklasse / Regionsklasse,HKDO-1. KK-M,12784,10,3,1,0,2,76,88,-12,2,0.67,,handball.net
1549,DJK Hansa Dortmund,Handballkreis Dortmund,Handballkreis Dortmund,10,Bezirksklasse / Kreisklasse / Regionsklasse,HKDO-1. KK-M,12784,11,3,1,0,2,80,94,-14,2,0.67,,handball.net
1550,HSG 91 Nortorf II,Handball-Erwachsene DER Kreishandballverbände IN Schleswig-Holstein,Handball-Erwachsene DER Kreishandballverbände IN Schleswig-Holstein,10,Bezirksklasse / Kreisklasse / Regionsklasse,Kreisklasse Männer Plön,12987,5,3,1,0,2,78,92,-14,2,0.67,,handball.net
1551,HC Schmelz 2,Handballverband SAAR,Handballverband SAAR,10,Bezirksklasse / Kreisklasse / Regionsklasse,A-Liga Männer Staffel West,14385,5,3,1,0,2,74,89,-15,2,0.67,,handball.net
1552,HSV Weinböhla III,HR Sachsen-Mitte,HR Sachsen-Mitte,10,Bezirksklasse / Kreisklasse / Regionsklasse,RK Männer St. 1,13106,8,3,1,0,2,81,103,-22,2,0.67,,handball.net
1553,TSV Mildstedt III,Handball-Erwachsene DER Kreishandballverbände IN Schleswig-Holstein,Handball-Erwachsene DER Kreishandballverbände IN Schleswig-Holstein,10,Bezirksklasse / Kreisklasse / Regionsklasse,Kreisklasse Männer Nord A,12985,7,3,1,0,2,61,85,-24,2,0.67,,handball.net
1554,DGF Flensborg,Handball-Erwachsene DER Kreishandballverbände IN Schleswig-Holstein,Handball-Erwachsene DER Kreishandballverbände IN Schleswig-Holstein,10,Bezirksklasse / Kreisklasse / Regionsklasse,Kreisklasse Männer Nord A,12985,8,3,1,0,2,58,82,-24,2,0.67,,handball.net
1555,Sachsen 90 Werdau II,HR Südwestsachsen,HR Südwestsachsen,10,Bezirksklasse / Kreisklasse / Regionsklasse,RK Männer West,13099,6,3,1,0,2,73,100,-27,2,0.67,,handball.net
1556,HSG JAHN 05/Sc WEST 1m,HK Düsseldorf,HK Düsseldorf,10,Bezirksklasse / Kreisklasse / Regionsklasse,1. Regionsklasse Männer (HK Düsseldorf),15941,6,2,0,1,1,43,45,-2,1,0.5,,handball.net
1557,Rossweiner SV,HR Südwestsachsen,HR Südwestsachsen,10,Bezirksklasse / Kreisklasse / Regionsklasse,RK Männer Ost,13100,9,2,0,1,1,62,65,-3,1,0.5,,handball.net
1558,HGV Hürth-Gleuel II,HK Köln-Rheinberg,HK Köln-Rheinberg,10,Bezirksklasse / Kreisklasse / Regionsklasse,Regionsklasse Männer,12894,8,2,0,1,1,54,57,-3,1,0.5,,handball.net
1559,OSC Rheinhausen IV,HK Rhein-Ruhr,HK Rhein-Ruhr,10,Bezirksklasse / Kreisklasse / Regionsklasse,REGIONSKLASSE MÄNNER,13019,7,2,0,1,1,45,48,-3,1,0.5,,handball.net
1560,SG Harburg IV,Hamburger Handballverband,Hamburger Handballverband,10,Bezirksklasse / Kreisklasse / Regionsklasse,Kreisklasse Männer Gruppe 2 (152),13446,5,2,0,1,1,26,29,-3,1,0.5,,handball.net
1561,MSG Iggelheim/Meckenheim 3,Handballverband Rheinhessen-Pfalz,Handballverband Rheinhessen-Pfalz,10,Bezirksklasse / Kreisklasse / Regionsklasse,M-BZK 2,12583,8,4,1,0,3,102,115,-13,2,0.5,,handball.net
1562,TV Losheim,Handballverband SAAR,Handballverband SAAR,10,Bezirksklasse / Kreisklasse / Regionsklasse,A-Liga Männer Staffel West,14385,6,2,0,1,1,49,56,-7,1,0.5,,handball.net
1563,TUS Erkrath 1m,HK Düsseldorf,HK Düsseldorf,10,Bezirksklasse / Kreisklasse / Regionsklasse,1. Regionsklasse Männer (HK Düsseldorf),15941,7,2,0,1,1,43,50,-7,1,0.5,,handball.net
1564,SG Ltv/Ntv,HK Köln-Rheinberg,HK Köln-Rheinberg,10,Bezirksklasse / Kreisklasse / Regionsklasse,Regionsklasse Männer,12894,9,2,0,1,1,62,70,-8,1,0.5,,handball.net
1565,VFL Geesthacht II,Handball-Erwachsene DER Kreishandballverbände IN Schleswig-Holstein,Handball-Erwachsene DER Kreishandballverbände IN Schleswig-Holstein,10,Bezirksklasse / Kreisklasse / Regionsklasse,Kreisklasse Männer LauSto,12990,7,2,0,1,1,60,68,-8,1,0.5,,handball.net
1566,TV Kirrweiler 2,Handballverband Rheinhessen-Pfalz,Handballverband Rheinhessen-Pfalz,10,Bezirksklasse / Kreisklasse / Regionsklasse,M-BZK 2,12583,9,4,1,0,3,107,131,-24,2,0.5,,handball.net
1567,SC Waldniel,HK Krefeld-Grenzland,HK Krefeld-Grenzland,10,Bezirksklasse / Kreisklasse / Regionsklasse,BK Männer,15676,8,2,0,1,1,53,67,-14,1,0.5,,handball.net
1568,DJK Adler 07 Bottrop II,HK Rhein-Ruhr,HK Rhein-Ruhr,10,Bezirksklasse / Kreisklasse / Regionsklasse,REGIONSKLASSE MÄNNER,13019,8,2,0,1,1,33,56,-23,1,0.5,,handball.net
1569,TUS 09 MÖLLBERGEN e.V. 3,Handballkreis Minden-Lübbecke,Handballkreis Minden-Lübbecke,10,Bezirksklasse / Kreisklasse / Regionsklasse,HBKML Männer Kreisklasse Staffel 2,14377,6,3,0,1,2,71,79,-8,1,0.33,,handball.net
1570,SG Handball Ibbenbüren III,Handballkreis Münsterland,Handballkreis Münsterland,10,Bezirksklasse / Kreisklasse / Regionsklasse,Kreisklasse 1 Münsterland Männer,13229,9,3,0,1,2,107,118,-11,1,0.33,,handball.net
1571,HSG Rückmarsdorf II,HR Leipzig,HR Leipzig,10,Bezirksklasse / Kreisklasse / Regionsklasse,RK Männer,13118,7,3,0,1,2,81,93,-12,1,0.33,,handball.net
1572,SG Motor Gohlis-Nord Leipzig III,HR Leipzig,HR Leipzig,10,Bezirksklasse / Kreisklasse / Regionsklasse,RK Männer,13118,8,3,0,1,2,88,101,-13,1,0.33,,handball.net
1573,HC Dillingen-Diefflen 3,Handballverband SAAR,Handballverband SAAR,10,Bezirksklasse / Kreisklasse / Regionsklasse,A-Liga Männer Staffel West,14385,7,3,0,1,2,77,92,-15,1,0.33,,handball.net
1574,VfB Lübeck,Handball-Erwachsene DER Kreishandballverbände IN Schleswig-Holstein,Handball-Erwachsene DER Kreishandballverbände IN Schleswig-Holstein,10,Bezirksklasse / Kreisklasse / Regionsklasse,Kreisklasse Männer Ostsee,12989,6,3,0,1,2,38,66,-28,1,0.33,,handball.net
1575,Remscheider TV,Bergischer HK,Bergischer HK,10,Bezirksklasse / Kreisklasse / Regionsklasse,1. Regionsklasse Männer BHK,14417,7,3,0,1,2,82,111,-29,1,0.33,,handball.net
1576,TSV Penig,HR Südwestsachsen,HR Südwestsachsen,10,Bezirksklasse / Kreisklasse / Regionsklasse,RK Männer Ost,13100,10,4,0,1,3,115,127,-12,1,0.25,,handball.net
1577,MSG Kaiserslautern/Dansenberg 2,Handballverband Rheinhessen-Pfalz,Handballverband Rheinhessen-Pfalz,10,Bezirksklasse / Kreisklasse / Regionsklasse,M-BZK 2,12583,10,4,0,1,3,93,113,-20,1,0.25,,handball.net
1578,HSG Sachsenring II,HR Südwestsachsen,HR Südwestsachsen,10,Bezirksklasse / Kreisklasse / Regionsklasse,RK Männer Ost,13100,11,4,0,1,3,93,126,-33,1,0.25,,handball.net
1579,DJK Tura 05 Dümpten II,HK Rhein-Ruhr,HK Rhein-Ruhr,10,Bezirksklasse / Kreisklasse / Regionsklasse,REGIONSKLASSE MÄNNER,13019,9,0,0,0,0,0,0,0,0,0.0,,handball.net
1580,Godesberger TV II,HK Bonn-Euskirchen-Sieg,HK Bonn-Euskirchen-Sieg,10,Bezirksklasse / Kreisklasse / Regionsklasse,Kreisklasse Männer,17301,5,0,0,0,0,0,0,0,0,0.0,,handball.net
1581,HSG EURO 3,Handballkreis Minden-Lübbecke,Handballkreis Minden-Lübbecke,10,Bezirksklasse / Kreisklasse / Regionsklasse,HBKML Männer Kreisklasse Staffel 1,14376,4,0,0,0,0,0,0,0,0,0.0,,handball.net
1582,HSG Fockbek/Nübbel/Alt Duvenstedt II,Handball-Erwachsene DER Kreishandballverbände IN Schleswig-Holstein,Handball-Erwachsene DER Kreishandballverbände IN Schleswig-Holstein,10,Bezirksklasse / Kreisklasse / Regionsklasse,Kreisklasse Männer Kiel/RD,12988,5,0,0,0,0,0,0,0,0,0.0,,handball.net
1583,HSV Dümpten 1992 III (zurückgezogen),HK Rhein-Ruhr,HK Rhein-Ruhr,10,Bezirksklasse / Kreisklasse / Regionsklasse,REGIONSKLASSE MÄNNER,13019,10,0,0,0,0,0,0,0,0,0.0,,handball.net
1584,HSV Troisdorf,HK Bonn-Euskirchen-Sieg,HK Bonn-Euskirchen-Sieg,10,Bezirksklasse / Kreisklasse / Regionsklasse,Kreisklasse Männer,17301,6,0,0,0,0,0,0,0,0,0.0,,handball.net
1585,HV Erftstadt II,HK Bonn-Euskirchen-Sieg,HK Bonn-Euskirchen-Sieg,10,Bezirksklasse / Kreisklasse / Regionsklasse,Kreisklasse Männer,17301,7,0,0,0,0,0,0,0,0,0.0,,handball.net
1586,Handball Ruhrbogen Hattingen,Handballkreis Industrie,Handballkreis Industrie,10,Bezirksklasse / Kreisklasse / Regionsklasse,HKI-M-1. Kreisklasse,13048,6,0,0,0,0,0,0,0,0,0.0,,handball.net
1587,Kettwiger SV 70/86 2. Männer,HK Essen,HK Essen,10,Bezirksklasse / Kreisklasse / Regionsklasse,Regionsklasse Essen Männer,16888,6,0,0,0,0,0,0,0,0,0.0,,handball.net
1588,LHV Hoyerswerda IV,HR Ostsachsen,HR Ostsachsen,10,Bezirksklasse / Kreisklasse / Regionsklasse,Freizeitklasse Staffel B,15188,1,0,0,0,0,0,0,0,0,0.0,,handball.net
1589,MSV Bautzen 04,HR Ostsachsen,HR Ostsachsen,10,Bezirksklasse / Kreisklasse / Regionsklasse,Freizeitklasse Staffel A,13113,1,0,0,0,0,0,0,0,0,0.0,,handball.net
1590,MTG Horst Essen III,HK Essen,HK Essen,10,Bezirksklasse / Kreisklasse / Regionsklasse,Regionsklasse Essen Männer,16888,7,0,0,0,0,0,0,0,0,0.0,,handball.net
1591,Rot-Weiß Sagar e.V. II,HR Ostsachsen,HR Ostsachsen,10,Bezirksklasse / Kreisklasse / Regionsklasse,Freizeitklasse Staffel B,15188,2,0,0,0,0,0,0,0,0,0.0,,handball.net
1592,SG Handball Oberland,HR Südwestsachsen,HR Südwestsachsen,10,Bezirksklasse / Kreisklasse / Regionsklasse,RK Männer West,13099,7,0,0,0,0,0,0,0,0,0.0,,handball.net
1593,SG Sohland/Friedersdorf II,HR Ostsachsen,HR Ostsachsen,10,Bezirksklasse / Kreisklasse / Regionsklasse,Freizeitklasse Staffel A,13113,2,0,0,0,0,0,0,0,0,0.0,,handball.net
1594,SSV Stahl Rietschen e.V. III,HR Ostsachsen,HR Ostsachsen,10,Bezirksklasse / Kreisklasse / Regionsklasse,Freizeitklasse Staffel B,15188,3,0,0,0,0,0,0,0,0,0.0,,handball.net
1595,SV Lok Schleife e.V. II,HR Ostsachsen,HR Ostsachsen,10,Bezirksklasse / Kreisklasse / Regionsklasse,Freizeitklasse Staffel B,15188,4,0,0,0,0,0,0,0,0,0.0,,handball.net
1596,Soester TV VON 1862 E.V. III,Handballkreis Hellweg,Handballkreis Hellweg,10,Bezirksklasse / Kreisklasse / Regionsklasse,Männer 1. Kreisklasse HKH,12715,5,0,0,0,0,0,0,0,0,0.0,,handball.net
1597,TBSV Neugersdorf 1990 E.V. III,HR Ostsachsen,HR Ostsachsen,10,Bezirksklasse / Kreisklasse / Regionsklasse,Freizeitklasse Staffel A,13113,3,0,0,0,0,0,0,0,0,0.0,,handball.net
1598,TSG Harsewinkel III,Handballkreis Gütersloh,Handballkreis Gütersloh,10,Bezirksklasse / Kreisklasse / Regionsklasse,HBKGT Männer 1. Kreisklasse,12686,8,0,0,0,0,0,0,0,0,0.0,,handball.net
1599,TSG Hohenhausen,Handballkreis Lippe,Handballkreis Lippe,10,Bezirksklasse / Kreisklasse / Regionsklasse,HBKLIP Kreisklasse Männer,15837,7,0,0,0,0,0,0,0,0,0.0,,handball.net
1600,TSV Bocholt II,HK Wesel,HK Wesel,10,Bezirksklasse / Kreisklasse / Regionsklasse,Regionsklasse Männer · HK Wesel,13067,5,0,0,0,0,0,0,0,0,0.0,,handball.net
1601,TSV Hillentrup 2,Handballkreis Lippe,Handballkreis Lippe,10,Bezirksklasse / Kreisklasse / Regionsklasse,HBKLIP Kreisklasse Männer,15837,8,0,0,0,0,0,0,0,0,0.0,,handball.net
1602,TSV Oelsnitz II,HR Südwestsachsen,HR Südwestsachsen,10,Bezirksklasse / Kreisklasse / Regionsklasse,RK Männer West,13099,8,0,0,0,0,0,0,0,0,0.0,,handball.net
1603,TUS Gehlenbeck,Handballkreis Minden-Lübbecke,Handballkreis Minden-Lübbecke,10,Bezirksklasse / Kreisklasse / Regionsklasse,HBKML Männer Kreisklasse Staffel 1,14376,5,0,0,0,0,0,0,0,0,0.0,,handball.net
1604,TUS SW WEHE 3,Handballkreis Minden-Lübbecke,Handballkreis Minden-Lübbecke,10,Bezirksklasse / Kreisklasse / Regionsklasse,HBKML Männer Kreisklasse Staffel 1,14376,6,0,0,0,0,0,0,0,0,0.0,,handball.net
1605,TV Roetgen II,HK Aachen-Düren,HK Aachen-Düren,10,Bezirksklasse / Kreisklasse / Regionsklasse,Regionsklasse,14820,7,0,0,0,0,0,0,0,0,0.0,,handball.net
1606,Zwönitzer HSV III,HR Südwestsachsen,HR Südwestsachsen,10,Bezirksklasse / Kreisklasse / Regionsklasse,RK Männer West,13099,9,0,0,0,0,0,0,0,0,0.0,,handball.net
1607,SG Hüls-Scherlebeck III,Handballkreis Industrie,Handballkreis Industrie,10,Bezirksklasse / Kreisklasse / Regionsklasse,HKI-M-1. Kreisklasse,13048,7,1,0,0,1,27,28,-1,0,0.0,,handball.net
1608,DJK SG Bösperde H3,Handballkreis Iserlohn-Arnsberg,Handballkreis Iserlohn-Arnsberg,10,Bezirksklasse / Kreisklasse / Regionsklasse,HKISAR 1. Kreisklasse MÄNNER,15392,6,1,0,0,1,26,27,-1,0,0.0,,handball.net
1609,Gettorfer TV II,Handball-Erwachsene DER Kreishandballverbände IN Schleswig-Holstein,Handball-Erwachsene DER Kreishandballverbände IN Schleswig-Holstein,10,Bezirksklasse / Kreisklasse / Regionsklasse,Kreisklasse Männer Kiel/RD,12988,6,1,0,0,1,26,27,-1,0,0.0,,handball.net
1610,TV Eiche 02 BAD Honnef,HK Bonn-Euskirchen-Sieg,HK Bonn-Euskirchen-Sieg,10,Bezirksklasse / Kreisklasse / Regionsklasse,Kreisklasse Männer,17301,8,1,0,0,1,17,18,-1,0,0.0,,handball.net
1611,TB Beckhausen 1928 E.V.,Handballkreis Industrie,Handballkreis Industrie,10,Bezirksklasse / Kreisklasse / Regionsklasse,HKI-M-1. Kreisklasse,13048,8,1,0,0,1,0,1,-1,0,0.0,,handball.net
1612,SC Lippstadt,Handballkreis Gütersloh,Handballkreis Gütersloh,10,Bezirksklasse / Kreisklasse / Regionsklasse,HBKGT Männer 1. Kreisklasse,12686,9,2,0,0,2,47,50,-3,0,0.0,,handball.net
1613,Vohwinkeler STV III,HK Essen,HK Essen,10,Bezirksklasse / Kreisklasse / Regionsklasse,Regionsklasse Wuppertal Männer,16080,5,2,0,0,2,50,54,-4,0,0.0,,handball.net
1614,HF Untere SAAR 4,Handballverband SAAR,Handballverband SAAR,10,Bezirksklasse / Kreisklasse / Regionsklasse,A-Liga Männer Staffel West,14385,8,1,0,0,1,35,38,-3,0,0.0,,handball.net
1615,BTB Aachen V,HK Aachen-Düren,HK Aachen-Düren,10,Bezirksklasse / Kreisklasse / Regionsklasse,Regionsklasse,14820,8,1,0,0,1,34,37,-3,0,0.0,,handball.net
1616,S.V. Schwarz-Weiss Havixbeck 2,Handballkreis Münsterland,Handballkreis Münsterland,10,Bezirksklasse / Kreisklasse / Regionsklasse,Kreisklasse 1 Münsterland Männer,13229,10,1,0,0,1,31,34,-3,0,0.0,,handball.net
1617,TUS Wiebelskirchen 2,Handballverband SAAR,Handballverband SAAR,10,Bezirksklasse / Kreisklasse / Regionsklasse,A-Liga Männer Staffel Ost,14384,7,1,0,0,1,31,34,-3,0,0.0,,handball.net
1618,HG Hamburg-Barmbek VII,Hamburger Handballverband,Hamburger Handballverband,10,Bezirksklasse / Kreisklasse / Regionsklasse,Kreisklasse Männer Gruppe 2 (152),13446,6,2,0,0,2,55,61,-6,0,0.0,,handball.net
1619,SC Unterbach 1m,HK Düsseldorf,HK Düsseldorf,10,Bezirksklasse / Kreisklasse / Regionsklasse,1. Regionsklasse Männer (HK Düsseldorf),15941,8,1,0,0,1,26,29,-3,0,0.0,,handball.net
1620,TV 1848 Mönchengladbach 2M,HK Krefeld-Grenzland,HK Krefeld-Grenzland,10,Bezirksklasse / Kreisklasse / Regionsklasse,BK Männer,15676,9,1,0,0,1,23,26,-3,0,0.0,,handball.net
1621,TUS Ehrenfeld 65 III,HK Köln-Rheinberg,HK Köln-Rheinberg,10,Bezirksklasse / Kreisklasse / Regionsklasse,Regionsklasse Männer,12894,10,1,0,0,1,22,25,-3,0,0.0,,handball.net
1622,TV Neheim H2,Handballkreis Iserlohn-Arnsberg,Handballkreis Iserlohn-Arnsberg,10,Bezirksklasse / Kreisklasse / Regionsklasse,HKISAR 1. Kreisklasse MÄNNER,15392,7,1,0,0,1,21,24,-3,0,0.0,,handball.net
1623,HSV Lingenfeld/Schwegenheim 2,Handballverband Rheinhessen-Pfalz,Handballverband Rheinhessen-Pfalz,10,Bezirksklasse / Kreisklasse / Regionsklasse,M-BZK 2,12583,11,3,0,0,3,83,94,-11,0,0.0,,handball.net
1624,TuS 97 Bielefeld/Jöllenbeck IV,Handballkreis Bielefeld-Herford,Handballkreis Bielefeld-Herford,10,Bezirksklasse / Kreisklasse / Regionsklasse,Männer 1. Kreisklasse,13293,8,3,0,0,3,67,78,-11,0,0.0,,handball.net
1625,HSG Wesel III,HK Wesel,HK Wesel,10,Bezirksklasse / Kreisklasse / Regionsklasse,Regionsklasse Männer · HK Wesel,13067,6,1,0,0,1,33,37,-4,0,0.0,,handball.net
1626,TV Trappenkamp,Handball-Erwachsene DER Kreishandballverbände IN Schleswig-Holstein,Handball-Erwachsene DER Kreishandballverbände IN Schleswig-Holstein,10,Bezirksklasse / Kreisklasse / Regionsklasse,Kreisklasse Männer Plön,12987,6,1,0,0,1,33,37,-4,0,0.0,,handball.net
1627,HSV Minden-Nord 2,Handballkreis Minden-Lübbecke,Handballkreis Minden-Lübbecke,10,Bezirksklasse / Kreisklasse / Regionsklasse,HBKML Männer Kreisklasse Staffel 2,14377,7,1,0,0,1,30,34,-4,0,0.0,,handball.net
1628,TV Schwafheim III,HK Wesel,HK Wesel,10,Bezirksklasse / Kreisklasse / Regionsklasse,Regionsklasse Männer · HK Wesel,13067,7,1,0,0,1,30,34,-4,0,0.0,,handball.net
1629,DJK Eintracht Hiltrup II,Handballkreis Münsterland,Handballkreis Münsterland,10,Bezirksklasse / Kreisklasse / Regionsklasse,Kreisklasse 1 Münsterland Männer,13229,11,3,0,0,3,82,94,-12,0,0.0,,handball.net
1630,SG LiDa 2.Männer,Handballkreis Industrie,Handballkreis Industrie,10,Bezirksklasse / Kreisklasse / Regionsklasse,HKI-M-1. Kreisklasse,13048,9,1,0,0,1,24,28,-4,0,0.0,,handball.net
1631,Wyker TB,Handball-Erwachsene DER Kreishandballverbände IN Schleswig-Holstein,Handball-Erwachsene DER Kreishandballverbände IN Schleswig-Holstein,10,Bezirksklasse / Kreisklasse / Regionsklasse,Kreisklasse Männer Nord B,12986,8,2,0,0,2,39,47,-8,0,0.0,,handball.net
1632,HSG ECD Hagen 3,Handballkreis Hagen/Ennepe-Ruhr,Handballkreis Hagen/Ennepe-Ruhr,10,Bezirksklasse / Kreisklasse / Regionsklasse,MÄNNER KREISklasse HKHR,13009,7,2,0,0,2,45,54,-9,0,0.0,,handball.net
1633,TURNERKREIS NIPPES 3.Herren,HK Köln-Rheinberg,HK Köln-Rheinberg,10,Bezirksklasse / Kreisklasse / Regionsklasse,Regionsklasse Männer,12894,12,2,0,0,2,45,54,-9,0,0.0,,handball.net
1634,TV Beckrath 1898 E.V. II,HK Krefeld-Grenzland,HK Krefeld-Grenzland,10,Bezirksklasse / Kreisklasse / Regionsklasse,BK Männer,15676,10,1,0,0,1,25,30,-5,0,0.0,,handball.net
1635,TSV NORD Harrislee,Handball-Erwachsene DER Kreishandballverbände IN Schleswig-Holstein,Handball-Erwachsene DER Kreishandballverbände IN Schleswig-Holstein,10,Bezirksklasse / Kreisklasse / Regionsklasse,Kreisklasse Männer Nord B,12986,6,1,0,0,1,23,28,-5,0,0.0,,handball.net
1636,TV Lobberich III,HK Krefeld-Grenzland,HK Krefeld-Grenzland,10,Bezirksklasse / Kreisklasse / Regionsklasse,BK Männer,15676,11,1,0,0,1,20,25,-5,0,0.0,,handball.net
1637,HSG Rietberg-Mastholte II,Handballkreis Gütersloh,Handballkreis Gütersloh,10,Bezirksklasse / Kreisklasse / Regionsklasse,HBKGT Männer 1. Kreisklasse,12686,10,2,0,0,2,45,56,-11,0,0.0,,handball.net
1638,HTS/BW96 Handball V,Hamburger Handballverband,Hamburger Handballverband,10,Bezirksklasse / Kreisklasse / Regionsklasse,Kreisklasse Männer Gruppe 1 (151),13445,7,2,0,0,2,42,53,-11,0,0.0,,handball.net
1639,Pulheimer SC III,HK Köln-Rheinberg,HK Köln-Rheinberg,10,Bezirksklasse / Kreisklasse / Regionsklasse,Regionsklasse Männer,12894,11,1,0,0,1,26,32,-6,0,0.0,,handball.net
1640,HSG DJK Oberthal / RW Schaumberg 3,Handballverband SAAR,Handballverband SAAR,10,Bezirksklasse / Kreisklasse / Regionsklasse,A-Liga Männer Staffel Ost,14384,8,1,0,0,1,22,28,-6,0,0.0,,handball.net
1641,MTV Lübeck IV,Handball-Erwachsene DER Kreishandballverbände IN Schleswig-Holstein,Handball-Erwachsene DER Kreishandballverbände IN Schleswig-Holstein,10,Bezirksklasse / Kreisklasse / Regionsklasse,Kreisklasse Männer Ostsee,12989,7,2,0,0,2,42,54,-12,0,0.0,,handball.net
1642,Wald-Merscheider TV II,Bergischer HK,Bergischer HK,10,Bezirksklasse / Kreisklasse / Regionsklasse,1. Regionsklasse Männer BHK,14417,8,1,0,0,1,17,23,-6,0,0.0,,handball.net
1643,SG Zschopautal II,HR Südwestsachsen,HR Südwestsachsen,10,Bezirksklasse / Kreisklasse / Regionsklasse,RK Männer Ost,13100,12,4,0,0,4,99,125,-26,0,0.0,,handball.net
1644,SF Rilchingen-Hanweiler,Handballverband SAAR,Handballverband SAAR,10,Bezirksklasse / Kreisklasse / Regionsklasse,A-Liga Männer Staffel West,14385,9,2,0,0,2,45,58,-13,0,0.0,,handball.net
1645,TSV Schott/Mainz,Handballverband Rheinhessen-Pfalz,Handballverband Rheinhessen-Pfalz,10,Bezirksklasse / Kreisklasse / Regionsklasse,M-BZK 1,12582,10,3,0,0,3,59,79,-20,0,0.0,,handball.net
1646,MTV Schwabstedt,Handball-Erwachsene DER Kreishandballverbände IN Schleswig-Holstein,Handball-Erwachsene DER Kreishandballverbände IN Schleswig-Holstein,10,Bezirksklasse / Kreisklasse / Regionsklasse,Kreisklasse Männer Nord B,12986,7,1,0,0,1,30,37,-7,0,0.0,,handball.net
1647,HSG 24109 III,Handball-Erwachsene DER Kreishandballverbände IN Schleswig-Holstein,Handball-Erwachsene DER Kreishandballverbände IN Schleswig-Holstein,10,Bezirksklasse / Kreisklasse / Regionsklasse,Kreisklasse Männer Kiel/RD,12988,7,2,0,0,2,52,66,-14,0,0.0,,handball.net
1648,Roter Stern Leipzig II,HR Leipzig,HR Leipzig,10,Bezirksklasse / Kreisklasse / Regionsklasse,RK Männer,13118,9,3,0,0,3,72,93,-21,0,0.0,,handball.net
1649,SC Krefeld 05,HK Krefeld-Grenzland,HK Krefeld-Grenzland,10,Bezirksklasse / Kreisklasse / Regionsklasse,BK Männer,15676,12,1,0,0,1,24,31,-7,0,0.0,,handball.net
1650,TUS 06 Westf. Eiche Anröchte E.V.,Handballkreis Hellweg,Handballkreis Hellweg,10,Bezirksklasse / Kreisklasse / Regionsklasse,Männer 1. Kreisklasse HKH,12715,6,1,0,0,1,24,31,-7,0,0.0,,handball.net
1651,ETB SW Essen IV,HK Essen,HK Essen,10,Bezirksklasse / Kreisklasse / Regionsklasse,Regionsklasse Essen Männer,16888,8,2,0,0,2,46,60,-14,0,0.0,,handball.net
1652,TUS Chlodwig Zülpich,HK Bonn-Euskirchen-Sieg,HK Bonn-Euskirchen-Sieg,10,Bezirksklasse / Kreisklasse / Regionsklasse,Kreisklasse Männer,17301,9,1,0,0,1,20,27,-7,0,0.0,,handball.net
1653,HSG Holsteinische Schweiz III,Handball-Erwachsene DER Kreishandballverbände IN Schleswig-Holstein,Handball-Erwachsene DER Kreishandballverbände IN Schleswig-Holstein,10,Bezirksklasse / Kreisklasse / Regionsklasse,Kreisklasse Männer Plön,12987,7,1,0,0,1,17,24,-7,0,0.0,,handball.net
1654,SV Vorwärts Gronau 09,Handballkreis Münsterland,Handballkreis Münsterland,10,Bezirksklasse / Kreisklasse / Regionsklasse,Kreisklasse 1 Münsterland Männer,13229,12,2,0,0,2,49,64,-15,0,0.0,,handball.net
1655,HTV Hemer III,Handballkreis Iserlohn-Arnsberg,Handballkreis Iserlohn-Arnsberg,10,Bezirksklasse / Kreisklasse / Regionsklasse,HKISAR 1. Kreisklasse MÄNNER,15392,8,2,0,0,2,46,61,-15,0,0.0,,handball.net
1656,SV Heissen III,HK Rhein-Ruhr,HK Rhein-Ruhr,10,Bezirksklasse / Kreisklasse / Regionsklasse,REGIONSKLASSE MÄNNER,13019,12,2,0,0,2,43,58,-15,0,0.0,,handball.net
1657,TSG Rheda,Handballkreis Gütersloh,Handballkreis Gütersloh,10,Bezirksklasse / Kreisklasse / Regionsklasse,HBKGT Männer 1. Kreisklasse,12686,12,2,0,0,2,40,55,-15,0,0.0,,handball.net
1658,VFL Handball Mennighüffen III,Handballkreis Bielefeld-Herford,Handballkreis Bielefeld-Herford,10,Bezirksklasse / Kreisklasse / Regionsklasse,Männer 1. Kreisklasse,13293,9,2,0,0,2,56,72,-16,0,0.0,,handball.net
1659,HSG Blomberg-Lippe 2,Handballkreis Lippe,Handballkreis Lippe,10,Bezirksklasse / Kreisklasse / Regionsklasse,HBKLIP Kreisklasse Männer,15837,9,2,0,0,2,49,65,-16,0,0.0,,handball.net
1660,Medizin BAD Gottleuba II,HR Sachsen-Mitte,HR Sachsen-Mitte,10,Bezirksklasse / Kreisklasse / Regionsklasse,RK Männer St. 2,13107,7,2,0,0,2,43,59,-16,0,0.0,,handball.net
1661,RSV Altenbögge-Bönen 1951 e.V. 3. Herren,Handballkreis Hellweg,Handballkreis Hellweg,10,Bezirksklasse / Kreisklasse / Regionsklasse,Männer 1. Kreisklasse HKH,12715,8,2,0,0,2,40,56,-16,0,0.0,,handball.net
1662,SG Zweibrücken 3,Handballverband SAAR,Handballverband SAAR,10,Bezirksklasse / Kreisklasse / Regionsklasse,A-Liga Männer Staffel Ost,14384,9,1,0,0,1,20,28,-8,0,0.0,,handball.net
1663,Solinger TB III,Bergischer HK,Bergischer HK,10,Bezirksklasse / Kreisklasse / Regionsklasse,1. Regionsklasse Männer BHK,14417,9,2,0,0,2,36,52,-16,0,0.0,,handball.net
1664,HSG Spradow 3,Handballkreis Bielefeld-Herford,Handballkreis Bielefeld-Herford,10,Bezirksklasse / Kreisklasse / Regionsklasse,Männer 1. Kreisklasse,13293,10,2,0,0,2,42,59,-17,0,0.0,,handball.net
1665,TV Werne 03 E.V. II,Handballkreis Hellweg,Handballkreis Hellweg,10,Bezirksklasse / Kreisklasse / Regionsklasse,Männer 1. Kreisklasse HKH,12715,7,1,0,0,1,28,37,-9,0,0.0,,handball.net
1666,SG PLÖN,Handball-Erwachsene DER Kreishandballverbände IN Schleswig-Holstein,Handball-Erwachsene DER Kreishandballverbände IN Schleswig-Holstein,10,Bezirksklasse / Kreisklasse / Regionsklasse,Kreisklasse Männer Plön,12987,8,2,0,0,2,48,66,-18,0,0.0,,handball.net
1667,TVE Röcke 2,Handballkreis Minden-Lübbecke,Handballkreis Minden-Lübbecke,10,Bezirksklasse / Kreisklasse / Regionsklasse,HBKML Männer Kreisklasse Staffel 2,14377,8,2,0,0,2,40,59,-19,0,0.0,,handball.net
1668,SG Dippoldiswalde-Ruppendorf II,HR Sachsen-Mitte,HR Sachsen-Mitte,10,Bezirksklasse / Kreisklasse / Regionsklasse,RK Männer St. 2,13107,8,3,0,0,3,61,90,-29,0,0.0,,handball.net
1669,Blau-Weiss Gröditz,HR Sachsen-Mitte,HR Sachsen-Mitte,10,Bezirksklasse / Kreisklasse / Regionsklasse,RK Männer St. 2,13107,6,1,0,0,1,28,38,-10,0,0.0,,handball.net
1670,HG Owschlag-Kropp-Tetenhusen III,Handball-Erwachsene DER Kreishandballverbände IN Schleswig-Holstein,Handball-Erwachsene DER Kreishandballverbände IN Schleswig-Holstein,10,Bezirksklasse / Kreisklasse / Regionsklasse,Kreisklasse Männer Kiel/RD,12988,8,2,0,0,2,50,70,-20,0,0.0,,handball.net
1671,Eschweiler SG IV,HK Aachen-Düren,HK Aachen-Düren,10,Bezirksklasse / Kreisklasse / Regionsklasse,Regionsklasse,14820,9,2,0,0,2,38,58,-20,0,0.0,,handball.net
1672,Sportverein Hamborn 1890 Handball E.V. II,HK Rhein-Ruhr,HK Rhein-Ruhr,10,Bezirksklasse / Kreisklasse / Regionsklasse,REGIONSKLASSE MÄNNER,13019,11,1,0,0,1,16,26,-10,0,0.0,,handball.net
1673,SUS Essen-Haarzopf 2.M,HK Essen,HK Essen,10,Bezirksklasse / Kreisklasse / Regionsklasse,Regionsklasse Essen Männer,16888,9,2,0,0,2,39,60,-21,0,0.0,,handball.net
1674,HSG Gevelsberg Silschede 4,Handballkreis Hagen/Ennepe-Ruhr,Handballkreis Hagen/Ennepe-Ruhr,10,Bezirksklasse / Kreisklasse / Regionsklasse,MÄNNER KREISklasse HKHR,13009,8,2,0,0,2,38,59,-21,0,0.0,,handball.net
1675,HSG FC Schwarzerden - TV Kusel,Handballverband SAAR,Handballverband SAAR,10,Bezirksklasse / Kreisklasse / Regionsklasse,A-Liga Männer Staffel Ost,14384,11,3,0,0,3,71,103,-32,0,0.0,,handball.net
1676,HSG Tills Löwen 08 III,Handball-Erwachsene DER Kreishandballverbände IN Schleswig-Holstein,Handball-Erwachsene DER Kreishandballverbände IN Schleswig-Holstein,10,Bezirksklasse / Kreisklasse / Regionsklasse,Kreisklasse Männer LauSto,12990,8,2,0,0,2,38,60,-22,0,0.0,,handball.net
1677,TUS Borussia Höchsten 2,Handballkreis Dortmund,Handballkreis Dortmund,10,Bezirksklasse / Kreisklasse / Regionsklasse,HKDO-1. KK-M,12784,12,3,0,0,3,58,92,-34,0,0.0,,handball.net
1678,TSV Hochdahl 64 1m,HK Düsseldorf,HK Düsseldorf,10,Bezirksklasse / Kreisklasse / Regionsklasse,1. Regionsklasse Männer (HK Düsseldorf),15941,9,2,0,0,2,56,79,-23,0,0.0,,handball.net
1679,Mainzer TV V. 1817 2,Handballverband Rheinhessen-Pfalz,Handballverband Rheinhessen-Pfalz,10,Bezirksklasse / Kreisklasse / Regionsklasse,M-BZK 1,12582,11,2,0,0,2,51,75,-24,0,0.0,,handball.net
1680,TUS Eintracht Oberlübbe 3,Handballkreis Minden-Lübbecke,Handballkreis Minden-Lübbecke,10,Bezirksklasse / Kreisklasse / Regionsklasse,HBKML Männer Kreisklasse Staffel 1,14376,7,1,0,0,1,22,34,-12,0,0.0,,handball.net
1681,Kevelaerer SV II,HK Wesel,HK Wesel,10,Bezirksklasse / Kreisklasse / Regionsklasse,Regionsklasse Männer · HK Wesel,13067,8,1,0,0,1,18,30,-12,0,0.0,,handball.net
1682,SV Teutonia Riemke 3.Herren,Handballkreis Industrie,Handballkreis Industrie,10,Bezirksklasse / Kreisklasse / Regionsklasse,HKI-M-1. Kreisklasse,13048,10,1,0,0,1,18,30,-12,0,0.0,,handball.net
1683,TSV Hahlen 3,Handballkreis Minden-Lübbecke,Handballkreis Minden-Lübbecke,10,Bezirksklasse / Kreisklasse / Regionsklasse,HBKML Männer Kreisklasse Staffel 2,14377,9,3,0,0,3,68,105,-37,0,0.0,,handball.net
1684,LTV Wuppertal III,HK Essen,HK Essen,10,Bezirksklasse / Kreisklasse / Regionsklasse,Regionsklasse Wuppertal Männer,16080,6,1,0,0,1,24,37,-13,0,0.0,,handball.net
1685,TV Kapellen 3M,HK Wesel,HK Wesel,10,Bezirksklasse / Kreisklasse / Regionsklasse,Regionsklasse Männer · HK Wesel,13067,9,1,0,0,1,20,33,-13,0,0.0,,handball.net
1686,TV JAHN Köln-Wahn III,HK Köln-Rheinberg,HK Köln-Rheinberg,10,Bezirksklasse / Kreisklasse / Regionsklasse,Regionsklasse Männer,12894,13,2,0,0,2,48,75,-27,0,0.0,,handball.net
1687,TV Birkesdorf III,HK Aachen-Düren,HK Aachen-Düren,10,Bezirksklasse / Kreisklasse / Regionsklasse,Regionsklasse,14820,10,2,0,0,2,34,61,-27,0,0.0,,handball.net
1688,TuS Rheindorf II (M),HK Köln-Rheinberg,HK Köln-Rheinberg,10,Bezirksklasse / Kreisklasse / Regionsklasse,Regionsklasse Männer,12894,14,2,0,0,2,43,71,-28,0,0.0,,handball.net
1689,SPVG Steinhagen II,Handballkreis Gütersloh,Handballkreis Gütersloh,10,Bezirksklasse / Kreisklasse / Regionsklasse,HBKGT Männer 1. Kreisklasse,12686,11,1,0,0,1,20,34,-14,0,0.0,,handball.net
1690,Schönheider Handballer,HR Südwestsachsen,HR Südwestsachsen,10,Bezirksklasse / Kreisklasse / Regionsklasse,RK Männer West,13099,10,2,0,0,2,40,68,-28,0,0.0,,handball.net
1691,HC St. Ingbert- Hassel 3,Handballverband SAAR,Handballverband SAAR,10,Bezirksklasse / Kreisklasse / Regionsklasse,A-Liga Männer Staffel Ost,14384,10,2,0,0,2,39,67,-28,0,0.0,,handball.net
1692,HSG Szoww III,Handball-Erwachsene DER Kreishandballverbände IN Schleswig-Holstein,Handball-Erwachsene DER Kreishandballverbände IN Schleswig-Holstein,10,Bezirksklasse / Kreisklasse / Regionsklasse,Kreisklasse Männer Nord A,12985,9,3,0,0,3,54,96,-42,0,0.0,,handball.net
1693,Olympia Fischeln II,HK Krefeld-Grenzland,HK Krefeld-Grenzland,10,Bezirksklasse / Kreisklasse / Regionsklasse,BK Männer,15676,14,2,0,0,2,44,73,-29,0,0.0,,handball.net
1694,VfL Welfia Mönchengladbach 1929 e.V. II,HK Krefeld-Grenzland,HK Krefeld-Grenzland,10,Bezirksklasse / Kreisklasse / Regionsklasse,BK Männer,15676,13,1,0,0,1,17,32,-15,0,0.0,,handball.net
1695,Niederbergischer HC III,HK Essen,HK Essen,10,Bezirksklasse / Kreisklasse / Regionsklasse,Regionsklasse Wuppertal Männer,16080,7,1,0,0,1,19,35,-16,0,0.0,,handball.net
1696,TSV Bösingfeld 3,Handballkreis Lippe,Handballkreis Lippe,10,Bezirksklasse / Kreisklasse / Regionsklasse,HBKLIP Kreisklasse Männer,15837,10,1,0,0,1,19,37,-18,0,0.0,,handball.net
1697,DSC Wanne-Eickel Handball E.V.,Handballkreis Industrie,Handballkreis Industrie,10,Bezirksklasse / Kreisklasse / Regionsklasse,HKI-M-1. Kreisklasse,13048,11,1,0,0,1,18,36,-18,0,0.0,,handball.net
1698,MTV Lübeck V,Handball-Erwachsene DER Kreishandballverbände IN Schleswig-Holstein,Handball-Erwachsene DER Kreishandballverbände IN Schleswig-Holstein,10,Bezirksklasse / Kreisklasse / Regionsklasse,Kreisklasse Männer Ostsee,12989,8,2,0,0,2,29,67,-38,0,0.0,,handball.net
1699,LIT 1912 6,Handballkreis Minden-Lübbecke,Handballkreis Minden-Lübbecke,10,Bezirksklasse / Kreisklasse / Regionsklasse,HBKML Männer Kreisklasse Staffel 1,14376,8,2,0,0,2,28,68,-40,0,0.0,,handball.net
1700,TH Eilbeck VII,Hamburger Handballverband,Hamburger Handballverband,10,Bezirksklasse / Kreisklasse / Regionsklasse,Kreisklasse Männer Gruppe 2 (152),13446,7,2,0,0,2,35,77,-42,0,0.0,,handball.net
1701,PSV Aachen H2,HK Aachen-Düren,HK Aachen-Düren,10,Bezirksklasse / Kreisklasse / Regionsklasse,Regionsklasse,14820,11,2,0,0,2,35,79,-44,0,0.0,,handball.net
1702,MTV Gelting 08,Handball-Erwachsene DER Kreishandballverbände IN Schleswig-Holstein,Handball-Erwachsene DER Kreishandballverbände IN Schleswig-Holstein,10,Bezirksklasse / Kreisklasse / Regionsklasse,Kreisklasse Männer Nord A,12985,10,3,0,0,3,56,125,-69,0,0.0,,handball.net
1703,TSV Sielbeck,Handball-Erwachsene DER Kreishandballverbände IN Schleswig-Holstein,Handball-Erwachsene DER Kreishandballverbände IN Schleswig-Holstein,10,Bezirksklasse / Kreisklasse / Regionsklasse,Kreisklasse Männer Plön,12987,9,2,0,0,2,44,93,-49,0,0.0,,handball.net
1704,VFL Waldheim 54 E.V. II,HR Leipzig,HR Leipzig,11,2. Bezirksklasse / 2. Kreisklasse / 2. Regionsklasse,2. RK Männer,13119,1,2,2,0,0,78,44,34,4,2.0,,handball.net
1705,TV Niederwürzbach 2,Handballverband SAAR,Handballverband SAAR,11,2. Bezirksklasse / 2. Kreisklasse / 2. Regionsklasse,B-Liga Männer,14397,1,3,3,0,0,104,57,47,6,2.0,,handball.net
1706,ASV Süchteln 4M,HK Krefeld-Grenzland,HK Krefeld-Grenzland,11,2. Bezirksklasse / 2. Kreisklasse / 2. Regionsklasse,2. BK Männer,15677,1,2,2,0,0,70,40,30,4,2.0,,handball.net
1707,HSG Quelle/Ummeln,Handballkreis Bielefeld-Herford,Handballkreis Bielefeld-Herford,11,2. Bezirksklasse / 2. Kreisklasse / 2. Regionsklasse,Männer 2.Kreisklasse,13297,2,1,1,0,0,27,14,13,2,2.0,,handball.net
1708,HSG Annen-Rüdinghausen | 2. Herren,Handballkreis Dortmund,Handballkreis Dortmund,11,2. Bezirksklasse / 2. Kreisklasse / 2. Regionsklasse,hkdo-2. KK-M,12785,1,2,2,0,0,73,48,25,4,2.0,,handball.net
1709,TV Friesen Telgte II,Handballkreis Münsterland,Handballkreis Münsterland,11,2. Bezirksklasse / 2. Kreisklasse / 2. Regionsklasse,Kreisklasse 2 Münsterland Männer Staffel 2,13232,1,2,2,0,0,72,47,25,4,2.0,,handball.net
1710,HCE Bergkamen 3.H,Handballkreis Hellweg,Handballkreis Hellweg,11,2. Bezirksklasse / 2. Kreisklasse / 2. Regionsklasse,Männer 2 Kreisklasse HKH,12714,1,2,2,0,0,73,49,24,4,2.0,,handball.net
1711,TD Lank 3. Herren,HK Krefeld-Grenzland,HK Krefeld-Grenzland,11,2. Bezirksklasse / 2. Kreisklasse / 2. Regionsklasse,2. BK Männer,15677,2,2,2,0,0,62,40,22,4,2.0,,handball.net
1712,TUS Brockhagen IV,Handballkreis Gütersloh,Handballkreis Gütersloh,11,2. Bezirksklasse / 2. Kreisklasse / 2. Regionsklasse,HBKGT Männer 2. Kreisklasse,12682,1,3,3,0,0,104,74,30,6,2.0,,handball.net
1713,HC Cologne Kangaroos II,HK Köln-Rheinberg,HK Köln-Rheinberg,11,2. Bezirksklasse / 2. Kreisklasse / 2. Regionsklasse,2.Regionsklasse Männer,14329,1,2,2,0,0,55,35,20,4,2.0,,handball.net
1714,HSG DJK Rauxel-Schwerin E.V. II,Handballkreis Industrie,Handballkreis Industrie,11,2. Bezirksklasse / 2. Kreisklasse / 2. Regionsklasse,HKI-M-2. Kreisklasse,13037,1,3,3,0,0,88,60,28,6,2.0,,handball.net
1715,VFB Eilenburg II,HR Leipzig,HR Leipzig,11,2. Bezirksklasse / 2. Kreisklasse / 2. Regionsklasse,2. RK Männer,13119,2,2,2,0,0,70,52,18,4,2.0,,handball.net
1716,HC Heeren-Werve E.V. II,Handballkreis Hellweg,Handballkreis Hellweg,11,2. Bezirksklasse / 2. Kreisklasse / 2. Regionsklasse,Männer 2 Kreisklasse HKH,12714,4,1,1,0,0,28,19,9,2,2.0,,handball.net
1717,SG Unterrath 3m,HK Düsseldorf,HK Düsseldorf,11,2. Bezirksklasse / 2. Kreisklasse / 2. Regionsklasse,2. Regionsklasse Männer (HK Düsseldorf),15942,1,2,2,0,0,56,39,17,4,2.0,,handball.net
1718,TVC Enger II,Handballkreis Bielefeld-Herford,Handballkreis Bielefeld-Herford,11,2. Bezirksklasse / 2. Kreisklasse / 2. Regionsklasse,Männer 2.Kreisklasse,13297,3,1,1,0,0,34,26,8,2,2.0,,handball.net
1719,SG Neuenkirchen/Varensell II,Handballkreis Gütersloh,Handballkreis Gütersloh,11,2. Bezirksklasse / 2. Kreisklasse / 2. Regionsklasse,HBKGT Männer 2. Kreisklasse,12682,2,2,2,0,0,46,31,15,4,2.0,,handball.net
1720,Wermelskirchener TV III,Bergischer HK,Bergischer HK,11,2. Bezirksklasse / 2. Kreisklasse / 2. Regionsklasse,2. Regionsklasse Männer BHK,14739,1,3,3,0,0,81,59,22,6,2.0,,handball.net
1721,TUS Brake III,Handballkreis Bielefeld-Herford,Handballkreis Bielefeld-Herford,11,2. Bezirksklasse / 2. Kreisklasse / 2. Regionsklasse,Männer 2.Kreisklasse,13297,4,1,1,0,0,28,21,7,2,2.0,,handball.net
1722,TV Arnsberg H3,Handballkreis Iserlohn-Arnsberg,Handballkreis Iserlohn-Arnsberg,11,2. Bezirksklasse / 2. Kreisklasse / 2. Regionsklasse,HKISAR 2. Kreisklasse Männer,15391,1,1,1,0,0,23,16,7,2,2.0,,handball.net
1723,DJK Saxonia Dortmund,Handballkreis Dortmund,Handballkreis Dortmund,11,2. Bezirksklasse / 2. Kreisklasse / 2. Regionsklasse,hkdo-2. KK-M,12785,2,1,1,0,0,34,28,6,2,2.0,,handball.net
1724,Warendorfer SU II,Handballkreis Münsterland,Handballkreis Münsterland,11,2. Bezirksklasse / 2. Kreisklasse / 2. Regionsklasse,Kreisklasse 2 Münsterland Männer Staffel 2,13232,2,2,2,0,0,63,51,12,4,2.0,,handball.net
1725,SG Ommersheim/Aßweiler,Handballverband SAAR,Handballverband SAAR,11,2. Bezirksklasse / 2. Kreisklasse / 2. Regionsklasse,B-Liga Männer,14397,4,1,1,0,0,18,12,6,2,2.0,,handball.net
1726,HSG NRG 2025 III,Handballkreis Münsterland,Handballkreis Münsterland,11,2. Bezirksklasse / 2. Kreisklasse / 2. Regionsklasse,Kreisklasse 2 Münsterland Männer Staffel 1,13231,2,2,2,0,0,75,64,11,4,2.0,,handball.net
1727,HGV Hürth-Gleuel III,HK Köln-Rheinberg,HK Köln-Rheinberg,11,2. Bezirksklasse / 2. Kreisklasse / 2. Regionsklasse,2.Regionsklasse Männer,14329,2,2,2,0,0,56,45,11,4,2.0,,handball.net
1728,HSG Refrath/Hand V,HK Köln-Rheinberg,HK Köln-Rheinberg,11,2. Bezirksklasse / 2. Kreisklasse / 2. Regionsklasse,2.Regionsklasse Männer,14329,4,1,1,0,0,21,17,4,2,2.0,,handball.net
1729,PSV E.V. Recklinghausen III,Handballkreis Industrie,Handballkreis Industrie,11,2. Bezirksklasse / 2. Kreisklasse / 2. Regionsklasse,HKI-M-2. Kreisklasse,13037,3,2,2,0,0,63,57,6,4,2.0,,handball.net
1730,SUS Oberaden 1921 E.V. III,Handballkreis Hellweg,Handballkreis Hellweg,11,2. Bezirksklasse / 2. Kreisklasse / 2. Regionsklasse,Männer 2 Kreisklasse HKH,12714,5,1,1,0,0,30,27,3,2,2.0,,handball.net
1731,TUS Königsdorf IV,HK Köln-Rheinberg,HK Köln-Rheinberg,11,2. Bezirksklasse / 2. Kreisklasse / 2. Regionsklasse,2.Regionsklasse Männer,14329,5,1,1,0,0,28,25,3,2,2.0,,handball.net
1732,Neusser HV 3m,HK Düsseldorf,HK Düsseldorf,11,2. Bezirksklasse / 2. Kreisklasse / 2. Regionsklasse,2. Regionsklasse Männer (HK Düsseldorf),15942,2,1,1,0,0,35,33,2,2,2.0,,handball.net
1733,HG Ltg/Htv Remscheid III,Bergischer HK,Bergischer HK,11,2. Bezirksklasse / 2. Kreisklasse / 2. Regionsklasse,2. Regionsklasse Männer BHK,14739,2,3,3,0,0,79,73,6,6,2.0,,handball.net
1734,TV Emsdetten 1898 III,Handballkreis Münsterland,Handballkreis Münsterland,11,2. Bezirksklasse / 2. Kreisklasse / 2. Regionsklasse,Kreisklasse 2 Münsterland Männer Staffel 1,13231,3,1,1,0,0,24,22,2,2,2.0,,handball.net
1735,SG Handball Ibbenbüren IV,Handballkreis Münsterland,Handballkreis Münsterland,11,2. Bezirksklasse / 2. Kreisklasse / 2. Regionsklasse,Kreisklasse 2 Münsterland Männer Staffel 1,13231,4,1,1,0,0,26,25,1,2,2.0,,handball.net
1736,SG Ruhrtal H3,Handballkreis Iserlohn-Arnsberg,Handballkreis Iserlohn-Arnsberg,11,2. Bezirksklasse / 2. Kreisklasse / 2. Regionsklasse,HKISAR 2. Kreisklasse Männer,15391,2,1,1,0,0,26,25,1,2,2.0,,handball.net
1737,TV Bedburg 1927,HK Köln-Rheinberg,HK Köln-Rheinberg,11,2. Bezirksklasse / 2. Kreisklasse / 2. Regionsklasse,2.Regionsklasse Männer,14329,6,1,1,0,0,26,25,1,2,2.0,,handball.net
1738,SG Sendenhorst II,Handballkreis Münsterland,Handballkreis Münsterland,11,2. Bezirksklasse / 2. Kreisklasse / 2. Regionsklasse,Kreisklasse 2 Münsterland Männer Staffel 2,13232,4,1,1,0,0,25,24,1,2,2.0,,handball.net
1739,SG Ltv/Ntv II,HK Köln-Rheinberg,HK Köln-Rheinberg,11,2. Bezirksklasse / 2. Kreisklasse / 2. Regionsklasse,2.Regionsklasse Männer,14329,3,2,1,1,0,48,35,13,3,1.5,,handball.net
1740,CVJM Rödinghausen III,Handballkreis Bielefeld-Herford,Handballkreis Bielefeld-Herford,11,2. Bezirksklasse / 2. Kreisklasse / 2. Regionsklasse,Männer 2.Kreisklasse,13297,1,2,1,1,0,48,43,5,3,1.5,,handball.net
1741,TV Boisheim II,HK Krefeld-Grenzland,HK Krefeld-Grenzland,11,2. Bezirksklasse / 2. Kreisklasse / 2. Regionsklasse,2. BK Männer,15677,3,2,1,1,0,23,22,1,3,1.5,,handball.net
1742,SC Eintr.Heessen 01/45 Handball E.V.,Handballkreis Hellweg,Handballkreis Hellweg,11,2. Bezirksklasse / 2. Kreisklasse / 2. Regionsklasse,Männer 2 Kreisklasse HKH,12714,2,3,2,0,1,84,67,17,4,1.33,,handball.net
1743,TV JAHN Rheine,Handballkreis Münsterland,Handballkreis Münsterland,11,2. Bezirksklasse / 2. Kreisklasse / 2. Regionsklasse,Kreisklasse 2 Münsterland Männer Staffel 1,13231,1,3,2,0,1,116,100,16,4,1.33,,handball.net
1744,SUS 1927 E.V. Olfen,Handballkreis Industrie,Handballkreis Industrie,11,2. Bezirksklasse / 2. Kreisklasse / 2. Regionsklasse,HKI-M-2. Kreisklasse,13037,2,3,2,0,1,89,81,8,4,1.33,,handball.net
1745,Union 92 Halle IV,Handballkreis Gütersloh,Handballkreis Gütersloh,11,2. Bezirksklasse / 2. Kreisklasse / 2. Regionsklasse,HBKGT Männer 2. Kreisklasse,12682,3,3,2,0,1,73,65,8,4,1.33,,handball.net
1746,SV Spexard III,Handballkreis Gütersloh,Handballkreis Gütersloh,11,2. Bezirksklasse / 2. Kreisklasse / 2. Regionsklasse,HBKGT Männer 2. Kreisklasse,12682,4,3,2,0,1,67,59,8,4,1.33,,handball.net
1747,SC Lebach,Handballverband SAAR,Handballverband SAAR,11,2. Bezirksklasse / 2. Kreisklasse / 2. Regionsklasse,B-Liga Männer,14397,2,3,2,0,1,74,70,4,4,1.33,,handball.net
1748,Roter Stern Leipzig III,HR Leipzig,HR Leipzig,11,2. Bezirksklasse / 2. Kreisklasse / 2. Regionsklasse,2. RK Männer,13119,3,3,2,0,1,89,89,0,4,1.33,,handball.net
1749,TSG 1861 Taucha II,HR Leipzig,HR Leipzig,11,2. Bezirksklasse / 2. Kreisklasse / 2. Regionsklasse,2. RK Männer,13119,4,3,2,0,1,91,93,-2,4,1.33,,handball.net
1750,Werler TV von 1894 e.V. II,Handballkreis Hellweg,Handballkreis Hellweg,11,2. Bezirksklasse / 2. Kreisklasse / 2. Regionsklasse,Männer 2 Kreisklasse HKH,12714,3,2,1,0,1,50,41,9,2,1.0,,handball.net
1751,VFL Bochum 1848 Handball E.V. III,Handballkreis Industrie,Handballkreis Industrie,11,2. Bezirksklasse / 2. Kreisklasse / 2. Regionsklasse,HKI-M-2. Kreisklasse,13037,4,2,1,0,1,61,53,8,2,1.0,,handball.net
1752,SG MoGoNo Leipzig IV,HR Leipzig,HR Leipzig,11,2. Bezirksklasse / 2. Kreisklasse / 2. Regionsklasse,2. RK Männer,13119,5,2,1,0,1,64,57,7,2,1.0,,handball.net
1753,HF Köllertal 3,Handballverband SAAR,Handballverband SAAR,11,2. Bezirksklasse / 2. Kreisklasse / 2. Regionsklasse,B-Liga Männer,14397,3,2,1,0,1,51,44,7,2,1.0,,handball.net
1754,HSG Ascheberg/Drensteinf. II,Handballkreis Münsterland,Handballkreis Münsterland,11,2. Bezirksklasse / 2. Kreisklasse / 2. Regionsklasse,Kreisklasse 2 Münsterland Männer Staffel 2,13232,3,3,1,1,1,91,88,3,3,1.0,,handball.net
1755,HSG Rietberg-Mastholte III,Handballkreis Gütersloh,Handballkreis Gütersloh,11,2. Bezirksklasse / 2. Kreisklasse / 2. Regionsklasse,HBKGT Männer 2. Kreisklasse,12682,6,2,1,0,1,56,54,2,2,1.0,,handball.net
1756,TSV Eller 04 2m,HK Düsseldorf,HK Düsseldorf,11,2. Bezirksklasse / 2. Kreisklasse / 2. Regionsklasse,2. Regionsklasse Männer (HK Düsseldorf),15942,3,1,0,1,0,34,34,0,1,1.0,,handball.net
1757,VFL Ahaus,Handballkreis Münsterland,Handballkreis Münsterland,11,2. Bezirksklasse / 2. Kreisklasse / 2. Regionsklasse,Kreisklasse 2 Münsterland Männer Staffel 2,13232,7,1,0,1,0,27,27,0,1,1.0,,handball.net
1758,HSG Rösrath/Forsbach III,HK Köln-Rheinberg,HK Köln-Rheinberg,11,2. Bezirksklasse / 2. Kreisklasse / 2. Regionsklasse,2.Regionsklasse Männer,14329,8,1,0,1,0,23,23,0,1,1.0,,handball.net
1759,ASV Rurtal Hückelhoven E.V. II,HK Krefeld-Grenzland,HK Krefeld-Grenzland,11,2. Bezirksklasse / 2. Kreisklasse / 2. Regionsklasse,2. BK Männer,15677,6,1,0,1,0,22,22,0,1,1.0,,handball.net
1760,Ohligser TV 4,Bergischer HK,Bergischer HK,11,2. Bezirksklasse / 2. Kreisklasse / 2. Regionsklasse,2. Regionsklasse Männer BHK,14739,5,1,0,1,0,0,0,0,1,1.0,,handball.net
1761,TV Erkelenz 1860,HK Krefeld-Grenzland,HK Krefeld-Grenzland,11,2. Bezirksklasse / 2. Kreisklasse / 2. Regionsklasse,2. BK Männer,15677,7,1,0,1,0,0,0,0,1,1.0,,handball.net
1762,Handball Oppum IV,HK Krefeld-Grenzland,HK Krefeld-Grenzland,11,2. Bezirksklasse / 2. Kreisklasse / 2. Regionsklasse,2. BK Männer,15677,4,2,1,0,1,43,45,-2,2,1.0,,handball.net
1763,HSG Werther/Borgholzhausen IV,Handballkreis Gütersloh,Handballkreis Gütersloh,11,2. Bezirksklasse / 2. Kreisklasse / 2. Regionsklasse,HBKGT Männer 2. Kreisklasse,12682,7,2,1,0,1,57,60,-3,2,1.0,,handball.net
1764,Spvg. Hesselteich II,Handballkreis Gütersloh,Handballkreis Gütersloh,11,2. Bezirksklasse / 2. Kreisklasse / 2. Regionsklasse,HBKGT Männer 2. Kreisklasse,12682,8,2,1,0,1,47,51,-4,2,1.0,,handball.net
1765,Adler Königshof 4M,HK Krefeld-Grenzland,HK Krefeld-Grenzland,11,2. Bezirksklasse / 2. Kreisklasse / 2. Regionsklasse,2. BK Männer,15677,5,2,1,0,1,41,45,-4,2,1.0,,handball.net
1766,Handball SV Westerholt E.V. III,Handballkreis Industrie,Handballkreis Industrie,11,2. Bezirksklasse / 2. Kreisklasse / 2. Regionsklasse,HKI-M-2. Kreisklasse,13037,6,2,1,0,1,39,43,-4,2,1.0,,handball.net
1767,ASC Quierschied 3,Handballverband SAAR,Handballverband SAAR,11,2. Bezirksklasse / 2. Kreisklasse / 2. Regionsklasse,B-Liga Männer,14397,6,2,1,0,1,50,57,-7,2,1.0,,handball.net
1768,VfL Aplerbeckermark 2. Herren,Handballkreis Dortmund,Handballkreis Dortmund,11,2. Bezirksklasse / 2. Kreisklasse / 2. Regionsklasse,hkdo-2. KK-M,12785,3,2,1,0,1,44,56,-12,2,1.0,,handball.net
1769,RSV Rath-Heumar II,HK Köln-Rheinberg,HK Köln-Rheinberg,11,2. Bezirksklasse / 2. Kreisklasse / 2. Regionsklasse,2.Regionsklasse Männer,14329,7,2,1,0,1,13,25,-12,2,1.0,,handball.net
1770,Hammer SC 2008 e.V. III,Handballkreis Hellweg,Handballkreis Hellweg,11,2. Bezirksklasse / 2. Kreisklasse / 2. Regionsklasse,Männer 2 Kreisklasse HKH,12714,6,2,1,0,1,25,38,-13,2,1.0,,handball.net
1771,SV Spexard II,Handballkreis Gütersloh,Handballkreis Gütersloh,11,2. Bezirksklasse / 2. Kreisklasse / 2. Regionsklasse,HBKGT Männer 2. Kreisklasse,12682,5,3,1,0,2,98,84,14,2,0.67,,handball.net
1772,Elmar Herne 22 E.V.,Handballkreis Industrie,Handballkreis Industrie,11,2. Bezirksklasse / 2. Kreisklasse / 2. Regionsklasse,HKI-M-2. Kreisklasse,13037,5,3,1,0,2,78,75,3,2,0.67,,handball.net
1773,HF Illtal 4,Handballverband SAAR,Handballverband SAAR,11,2. Bezirksklasse / 2. Kreisklasse / 2. Regionsklasse,B-Liga Männer,14397,5,3,1,0,2,61,62,-1,2,0.67,,handball.net
1774,Remscheider TV II,Bergischer HK,Bergischer HK,11,2. Bezirksklasse / 2. Kreisklasse / 2. Regionsklasse,2. Regionsklasse Männer BHK,14739,3,3,1,0,2,52,54,-2,2,0.67,,handball.net
1775,HSG VFL Solingen / BURG III,Bergischer HK,Bergischer HK,11,2. Bezirksklasse / 2. Kreisklasse / 2. Regionsklasse,2. Regionsklasse Männer BHK,14739,4,3,1,0,2,68,73,-5,2,0.67,,handball.net
1776,HC St. Johann 2,Handballverband SAAR,Handballverband SAAR,11,2. Bezirksklasse / 2. Kreisklasse / 2. Regionsklasse,B-Liga Männer,14397,7,3,1,0,2,79,88,-9,2,0.67,,handball.net
1777,SV DJK Grün-Weiß Nottuln,Handballkreis Münsterland,Handballkreis Münsterland,11,2. Bezirksklasse / 2. Kreisklasse / 2. Regionsklasse,Kreisklasse 2 Münsterland Männer Staffel 2,13232,5,3,1,0,2,74,84,-10,2,0.67,,handball.net
1778,Union 92 Halle V,Handballkreis Gütersloh,Handballkreis Gütersloh,11,2. Bezirksklasse / 2. Kreisklasse / 2. Regionsklasse,HBKGT Männer 2. Kreisklasse,12682,9,3,1,0,2,72,82,-10,2,0.67,,handball.net
1779,HSG Tecklenburger LAND IV,Handballkreis Münsterland,Handballkreis Münsterland,11,2. Bezirksklasse / 2. Kreisklasse / 2. Regionsklasse,Kreisklasse 2 Münsterland Männer Staffel 1,13231,5,3,1,0,2,68,78,-10,2,0.67,,handball.net
1780,Falken 3 (m),Handballverband SAAR,Handballverband SAAR,11,2. Bezirksklasse / 2. Kreisklasse / 2. Regionsklasse,B-Liga Männer,14397,8,3,1,0,2,55,68,-13,2,0.67,,handball.net
1781,Herzebrocker SV II,Handballkreis Gütersloh,Handballkreis Gütersloh,11,2. Bezirksklasse / 2. Kreisklasse / 2. Regionsklasse,HBKGT Männer 2. Kreisklasse,12682,10,3,1,0,2,67,82,-15,2,0.67,,handball.net
1782,BSV Roxel II,Handballkreis Münsterland,Handballkreis Münsterland,11,2. Bezirksklasse / 2. Kreisklasse / 2. Regionsklasse,Kreisklasse 2 Münsterland Männer Staffel 2,13232,6,3,1,0,2,79,97,-18,2,0.67,,handball.net
1783,Meerbuscher HV 3m,HK Düsseldorf,HK Düsseldorf,11,2. Bezirksklasse / 2. Kreisklasse / 2. Regionsklasse,2. Regionsklasse Männer (HK Düsseldorf),15942,4,2,0,1,1,67,69,-2,1,0.5,,handball.net
1784,TUS St. Hubert,HK Krefeld-Grenzland,HK Krefeld-Grenzland,11,2. Bezirksklasse / 2. Kreisklasse / 2. Regionsklasse,2. BK Männer,15677,8,2,0,1,1,20,26,-6,1,0.5,,handball.net
1785,HSG EGB Bielefeld III,Handballkreis Bielefeld-Herford,Handballkreis Bielefeld-Herford,11,2. Bezirksklasse / 2. Kreisklasse / 2. Regionsklasse,Männer 2.Kreisklasse,13297,5,2,0,1,1,46,54,-8,1,0.5,,handball.net
1786,Wald-Merscheider TV III,Bergischer HK,Bergischer HK,11,2. Bezirksklasse / 2. Kreisklasse / 2. Regionsklasse,2. Regionsklasse Männer BHK,14739,6,3,0,1,2,42,51,-9,1,0.33,,handball.net
1787,HSC Haltern-Sythen,Handballkreis Industrie,Handballkreis Industrie,11,2. Bezirksklasse / 2. Kreisklasse / 2. Regionsklasse,HKI-M-2. Kreisklasse,13037,7,0,0,0,0,0,0,0,0,0.0,,handball.net
1788,HSG Werschweiler/St.Wendel,Handballverband SAAR,Handballverband SAAR,11,2. Bezirksklasse / 2. Kreisklasse / 2. Regionsklasse,B-Liga Männer,14397,9,0,0,0,0,0,0,0,0,0.0,,handball.net
1789,HV Sundern H2,Handballkreis Iserlohn-Arnsberg,Handballkreis Iserlohn-Arnsberg,11,2. Bezirksklasse / 2. Kreisklasse / 2. Regionsklasse,HKISAR 2. Kreisklasse Männer,15391,3,0,0,0,0,0,0,0,0,0.0,,handball.net
1790,Luchse Düsseldorf 4M,HK Düsseldorf,HK Düsseldorf,11,2. Bezirksklasse / 2. Kreisklasse / 2. Regionsklasse,2. Regionsklasse Männer (HK Düsseldorf),15942,5,0,0,0,0,0,0,0,0,0.0,,handball.net
1791,SG Suderwich,Handballkreis Industrie,Handballkreis Industrie,11,2. Bezirksklasse / 2. Kreisklasse / 2. Regionsklasse,HKI-M-2. Kreisklasse,13037,8,0,0,0,0,0,0,0,0,0.0,,handball.net
1792,TG Schildesche II,Handballkreis Bielefeld-Herford,Handballkreis Bielefeld-Herford,11,2. Bezirksklasse / 2. Kreisklasse / 2. Regionsklasse,Männer 2.Kreisklasse,13297,6,0,0,0,0,0,0,0,0,0.0,,handball.net
1793,TSV Bigge-Olsberg H2,Handballkreis Iserlohn-Arnsberg,Handballkreis Iserlohn-Arnsberg,11,2. Bezirksklasse / 2. Kreisklasse / 2. Regionsklasse,HKISAR 2. Kreisklasse Männer,15391,4,0,0,0,0,0,0,0,0,0.0,,handball.net
1794,TSV NORF 1m,HK Düsseldorf,HK Düsseldorf,11,2. Bezirksklasse / 2. Kreisklasse / 2. Regionsklasse,2. Regionsklasse Männer (HK Düsseldorf),15942,6,0,0,0,0,0,0,0,0,0.0,,handball.net
1795,TUS Recke II,Handballkreis Münsterland,Handballkreis Münsterland,11,2. Bezirksklasse / 2. Kreisklasse / 2. Regionsklasse,Kreisklasse 2 Münsterland Männer Staffel 1,13231,6,0,0,0,0,0,0,0,0,0.0,,handball.net
1796,TV Brechten 4,Handballkreis Dortmund,Handballkreis Dortmund,11,2. Bezirksklasse / 2. Kreisklasse / 2. Regionsklasse,hkdo-2. KK-M,12785,4,0,0,0,0,0,0,0,0,0.0,,handball.net
1797,TV Halingen H3,Handballkreis Iserlohn-Arnsberg,Handballkreis Iserlohn-Arnsberg,11,2. Bezirksklasse / 2. Kreisklasse / 2. Regionsklasse,HKISAR 2. Kreisklasse Männer,15391,5,0,0,0,0,0,0,0,0,0.0,,handball.net
1798,VT Kempen II,HK Krefeld-Grenzland,HK Krefeld-Grenzland,11,2. Bezirksklasse / 2. Kreisklasse / 2. Regionsklasse,2. BK Männer,15677,9,0,0,0,0,0,0,0,0,0.0,,handball.net
1799,FC Schalke 04 Herren2,Handballkreis Industrie,Handballkreis Industrie,11,2. Bezirksklasse / 2. Kreisklasse / 2. Regionsklasse,HKI-M-2. Kreisklasse,13037,9,1,0,0,1,31,32,-1,0,0.0,,handball.net
1800,TV Witzhelden III,Bergischer HK,Bergischer HK,11,2. Bezirksklasse / 2. Kreisklasse / 2. Regionsklasse,2. Regionsklasse Männer BHK,14739,7,1,0,0,1,29,30,-1,0,0.0,,handball.net
1801,VFS Warstein H3,Handballkreis Iserlohn-Arnsberg,Handballkreis Iserlohn-Arnsberg,11,2. Bezirksklasse / 2. Kreisklasse / 2. Regionsklasse,HKISAR 2. Kreisklasse Männer,15391,6,1,0,0,1,25,26,-1,0,0.0,,handball.net
1802,SuS Stadtlohn II,Handballkreis Münsterland,Handballkreis Münsterland,11,2. Bezirksklasse / 2. Kreisklasse / 2. Regionsklasse,Kreisklasse 2 Münsterland Männer Staffel 2,13232,8,1,0,0,1,23,24,-1,0,0.0,,handball.net
1803,Brühler TV III,HK Köln-Rheinberg,HK Köln-Rheinberg,11,2. Bezirksklasse / 2. Kreisklasse / 2. Regionsklasse,2.Regionsklasse Männer,14329,9,1,0,0,1,0,1,-1,0,0.0,,handball.net
1804,P.S.V. BORK 1945 E.V.,Handballkreis Hellweg,Handballkreis Hellweg,11,2. Bezirksklasse / 2. Kreisklasse / 2. Regionsklasse,Männer 2 Kreisklasse HKH,12714,7,1,0,0,1,25,27,-2,0,0.0,,handball.net
1805,SC Hörstel,Handballkreis Münsterland,Handballkreis Münsterland,11,2. Bezirksklasse / 2. Kreisklasse / 2. Regionsklasse,Kreisklasse 2 Münsterland Männer Staffel 1,13231,7,1,0,0,1,22,24,-2,0,0.0,,handball.net
1806,DJK Sportfreunde Leverkusen,HK Köln-Rheinberg,HK Köln-Rheinberg,11,2. Bezirksklasse / 2. Kreisklasse / 2. Regionsklasse,2.Regionsklasse Männer,14329,10,2,0,0,2,42,49,-7,0,0.0,,handball.net
1807,TUS Leopoldshöhe,Handballkreis Bielefeld-Herford,Handballkreis Bielefeld-Herford,11,2. Bezirksklasse / 2. Kreisklasse / 2. Regionsklasse,Männer 2.Kreisklasse,13297,7,1,0,0,1,23,28,-5,0,0.0,,handball.net
1808,SuS Neuenkirchen 09 III,Handballkreis Münsterland,Handballkreis Münsterland,11,2. Bezirksklasse / 2. Kreisklasse / 2. Regionsklasse,Kreisklasse 2 Münsterland Männer Staffel 1,13231,9,2,0,0,2,39,49,-10,0,0.0,,handball.net
1809,TV Dülmen 1884 E.V.,Handballkreis Industrie,Handballkreis Industrie,11,2. Bezirksklasse / 2. Kreisklasse / 2. Regionsklasse,HKI-M-2. Kreisklasse,13037,10,1,0,0,1,16,21,-5,0,0.0,,handball.net
1810,TUS Ehrenfeld 65 IV,HK Köln-Rheinberg,HK Köln-Rheinberg,11,2. Bezirksklasse / 2. Kreisklasse / 2. Regionsklasse,2.Regionsklasse Männer,14329,12,2,0,0,2,48,59,-11,0,0.0,,handball.net
1811,TUS Wesseling III,HK Köln-Rheinberg,HK Köln-Rheinberg,11,2. Bezirksklasse / 2. Kreisklasse / 2. Regionsklasse,2.Regionsklasse Männer,14329,13,2,0,0,2,40,51,-11,0,0.0,,handball.net
1812,Eagles Niederrhein III,HK Krefeld-Grenzland,HK Krefeld-Grenzland,11,2. Bezirksklasse / 2. Kreisklasse / 2. Regionsklasse,2. BK Männer,15677,11,2,0,0,2,24,35,-11,0,0.0,,handball.net
1813,TV Eintracht Husen-Kurl 2,Handballkreis Dortmund,Handballkreis Dortmund,11,2. Bezirksklasse / 2. Kreisklasse / 2. Regionsklasse,hkdo-2. KK-M,12785,5,1,0,0,1,28,34,-6,0,0.0,,handball.net
1814,TSG Dortmund-Schüren III,Handballkreis Dortmund,Handballkreis Dortmund,11,2. Bezirksklasse / 2. Kreisklasse / 2. Regionsklasse,hkdo-2. KK-M,12785,6,1,0,0,1,27,33,-6,0,0.0,,handball.net
1815,SV Adler Münster II,Handballkreis Münsterland,Handballkreis Münsterland,11,2. Bezirksklasse / 2. Kreisklasse / 2. Regionsklasse,Kreisklasse 2 Münsterland Männer Staffel 2,13232,9,2,0,0,2,52,64,-12,0,0.0,,handball.net
1816,TUS Lintorf 4m,HK Düsseldorf,HK Düsseldorf,11,2. Bezirksklasse / 2. Kreisklasse / 2. Regionsklasse,2. Regionsklasse Männer (HK Düsseldorf),15942,7,1,0,0,1,19,26,-7,0,0.0,,handball.net
1817,DJK Normannia Dortmund,Handballkreis Dortmund,Handballkreis Dortmund,11,2. Bezirksklasse / 2. Kreisklasse / 2. Regionsklasse,hkdo-2. KK-M,12785,7,1,0,0,1,16,23,-7,0,0.0,,handball.net
1818,TV Neheim H3,Handballkreis Iserlohn-Arnsberg,Handballkreis Iserlohn-Arnsberg,11,2. Bezirksklasse / 2. Kreisklasse / 2. Regionsklasse,HKISAR 2. Kreisklasse Männer,15391,7,1,0,0,1,16,23,-7,0,0.0,,handball.net
1819,SV Regis-Breitingen II,HR Leipzig,HR Leipzig,11,2. Bezirksklasse / 2. Kreisklasse / 2. Regionsklasse,2. RK Männer,13119,6,2,0,0,2,48,63,-15,0,0.0,,handball.net
1820,TUS Recke,Handballkreis Münsterland,Handballkreis Münsterland,11,2. Bezirksklasse / 2. Kreisklasse / 2. Regionsklasse,Kreisklasse 2 Münsterland Männer Staffel 1,13231,8,1,0,0,1,31,39,-8,0,0.0,,handball.net
1821,Tschft. Grefrath III,HK Krefeld-Grenzland,HK Krefeld-Grenzland,11,2. Bezirksklasse / 2. Kreisklasse / 2. Regionsklasse,2. BK Männer,15677,10,1,0,0,1,21,30,-9,0,0.0,,handball.net
1822,Leipziger SV Südwest II,HR Leipzig,HR Leipzig,11,2. Bezirksklasse / 2. Kreisklasse / 2. Regionsklasse,2. RK Männer,13119,7,2,0,0,2,46,65,-19,0,0.0,,handball.net
1823,Königsborner SV Handball e.V.,Handballkreis Hellweg,Handballkreis Hellweg,11,2. Bezirksklasse / 2. Kreisklasse / 2. Regionsklasse,Männer 2 Kreisklasse HKH,12714,8,2,0,0,2,12,31,-19,0,0.0,,handball.net
1824,TV Angermund 3m,HK Düsseldorf,HK Düsseldorf,11,2. Bezirksklasse / 2. Kreisklasse / 2. Regionsklasse,2. Regionsklasse Männer (HK Düsseldorf),15942,8,1,0,0,1,20,30,-10,0,0.0,,handball.net
1825,TV Lenzinghausen,Handballkreis Bielefeld-Herford,Handballkreis Bielefeld-Herford,11,2. Bezirksklasse / 2. Kreisklasse / 2. Regionsklasse,Männer 2.Kreisklasse,13297,8,2,0,0,2,35,55,-20,0,0.0,,handball.net
1826,TSV Bayer Dormagen IV,HK Köln-Rheinberg,HK Köln-Rheinberg,11,2. Bezirksklasse / 2. Kreisklasse / 2. Regionsklasse,2.Regionsklasse Männer,14329,11,1,0,0,1,17,27,-10,0,0.0,,handball.net
1827,SC Lippstadt II,Handballkreis Gütersloh,Handballkreis Gütersloh,11,2. Bezirksklasse / 2. Kreisklasse / 2. Regionsklasse,HBKGT Männer 2. Kreisklasse,12682,11,2,0,0,2,40,61,-21,0,0.0,,handball.net
1828,Lüttringhauser TV III,Bergischer HK,Bergischer HK,11,2. Bezirksklasse / 2. Kreisklasse / 2. Regionsklasse,2. Regionsklasse Männer BHK,14739,8,1,0,0,1,9,20,-11,0,0.0,,handball.net
1829,TUS Leipzig-Mockau II,HR Leipzig,HR Leipzig,11,2. Bezirksklasse / 2. Kreisklasse / 2. Regionsklasse,2. RK Männer,13119,8,2,0,0,2,46,69,-23,0,0.0,,handball.net
1830,Spfr. Loxten IV,Handballkreis Gütersloh,Handballkreis Gütersloh,11,2. Bezirksklasse / 2. Kreisklasse / 2. Regionsklasse,HBKGT Männer 2. Kreisklasse,12682,12,2,0,0,2,33,57,-24,0,0.0,,handball.net
1831,SG Handball Kamen IV,Handballkreis Hellweg,Handballkreis Hellweg,11,2. Bezirksklasse / 2. Kreisklasse / 2. Regionsklasse,Männer 2 Kreisklasse HKH,12714,9,2,0,0,2,38,66,-28,0,0.0,,handball.net
1832,TV 01 Wattenscheid 2,Handballkreis Industrie,Handballkreis Industrie,11,2. Bezirksklasse / 2. Kreisklasse / 2. Regionsklasse,HKI-M-2. Kreisklasse,13037,11,3,0,0,3,49,92,-43,0,0.0,,handball.net
1833,SV BOUS 2,Handballverband SAAR,Handballverband SAAR,11,2. Bezirksklasse / 2. Kreisklasse / 2. Regionsklasse,B-Liga Männer,14397,10,2,0,0,2,22,56,-34,0,0.0,,handball.net
1834,Tschft. St. Tönis IV,HK Krefeld-Grenzland,HK Krefeld-Grenzland,11,2. Bezirksklasse / 2. Kreisklasse / 2. Regionsklasse,2. BK Männer,15677,12,1,0,0,1,19,40,-21,0,0.0,,handball.net
1835,SV Westfalia 07 Hopsten,Handballkreis Münsterland,Handballkreis Münsterland,12,3. Bezirksklasse / 3. Kreisklasse / 3. Regionsklasse,Kreisklasse 3 Münsterland Männer,13233,2,1,1,0,0,35,20,15,2,2.0,,handball.net
1836,TV Korschenbroich 3. Herren,HK Krefeld-Grenzland,HK Krefeld-Grenzland,12,3. Bezirksklasse / 3. Kreisklasse / 3. Regionsklasse,3. BK Männer,15678,1,1,1,0,0,28,13,15,2,2.0,,handball.net
1837,TV Friesen Telgte III,Handballkreis Münsterland,Handballkreis Münsterland,12,3. Bezirksklasse / 3. Kreisklasse / 3. Regionsklasse,Kreisklasse 3 Münsterland Männer,13233,3,1,1,0,0,36,22,14,2,2.0,,handball.net
1838,SC Arminia Ochtrup III,Handballkreis Münsterland,Handballkreis Münsterland,12,3. Bezirksklasse / 3. Kreisklasse / 3. Regionsklasse,Kreisklasse 3 Münsterland Männer,13233,4,1,1,0,0,28,16,12,2,2.0,,handball.net
1839,HSG DJK Rauxel-Schwerin E.V. III,Handballkreis Industrie,Handballkreis Industrie,12,3. Bezirksklasse / 3. Kreisklasse / 3. Regionsklasse,HKI-M-3. Kreisklasse,13040,1,2,2,0,0,58,35,23,4,2.0,,handball.net
1840,Handball Ruhrbogen Hattingen II,Handballkreis Industrie,Handballkreis Industrie,12,3. Bezirksklasse / 3. Kreisklasse / 3. Regionsklasse,HKI-M-3. Kreisklasse,13040,2,2,2,0,0,58,36,22,4,2.0,,handball.net
1841,TSVE 1890 Bielefeld II,Handballkreis Bielefeld-Herford,Handballkreis Bielefeld-Herford,12,3. Bezirksklasse / 3. Kreisklasse / 3. Regionsklasse,Männer 3.Kreisklasse,13298,3,1,1,0,0,34,24,10,2,2.0,,handball.net
1842,TSV Oerlinghausen III,Handballkreis Bielefeld-Herford,Handballkreis Bielefeld-Herford,12,3. Bezirksklasse / 3. Kreisklasse / 3. Regionsklasse,Männer 3.Kreisklasse,13298,2,2,2,0,0,64,50,14,4,2.0,,handball.net
1843,VFL Herford III,Handballkreis Bielefeld-Herford,Handballkreis Bielefeld-Herford,12,3. Bezirksklasse / 3. Kreisklasse / 3. Regionsklasse,Männer 3.Kreisklasse,13298,1,3,3,0,0,75,56,19,6,2.0,,handball.net
1844,TV Brechten 5,Handballkreis Dortmund,Handballkreis Dortmund,12,3. Bezirksklasse / 3. Kreisklasse / 3. Regionsklasse,hkdo-Hobbyliga-Männer,12786,1,1,1,0,0,27,23,4,2,2.0,,handball.net
1845,FC Schalke 04 Herren3,Handballkreis Industrie,Handballkreis Industrie,12,3. Bezirksklasse / 3. Kreisklasse / 3. Regionsklasse,HKI-M-3. Kreisklasse,13040,4,2,2,0,0,49,41,8,4,2.0,,handball.net
1846,DJK Westfalia Hörde 2,Handballkreis Dortmund,Handballkreis Dortmund,12,3. Bezirksklasse / 3. Kreisklasse / 3. Regionsklasse,hkdo-Hobbyliga-Männer,12786,2,1,1,0,0,21,18,3,2,2.0,,handball.net
1847,TV Eintracht Husen-Kurl 3,Handballkreis Dortmund,Handballkreis Dortmund,12,3. Bezirksklasse / 3. Kreisklasse / 3. Regionsklasse,hkdo-Hobbyliga-Männer,12786,3,1,1,0,0,21,18,3,2,2.0,,handball.net
1848,ETG Recklinghausen 1912/32 E.V.,Handballkreis Industrie,Handballkreis Industrie,12,3. Bezirksklasse / 3. Kreisklasse / 3. Regionsklasse,HKI-M-3. Kreisklasse,13040,5,2,2,0,0,46,42,4,4,2.0,,handball.net
1849,HSV Wegberg 1974 e.V. II,HK Krefeld-Grenzland,HK Krefeld-Grenzland,12,3. Bezirksklasse / 3. Kreisklasse / 3. Regionsklasse,3. BK Männer,15678,2,1,1,0,0,19,18,1,2,2.0,,handball.net
1850,TV Gladbeck 1912 E.V. III,Handballkreis Industrie,Handballkreis Industrie,12,3. Bezirksklasse / 3. Kreisklasse / 3. Regionsklasse,HKI-M-3. Kreisklasse,13040,3,3,2,0,1,81,67,14,4,1.33,,handball.net
1851,VFL Eintracht Mettingen II,Handballkreis Münsterland,Handballkreis Münsterland,12,3. Bezirksklasse / 3. Kreisklasse / 3. Regionsklasse,Kreisklasse 3 Münsterland Männer,13233,1,3,1,1,1,85,81,4,3,1.0,,handball.net
1852,SC Huckarde-Rahm 4,Handballkreis Dortmund,Handballkreis Dortmund,12,3. Bezirksklasse / 3. Kreisklasse / 3. Regionsklasse,hkdo-Hobbyliga-Männer,12786,4,2,1,0,1,48,46,2,2,1.0,,handball.net
1853,TV Vreden III,Handballkreis Münsterland,Handballkreis Münsterland,12,3. Bezirksklasse / 3. Kreisklasse / 3. Regionsklasse,Kreisklasse 3 Münsterland Männer,13233,5,1,0,1,0,25,25,0,1,1.0,,handball.net
1854,DJK Blau-Weiss Bielefeld,Handballkreis Bielefeld-Herford,Handballkreis Bielefeld-Herford,12,3. Bezirksklasse / 3. Kreisklasse / 3. Regionsklasse,Männer 3.Kreisklasse,13298,4,2,1,0,1,39,47,-8,2,1.0,,handball.net
1855,Borussia VFL 1900 Mönchengladbach 4,HK Krefeld-Grenzland,HK Krefeld-Grenzland,12,3. Bezirksklasse / 3. Kreisklasse / 3. Regionsklasse,3. BK Männer,15678,3,2,1,0,1,36,47,-11,2,1.0,,handball.net
1856,SG Bünde-Dünne IV,Handballkreis Bielefeld-Herford,Handballkreis Bielefeld-Herford,12,3. Bezirksklasse / 3. Kreisklasse / 3. Regionsklasse,Männer 3.Kreisklasse,13298,5,3,1,0,2,72,86,-14,2,0.67,,handball.net
1857,DJK Komet Dortmund,Handballkreis Dortmund,Handballkreis Dortmund,12,3. Bezirksklasse / 3. Kreisklasse / 3. Regionsklasse,hkdo-Hobbyliga-Männer,12786,5,0,0,0,0,0,0,0,0,0.0,,handball.net
1858,Eagles Niederrhein IV,HK Krefeld-Grenzland,HK Krefeld-Grenzland,12,3. Bezirksklasse / 3. Kreisklasse / 3. Regionsklasse,3. BK Männer,15678,4,0,0,0,0,0,0,0,0,0.0,,handball.net
1859,HSG Preussen/Bor. Münster III,Handballkreis Münsterland,Handballkreis Münsterland,12,3. Bezirksklasse / 3. Kreisklasse / 3. Regionsklasse,Kreisklasse 3 Münsterland Männer,13233,6,0,0,0,0,0,0,0,0,0.0,,handball.net
1860,HSG QUELLE/UMMELN II (zurückgez.),Handballkreis Bielefeld-Herford,Handballkreis Bielefeld-Herford,12,3. Bezirksklasse / 3. Kreisklasse / 3. Regionsklasse,Männer 3.Kreisklasse,13298,6,0,0,0,0,0,0,0,0,0.0,,handball.net
1861,Olympia Fischeln III,HK Krefeld-Grenzland,HK Krefeld-Grenzland,12,3. Bezirksklasse / 3. Kreisklasse / 3. Regionsklasse,3. BK Männer,15678,5,0,0,0,0,0,0,0,0,0.0,,handball.net
1862,Osterather TV III,HK Krefeld-Grenzland,HK Krefeld-Grenzland,12,3. Bezirksklasse / 3. Kreisklasse / 3. Regionsklasse,3. BK Männer,15678,6,0,0,0,0,0,0,0,0,0.0,,handball.net
1863,SG Handball Steinfurt III,Handballkreis Münsterland,Handballkreis Münsterland,12,3. Bezirksklasse / 3. Kreisklasse / 3. Regionsklasse,Kreisklasse 3 Münsterland Männer,13233,7,0,0,0,0,0,0,0,0,0.0,,handball.net
1864,TSG Schüren 4,Handballkreis Dortmund,Handballkreis Dortmund,12,3. Bezirksklasse / 3. Kreisklasse / 3. Regionsklasse,hkdo-Hobbyliga-Männer,12786,6,0,0,0,0,0,0,0,0,0.0,,handball.net
1865,TV Beckrath 1898 E.V. III,HK Krefeld-Grenzland,HK Krefeld-Grenzland,12,3. Bezirksklasse / 3. Kreisklasse / 3. Regionsklasse,3. BK Männer,15678,7,0,0,0,0,0,0,0,0,0.0,,handball.net
1866,TV Geistenbeck II,HK Krefeld-Grenzland,HK Krefeld-Grenzland,12,3. Bezirksklasse / 3. Kreisklasse / 3. Regionsklasse,3. BK Männer,15678,8,0,0,0,0,0,0,0,0,0.0,,handball.net
1867,TuS St. Hubert II,HK Krefeld-Grenzland,HK Krefeld-Grenzland,12,3. Bezirksklasse / 3. Kreisklasse / 3. Regionsklasse,3. BK Männer,15678,9,0,0,0,0,0,0,0,0,0.0,,handball.net
1868,VFL Bochum 1848 Handball E.V. IV,Handballkreis Industrie,Handballkreis Industrie,12,3. Bezirksklasse / 3. Kreisklasse / 3. Regionsklasse,HKI-M-3. Kreisklasse,13040,6,0,0,0,0,0,0,0,0,0.0,,handball.net
1869,HSG Löhne-Obernbeck II,Handballkreis Bielefeld-Herford,Handballkreis Bielefeld-Herford,12,3. Bezirksklasse / 3. Kreisklasse / 3. Regionsklasse,Männer 3.Kreisklasse,13298,7,1,0,0,1,18,19,-1,0,0.0,,handball.net
1870,Turnerschaft Lürrip 1901 E.V. IV,HK Krefeld-Grenzland,HK Krefeld-Grenzland,12,3. Bezirksklasse / 3. Kreisklasse / 3. Regionsklasse,3. BK Männer,15678,10,1,0,0,1,18,19,-1,0,0.0,,handball.net
1871,VfL Aplerbeckermark 3. Herren,Handballkreis Dortmund,Handballkreis Dortmund,12,3. Bezirksklasse / 3. Kreisklasse / 3. Regionsklasse,hkdo-Hobbyliga-Männer,12786,7,1,0,0,1,18,21,-3,0,0.0,,handball.net
1872,TV FAW Melbergen,Handballkreis Bielefeld-Herford,Handballkreis Bielefeld-Herford,12,3. Bezirksklasse / 3. Kreisklasse / 3. Regionsklasse,Männer 3.Kreisklasse,13298,9,3,0,0,3,70,82,-12,0,0.0,,handball.net
1873,Waltroper HV 1970 E.V. II,Handballkreis Industrie,Handballkreis Industrie,12,3. Bezirksklasse / 3. Kreisklasse / 3. Regionsklasse,HKI-M-3. Kreisklasse,13040,7,1,0,0,1,20,24,-4,0,0.0,,handball.net
1874,Hülser SV,HK Krefeld-Grenzland,HK Krefeld-Grenzland,12,3. Bezirksklasse / 3. Kreisklasse / 3. Regionsklasse,3. BK Männer,15678,11,1,0,0,1,19,23,-4,0,0.0,,handball.net
1875,DJK Oespel-Kley Herren 4,Handballkreis Dortmund,Handballkreis Dortmund,12,3. Bezirksklasse / 3. Kreisklasse / 3. Regionsklasse,hkdo-Hobbyliga-Männer,12786,8,2,0,0,2,37,46,-9,0,0.0,,handball.net
1876,TV Datteln 09 E.V.,Handballkreis Industrie,Handballkreis Industrie,12,3. Bezirksklasse / 3. Kreisklasse / 3. Regionsklasse,HKI-M-3. Kreisklasse,13040,8,2,0,0,2,39,49,-10,0,0.0,,handball.net
1877,Handball SV Westerholt E.V. IV,Handballkreis Industrie,Handballkreis Industrie,12,3. Bezirksklasse / 3. Kreisklasse / 3. Regionsklasse,HKI-M-3. Kreisklasse,13040,9,3,0,0,3,59,82,-23,0,0.0,,handball.net
1878,VFL Handball Mennighüffen IV,Handballkreis Bielefeld-Herford,Handballkreis Bielefeld-Herford,12,3. Bezirksklasse / 3. Kreisklasse / 3. Regionsklasse,Männer 3.Kreisklasse,13298,8,1,0,0,1,23,31,-8,0,0.0,,handball.net
1879,Bochumer HC,Handballkreis Industrie,Handballkreis Industrie,12,3. Bezirksklasse / 3. Kreisklasse / 3. Regionsklasse,HKI-M-3. Kreisklasse,13040,10,3,0,0,3,56,90,-34,0,0.0,,handball.net
1880,SG Gescher/Legden II,Handballkreis Münsterland,Handballkreis Münsterland,12,3. Bezirksklasse / 3. Kreisklasse / 3. Regionsklasse,Kreisklasse 3 Münsterland Männer,13233,8,1,0,0,1,20,35,-15,0,0.0,,handball.net
1881,DJK SV Mauritz 1906 e.V.,Handballkreis Münsterland,Handballkreis Münsterland,12,3. Bezirksklasse / 3. Kreisklasse / 3. Regionsklasse,Kreisklasse 3 Münsterland Männer,13233,9,2,0,0,2,36,66,-30,0,0.0,,handball.net
1882,ETSV Witten 1923 e.V.,Handballkreis Industrie,Handballkreis Industrie,13,4. Bezirksklasse / 4. Kreisklasse / 4. Regionsklasse,HKI-Ü35,13047,1,1,1,0,0,34,21,13,2,2.0,,handball.net
1883,SG ETSV Ruhrtal Witten,Handballkreis Industrie,Handballkreis Industrie,13,4. Bezirksklasse / 4. Kreisklasse / 4. Regionsklasse,HKI-Ü35,13047,2,1,1,0,0,34,21,13,2,2.0,,handball.net
1884,SG Suderwich Ü35,Handballkreis Industrie,Handballkreis Industrie,13,4. Bezirksklasse / 4. Kreisklasse / 4. Regionsklasse,HKI-Ü35,13047,3,1,1,0,0,1,0,1,2,2.0,,handball.net
1885,DJK TuS Rotthausen e.V.,Handballkreis Industrie,Handballkreis Industrie,13,4. Bezirksklasse / 4. Kreisklasse / 4. Regionsklasse,HKI-Ü35,13047,4,0,0,0,0,0,0,0,0,0.0,,handball.net
1886,DSC Wanne-Eickel Handball E.V.,Handballkreis Industrie,Handballkreis Industrie,13,4. Bezirksklasse / 4. Kreisklasse / 4. Regionsklasse,HKI-Ü35,13047,5,0,0,0,0,0,0,0,0,0.0,,handball.net
1887,ETG Recklinghausen 1912/32 E.V. UE 35,Handballkreis Industrie,Handballkreis Industrie,13,4. Bezirksklasse / 4. Kreisklasse / 4. Regionsklasse,HKI-Ü35,13047,6,0,0,0,0,0,0,0,0,0.0,,handball.net
1888,PSV E.V. Recklinghausen,Handballkreis Industrie,Handballkreis Industrie,13,4. Bezirksklasse / 4. Kreisklasse / 4. Regionsklasse,HKI-Ü35,13047,7,0,0,0,0,0,0,0,0,0.0,,handball.net
1889,SG Hüls-Scherlebeck IV,Handballkreis Industrie,Handballkreis Industrie,13,4. Bezirksklasse / 4. Kreisklasse / 4. Regionsklasse,HKI-Ü35,13047,8,0,0,0,0,0,0,0,0,0.0,,handball.net
1890,TV 01 Wattenscheid E.V.,Handballkreis Industrie,Handballkreis Industrie,13,4. Bezirksklasse / 4. Kreisklasse / 4. Regionsklasse,HKI-Ü35,13047,9,0,0,0,0,0,0,0,0,0.0,,handball.net
1891,TV Datteln 09 E.V.,Handballkreis Industrie,Handballkreis Industrie,13,4. Bezirksklasse / 4. Kreisklasse / 4. Regionsklasse,HKI-Ü35,13047,10,0,0,0,0,0,0,0,0,0.0,,handball.net
1892,TV Dülmen 1884 E.V.,Handballkreis Industrie,Handballkreis Industrie,13,4. Bezirksklasse / 4. Kreisklasse / 4. Regionsklasse,HKI-Ü35,13047,11,0,0,0,0,0,0,0,0,0.0,,handball.net
1893,TuS Ickern 1912 e.V.,Handballkreis Industrie,Handballkreis Industrie,13,4. Bezirksklasse / 4. Kreisklasse / 4. Regionsklasse,HKI-Ü35,13047,12,1,0,0,1,0,1,-1,0,0.0,,handball.net
1894,Handball SV Westerholt E.V.,Handballkreis Industrie,Handballkreis Industrie,13,4. Bezirksklasse / 4. Kreisklasse / 4. Regionsklasse,HKI-Ü35,13047,13,1,0,0,1,21,34,-13,0,0.0,,handball.net
