rang_bundesweit,verein,verband,gebiet,ligastufe,spielklasse,staffel,staffel_id,platz_in_staffel,spiele,siege,unentschieden,niederlagen,tore,gegentore,tordifferenz,punkte,punkte_pro_spiel,rangaenderung_vorwoche,quelle
1,Frankfurter HC,Deutscher Handballbund,Deutscher Handballbund,3,3. Liga,Nord,14057,1,2,2,0,0,68,39,29,4,2.0,,handball.net
2,SV GRÜN Weiss Schwerin,Deutscher Handballbund,Deutscher Handballbund,3,3. Liga,Nord,14057,2,2,2,0,0,76,53,23,4,2.0,,handball.net
3,1.FC Köln,Deutscher Handballbund,Deutscher Handballbund,3,3. Liga,Mitte,14058,1,3,3,0,0,100,71,29,6,2.0,,handball.net
4,TSV Wolfschlugen,Deutscher Handballbund,Deutscher Handballbund,3,3. Liga,Süd,14060,1,3,3,0,0,101,74,27,6,2.0,,handball.net
5,PSV Recklinghausen,Deutscher Handballbund,Deutscher Handballbund,3,3. Liga,Mitte,14058,2,3,3,0,0,107,89,18,6,2.0,,handball.net
6,HC Erlangen,Deutscher Handballbund,Deutscher Handballbund,3,3. Liga,Süd,14060,4,2,2,0,0,70,60,10,4,2.0,,handball.net
7,SV Fortuna 50 Neubrandenburg,Deutscher Handballbund,Deutscher Handballbund,3,3. Liga,Nord,14057,4,2,2,0,0,68,59,9,4,2.0,,handball.net
8,TV Hannover-Badenstedt,Deutscher Handballbund,Deutscher Handballbund,3,3. Liga,Nord,14057,5,2,2,0,0,64,58,6,4,2.0,,handball.net
9,TuS 97 Bielefeld/Jöllenbeck,Deutscher Handballbund,Deutscher Handballbund,3,3. Liga,Nord,14057,6,2,2,0,0,60,55,5,4,2.0,,handball.net
10,TSG MZ-Bretzenheim,Deutscher Handballbund,Deutscher Handballbund,3,3. Liga,Mitte,14058,3,3,2,1,0,76,71,5,5,1.67,,handball.net
11,Frisch AUF Göppingen II,Deutscher Handballbund,Deutscher Handballbund,3,3. Liga,Süd,14060,6,2,1,1,0,55,48,7,3,1.5,,handball.net
12,VfL Oldenburg II,Deutscher Handballbund,Deutscher Handballbund,3,3. Liga,Nord,14057,3,3,2,0,1,91,78,13,4,1.33,,handball.net
13,Kurpfalz Bären,Deutscher Handballbund,Deutscher Handballbund,3,3. Liga,Süd,14060,2,3,2,0,1,94,83,11,4,1.33,,handball.net
14,TSV Ismaning,Deutscher Handballbund,Deutscher Handballbund,3,3. Liga,Süd,14060,3,3,2,0,1,94,84,10,4,1.33,,handball.net
15,Eulenfrauen,Deutscher Handballbund,Deutscher Handballbund,3,3. Liga,Süd,14060,5,3,2,0,1,98,93,5,4,1.33,,handball.net
16,HSG BAD Wildungen Vipers,Deutscher Handballbund,Deutscher Handballbund,3,3. Liga,Mitte,14058,4,3,1,2,0,83,79,4,4,1.33,,handball.net
17,1. FSV Mainz 05 II,Deutscher Handballbund,Deutscher Handballbund,3,3. Liga,Mitte,14058,5,3,2,0,1,71,73,-2,4,1.33,,handball.net
18,TSG 1893 Leihgestern,Deutscher Handballbund,Deutscher Handballbund,3,3. Liga,Mitte,14058,6,3,2,0,1,82,88,-6,4,1.33,,handball.net
19,TUS Schutterwald,Deutscher Handballbund,Deutscher Handballbund,3,3. Liga,Süd,14060,7,3,1,1,1,81,85,-4,3,1.0,,handball.net
20,TB Wülfrath,Deutscher Handballbund,Deutscher Handballbund,3,3. Liga,Mitte,14058,7,3,1,0,2,100,93,7,2,0.67,,handball.net
21,SC SFN Vechta,Deutscher Handballbund,Deutscher Handballbund,3,3. Liga,Nord,14057,7,3,1,0,2,95,97,-2,2,0.67,,handball.net
22,TSV Haunstetten 1892,Deutscher Handballbund,Deutscher Handballbund,3,3. Liga,Süd,14060,8,3,1,0,2,82,86,-4,2,0.67,,handball.net
23,TV Aldekerk,Deutscher Handballbund,Deutscher Handballbund,3,3. Liga,Mitte,14058,8,3,1,0,2,78,82,-4,2,0.67,,handball.net
24,HSG Eider Harde,Deutscher Handballbund,Deutscher Handballbund,3,3. Liga,Nord,14057,8,3,1,0,2,86,93,-7,2,0.67,,handball.net
25,BV Borussia 09 Dortmund II,Deutscher Handballbund,Deutscher Handballbund,3,3. Liga,Mitte,14058,9,3,0,1,2,81,87,-6,1,0.33,,handball.net
26,HSG Bensheim/Auerbach II,Deutscher Handballbund,Deutscher Handballbund,3,3. Liga,Mitte,14058,10,3,0,1,2,83,90,-7,1,0.33,,handball.net
27,TUS Königsdorf,Deutscher Handballbund,Deutscher Handballbund,3,3. Liga,Mitte,14058,11,3,0,1,2,81,106,-25,1,0.33,,handball.net
28,SV Allensbach,Deutscher Handballbund,Deutscher Handballbund,3,3. Liga,Süd,14060,9,1,0,0,1,33,37,-4,0,0.0,,handball.net
29,Thüringer HC II,Deutscher Handballbund,Deutscher Handballbund,3,3. Liga,Mitte,14058,12,3,0,0,3,80,93,-13,0,0.0,,handball.net
30,TSV Nord Harrislee,Deutscher Handballbund,Deutscher Handballbund,3,3. Liga,Nord,14057,9,2,0,0,2,53,65,-12,0,0.0,,handball.net
31,HC Leipzig II,Deutscher Handballbund,Deutscher Handballbund,3,3. Liga,Nord,14057,10,2,0,0,2,59,72,-13,0,0.0,,handball.net
32,TSG Hassloch,Deutscher Handballbund,Deutscher Handballbund,3,3. Liga,Süd,14060,10,2,0,0,2,46,59,-13,0,0.0,,handball.net
33,Buxtehuder SV II,Deutscher Handballbund,Deutscher Handballbund,3,3. Liga,Nord,14057,11,2,0,0,2,59,73,-14,0,0.0,,handball.net
34,SG Kappelwindeck/Steinbach,Deutscher Handballbund,Deutscher Handballbund,3,3. Liga,Süd,14060,11,2,0,0,2,45,59,-14,0,0.0,,handball.net
35,SG Schozach-Bottwartal,Deutscher Handballbund,Deutscher Handballbund,3,3. Liga,Süd,14060,12,3,0,0,3,77,108,-31,0,0.0,,handball.net
36,HSG Blomberg-Lippe 2,Deutscher Handballbund,Deutscher Handballbund,3,3. Liga,Nord,14057,12,3,0,0,3,66,103,-37,0,0.0,,handball.net
37,ASC 09 Dortmund SC Aplerbeck 09 E.V.,Handballverband Westfalen,Handballverband Westfalen,4,Regionalliga,HVW Frauen Regionalliga,12650,3,3,3,0,0,107,68,39,6,2.0,,handball.net
38,Moskitos,REGIONALLIGA SüDWEST,REGIONALLIGA SüDWEST,4,Regionalliga,RLSW-W,13249,1,4,4,0,0,130,95,35,8,2.0,,handball.net
39,Adler Königshof 1F,Handball Nordrhein,Handball Nordrhein,4,Regionalliga,Regionalliga Frauen,12903,1,2,2,0,0,50,34,16,4,2.0,,handball.net
40,LIT Tribe 1912 Nordhemmern-Mindenerwald-Holzhausen II,Handballverband Westfalen,Handballverband Westfalen,4,Regionalliga,HVW Frauen Regionalliga,12650,1,4,4,0,0,129,100,29,8,2.0,,handball.net
41,SV Henstedt-Ulzburg,Handballregion-Nord,Handballregion-Nord,4,Regionalliga,Meisterrunde,13541,1,5,5,0,0,152,121,31,10,2.0,,handball.net
42,Handball BAD Salzuflen,Handballverband Westfalen,Handballverband Westfalen,4,Regionalliga,HVW Frauen Regionalliga,12650,2,4,4,0,0,101,79,22,8,2.0,,handball.net
43,TSV Bonn rrh. 1. Frauen,Handball Nordrhein,Handball Nordrhein,4,Regionalliga,Regionalliga Frauen,12903,2,2,2,0,0,57,50,7,4,2.0,,handball.net
44,TV Aldekerk II,Handball Nordrhein,Handball Nordrhein,4,Regionalliga,Regionalliga Frauen,12903,3,2,2,0,0,58,55,3,4,2.0,,handball.net
45,ATSV Stockelsdorf,Handballregion-Nord,Handballregion-Nord,4,Regionalliga,Meisterrunde,13541,2,5,4,1,0,172,152,20,9,1.8,,handball.net
46,HT Norderstedt,Handballregion-Nord,Handballregion-Nord,4,Regionalliga,Meisterrunde,13541,4,4,3,1,0,121,100,21,7,1.75,,handball.net
47,HSG Wittlich,REGIONALLIGA SüDWEST,REGIONALLIGA SüDWEST,4,Regionalliga,RLSW-W,13249,2,5,4,0,1,150,118,32,8,1.6,,handball.net
48,VTV Mundenheim,REGIONALLIGA SüDWEST,REGIONALLIGA SüDWEST,4,Regionalliga,RLSW-W,13249,3,4,3,0,1,119,97,22,6,1.5,,handball.net
49,SSV Nümbrecht Handball,Handball Nordrhein,Handball Nordrhein,4,Regionalliga,Regionalliga Frauen,12903,4,2,1,1,0,43,32,11,3,1.5,,handball.net
50,HBD Löwen Oberberg,Handball Nordrhein,Handball Nordrhein,4,Regionalliga,Regionalliga Frauen,12903,5,2,1,1,0,53,45,8,3,1.5,,handball.net
51,HG Owschlag-Kropp-Tetenhusen,Handballregion-Nord,Handballregion-Nord,4,Regionalliga,Meisterrunde,13541,3,5,3,1,1,173,136,37,7,1.4,,handball.net
52,SV Teutonia Riemke 1.Damen,Handballverband Westfalen,Handballverband Westfalen,4,Regionalliga,HVW Frauen Regionalliga,12650,4,4,2,1,1,113,104,9,5,1.25,,handball.net
53,SC DJK Everswinkel e.V. ERWACHSENE WEIBLICH 1,Handballverband Westfalen,Handballverband Westfalen,4,Regionalliga,HVW Frauen Regionalliga,12650,5,4,2,1,1,124,118,6,5,1.25,,handball.net
54,Lauenburger SV,Handballregion-Nord,Handballregion-Nord,4,Regionalliga,Meisterrunde,13541,5,5,3,0,2,169,134,35,6,1.2,,handball.net
55,HC Treia/Jübek,Handballregion-Nord,Handballregion-Nord,4,Regionalliga,Meisterrunde,13541,6,5,3,0,2,139,117,22,6,1.2,,handball.net
56,HSG Tarp/Wanderup,Handballregion-Nord,Handballregion-Nord,4,Regionalliga,Meisterrunde,13541,7,5,3,0,2,121,124,-3,6,1.2,,handball.net
57,HL Buchholz08-Rosengarten II,Handballregion-Nord,Handballregion-Nord,4,Regionalliga,Meisterrunde,13541,8,4,2,0,2,122,109,13,4,1.0,,handball.net
58,HSG Hunsrück,REGIONALLIGA SüDWEST,REGIONALLIGA SüDWEST,4,Regionalliga,RLSW-W,13249,4,4,2,0,2,111,104,7,4,1.0,,handball.net
59,TSG MZ-Bretzenheim,REGIONALLIGA SüDWEST,REGIONALLIGA SüDWEST,4,Regionalliga,RLSW-W,13249,5,4,2,0,2,109,108,1,4,1.0,,handball.net
60,TD Lank 1. Damen,Handball Nordrhein,Handball Nordrhein,4,Regionalliga,Regionalliga Frauen,12903,6,2,0,2,0,39,39,0,2,1.0,,handball.net
61,Königsborner SV Handball E.V.,Handballverband Westfalen,Handballverband Westfalen,4,Regionalliga,HVW Frauen Regionalliga,12650,6,4,2,0,2,99,100,-1,4,1.0,,handball.net
62,AMTV Hamburg,Handballregion-Nord,Handballregion-Nord,4,Regionalliga,Meisterrunde,13541,9,5,2,0,3,122,129,-7,4,0.8,,handball.net
63,SF Budenheim,REGIONALLIGA SüDWEST,REGIONALLIGA SüDWEST,4,Regionalliga,RLSW-W,13249,6,5,2,0,3,120,128,-8,4,0.8,,handball.net
64,TSV Ellerbek,Handballregion-Nord,Handballregion-Nord,4,Regionalliga,Meisterrunde,13541,10,5,2,0,3,115,128,-13,4,0.8,,handball.net
65,HSG Dudenhofen/Schifferstadt,REGIONALLIGA SüDWEST,REGIONALLIGA SüDWEST,4,Regionalliga,RLSW-W,13249,7,5,2,0,3,123,155,-32,4,0.8,,handball.net
66,TUS Brockhagen,Handballverband Westfalen,Handballverband Westfalen,4,Regionalliga,HVW Frauen Regionalliga,12650,7,3,1,0,2,81,75,6,2,0.67,,handball.net
67,TV Welling,REGIONALLIGA SüDWEST,REGIONALLIGA SüDWEST,4,Regionalliga,RLSW-W,13249,8,3,1,0,2,62,70,-8,2,0.67,,handball.net
68,Südpfalz Tiger,REGIONALLIGA SüDWEST,REGIONALLIGA SüDWEST,4,Regionalliga,RLSW-W,13249,10,3,1,0,2,67,89,-22,2,0.67,,handball.net
69,DHK Flensborg,Handballregion-Nord,Handballregion-Nord,4,Regionalliga,Meisterrunde,13541,11,5,1,1,3,147,163,-16,3,0.6,,handball.net
70,Lüner SV Handball E.V.,Handballverband Westfalen,Handballverband Westfalen,4,Regionalliga,HVW Frauen Regionalliga,12650,8,4,1,0,3,98,112,-14,2,0.5,,handball.net
71,TG Hörste,Handballverband Westfalen,Handballverband Westfalen,4,Regionalliga,HVW Frauen Regionalliga,12650,9,4,1,0,3,97,118,-21,2,0.5,,handball.net
72,FSG DJK Oberthal/Tus Hirstein,REGIONALLIGA SüDWEST,REGIONALLIGA SüDWEST,4,Regionalliga,RLSW-W,13249,9,4,1,0,3,102,124,-22,2,0.5,,handball.net
73,SC Westfalia Kinderhaus 1920 E.V.,Handballverband Westfalen,Handballverband Westfalen,4,Regionalliga,HVW Frauen Regionalliga,12650,10,4,1,0,3,84,116,-32,2,0.5,,handball.net
74,TSV Bargteheide,Handballregion-Nord,Handballregion-Nord,4,Regionalliga,Meisterrunde,13541,12,5,1,0,4,143,144,-1,2,0.4,,handball.net
75,HF Untere SAAR 1,REGIONALLIGA SüDWEST,REGIONALLIGA SüDWEST,4,Regionalliga,RLSW-W,13249,11,3,0,0,3,66,71,-5,0,0.0,,handball.net
76,1.Fc KÖLN II,Handball Nordrhein,Handball Nordrhein,4,Regionalliga,Regionalliga Frauen,12903,7,1,0,0,1,22,25,-3,0,0.0,,handball.net
77,HC Weiden 2018,Handball Nordrhein,Handball Nordrhein,4,Regionalliga,Regionalliga Frauen,12903,8,1,0,0,1,19,23,-4,0,0.0,,handball.net
78,HC Gelpe/Strombach,Handball Nordrhein,Handball Nordrhein,4,Regionalliga,Regionalliga Frauen,12903,9,2,0,0,2,46,55,-9,0,0.0,,handball.net
79,HSC Haltern-Sythen,Handballverband Westfalen,Handballverband Westfalen,4,Regionalliga,HVW Frauen Regionalliga,12650,11,3,0,0,3,64,83,-19,0,0.0,,handball.net
80,Turnverein Biefang,Handball Nordrhein,Handball Nordrhein,4,Regionalliga,Regionalliga Frauen,12903,10,2,0,0,2,44,58,-14,0,0.0,,handball.net
81,HSV Überruhr 1. Frauen,Handball Nordrhein,Handball Nordrhein,4,Regionalliga,Regionalliga Frauen,12903,11,2,0,0,2,46,61,-15,0,0.0,,handball.net
82,TSV Hahlen 1945 e.V.,Handballverband Westfalen,Handballverband Westfalen,4,Regionalliga,HVW Frauen Regionalliga,12650,12,3,0,0,3,65,89,-24,0,0.0,,handball.net
83,SC Alstertal-Langenhorn,Handballregion-Nord,Handballregion-Nord,4,Regionalliga,Meisterrunde,13541,13,5,0,0,5,130,178,-48,0,0.0,,handball.net
84,SG Altona,Handballregion-Nord,Handballregion-Nord,4,Regionalliga,Meisterrunde,13541,14,5,0,0,5,86,177,-91,0,0.0,,handball.net
85,HSG Kastellaun-Simmern,Handballverband Rheinland,Handballverband Rheinland,5,Oberliga,Oberliga Frauen · Handballverband Rheinland,12821,1,4,4,0,0,156,83,73,8,2.0,,handball.net
86,MTV KÖLN 1850,Handball Nordrhein,Handball Nordrhein,5,Oberliga,Oberliga Frauen Gr. 3,12909,1,2,2,0,0,65,29,36,4,2.0,,handball.net
87,Fortuna Düsseldorf 1895 E.V. 1f,Handball Nordrhein,Handball Nordrhein,5,Oberliga,Oberliga Frauen Gr. 1,12910,1,2,2,0,0,77,42,35,4,2.0,,handball.net
88,BHC Juniorinnen II,Handball Nordrhein,Handball Nordrhein,5,Oberliga,Oberliga Frauen Gr. 2,12908,5,1,1,0,0,36,19,17,2,2.0,,handball.net
89,HSG Kremperheide/Münsterdorf,Handballverband Schleswig-Holstein,Handballverband Schleswig-Holstein,5,Oberliga,Meisterrunde · Handballverband Schleswig-Holstein,14062,1,4,4,0,0,152,97,55,8,2.0,,handball.net
90,HSG Hiesfeld/Aldenrade,Handball Nordrhein,Handball Nordrhein,5,Oberliga,Oberliga Frauen Gr. 1,12910,2,2,2,0,0,75,49,26,4,2.0,,handball.net
91,Moskitos 2,Handballverband SAAR,Handballverband SAAR,5,Oberliga,Oberliga Frauen,13012,3,3,3,0,0,89,51,38,6,2.0,,handball.net
92,VT Kempen,Handball Nordrhein,Handball Nordrhein,5,Oberliga,Oberliga Frauen Gr. 1,12910,3,2,2,0,0,84,62,22,4,2.0,,handball.net
93,SSG Wuppertal/Hsv Wuppertal,Handball Nordrhein,Handball Nordrhein,5,Oberliga,Oberliga Frauen Gr. 2,12908,1,2,2,0,0,76,58,18,4,2.0,,handball.net
94,Bergische Panther,Handball Nordrhein,Handball Nordrhein,5,Oberliga,Oberliga Frauen Gr. 2,12908,6,1,1,0,0,27,18,9,2,2.0,,handball.net
95,ATV Biesel,Handball Nordrhein,Handball Nordrhein,5,Oberliga,Oberliga Frauen Gr. 2,12908,2,2,2,0,0,62,45,17,4,2.0,,handball.net
96,Rotation Weissenborn,Handballverband Sachsen,Handballverband Sachsen,5,Oberliga,OLS Frauen,12543,1,4,4,0,0,124,90,34,8,2.0,,handball.net
97,TSV Bonn rrh. 2. Frauen,Handball Nordrhein,Handball Nordrhein,5,Oberliga,Oberliga Frauen Gr. 3,12909,2,2,2,0,0,56,39,17,4,2.0,,handball.net
98,HSG Marienheide/Müllenbach,Handball Nordrhein,Handball Nordrhein,5,Oberliga,Oberliga Frauen Gr. 3,12909,7,1,1,0,0,31,23,8,2,2.0,,handball.net
99,TUS Lintfort II,Handball Nordrhein,Handball Nordrhein,5,Oberliga,Oberliga Frauen Gr. 1,12910,5,1,1,0,0,24,16,8,2,2.0,,handball.net
100,F.C. Vorwärts Wettringen e.V. I,Handballverband Westfalen,Handballverband Westfalen,5,Oberliga,HVW Frauen Oberliga Staffel 2,12652,2,2,2,0,0,58,43,15,4,2.0,,handball.net
101,DJK Unitas HAAN E.V.,Handball Nordrhein,Handball Nordrhein,5,Oberliga,Oberliga Frauen Gr. 2,12908,3,2,2,0,0,55,40,15,4,2.0,,handball.net
102,SG Wilhelmsburg,Hamburger Handballverband,Hamburger Handballverband,5,Oberliga,Oberliga Frauen (200),12383,1,4,4,0,0,115,89,26,8,2.0,,handball.net
103,HTV Hemer E.V.,Handballverband Westfalen,Handballverband Westfalen,5,Oberliga,HVW Frauen Oberliga Staffel 2,12652,1,3,3,0,0,91,73,18,6,2.0,,handball.net
104,TV Merchweiler,Handballverband SAAR,Handballverband SAAR,5,Oberliga,Oberliga Frauen,13012,1,4,4,0,0,125,103,22,8,2.0,,handball.net
105,VFB Bischofswerda,Handballverband Sachsen,Handballverband Sachsen,5,Oberliga,OLS Frauen,12543,2,4,4,0,0,121,99,22,8,2.0,,handball.net
106,Mettmann-Sport,Handball Nordrhein,Handball Nordrhein,5,Oberliga,Oberliga Frauen Gr. 2,12908,4,2,2,0,0,65,55,10,4,2.0,,handball.net
107,Spvg. Hesselteich,Handballverband Westfalen,Handballverband Westfalen,5,Oberliga,HVW Frauen Oberliga Staffel 1,12651,4,2,2,0,0,62,52,10,4,2.0,,handball.net
108,Union 92 Halle e.V.,Handballverband Westfalen,Handballverband Westfalen,5,Oberliga,HVW Frauen Oberliga Staffel 1,12651,1,3,3,0,0,97,83,14,6,2.0,,handball.net
109,TSV Ellerbek II,Hamburger Handballverband,Hamburger Handballverband,5,Oberliga,Oberliga Frauen (200),12383,2,4,4,0,0,107,90,17,8,2.0,,handball.net
110,OBERLIGA FRAUEN (ERWACHSENE Oberliga),Handballverband SAAR,Handballverband SAAR,5,Oberliga,Oberliga Frauen,13012,4,3,3,0,0,90,80,10,6,2.0,,handball.net
111,SC DJK Everswinkel e.V.,Handballverband Westfalen,Handballverband Westfalen,5,Oberliga,HVW Frauen Oberliga Staffel 1,12651,2,3,3,0,0,83,73,10,6,2.0,,handball.net
112,ATSV Stockelsdorf II,Handballverband Schleswig-Holstein,Handballverband Schleswig-Holstein,5,Oberliga,Meisterrunde · Handballverband Schleswig-Holstein,14062,2,3,3,0,0,95,86,9,6,2.0,,handball.net
113,BTB Aachen,Handball Nordrhein,Handball Nordrhein,5,Oberliga,Oberliga Frauen Gr. 3,12909,3,2,2,0,0,51,47,4,4,2.0,,handball.net
114,HSG Holsteinische Schweiz,Handballverband Schleswig-Holstein,Handballverband Schleswig-Holstein,5,Oberliga,Meisterrunde · Handballverband Schleswig-Holstein,14062,3,3,3,0,0,67,62,5,6,2.0,,handball.net
115,TUS Volmetal 1887 E.V.,Handballverband Westfalen,Handballverband Westfalen,5,Oberliga,HVW Frauen Oberliga Staffel 2,12652,4,2,2,0,0,57,54,3,4,2.0,,handball.net
116,Turnerkreis Nippes 1. Damen,Handball Nordrhein,Handball Nordrhein,5,Oberliga,Oberliga Frauen Gr. 3,12909,4,2,2,0,0,39,36,3,4,2.0,,handball.net
117,HSG Wittlich II,Handballverband Rheinland,Handballverband Rheinland,5,Oberliga,Oberliga Frauen · Handballverband Rheinland,12821,4,3,2,1,0,83,74,9,5,1.67,,handball.net
118,SG Zweibrücken,Handballverband SAAR,Handballverband SAAR,5,Oberliga,Oberliga Frauen,13012,2,4,3,0,1,117,75,42,6,1.5,,handball.net
119,DJK/MJC Trier,Handballverband Rheinland,Handballverband Rheinland,5,Oberliga,Oberliga Frauen · Handballverband Rheinland,12821,2,4,3,0,1,136,100,36,6,1.5,,handball.net
120,BSV Sa. Zwickau II,Handballverband Sachsen,Handballverband Sachsen,5,Oberliga,OLS Frauen,12543,3,4,3,0,1,115,98,17,6,1.5,,handball.net
121,HSG Lingenfeld/Schwegenheim,Handballverband Rheinhessen-Pfalz,Handballverband Rheinhessen-Pfalz,5,Oberliga,F-OL,12404,1,4,3,0,1,123,109,14,6,1.5,,handball.net
122,SF Budenheim 2,Handballverband Rheinhessen-Pfalz,Handballverband Rheinhessen-Pfalz,5,Oberliga,F-OL,12404,5,2,1,1,0,60,57,3,3,1.5,,handball.net
123,SF 01 Dresden,Handballverband Sachsen,Handballverband Sachsen,5,Oberliga,OLS Frauen,12543,4,4,3,0,1,98,97,1,6,1.5,,handball.net
124,HSG Nahe-Glan,Handballverband Rheinhessen-Pfalz,Handballverband Rheinhessen-Pfalz,5,Oberliga,F-OL,12404,2,3,2,0,1,102,82,20,4,1.33,,handball.net
125,SF Neustadt/Wied,Handballverband Rheinland,Handballverband Rheinland,5,Oberliga,Oberliga Frauen · Handballverband Rheinland,12821,6,3,2,0,1,85,69,16,4,1.33,,handball.net
126,LIT Tribe 1912 Nordhemmern-Mindenerwald-Holzhausen II II,Handballverband Westfalen,Handballverband Westfalen,5,Oberliga,HVW Frauen Oberliga Staffel 1,12651,3,3,2,0,1,86,71,15,4,1.33,,handball.net
127,HSG Schwerte Westhofen 1.D,Handballverband Westfalen,Handballverband Westfalen,5,Oberliga,HVW Frauen Oberliga Staffel 2,12652,3,3,2,0,1,110,101,9,4,1.33,,handball.net
128,TSV Oerlinghausen V. 1863 E.V.,Handballverband Westfalen,Handballverband Westfalen,5,Oberliga,HVW Frauen Oberliga Staffel 1,12651,5,3,2,0,1,82,74,8,4,1.33,,handball.net
129,Rellinger TV,Hamburger Handballverband,Hamburger Handballverband,5,Oberliga,Oberliga Frauen (200),12383,6,3,2,0,1,89,82,7,4,1.33,,handball.net
130,TV 03 Wörth,Handballverband Rheinhessen-Pfalz,Handballverband Rheinhessen-Pfalz,5,Oberliga,F-OL,12404,3,3,2,0,1,81,77,4,4,1.33,,handball.net
131,TV VERL,Handballverband Westfalen,Handballverband Westfalen,5,Oberliga,HVW Frauen Oberliga Staffel 1,12651,6,3,2,0,1,73,70,3,4,1.33,,handball.net
132,TV Engers,Handballverband Rheinland,Handballverband Rheinland,5,Oberliga,Oberliga Frauen · Handballverband Rheinland,12821,3,4,2,1,1,119,106,13,5,1.25,,handball.net
133,ETV Hamburg,Hamburger Handballverband,Hamburger Handballverband,5,Oberliga,Oberliga Frauen (200),12383,3,4,2,1,1,113,106,7,5,1.25,,handball.net
134,FC St. Pauli,Hamburger Handballverband,Hamburger Handballverband,5,Oberliga,Oberliga Frauen (200),12383,4,4,2,1,1,103,103,0,5,1.25,,handball.net
135,HSG Hunsrück II,Handballverband Rheinland,Handballverband Rheinland,5,Oberliga,Oberliga Frauen · Handballverband Rheinland,12821,5,4,2,1,1,122,130,-8,5,1.25,,handball.net
136,Polizei SV KÖLN,Handball Nordrhein,Handball Nordrhein,5,Oberliga,Oberliga Frauen Gr. 3,12909,5,2,1,0,1,57,45,12,2,1.0,,handball.net
137,TH Eilbeck,Hamburger Handballverband,Hamburger Handballverband,5,Oberliga,Oberliga Frauen (200),12383,5,4,2,0,2,111,89,22,4,1.0,,handball.net
138,HSG Holstein Kiel/Kronshagen,Handballverband Schleswig-Holstein,Handballverband Schleswig-Holstein,5,Oberliga,Meisterrunde · Handballverband Schleswig-Holstein,14062,7,2,1,0,1,57,48,9,2,1.0,,handball.net
139,TUS Königsdorf II,Handball Nordrhein,Handball Nordrhein,5,Oberliga,Oberliga Frauen Gr. 3,12909,6,2,1,0,1,51,42,9,2,1.0,,handball.net
140,TSV Kaldenkirchen 1F,Handball Nordrhein,Handball Nordrhein,5,Oberliga,Oberliga Frauen Gr. 1,12910,4,2,1,0,1,50,41,9,2,1.0,,handball.net
141,SG Klotzsche,Handballverband Sachsen,Handballverband Sachsen,5,Oberliga,OLS Frauen,12543,5,4,2,0,2,107,96,11,4,1.0,,handball.net
142,TUS Weibern,Handballverband Rheinland,Handballverband Rheinland,5,Oberliga,Oberliga Frauen · Handballverband Rheinland,12821,7,3,1,1,1,78,71,7,3,1.0,,handball.net
143,DJK SG Bösperde,Handballverband Westfalen,Handballverband Westfalen,5,Oberliga,HVW Frauen Oberliga Staffel 2,12652,6,2,1,0,1,64,60,4,2,1.0,,handball.net
144,Tschft. St. Tönis,Handball Nordrhein,Handball Nordrhein,5,Oberliga,Oberliga Frauen Gr. 1,12910,6,2,1,0,1,58,54,4,2,1.0,,handball.net
145,SSV Heidenau,Handballverband Sachsen,Handballverband Sachsen,5,Oberliga,OLS Frauen,12543,6,4,2,0,2,108,100,8,4,1.0,,handball.net
146,ASC Quierschied,Handballverband SAAR,Handballverband SAAR,5,Oberliga,Oberliga Frauen,13012,5,4,2,0,2,126,124,2,4,1.0,,handball.net
147,HSG EURO,Handballverband Westfalen,Handballverband Westfalen,5,Oberliga,HVW Frauen Oberliga Staffel 1,12651,7,3,1,1,1,67,66,1,3,1.0,,handball.net
148,TV Witzhelden,Handball Nordrhein,Handball Nordrhein,5,Oberliga,Oberliga Frauen Gr. 2,12908,7,1,0,1,0,29,29,0,1,1.0,,handball.net
149,HSG TV Birkenfeld/Nohfelden-Tus Schwarzenbach,Handballverband SAAR,Handballverband SAAR,5,Oberliga,Oberliga Frauen,13012,6,4,2,0,2,115,115,0,4,1.0,,handball.net
150,HSG Refrath/Hand,Handball Nordrhein,Handball Nordrhein,5,Oberliga,Oberliga Frauen Gr. 3,12909,8,2,1,0,1,56,56,0,2,1.0,,handball.net
151,HSV Sobernheim,Handballverband Rheinhessen-Pfalz,Handballverband Rheinhessen-Pfalz,5,Oberliga,F-OL,12404,7,2,1,0,1,52,52,0,2,1.0,,handball.net
152,SC Alstertal-Langenhorn,Hamburger Handballverband,Hamburger Handballverband,5,Oberliga,Oberliga Frauen (200),12383,7,4,2,0,2,108,113,-5,4,1.0,,handball.net
153,SV Henstedt-Ulzburg II,Handballverband Schleswig-Holstein,Handballverband Schleswig-Holstein,5,Oberliga,Meisterrunde · Handballverband Schleswig-Holstein,14062,4,4,2,0,2,87,92,-5,4,1.0,,handball.net
154,TSV Kandel,Handballverband Rheinhessen-Pfalz,Handballverband Rheinhessen-Pfalz,5,Oberliga,F-OL,12404,6,3,1,1,1,88,92,-4,3,1.0,,handball.net
155,HSG Mertesdorf-Ruwertal,Handballverband Rheinland,Handballverband Rheinland,5,Oberliga,Oberliga Frauen · Handballverband Rheinland,12821,8,3,1,1,1,84,89,-5,3,1.0,,handball.net
156,HSV Marienberg,Handballverband Sachsen,Handballverband Sachsen,5,Oberliga,OLS Frauen,12543,7,4,2,0,2,119,126,-7,4,1.0,,handball.net
157,DJK Eintracht Coesfeld E.V.,Handballverband Westfalen,Handballverband Westfalen,5,Oberliga,HVW Frauen Oberliga Staffel 2,12652,8,2,1,0,1,69,74,-5,2,1.0,,handball.net
158,TG Osthofen,Handballverband Rheinhessen-Pfalz,Handballverband Rheinhessen-Pfalz,5,Oberliga,F-OL,12404,8,2,1,0,1,44,49,-5,2,1.0,,handball.net
159,DJK Oespel-Kley Frauen 1,Handballverband Westfalen,Handballverband Westfalen,5,Oberliga,HVW Frauen Oberliga Staffel 2,12652,5,3,1,1,1,79,87,-8,3,1.0,,handball.net
160,HSG Veruka,Handball Nordrhein,Handball Nordrhein,5,Oberliga,Oberliga Frauen Gr. 1,12910,7,2,1,0,1,44,54,-10,2,1.0,,handball.net
161,TD Lank 2. Damen,Handball Nordrhein,Handball Nordrhein,5,Oberliga,Oberliga Frauen Gr. 1,12910,8,2,1,0,1,42,58,-16,2,1.0,,handball.net
162,TSV Bocholt,Handball Nordrhein,Handball Nordrhein,5,Oberliga,Oberliga Frauen Gr. 1,12910,9,2,1,0,1,42,61,-19,2,1.0,,handball.net
163,VTV Mundenheim 2,Handballverband Rheinhessen-Pfalz,Handballverband Rheinhessen-Pfalz,5,Oberliga,F-OL,12404,4,5,2,0,3,118,124,-6,4,0.8,,handball.net
164,SV Todesfelde II,Handballverband Schleswig-Holstein,Handballverband Schleswig-Holstein,5,Oberliga,Meisterrunde · Handballverband Schleswig-Holstein,14062,5,5,2,0,3,130,139,-9,4,0.8,,handball.net
165,HSG Bergedorf/Vm,Hamburger Handballverband,Hamburger Handballverband,5,Oberliga,Oberliga Frauen (200),12383,8,4,1,1,2,98,97,1,3,0.75,,handball.net
166,HSC Schweich,Handballverband Rheinland,Handballverband Rheinland,5,Oberliga,Oberliga Frauen · Handballverband Rheinland,12821,9,4,1,1,2,113,137,-24,3,0.75,,handball.net
167,Niendorfer TSV,Hamburger Handballverband,Hamburger Handballverband,5,Oberliga,Oberliga Frauen (200),12383,9,3,1,0,2,85,62,23,2,0.67,,handball.net
168,SG Handball Neumünster,Handballverband Schleswig-Holstein,Handballverband Schleswig-Holstein,5,Oberliga,Meisterrunde · Handballverband Schleswig-Holstein,14062,6,3,1,0,2,87,76,11,2,0.67,,handball.net
169,ASC 09 Dortmund II,Handballverband Westfalen,Handballverband Westfalen,5,Oberliga,HVW Frauen Oberliga Staffel 2,12652,7,3,1,0,2,89,94,-5,2,0.67,,handball.net
170,HSG Tva/Atsv Saarbrücken,Handballverband SAAR,Handballverband SAAR,5,Oberliga,Oberliga Frauen,13012,8,3,1,0,2,75,80,-5,2,0.67,,handball.net
171,HSG Hohenlimburg,Handballverband Westfalen,Handballverband Westfalen,5,Oberliga,HVW Frauen Oberliga Staffel 2,12652,9,3,1,0,2,89,98,-9,2,0.67,,handball.net
172,HSG Fockbek/Nübbel/Alt Duvenstedt,Handballverband Schleswig-Holstein,Handballverband Schleswig-Holstein,5,Oberliga,Meisterrunde · Handballverband Schleswig-Holstein,14062,9,3,1,0,2,80,89,-9,2,0.67,,handball.net
173,TuS 09 Möllbergen e.V.,Handballverband Westfalen,Handballverband Westfalen,5,Oberliga,HVW Frauen Oberliga Staffel 1,12651,8,3,1,0,2,85,96,-11,2,0.67,,handball.net
174,TV Kirkel,Handballverband SAAR,Handballverband SAAR,5,Oberliga,Oberliga Frauen,13012,7,4,1,0,3,99,99,0,2,0.5,,handball.net
175,SV Straelen,Handball Nordrhein,Handball Nordrhein,5,Oberliga,Oberliga Frauen Gr. 1,12910,10,2,0,1,1,45,48,-3,1,0.5,,handball.net
176,BSV Limbach-O.,Handballverband Sachsen,Handballverband Sachsen,5,Oberliga,OLS Frauen,12543,8,4,1,0,3,96,104,-8,2,0.5,,handball.net
177,IF Stjernen Flensborg,Handballverband Schleswig-Holstein,Handballverband Schleswig-Holstein,5,Oberliga,Meisterrunde · Handballverband Schleswig-Holstein,14062,8,4,1,0,3,101,110,-9,2,0.5,,handball.net
178,HSV Wegberg,Handball Nordrhein,Handball Nordrhein,5,Oberliga,Oberliga Frauen Gr. 2,12908,8,2,0,1,1,51,57,-6,1,0.5,,handball.net
179,VFL Rheinhausen,Handball Nordrhein,Handball Nordrhein,5,Oberliga,Oberliga Frauen Gr. 1,12910,11,2,0,1,1,40,46,-6,1,0.5,,handball.net
180,HSG Pinnau,Hamburger Handballverband,Hamburger Handballverband,5,Oberliga,Oberliga Frauen (200),12383,10,4,1,0,3,94,109,-15,2,0.5,,handball.net
181,SV Schneeberg,Handballverband Sachsen,Handballverband Sachsen,5,Oberliga,OLS Frauen,12543,9,4,1,0,3,103,119,-16,2,0.5,,handball.net
182,SC Riesa,Handballverband Sachsen,Handballverband Sachsen,5,Oberliga,OLS Frauen,12543,10,4,1,0,3,94,111,-17,2,0.5,,handball.net
183,HSG Langenhessen/Crimmitschau,Handballverband Sachsen,Handballverband Sachsen,5,Oberliga,OLS Frauen,12543,11,4,1,0,3,81,109,-28,2,0.5,,handball.net
184,PSV E.V. Recklinghausen II,Handballverband Westfalen,Handballverband Westfalen,5,Oberliga,HVW Frauen Oberliga Staffel 2,12652,10,3,0,1,2,71,75,-4,1,0.33,,handball.net
185,SPVG Steinhagen,Handballverband Westfalen,Handballverband Westfalen,5,Oberliga,HVW Frauen Oberliga Staffel 1,12651,9,3,0,1,2,66,80,-14,1,0.33,,handball.net
186,TSV Uetersen,Hamburger Handballverband,Hamburger Handballverband,5,Oberliga,Oberliga Frauen (200),12383,11,4,0,1,3,93,110,-17,1,0.25,,handball.net
187,DIE HAIE I HSG Horst/Kiebitzreihe,Handballverband Schleswig-Holstein,Handballverband Schleswig-Holstein,5,Oberliga,Meisterrunde · Handballverband Schleswig-Holstein,14062,10,0,0,0,0,0,0,0,0,0.0,,handball.net
188,SC Fortuna Köln,Handball Nordrhein,Handball Nordrhein,5,Oberliga,Oberliga Frauen Gr. 3,12909,9,0,0,0,0,0,0,0,0,0.0,,handball.net
189,Wald-Merscheider TV,Handball Nordrhein,Handball Nordrhein,5,Oberliga,Oberliga Frauen Gr. 2,12908,9,0,0,0,0,0,0,0,0,0.0,,handball.net
190,SC Greven 09 E.V.,Handballverband Westfalen,Handballverband Westfalen,5,Oberliga,HVW Frauen Oberliga Staffel 2,12652,11,2,0,0,2,64,71,-7,0,0.0,,handball.net
191,TSG Mz-Bretzenheim 3,Handballverband Rheinhessen-Pfalz,Handballverband Rheinhessen-Pfalz,5,Oberliga,F-OL,12404,9,2,0,0,2,54,61,-7,0,0.0,,handball.net
192,HSG Petershagen/Lahde,Handballverband Westfalen,Handballverband Westfalen,5,Oberliga,HVW Frauen Oberliga Staffel 1,12651,10,2,0,0,2,43,50,-7,0,0.0,,handball.net
193,HSG Werther/Borgholzhausen,Handballverband Westfalen,Handballverband Westfalen,5,Oberliga,HVW Frauen Oberliga Staffel 1,12651,11,3,0,0,3,68,80,-12,0,0.0,,handball.net
194,HSG Neudorf/Döbeln,Handballverband Sachsen,Handballverband Sachsen,5,Oberliga,OLS Frauen,12543,12,4,0,0,4,88,105,-17,0,0.0,,handball.net
195,TV Bad Ems,Handballverband Rheinland,Handballverband Rheinland,5,Oberliga,Oberliga Frauen · Handballverband Rheinland,12821,10,2,0,0,2,47,56,-9,0,0.0,,handball.net
196,TV Beckrath,Handball Nordrhein,Handball Nordrhein,5,Oberliga,Oberliga Frauen Gr. 2,12908,11,2,0,0,2,55,65,-10,0,0.0,,handball.net
197,HVE Villigst-Ergste,Handballverband Westfalen,Handballverband Westfalen,5,Oberliga,HVW Frauen Oberliga Staffel 2,12652,12,2,0,0,2,60,71,-11,0,0.0,,handball.net
198,VfL Bad Schwartau,Handballverband Schleswig-Holstein,Handballverband Schleswig-Holstein,5,Oberliga,Meisterrunde · Handballverband Schleswig-Holstein,14062,11,2,0,0,2,39,50,-11,0,0.0,,handball.net
199,HSV Frechen,Handball Nordrhein,Handball Nordrhein,5,Oberliga,Oberliga Frauen Gr. 3,12909,10,2,0,0,2,27,38,-11,0,0.0,,handball.net
200,TUS Nettelstedt E.V.,Handballverband Westfalen,Handballverband Westfalen,5,Oberliga,HVW Frauen Oberliga Staffel 1,12651,12,3,0,0,3,81,98,-17,0,0.0,,handball.net
201,HSV Bocklemünd,Handball Nordrhein,Handball Nordrhein,5,Oberliga,Oberliga Frauen Gr. 3,12909,11,2,0,0,2,41,54,-13,0,0.0,,handball.net
202,Turnverein Ratingen 1f,Handball Nordrhein,Handball Nordrhein,5,Oberliga,Oberliga Frauen Gr. 1,12910,12,2,0,0,2,52,66,-14,0,0.0,,handball.net
203,Wermelskirchener TV,Handball Nordrhein,Handball Nordrhein,5,Oberliga,Oberliga Frauen Gr. 2,12908,12,2,0,0,2,45,61,-16,0,0.0,,handball.net
204,Rheydter TV 1847,Handball Nordrhein,Handball Nordrhein,5,Oberliga,Oberliga Frauen Gr. 2,12908,10,1,0,0,1,34,43,-9,0,0.0,,handball.net
205,Ohligser TV 1,Handball Nordrhein,Handball Nordrhein,5,Oberliga,Oberliga Frauen Gr. 2,12908,13,2,0,0,2,42,61,-19,0,0.0,,handball.net
206,SG LaFt - Damen,Handballverband Rheinhessen-Pfalz,Handballverband Rheinhessen-Pfalz,5,Oberliga,F-OL,12404,10,2,0,0,2,39,58,-19,0,0.0,,handball.net
207,HF Köllertal,Handballverband SAAR,Handballverband SAAR,5,Oberliga,Oberliga Frauen,13012,9,3,0,0,3,66,96,-30,0,0.0,,handball.net
208,TV Borken,Handball Nordrhein,Handball Nordrhein,5,Oberliga,Oberliga Frauen Gr. 1,12910,14,2,0,0,2,51,72,-21,0,0.0,,handball.net
209,HC Koblenz,Handballverband Rheinland,Handballverband Rheinland,5,Oberliga,Oberliga Frauen · Handballverband Rheinland,12821,11,4,0,0,4,96,138,-42,0,0.0,,handball.net
210,SSK Kerpen,Handball Nordrhein,Handball Nordrhein,5,Oberliga,Oberliga Frauen Gr. 3,12909,13,2,0,0,2,42,64,-22,0,0.0,,handball.net
211,HF Untere SAAR 2,Handballverband SAAR,Handballverband SAAR,5,Oberliga,Oberliga Frauen,13012,10,3,0,0,3,60,99,-39,0,0.0,,handball.net
212,HSV Solingen-Gräfrath 76 E.V. II,Handball Nordrhein,Handball Nordrhein,5,Oberliga,Oberliga Frauen Gr. 2,12908,14,2,0,0,2,37,63,-26,0,0.0,,handball.net
213,HC Perl,Handballverband SAAR,Handballverband SAAR,5,Oberliga,Oberliga Frauen,13012,11,3,0,0,3,66,106,-40,0,0.0,,handball.net
214,HSG Merkstein / Bardenberg,Handball Nordrhein,Handball Nordrhein,5,Oberliga,Oberliga Frauen Gr. 3,12909,12,1,0,0,1,21,35,-14,0,0.0,,handball.net
215,Pulheimer SC,Handball Nordrhein,Handball Nordrhein,5,Oberliga,Oberliga Frauen Gr. 3,12909,14,2,0,0,2,28,57,-29,0,0.0,,handball.net
216,HC TV Rhede,Handball Nordrhein,Handball Nordrhein,5,Oberliga,Oberliga Frauen Gr. 1,12910,13,1,0,0,1,27,42,-15,0,0.0,,handball.net
217,TSV NORD Harrislee II,Handballverband Schleswig-Holstein,Handballverband Schleswig-Holstein,5,Oberliga,Meisterrunde · Handballverband Schleswig-Holstein,14062,12,3,0,0,3,74,120,-46,0,0.0,,handball.net
218,TUS 05 DAUN,Handballverband Rheinland,Handballverband Rheinland,5,Oberliga,Oberliga Frauen · Handballverband Rheinland,12821,12,4,0,0,4,66,132,-66,0,0.0,,handball.net
219,SG Hamburg-Nord,Hamburger Handballverband,Hamburger Handballverband,5,Oberliga,Oberliga Frauen (200),12383,12,4,0,0,4,54,120,-66,0,0.0,,handball.net
220,Lüner SV Handball E.V. II,Handballverband Westfalen,Handballverband Westfalen,6,Verbandsliga,HVW Frauen Verbandsliga Staffel 3,12657,1,3,3,0,0,125,39,86,6,2.0,,handball.net
221,Moskitos 3,Handballverband SAAR,Handballverband SAAR,6,Verbandsliga,Verbandsliga Frauen,13031,1,4,4,0,0,156,74,82,8,2.0,,handball.net
222,TSV Weddingstedt,Handballverband Schleswig-Holstein,Handballverband Schleswig-Holstein,6,Verbandsliga,Meisterrunde - Nord,14065,3,3,3,0,0,116,74,42,6,2.0,,handball.net
223,TUS Königsdorf III,Handball Nordrhein,Handball Nordrhein,6,Verbandsliga,Verbandsliga Frauen Gr. 3,12929,1,2,2,0,0,67,41,26,4,2.0,,handball.net
224,CVJM Oberwiehl,Handball Nordrhein,Handball Nordrhein,6,Verbandsliga,Verbandsliga Frauen Gr. 4,12931,1,2,2,0,0,70,45,25,4,2.0,,handball.net
225,FSG Kaiserslautern/Dansenberg,Handballverband Rheinhessen-Pfalz,Handballverband Rheinhessen-Pfalz,6,Verbandsliga,F-VL,12481,2,3,3,0,0,106,69,37,6,2.0,,handball.net
226,TV Werne 03 E.V.,Handballverband Westfalen,Handballverband Westfalen,6,Verbandsliga,HVW Frauen Verbandsliga Staffel 3,12657,2,3,3,0,0,101,66,35,6,2.0,,handball.net
227,DJK Tura 05 Dümpten,Handball Nordrhein,Handball Nordrhein,6,Verbandsliga,Verbandsliga Frauen Gr. 1,12924,1,2,2,0,0,65,43,22,4,2.0,,handball.net
228,HG Saarlouis 2,Handballverband SAAR,Handballverband SAAR,6,Verbandsliga,Verbandsliga Frauen,13031,3,2,2,0,0,49,29,20,4,2.0,,handball.net
229,HSG Hald/Mehrh/Isselb,Handball Nordrhein,Handball Nordrhein,6,Verbandsliga,Verbandsliga Frauen Gr. 1,12924,2,2,2,0,0,59,40,19,4,2.0,,handball.net
230,TG Herford 1,Handballverband Westfalen,Handballverband Westfalen,6,Verbandsliga,HVW Frauen Verbandsliga Staffel 1,12656,1,3,3,0,0,95,68,27,6,2.0,,handball.net
231,Bredstedter TSV,Handballverband Schleswig-Holstein,Handballverband Schleswig-Holstein,6,Verbandsliga,Meisterrunde - Nord,14065,7,1,1,0,0,31,22,9,2,2.0,,handball.net
232,HSG Mutterstadt/Ruchheim Damen,Handballverband Rheinhessen-Pfalz,Handballverband Rheinhessen-Pfalz,6,Verbandsliga,F-VL,12481,4,2,2,0,0,71,54,17,4,2.0,,handball.net
233,HC Cologne Kangaroos,Handball Nordrhein,Handball Nordrhein,6,Verbandsliga,Verbandsliga Frauen Gr. 3,12929,2,2,2,0,0,62,45,17,4,2.0,,handball.net
234,HC Gelpe/Strombach II,Handball Nordrhein,Handball Nordrhein,6,Verbandsliga,Verbandsliga Frauen Gr. 4,12931,2,2,2,0,0,46,29,17,4,2.0,,handball.net
235,HSG Szoww,Handballverband Schleswig-Holstein,Handballverband Schleswig-Holstein,6,Verbandsliga,Meisterrunde - Nord,14065,1,4,4,0,0,142,110,32,8,2.0,,handball.net
236,TUS Erkrath 1f,Handball Nordrhein,Handball Nordrhein,6,Verbandsliga,Verbandsliga Frauen Gr. 4,12931,3,2,2,0,0,63,47,16,4,2.0,,handball.net
237,1.Fc KÖLN III,Handball Nordrhein,Handball Nordrhein,6,Verbandsliga,Verbandsliga Frauen Gr. 3,12929,3,1,1,0,0,30,22,8,2,2.0,,handball.net
238,HSG Soest Damen,Handballverband Westfalen,Handballverband Westfalen,6,Verbandsliga,HVW Frauen Verbandsliga Staffel 3,12657,3,3,3,0,0,102,80,22,6,2.0,,handball.net
239,SC DHFK Leipzig,Handballverband Sachsen,Handballverband Sachsen,6,Verbandsliga,VERBANDSLIGA West,12575,3,3,3,0,0,86,65,21,6,2.0,,handball.net
240,TUS SW WEHE 1920 E.V.,Handballverband Westfalen,Handballverband Westfalen,6,Verbandsliga,HVW Frauen Verbandsliga Staffel 1,12656,2,2,2,0,0,60,47,13,4,2.0,,handball.net
241,RW Schaumberg,Handballverband SAAR,Handballverband SAAR,6,Verbandsliga,Verbandsliga Frauen,13031,2,4,4,0,0,124,100,24,8,2.0,,handball.net
242,SSV Gartenstadt,Handball Nordrhein,Handball Nordrhein,6,Verbandsliga,Verbandsliga Frauen Gr. 2,12927,1,2,2,0,0,62,50,12,4,2.0,,handball.net
243,MTV KÖLN 1850 II,Handball Nordrhein,Handball Nordrhein,6,Verbandsliga,Verbandsliga Frauen Gr. 4,12931,4,2,2,0,0,52,40,12,4,2.0,,handball.net
244,ASV Süchteln 1F,Handball Nordrhein,Handball Nordrhein,6,Verbandsliga,Verbandsliga Frauen Gr. 2,12927,2,2,2,0,0,63,52,11,4,2.0,,handball.net
245,Polizei SV KÖLN II,Handball Nordrhein,Handball Nordrhein,6,Verbandsliga,Verbandsliga Frauen Gr. 3,12929,4,1,1,0,0,28,23,5,2,2.0,,handball.net
246,MSV Dresden II,Handballverband Sachsen,Handballverband Sachsen,6,Verbandsliga,VERBANDSLIGA OST,12574,1,4,4,0,0,118,102,16,8,2.0,,handball.net
247,Lüttringhauser TV,Handball Nordrhein,Handball Nordrhein,6,Verbandsliga,Verbandsliga Frauen Gr. 4,12931,5,2,2,0,0,47,39,8,4,2.0,,handball.net
248,HG Kaarst / Büttgen,Handball Nordrhein,Handball Nordrhein,6,Verbandsliga,Verbandsliga Frauen Gr. 2,12927,5,1,1,0,0,30,27,3,2,2.0,,handball.net
249,SC Markranstädt II,Handballverband Sachsen,Handballverband Sachsen,6,Verbandsliga,VERBANDSLIGA West,12575,1,4,3,1,0,146,102,44,7,1.75,,handball.net
250,HC Glauchau/Meerane,Handballverband Sachsen,Handballverband Sachsen,6,Verbandsliga,VERBANDSLIGA West,12575,2,4,3,1,0,122,104,18,7,1.75,,handball.net
251,HSV Mölkau - DIE HAIE,Handballverband Sachsen,Handballverband Sachsen,6,Verbandsliga,VERBANDSLIGA West,12575,5,3,2,1,0,86,76,10,5,1.67,,handball.net
252,ATV Dorstfeld 1878 e.V.,Handballverband Westfalen,Handballverband Westfalen,6,Verbandsliga,HVW Frauen Verbandsliga Staffel 2,12658,1,3,2,1,0,58,50,8,5,1.67,,handball.net
253,MTV Dänischenhagen,Handballverband Schleswig-Holstein,Handballverband Schleswig-Holstein,6,Verbandsliga,Meisterrunde - Süd,14066,1,5,4,0,1,147,129,18,8,1.6,,handball.net
254,FSG Gonsenheim/Schott,Handballverband Rheinhessen-Pfalz,Handballverband Rheinhessen-Pfalz,6,Verbandsliga,F-VL,12481,1,5,4,0,1,155,148,7,8,1.6,,handball.net
255,TV Issum,Handball Nordrhein,Handball Nordrhein,6,Verbandsliga,Verbandsliga Frauen Gr. 1,12924,3,2,1,1,0,47,26,21,3,1.5,,handball.net
256,SG Dithmarschen Süd,Handballverband Schleswig-Holstein,Handballverband Schleswig-Holstein,6,Verbandsliga,Meisterrunde - Nord,14065,4,4,3,0,1,126,96,30,6,1.5,,handball.net
257,SV Bornheim,Handballverband Rheinhessen-Pfalz,Handballverband Rheinhessen-Pfalz,6,Verbandsliga,F-VL,12481,3,4,3,0,1,121,107,14,6,1.5,,handball.net
258,Görlitzer HC II,Handballverband Sachsen,Handballverband Sachsen,6,Verbandsliga,VERBANDSLIGA OST,12574,2,4,3,0,1,114,101,13,6,1.5,,handball.net
259,Turnverein Biefang II,Handball Nordrhein,Handball Nordrhein,6,Verbandsliga,Verbandsliga Frauen Gr. 1,12924,4,2,1,1,0,41,36,5,3,1.5,,handball.net
260,SG Handball Ibbenbüren,Handballverband Westfalen,Handballverband Westfalen,6,Verbandsliga,HVW Frauen Verbandsliga Staffel 1,12656,5,2,1,1,0,50,46,4,3,1.5,,handball.net
261,HSG Tills Löwen 08,Handballverband Schleswig-Holstein,Handballverband Schleswig-Holstein,6,Verbandsliga,Meisterrunde - Süd,14066,2,4,3,0,1,99,92,7,6,1.5,,handball.net
262,HSG Alpen/Rheinberg,Handball Nordrhein,Handball Nordrhein,6,Verbandsliga,Verbandsliga Frauen Gr. 1,12924,5,2,1,1,0,49,46,3,3,1.5,,handball.net
263,SV Teutonia Riemke 2.Damen,Handballverband Westfalen,Handballverband Westfalen,6,Verbandsliga,HVW Frauen Verbandsliga Staffel 2,12658,5,2,1,1,0,48,46,2,3,1.5,,handball.net
264,HSG Hiesfeld/Aldenrade II,Handball Nordrhein,Handball Nordrhein,6,Verbandsliga,Verbandsliga Frauen Gr. 1,12924,6,2,1,1,0,41,39,2,3,1.5,,handball.net
265,TUS Eintracht Oberlübbe E.V.,Handballverband Westfalen,Handballverband Westfalen,6,Verbandsliga,HVW Frauen Verbandsliga Staffel 1,12656,6,2,1,1,0,51,50,1,3,1.5,,handball.net
266,TV Sachsenross Hille E.V.,Handballverband Westfalen,Handballverband Westfalen,6,Verbandsliga,HVW Frauen Verbandsliga Staffel 1,12656,7,2,1,1,0,45,44,1,3,1.5,,handball.net
267,HSG Schülp/Westerrönfeld/Rendsburg,Handballverband Schleswig-Holstein,Handballverband Schleswig-Holstein,6,Verbandsliga,Meisterrunde - Nord,14065,2,5,3,1,1,134,125,9,7,1.4,,handball.net
268,TV Einigkeit Netphen 1900 E.V.,Handballverband Westfalen,Handballverband Westfalen,6,Verbandsliga,HVW Frauen Verbandsliga Staffel 3,12657,4,3,2,0,1,92,73,19,4,1.33,,handball.net
269,HSG Mönkeberg-Schönkirchen,Handballverband Schleswig-Holstein,Handballverband Schleswig-Holstein,6,Verbandsliga,Meisterrunde - Süd,14066,3,3,2,0,1,91,73,18,4,1.33,,handball.net
270,TV Merchweiler 2,Handballverband SAAR,Handballverband SAAR,6,Verbandsliga,Verbandsliga Frauen,13031,4,3,2,0,1,98,87,11,4,1.33,,handball.net
271,Radeberger SV,Handballverband Sachsen,Handballverband Sachsen,6,Verbandsliga,VERBANDSLIGA OST,12574,3,3,2,0,1,89,80,9,4,1.33,,handball.net
272,TV VERL II,Handballverband Westfalen,Handballverband Westfalen,6,Verbandsliga,HVW Frauen Verbandsliga Staffel 1,12656,3,3,2,0,1,74,65,9,4,1.33,,handball.net
273,F.C. Vorwärts Wettringen e.V. II,Handballverband Westfalen,Handballverband Westfalen,6,Verbandsliga,HVW Frauen Verbandsliga Staffel 2,12658,2,3,2,0,1,81,73,8,4,1.33,,handball.net
274,ESV Dresden,Handballverband Sachsen,Handballverband Sachsen,6,Verbandsliga,VERBANDSLIGA OST,12574,4,3,2,0,1,90,83,7,4,1.33,,handball.net
275,TV Hauenstein,Handballverband Rheinhessen-Pfalz,Handballverband Rheinhessen-Pfalz,6,Verbandsliga,F-VL,12481,5,3,2,0,1,105,99,6,4,1.33,,handball.net
276,VfL Geesthacht,Handballverband Schleswig-Holstein,Handballverband Schleswig-Holstein,6,Verbandsliga,Meisterrunde - Süd,14066,5,3,2,0,1,72,67,5,4,1.33,,handball.net
277,Soester TV VON 1862 E.V.,Handballverband Westfalen,Handballverband Westfalen,6,Verbandsliga,HVW Frauen Verbandsliga Staffel 3,12657,5,3,2,0,1,64,60,4,4,1.33,,handball.net
278,Union 92 Halle II,Handballverband Westfalen,Handballverband Westfalen,6,Verbandsliga,HVW Frauen Verbandsliga Staffel 1,12656,4,3,2,0,1,73,70,3,4,1.33,,handball.net
279,TuS Aumühle-Wohltorf,Handballverband Schleswig-Holstein,Handballverband Schleswig-Holstein,6,Verbandsliga,Meisterrunde - Süd,14066,7,3,2,0,1,80,79,1,4,1.33,,handball.net
280,SUS Neuenkirchen 09 E.V.,Handballverband Westfalen,Handballverband Westfalen,6,Verbandsliga,HVW Frauen Verbandsliga Staffel 2,12658,3,3,2,0,1,79,85,-6,4,1.33,,handball.net
281,TUS Elm-Sprengen,Handballverband SAAR,Handballverband SAAR,6,Verbandsliga,Verbandsliga Frauen,13031,5,3,2,0,1,77,87,-10,4,1.33,,handball.net
282,SG Mogono Leipzig,Handballverband Sachsen,Handballverband Sachsen,6,Verbandsliga,VERBANDSLIGA West,12575,4,4,2,1,1,117,105,12,5,1.25,,handball.net
283,HSG Eider Harde II,Handballverband Schleswig-Holstein,Handballverband Schleswig-Holstein,6,Verbandsliga,Meisterrunde - Nord,14065,5,4,2,1,1,101,91,10,5,1.25,,handball.net
284,ETG Recklinghausen 1912/32 E.V.,Handballverband Westfalen,Handballverband Westfalen,6,Verbandsliga,HVW Frauen Verbandsliga Staffel 2,12658,7,2,1,0,1,63,47,16,2,1.0,,handball.net
285,VFL Gladbeck 1921 E.V.,Handballverband Westfalen,Handballverband Westfalen,6,Verbandsliga,HVW Frauen Verbandsliga Staffel 2,12658,8,2,1,0,1,63,49,14,2,1.0,,handball.net
286,Tschft. Grefrath I,Handball Nordrhein,Handball Nordrhein,6,Verbandsliga,Verbandsliga Frauen Gr. 2,12927,3,2,1,0,1,58,45,13,2,1.0,,handball.net
287,HSG Tecklenburger LAND,Handballverband Westfalen,Handballverband Westfalen,6,Verbandsliga,HVW Frauen Verbandsliga Staffel 2,12658,4,3,1,1,1,97,79,18,3,1.0,,handball.net
288,HSV Bocklemünd II,Handball Nordrhein,Handball Nordrhein,6,Verbandsliga,Verbandsliga Frauen Gr. 4,12931,6,2,1,0,1,45,34,11,2,1.0,,handball.net
289,HSV Überruhr 2. Frauen,Handball Nordrhein,Handball Nordrhein,6,Verbandsliga,Verbandsliga Frauen Gr. 2,12927,4,2,1,0,1,57,52,5,2,1.0,,handball.net
290,HSG Geislar-Oberkassel,Handball Nordrhein,Handball Nordrhein,6,Verbandsliga,Verbandsliga Frauen Gr. 3,12929,5,2,1,0,1,44,41,3,2,1.0,,handball.net
291,TSV Büsum,Handballverband Schleswig-Holstein,Handballverband Schleswig-Holstein,6,Verbandsliga,Meisterrunde - Nord,14065,6,3,1,1,1,103,99,4,3,1.0,,handball.net
292,TUS Lübeck VON 1893,Handballverband Schleswig-Holstein,Handballverband Schleswig-Holstein,6,Verbandsliga,Meisterrunde - Süd,14066,6,4,2,0,2,99,95,4,4,1.0,,handball.net
293,Eintracht Duisburg,Handball Nordrhein,Handball Nordrhein,6,Verbandsliga,Verbandsliga Frauen Gr. 1,12924,7,2,1,0,1,45,43,2,2,1.0,,handball.net
294,TV Kirrweiler,Handballverband Rheinhessen-Pfalz,Handballverband Rheinhessen-Pfalz,6,Verbandsliga,F-VL,12481,6,4,2,0,2,102,100,2,4,1.0,,handball.net
295,HSG Annen-Rüdinghausen | 1. Frauen,Handballverband Westfalen,Handballverband Westfalen,6,Verbandsliga,HVW Frauen Verbandsliga Staffel 2,12658,6,3,1,1,1,90,90,0,3,1.0,,handball.net
296,Schwarz -Rot Aachen 1,Handball Nordrhein,Handball Nordrhein,6,Verbandsliga,Verbandsliga Frauen Gr. 3,12929,6,2,1,0,1,48,48,0,2,1.0,,handball.net
297,HV Grüna,Handballverband Sachsen,Handballverband Sachsen,6,Verbandsliga,VERBANDSLIGA OST,12574,5,4,2,0,2,113,114,-1,4,1.0,,handball.net
298,VFL Meissen II,Handballverband Sachsen,Handballverband Sachsen,6,Verbandsliga,VERBANDSLIGA OST,12574,7,2,1,0,1,52,53,-1,2,1.0,,handball.net
299,SC Bottrop,Handball Nordrhein,Handball Nordrhein,6,Verbandsliga,Verbandsliga Frauen Gr. 1,12924,8,2,1,0,1,35,36,-1,2,1.0,,handball.net
300,Tschft. St. Tönis II,Handball Nordrhein,Handball Nordrhein,6,Verbandsliga,Verbandsliga Frauen Gr. 2,12927,6,2,1,0,1,43,45,-2,2,1.0,,handball.net
301,HSG Gerresheim 1f,Handball Nordrhein,Handball Nordrhein,6,Verbandsliga,Verbandsliga Frauen Gr. 2,12927,7,2,1,0,1,40,42,-2,2,1.0,,handball.net
302,HSG Holstein Kiel/Kronshagen II,Handballverband Schleswig-Holstein,Handballverband Schleswig-Holstein,6,Verbandsliga,Meisterrunde - Süd,14066,8,4,2,0,2,103,108,-5,4,1.0,,handball.net
303,Turnverein Biefang III,Handball Nordrhein,Handball Nordrhein,6,Verbandsliga,Verbandsliga Frauen Gr. 2,12927,8,2,1,0,1,36,39,-3,2,1.0,,handball.net
304,Zwönitzer HSV,Handballverband Sachsen,Handballverband Sachsen,6,Verbandsliga,VERBANDSLIGA West,12575,6,4,2,0,2,104,111,-7,4,1.0,,handball.net
305,Olympia Fischeln,Handball Nordrhein,Handball Nordrhein,6,Verbandsliga,Verbandsliga Frauen Gr. 2,12927,9,2,1,0,1,71,75,-4,2,1.0,,handball.net
306,HSV Weinböhla,Handballverband Sachsen,Handballverband Sachsen,6,Verbandsliga,VERBANDSLIGA OST,12574,8,2,1,0,1,54,58,-4,2,1.0,,handball.net
307,HSV-Troisdorf Damen 1 (Verbandsliga),Handball Nordrhein,Handball Nordrhein,6,Verbandsliga,Verbandsliga Frauen Gr. 3,12929,7,2,1,0,1,44,48,-4,2,1.0,,handball.net
308,Fortuna Düsseldorf 1895 E.V. 2f,Handball Nordrhein,Handball Nordrhein,6,Verbandsliga,Verbandsliga Frauen Gr. 2,12927,10,2,1,0,1,44,50,-6,2,1.0,,handball.net
309,TSV Bonn rrh. 3. Frauen,Handball Nordrhein,Handball Nordrhein,6,Verbandsliga,Verbandsliga Frauen Gr. 3,12929,8,2,1,0,1,39,45,-6,2,1.0,,handball.net
310,BTB Aachen II,Handball Nordrhein,Handball Nordrhein,6,Verbandsliga,Verbandsliga Frauen Gr. 3,12929,9,2,1,0,1,41,48,-7,2,1.0,,handball.net
311,TV Arnsberg 1861 E.V.,Handballverband Westfalen,Handballverband Westfalen,6,Verbandsliga,HVW Frauen Verbandsliga Staffel 3,12657,6,3,1,1,1,94,107,-13,3,1.0,,handball.net
312,Poppelsdorfer HV,Handball Nordrhein,Handball Nordrhein,6,Verbandsliga,Verbandsliga Frauen Gr. 3,12929,10,2,1,0,1,44,53,-9,2,1.0,,handball.net
313,Suchsdorfer SV,Handballverband Schleswig-Holstein,Handballverband Schleswig-Holstein,6,Verbandsliga,Meisterrunde - Süd,14066,10,2,1,0,1,47,57,-10,2,1.0,,handball.net
314,Preetzer TSV,Handballverband Schleswig-Holstein,Handballverband Schleswig-Holstein,6,Verbandsliga,Meisterrunde - Süd,14066,4,5,2,0,3,118,113,5,4,0.8,,handball.net
315,HSG Tva/Atsv Saarbrücken 2,Handballverband SAAR,Handballverband SAAR,6,Verbandsliga,Verbandsliga Frauen,13031,6,4,1,1,2,91,98,-7,3,0.75,,handball.net
316,SSV Lommatzsch,Handballverband Sachsen,Handballverband Sachsen,6,Verbandsliga,VERBANDSLIGA OST,12574,6,3,1,0,2,89,77,12,2,0.67,,handball.net
317,SG Bordesholm/Brügge,Handballverband Schleswig-Holstein,Handballverband Schleswig-Holstein,6,Verbandsliga,Meisterrunde - Nord,14065,8,3,1,0,2,82,74,8,2,0.67,,handball.net
318,SG Häver-Lübbecke,Handballverband Westfalen,Handballverband Westfalen,6,Verbandsliga,HVW Frauen Verbandsliga Staffel 1,12656,8,3,1,0,2,71,67,4,2,0.67,,handball.net
319,HCE Bergkamen 1.D,Handballverband Westfalen,Handballverband Westfalen,6,Verbandsliga,HVW Frauen Verbandsliga Staffel 3,12657,7,3,1,0,2,66,65,1,2,0.67,,handball.net
320,TV 1890 Mengede E.V.,Handballverband Westfalen,Handballverband Westfalen,6,Verbandsliga,HVW Frauen Verbandsliga Staffel 2,12658,9,3,0,2,1,90,93,-3,2,0.67,,handball.net
321,TuS Bommern 1. Damen Verbandsliga,Handballverband Westfalen,Handballverband Westfalen,6,Verbandsliga,HVW Frauen Verbandsliga Staffel 2,12658,10,3,1,0,2,81,85,-4,2,0.67,,handball.net
322,TSV Ellerau,Handballverband Schleswig-Holstein,Handballverband Schleswig-Holstein,6,Verbandsliga,Meisterrunde - Süd,14066,9,3,1,0,2,79,86,-7,2,0.67,,handball.net
323,BSV Roxel E.V.,Handballverband Westfalen,Handballverband Westfalen,6,Verbandsliga,HVW Frauen Verbandsliga Staffel 2,12658,11,3,1,0,2,58,66,-8,2,0.67,,handball.net
324,SGH Unna Massen,Handballverband Westfalen,Handballverband Westfalen,6,Verbandsliga,HVW Frauen Verbandsliga Staffel 3,12657,8,3,1,0,2,68,77,-9,2,0.67,,handball.net
325,SV 04 Plauen-O.,Handballverband Sachsen,Handballverband Sachsen,6,Verbandsliga,VERBANDSLIGA West,12575,8,3,1,0,2,77,87,-10,2,0.67,,handball.net
326,SG Handball Detmold,Handballverband Westfalen,Handballverband Westfalen,6,Verbandsliga,HVW Frauen Verbandsliga Staffel 1,12656,9,3,1,0,2,72,91,-19,2,0.67,,handball.net
327,VTV Freier Grund 2016 E.V.,Handballverband Westfalen,Handballverband Westfalen,6,Verbandsliga,HVW Frauen Verbandsliga Staffel 3,12657,9,3,1,0,2,63,87,-24,2,0.67,,handball.net
328,TSV Hürup,Handballverband Schleswig-Holstein,Handballverband Schleswig-Holstein,6,Verbandsliga,Meisterrunde - Nord,14065,9,4,1,0,3,122,123,-1,2,0.5,,handball.net
329,GSG Duisburg,Handball Nordrhein,Handball Nordrhein,6,Verbandsliga,Verbandsliga Frauen Gr. 1,12924,9,2,0,1,1,43,46,-3,1,0.5,,handball.net
330,HC Fraureuth,Handballverband Sachsen,Handballverband Sachsen,6,Verbandsliga,VERBANDSLIGA West,12575,7,4,1,0,3,106,114,-8,2,0.5,,handball.net
331,FSG DJK Oberthal/Tus Hirstein 2,Handballverband SAAR,Handballverband SAAR,6,Verbandsliga,Verbandsliga Frauen,13031,7,4,1,0,3,97,105,-8,2,0.5,,handball.net
332,ETB SW Essen,Handball Nordrhein,Handball Nordrhein,6,Verbandsliga,Verbandsliga Frauen Gr. 1,12924,10,2,0,1,1,38,43,-5,1,0.5,,handball.net
333,SSV Gartenstadt II,Handball Nordrhein,Handball Nordrhein,6,Verbandsliga,Verbandsliga Frauen Gr. 1,12924,11,2,0,1,1,37,42,-5,1,0.5,,handball.net
334,HSV Überruhr 3. Frauen,Handball Nordrhein,Handball Nordrhein,6,Verbandsliga,Verbandsliga Frauen Gr. 4,12931,7,2,0,1,1,44,50,-6,1,0.5,,handball.net
335,HSG Gettorf/Osdorf,Handballverband Schleswig-Holstein,Handballverband Schleswig-Holstein,6,Verbandsliga,Meisterrunde - Süd,14066,11,4,1,0,3,80,95,-15,2,0.5,,handball.net
336,Turnerb. Oberhausen,Handball Nordrhein,Handball Nordrhein,6,Verbandsliga,Verbandsliga Frauen Gr. 1,12924,12,2,0,1,1,48,56,-8,1,0.5,,handball.net
337,TV Witzhelden II,Handball Nordrhein,Handball Nordrhein,6,Verbandsliga,Verbandsliga Frauen Gr. 4,12931,8,2,0,1,1,42,55,-13,1,0.5,,handball.net
338,HSG Angeln,Handballverband Schleswig-Holstein,Handballverband Schleswig-Holstein,6,Verbandsliga,Meisterrunde - Nord,14065,10,5,1,0,4,101,172,-71,2,0.4,,handball.net
339,VfL Herford 1. Frauen,Handballverband Westfalen,Handballverband Westfalen,6,Verbandsliga,HVW Frauen Verbandsliga Staffel 1,12656,10,3,0,1,2,74,85,-11,1,0.33,,handball.net
340,Allgemeiner Sportverein Hamm-Westfalen e.V.,Handballverband Westfalen,Handballverband Westfalen,6,Verbandsliga,HVW Frauen Verbandsliga Staffel 3,12657,10,3,0,1,2,86,99,-13,1,0.33,,handball.net
341,HF Köllertal 2,Handballverband SAAR,Handballverband SAAR,6,Verbandsliga,Verbandsliga Frauen,13031,8,3,0,1,2,50,102,-52,1,0.33,,handball.net
342,TSV Hardebek,Handballverband Schleswig-Holstein,Handballverband Schleswig-Holstein,6,Verbandsliga,Meisterrunde - Nord,14065,11,5,0,1,4,137,185,-48,1,0.2,,handball.net
343,HSG Merkstein / Bardenberg II,Handball Nordrhein,Handball Nordrhein,6,Verbandsliga,Verbandsliga Frauen Gr. 3,12929,11,0,0,0,0,0,0,0,0,0.0,,handball.net
344,TSV BAYER LEVERKUSEN II (zurückgezogen),Handball Nordrhein,Handball Nordrhein,6,Verbandsliga,Verbandsliga Frauen Gr. 4,12931,9,0,0,0,0,0,0,0,0,0.0,,handball.net
345,SG Langenfeld,Handball Nordrhein,Handball Nordrhein,6,Verbandsliga,Verbandsliga Frauen Gr. 4,12931,10,1,0,0,1,15,16,-1,0,0.0,,handball.net
346,Adler Königshof 2F,Handball Nordrhein,Handball Nordrhein,6,Verbandsliga,Verbandsliga Frauen Gr. 2,12927,11,1,0,0,1,20,22,-2,0,0.0,,handball.net
347,USC Saar,Handballverband SAAR,Handballverband SAAR,6,Verbandsliga,Verbandsliga Frauen,13031,9,2,0,0,2,53,58,-5,0,0.0,,handball.net
348,HSV 1923 Pulsnitz,Handballverband Sachsen,Handballverband Sachsen,6,Verbandsliga,VERBANDSLIGA OST,12574,9,3,0,0,3,64,72,-8,0,0.0,,handball.net
349,ATV Biesel II,Handball Nordrhein,Handball Nordrhein,6,Verbandsliga,Verbandsliga Frauen Gr. 2,12927,12,1,0,0,1,36,39,-3,0,0.0,,handball.net
350,TV Thaleischweiler,Handballverband Rheinhessen-Pfalz,Handballverband Rheinhessen-Pfalz,6,Verbandsliga,F-VL,12481,7,1,0,0,1,32,35,-3,0,0.0,,handball.net
351,SG Ollheim-Strassfeld,Handball Nordrhein,Handball Nordrhein,6,Verbandsliga,Verbandsliga Frauen Gr. 3,12929,12,2,0,0,2,54,61,-7,0,0.0,,handball.net
352,TUS Leipzig-Mockau II,Handballverband Sachsen,Handballverband Sachsen,6,Verbandsliga,VERBANDSLIGA West,12575,9,3,0,0,3,78,89,-11,0,0.0,,handball.net
353,TuS 97 Bielefeld/Jöllenbeck II,Handballverband Westfalen,Handballverband Westfalen,6,Verbandsliga,HVW Frauen Verbandsliga Staffel 1,12656,11,3,0,0,3,62,74,-12,0,0.0,,handball.net
354,TSV Schwarzenbek,Handballverband Schleswig-Holstein,Handballverband Schleswig-Holstein,6,Verbandsliga,Meisterrunde - Süd,14066,12,4,0,0,4,93,114,-21,0,0.0,,handball.net
355,Luchse Düsseldorf 1F,Handball Nordrhein,Handball Nordrhein,6,Verbandsliga,Verbandsliga Frauen Gr. 2,12927,13,2,0,0,2,41,52,-11,0,0.0,,handball.net
356,HSG Hohenlimburg II,Handballverband Westfalen,Handballverband Westfalen,6,Verbandsliga,HVW Frauen Verbandsliga Staffel 3,12657,11,3,0,0,3,81,98,-17,0,0.0,,handball.net
357,HSG Euskirchen,Handball Nordrhein,Handball Nordrhein,6,Verbandsliga,Verbandsliga Frauen Gr. 3,12929,13,2,0,0,2,40,52,-12,0,0.0,,handball.net
358,TB Wülfrath II,Handball Nordrhein,Handball Nordrhein,6,Verbandsliga,Verbandsliga Frauen Gr. 4,12931,11,2,0,0,2,39,51,-12,0,0.0,,handball.net
359,TUS Brake E.V.,Handballverband Westfalen,Handballverband Westfalen,6,Verbandsliga,HVW Frauen Verbandsliga Staffel 1,12656,12,3,0,0,3,84,104,-20,0,0.0,,handball.net
360,HSV Alzey,Handballverband Rheinhessen-Pfalz,Handballverband Rheinhessen-Pfalz,6,Verbandsliga,F-VL,12481,8,3,0,0,3,77,97,-20,0,0.0,,handball.net
361,HC Weiden 2018 II,Handball Nordrhein,Handball Nordrhein,6,Verbandsliga,Verbandsliga Frauen Gr. 3,12929,14,2,0,0,2,46,60,-14,0,0.0,,handball.net
362,FSG Selz-Wiesbach,Handballverband Rheinhessen-Pfalz,Handballverband Rheinhessen-Pfalz,6,Verbandsliga,F-VL,12481,10,4,0,0,4,107,138,-31,0,0.0,,handball.net
363,HSG Herzhorn/Kollmar/Neuendorf,Handballverband Schleswig-Holstein,Handballverband Schleswig-Holstein,6,Verbandsliga,Meisterrunde - Nord,14065,12,3,0,0,3,66,90,-24,0,0.0,,handball.net
364,Leipziger SV Südwest,Handballverband Sachsen,Handballverband Sachsen,6,Verbandsliga,VERBANDSLIGA West,12575,10,2,0,0,2,42,60,-18,0,0.0,,handball.net
365,TV Borken II,Handball Nordrhein,Handball Nordrhein,6,Verbandsliga,Verbandsliga Frauen Gr. 1,12924,13,2,0,0,2,41,59,-18,0,0.0,,handball.net
366,Solinger TB 1. Damen,Handball Nordrhein,Handball Nordrhein,6,Verbandsliga,Verbandsliga Frauen Gr. 4,12931,13,2,0,0,2,41,60,-19,0,0.0,,handball.net
367,HSG Eckbachtal,Handballverband Rheinhessen-Pfalz,Handballverband Rheinhessen-Pfalz,6,Verbandsliga,F-VL,12481,9,3,0,0,3,67,96,-29,0,0.0,,handball.net
368,HF Untere SAAR 3,Handballverband SAAR,Handballverband SAAR,6,Verbandsliga,Verbandsliga Frauen,13031,11,4,0,0,4,87,126,-39,0,0.0,,handball.net
369,Radebeuler HV,Handballverband Sachsen,Handballverband Sachsen,6,Verbandsliga,VERBANDSLIGA OST,12574,10,4,0,0,4,86,129,-43,0,0.0,,handball.net
370,ASV Rurtal Hückelhoven,Handball Nordrhein,Handball Nordrhein,6,Verbandsliga,Verbandsliga Frauen Gr. 2,12927,14,1,0,0,1,21,32,-11,0,0.0,,handball.net
371,DJK Unitas HAAN E.V. II,Handball Nordrhein,Handball Nordrhein,6,Verbandsliga,Verbandsliga Frauen Gr. 4,12931,14,2,0,0,2,44,69,-25,0,0.0,,handball.net
372,HV Chemnitz II,Handballverband Sachsen,Handballverband Sachsen,6,Verbandsliga,VERBANDSLIGA West,12575,11,4,0,0,4,80,131,-51,0,0.0,,handball.net
373,TV Wahlscheid,Handball Nordrhein,Handball Nordrhein,6,Verbandsliga,Verbandsliga Frauen Gr. 4,12931,12,1,0,0,1,15,28,-13,0,0.0,,handball.net
374,HC Schmelz,Handballverband SAAR,Handballverband SAAR,6,Verbandsliga,Verbandsliga Frauen,13031,10,1,0,0,1,16,32,-16,0,0.0,,handball.net
375,HSG SC Phönix Essen/Djk GRÜN Weiss Werden,Handball Nordrhein,Handball Nordrhein,6,Verbandsliga,Verbandsliga Frauen Gr. 1,12924,14,2,0,0,2,34,68,-34,0,0.0,,handball.net
376,TV Emsdetten 1898 E.V.,Handballverband Westfalen,Handballverband Westfalen,6,Verbandsliga,HVW Frauen Verbandsliga Staffel 2,12658,12,2,0,0,2,42,87,-45,0,0.0,,handball.net
377,HSG Wetter/Grundschöttel,Handballverband Westfalen,Handballverband Westfalen,6,Verbandsliga,HVW Frauen Verbandsliga Staffel 3,12657,12,3,0,0,3,43,134,-91,0,0.0,,handball.net
378,Barmstedter MTV,Hamburger Handballverband,Hamburger Handballverband,7,Landesliga,Landesliga Frauen Gruppe 1 (221),13434,1,3,3,0,0,104,79,25,6,2.0,,handball.net
379,FC St. Pauli II,Hamburger Handballverband,Hamburger Handballverband,7,Landesliga,Landesliga Frauen Gruppe 1 (221),13434,2,3,3,0,0,86,62,24,6,2.0,,handball.net
380,Hsv/Hamm 02,Hamburger Handballverband,Hamburger Handballverband,7,Landesliga,Landesliga Frauen Gruppe 2 (222),13435,1,4,3,1,0,109,97,12,7,1.75,,handball.net
381,ETV Hamburg III,Hamburger Handballverband,Hamburger Handballverband,7,Landesliga,Landesliga Frauen Gruppe 1 (221),13434,3,4,3,0,1,124,108,16,6,1.5,,handball.net
382,Hsv/Hamm 02 II,Hamburger Handballverband,Hamburger Handballverband,7,Landesliga,Landesliga Frauen Gruppe 1 (221),13434,4,4,3,0,1,104,91,13,6,1.5,,handball.net
383,Niendorfer TSV II,Hamburger Handballverband,Hamburger Handballverband,7,Landesliga,Landesliga Frauen Gruppe 2 (222),13435,3,3,2,0,1,90,77,13,4,1.33,,handball.net
384,HG Hamburg-Barmbek,Hamburger Handballverband,Hamburger Handballverband,7,Landesliga,Landesliga Frauen Gruppe 2 (222),13435,5,3,2,0,1,87,87,0,4,1.33,,handball.net
385,THB Hamburg 03,Hamburger Handballverband,Hamburger Handballverband,7,Landesliga,Landesliga Frauen Gruppe 2 (222),13435,2,4,2,1,1,108,100,8,5,1.25,,handball.net
386,HSG Elbvororte,Hamburger Handballverband,Hamburger Handballverband,7,Landesliga,Landesliga Frauen Gruppe 1 (221),13434,5,4,2,0,2,107,89,18,4,1.0,,handball.net
387,TUS Esingen,Hamburger Handballverband,Hamburger Handballverband,7,Landesliga,Landesliga Frauen Gruppe 1 (221),13434,6,4,2,0,2,122,106,16,4,1.0,,handball.net
388,SG Wilhelmsburg II,Hamburger Handballverband,Hamburger Handballverband,7,Landesliga,Landesliga Frauen Gruppe 2 (222),13435,4,4,2,0,2,111,100,11,4,1.0,,handball.net
389,TUS Finkenwerder,Hamburger Handballverband,Hamburger Handballverband,7,Landesliga,Landesliga Frauen Gruppe 2 (222),13435,9,2,1,0,1,65,65,0,2,1.0,,handball.net
390,ETV Hamburg II,Hamburger Handballverband,Hamburger Handballverband,7,Landesliga,Landesliga Frauen Gruppe 2 (222),13435,6,4,2,0,2,118,120,-2,4,1.0,,handball.net
391,Ahrensburger TSV,Hamburger Handballverband,Hamburger Handballverband,7,Landesliga,Landesliga Frauen Gruppe 2 (222),13435,7,4,2,0,2,105,107,-2,4,1.0,,handball.net
392,TV Billstedt,Hamburger Handballverband,Hamburger Handballverband,7,Landesliga,Landesliga Frauen Gruppe 2 (222),13435,8,4,2,0,2,93,103,-10,4,1.0,,handball.net
393,1. HC Quickborn,Hamburger Handballverband,Hamburger Handballverband,7,Landesliga,Landesliga Frauen Gruppe 1 (221),13434,7,4,2,0,2,100,113,-13,4,1.0,,handball.net
394,HL Buchholz08-Rosengarten III,Hamburger Handballverband,Hamburger Handballverband,7,Landesliga,Landesliga Frauen Gruppe 1 (221),13434,8,4,1,1,2,106,109,-3,3,0.75,,handball.net
395,Grün-Weiss Eimsbüttel,Hamburger Handballverband,Hamburger Handballverband,7,Landesliga,Landesliga Frauen Gruppe 1 (221),13434,9,4,1,1,2,103,111,-8,3,0.75,,handball.net
396,AMTV Hamburg II,Hamburger Handballverband,Hamburger Handballverband,7,Landesliga,Landesliga Frauen Gruppe 2 (222),13435,11,3,1,0,2,87,98,-11,2,0.67,,handball.net
397,SG Altona II,Hamburger Handballverband,Hamburger Handballverband,7,Landesliga,Landesliga Frauen Gruppe 1 (221),13434,10,4,1,0,3,116,121,-5,2,0.5,,handball.net
398,FC St. Pauli III,Hamburger Handballverband,Hamburger Handballverband,7,Landesliga,Landesliga Frauen Gruppe 2 (222),13435,10,4,1,0,3,100,105,-5,2,0.5,,handball.net
399,TH Eilbeck II,Hamburger Handballverband,Hamburger Handballverband,7,Landesliga,Landesliga Frauen Gruppe 2 (222),13435,12,3,0,0,3,86,100,-14,0,0.0,,handball.net
400,HT Norderstedt II,Hamburger Handballverband,Hamburger Handballverband,7,Landesliga,Landesliga Frauen Gruppe 1 (221),13434,11,3,0,0,3,60,100,-40,0,0.0,,handball.net
401,Hts/Bw96 Handball,Hamburger Handballverband,Hamburger Handballverband,7,Landesliga,Landesliga Frauen Gruppe 1 (221),13434,12,3,0,0,3,53,96,-43,0,0.0,,handball.net
402,Schwarz -Rot Aachen 2,HK Aachen-Düren,HK Aachen-Düren,8,Bezirksoberliga / Kreisoberliga / Regionsoberliga,Regionsoberliga (w),14651,1,2,2,0,0,87,38,49,4,2.0,,handball.net
403,HSG am Hallo I Damen,HK Essen,HK Essen,8,Bezirksoberliga / Kreisoberliga / Regionsoberliga,Staffel Nord - BEZIRKSOBERLIGA / KREISOBERLIGA / REGIONSOBERLIGA Frauen ( HK Essen),16074,1,2,2,0,0,60,18,42,4,2.0,,handball.net
404,SG Nickelhütte AUE,HR Südwestsachsen,HR Südwestsachsen,8,Bezirksoberliga / Kreisoberliga / Regionsoberliga,ROL Frauen · HR Südwestsachsen,13095,5,1,1,0,0,40,20,20,2,2.0,,handball.net
405,HV Vallendar,Rhein/Westerwald,Rhein/Westerwald,8,Bezirksoberliga / Kreisoberliga / Regionsoberliga,Bezirksoberliga Frauen,14411,2,1,1,0,0,30,14,16,2,2.0,,handball.net
406,MTV Rheinw Dinslaken,HK Wesel,HK Wesel,8,Bezirksoberliga / Kreisoberliga / Regionsoberliga,Regionsoberliga Frauen · HK Wesel,13064,1,2,2,0,0,66,35,31,4,2.0,,handball.net
407,DJK Oespel-Kley Frauen 2,KÜS Ruhrgebiet SÜD,KÜS Ruhrgebiet SÜD,8,Bezirksoberliga / Kreisoberliga / Regionsoberliga,KÜS Bezirksliga Mitte,13089,1,3,3,0,0,103,57,46,6,2.0,,handball.net
408,TUS Ehrenfeld 65,HK Köln-Rheinberg,HK Köln-Rheinberg,8,Bezirksoberliga / Kreisoberliga / Regionsoberliga,Regionsoberliga Frauen,12888,3,1,1,0,0,28,13,15,2,2.0,,handball.net
409,TSV Ellerbek IV,Hamburger Handballverband,Hamburger Handballverband,8,Bezirksoberliga / Kreisoberliga / Regionsoberliga,Bezirksoberliga Frauen Gruppe 2 (232),13430,5,1,1,0,0,40,26,14,2,2.0,,handball.net
410,SV BLAU Weiss Dingden,HK Wesel,HK Wesel,8,Bezirksoberliga / Kreisoberliga / Regionsoberliga,Regionsoberliga Frauen · HK Wesel,13064,4,1,1,0,0,34,20,14,2,2.0,,handball.net
411,TSV Burkhardtsdorf,HR Südwestsachsen,HR Südwestsachsen,8,Bezirksoberliga / Kreisoberliga / Regionsoberliga,ROL Frauen · HR Südwestsachsen,13095,4,2,2,0,0,66,39,27,4,2.0,,handball.net
412,SG 1 Burgaltendorf/Kupferdreh E.V,HK Essen,HK Essen,8,Bezirksoberliga / Kreisoberliga / Regionsoberliga,Staffel Nord - BEZIRKSOBERLIGA / KREISOBERLIGA / REGIONSOBERLIGA Frauen ( HK Essen),16074,2,2,2,0,0,62,35,27,4,2.0,,handball.net
413,TSV Bargteheide II,Handball-Erwachsene DER Kreishandballverbände IN Schleswig-Holstein,Handball-Erwachsene DER Kreishandballverbände IN Schleswig-Holstein,8,Bezirksoberliga / Kreisoberliga / Regionsoberliga,Kreisoberliga Frauen Süd,12968,2,3,3,0,0,104,64,40,6,2.0,,handball.net
414,TV Fischbek,Hamburger Handballverband,Hamburger Handballverband,8,Bezirksoberliga / Kreisoberliga / Regionsoberliga,Bezirksoberliga Frauen Gruppe 3 (233),13432,4,2,2,0,0,64,39,25,4,2.0,,handball.net
415,VFL Eintracht Mettingen,Handballkreis Münsterland,Handballkreis Münsterland,8,Bezirksoberliga / Kreisoberliga / Regionsoberliga,Bezirksliga Münsterland Frauen,13225,1,2,2,0,0,76,53,23,4,2.0,,handball.net
416,Elmshorner HT,Hamburger Handballverband,Hamburger Handballverband,8,Bezirksoberliga / Kreisoberliga / Regionsoberliga,Bezirksoberliga Frauen Gruppe 1 (231),13429,1,2,2,0,0,62,39,23,4,2.0,,handball.net
417,Turbine Leipzig,HR Leipzig,HR Leipzig,8,Bezirksoberliga / Kreisoberliga / Regionsoberliga,ROL Frauen,16607,3,2,2,0,0,60,37,23,4,2.0,,handball.net
418,Ahrensburger TSV II,Hamburger Handballverband,Hamburger Handballverband,8,Bezirksoberliga / Kreisoberliga / Regionsoberliga,Bezirksoberliga Frauen Gruppe 3 (233),13432,5,2,2,0,0,68,46,22,4,2.0,,handball.net
419,TV Birkesdorf,HK Aachen-Düren,HK Aachen-Düren,8,Bezirksoberliga / Kreisoberliga / Regionsoberliga,Regionsoberliga (w),14651,2,2,2,0,0,64,42,22,4,2.0,,handball.net
420,SG Ruhrtal D1,KÜS Ruhrgebiet SÜD,KÜS Ruhrgebiet SÜD,8,Bezirksoberliga / Kreisoberliga / Regionsoberliga,KÜS Bezirksliga Südwestfalen,13090,3,1,1,0,0,31,20,11,2,2.0,,handball.net
421,HSG Gevelsberg Silschede,KÜS Ruhrgebiet SÜD,KÜS Ruhrgebiet SÜD,8,Bezirksoberliga / Kreisoberliga / Regionsoberliga,KÜS Bezirksliga Industrie,13091,3,2,2,0,0,58,36,22,4,2.0,,handball.net
422,HC Gelpe/Strombach III,HK Oberberg,HK Oberberg,8,Bezirksoberliga / Kreisoberliga / Regionsoberliga,Regionsoberliga Frauen Gr. A,12958,1,1,1,0,0,28,17,11,2,2.0,,handball.net
423,USG Chemnitz,HR Südwestsachsen,HR Südwestsachsen,8,Bezirksoberliga / Kreisoberliga / Regionsoberliga,ROL Frauen · HR Südwestsachsen,13095,1,3,3,0,0,92,60,32,6,2.0,,handball.net
424,SV Eilendorf,HK Aachen-Düren,HK Aachen-Düren,8,Bezirksoberliga / Kreisoberliga / Regionsoberliga,Regionsoberliga (w),14651,3,2,2,0,0,68,47,21,4,2.0,,handball.net
425,HVE Villigst-Ergste II,KÜS Ruhrgebiet SÜD,KÜS Ruhrgebiet SÜD,8,Bezirksoberliga / Kreisoberliga / Regionsoberliga,KÜS Bezirksliga Mitte,13089,3,2,2,0,0,66,45,21,4,2.0,,handball.net
426,HSG Haarzopf/Huttrop,HK Essen,HK Essen,8,Bezirksoberliga / Kreisoberliga / Regionsoberliga,Staffel Nord - BEZIRKSOBERLIGA / KREISOBERLIGA / REGIONSOBERLIGA Frauen ( HK Essen),16074,3,2,2,0,0,55,34,21,4,2.0,,handball.net
427,HSG Trifels,Handballverband Rheinhessen-Pfalz,Handballverband Rheinhessen-Pfalz,8,Bezirksoberliga / Kreisoberliga / Regionsoberliga,F-BOL 2,12485,1,4,4,0,0,128,87,41,8,2.0,,handball.net
428,HSG Obere NAHE,Mosel/Eifel-Nahe/Hunsrück,Mosel/Eifel-Nahe/Hunsrück,8,Bezirksoberliga / Kreisoberliga / Regionsoberliga,Bezirksoberliga Frauen Mosel/Eifel-Nahe/Hunsrück,14549,2,2,2,0,0,58,38,20,4,2.0,,handball.net
429,SG Saulheim,Handballverband Rheinhessen-Pfalz,Handballverband Rheinhessen-Pfalz,8,Bezirksoberliga / Kreisoberliga / Regionsoberliga,F-BOL 1,12484,2,3,3,0,0,98,69,29,6,2.0,,handball.net
430,SV Henstedt-Ulzburg III,Handball-Erwachsene DER Kreishandballverbände IN Schleswig-Holstein,Handball-Erwachsene DER Kreishandballverbände IN Schleswig-Holstein,8,Bezirksoberliga / Kreisoberliga / Regionsoberliga,Kreisoberliga Frauen West,12967,1,3,3,0,0,92,63,29,6,2.0,,handball.net
431,VFL Rheinhausen II,HK Rhein-Ruhr,HK Rhein-Ruhr,8,Bezirksoberliga / Kreisoberliga / Regionsoberliga,REGIONSOBERLIGA FRAUEN,16210,1,2,2,0,0,59,40,19,4,2.0,,handball.net
432,LSG Löbnitz,HR Leipzig,HR Leipzig,8,Bezirksoberliga / Kreisoberliga / Regionsoberliga,ROL Frauen,16607,1,3,3,0,0,109,81,28,6,2.0,,handball.net
433,Radeberger SV II,HR Ostsachsen,HR Ostsachsen,8,Bezirksoberliga / Kreisoberliga / Regionsoberliga,ROL Frauen · HR Ostsachsen,13109,2,3,3,0,0,100,72,28,6,2.0,,handball.net
434,Dünnwalder TV,HK Köln-Rheinberg,HK Köln-Rheinberg,8,Bezirksoberliga / Kreisoberliga / Regionsoberliga,Regionsoberliga Frauen,12888,4,1,1,0,0,33,24,9,2,2.0,,handball.net
435,TuS Niederpleis,HK Bonn-Euskirchen-Sieg,HK Bonn-Euskirchen-Sieg,8,Bezirksoberliga / Kreisoberliga / Regionsoberliga,Kreisoberliga Frauen,12900,1,2,2,0,0,64,47,17,4,2.0,,handball.net
436,Lübecker SV GUT HEIL V. 1876,Handball-Erwachsene DER Kreishandballverbände IN Schleswig-Holstein,Handball-Erwachsene DER Kreishandballverbände IN Schleswig-Holstein,8,Bezirksoberliga / Kreisoberliga / Regionsoberliga,Kreisoberliga Frauen Süd,12968,1,4,4,0,0,126,92,34,8,2.0,,handball.net
437,SV Vorwärts Gronau 09,Handballkreis Münsterland,Handballkreis Münsterland,8,Bezirksoberliga / Kreisoberliga / Regionsoberliga,Bezirksliga Münsterland Frauen,13225,3,2,2,0,0,58,41,17,4,2.0,,handball.net
438,DJK St. Matthias Trier,Mosel/Eifel-Nahe/Hunsrück,Mosel/Eifel-Nahe/Hunsrück,8,Bezirksoberliga / Kreisoberliga / Regionsoberliga,Bezirksoberliga Frauen Mosel/Eifel-Nahe/Hunsrück,14549,1,3,3,0,0,91,66,25,6,2.0,,handball.net
439,HT Norderstedt III,Hamburger Handballverband,Hamburger Handballverband,8,Bezirksoberliga / Kreisoberliga / Regionsoberliga,Bezirksoberliga Frauen Gruppe 2 (232),13430,1,3,3,0,0,82,57,25,6,2.0,,handball.net
440,SF 01 Dresden II,HR Sachsen-Mitte,HR Sachsen-Mitte,8,Bezirksoberliga / Kreisoberliga / Regionsoberliga,ROL Frauen · HR Sachsen-Mitte,13102,1,4,4,0,0,118,85,33,8,2.0,,handball.net
441,CVJM Oberwiehl II,HK Oberberg,HK Oberberg,8,Bezirksoberliga / Kreisoberliga / Regionsoberliga,Regionsoberliga Frauen Gr. B,12959,1,1,1,0,0,27,19,8,2,2.0,,handball.net
442,SC Münster 08,Handballkreis Münsterland,Handballkreis Münsterland,8,Bezirksoberliga / Kreisoberliga / Regionsoberliga,Bezirksliga Münsterland Frauen,13225,4,2,2,0,0,50,34,16,4,2.0,,handball.net
443,VT Kempen II,HK Krefeld-Grenzland,HK Krefeld-Grenzland,8,Bezirksoberliga / Kreisoberliga / Regionsoberliga,BOL Frauen,13399,2,1,1,0,0,25,17,8,2,2.0,,handball.net
444,VFB Bischofswerda II,HR Ostsachsen,HR Ostsachsen,8,Bezirksoberliga / Kreisoberliga / Regionsoberliga,ROL Frauen · HR Ostsachsen,13109,1,4,4,0,0,142,111,31,8,2.0,,handball.net
445,TSG 1868 Dortmund-Schüren E.V.,KÜS Ruhrgebiet SÜD,KÜS Ruhrgebiet SÜD,8,Bezirksoberliga / Kreisoberliga / Regionsoberliga,KÜS Bezirksliga Mitte,13089,2,3,3,0,0,88,65,23,6,2.0,,handball.net
446,DJK Tura 05 Dümpten II,HK Rhein-Ruhr,HK Rhein-Ruhr,8,Bezirksoberliga / Kreisoberliga / Regionsoberliga,REGIONSOBERLIGA FRAUEN,16210,2,2,2,0,0,70,55,15,4,2.0,,handball.net
447,1.FSV Köln 1899,HK Köln-Rheinberg,HK Köln-Rheinberg,8,Bezirksoberliga / Kreisoberliga / Regionsoberliga,Regionsoberliga Frauen,12888,1,2,2,0,0,61,47,14,4,2.0,,handball.net
448,OSC Rheinhausen,HK Rhein-Ruhr,HK Rhein-Ruhr,8,Bezirksoberliga / Kreisoberliga / Regionsoberliga,REGIONSOBERLIGA FRAUEN,16210,4,1,1,0,0,28,21,7,2,2.0,,handball.net
449,SV Neukirchen,HK Wesel,HK Wesel,8,Bezirksoberliga / Kreisoberliga / Regionsoberliga,Regionsoberliga Frauen · HK Wesel,13064,2,2,2,0,0,51,37,14,4,2.0,,handball.net
450,HSC Welper 1970 E.V.,KÜS Ruhrgebiet SÜD,KÜS Ruhrgebiet SÜD,8,Bezirksoberliga / Kreisoberliga / Regionsoberliga,KÜS Bezirksliga Industrie,13091,1,3,3,0,0,74,53,21,6,2.0,,handball.net
451,SC Waldniel,HK Krefeld-Grenzland,HK Krefeld-Grenzland,8,Bezirksoberliga / Kreisoberliga / Regionsoberliga,BOL Frauen,13399,3,1,1,0,0,23,16,7,2,2.0,,handball.net
452,FSG Assenheim/Dannstadt/Iggelheim,Handballverband Rheinhessen-Pfalz,Handballverband Rheinhessen-Pfalz,8,Bezirksoberliga / Kreisoberliga / Regionsoberliga,F-BOL 1,12484,1,4,4,0,0,120,93,27,8,2.0,,handball.net
453,HSG Schülp/Westerrönfeld/Rendsburg II,Handball-Erwachsene DER Kreishandballverbände IN Schleswig-Holstein,Handball-Erwachsene DER Kreishandballverbände IN Schleswig-Holstein,8,Bezirksoberliga / Kreisoberliga / Regionsoberliga,Kreisoberliga Frauen West,12967,2,3,3,0,0,92,72,20,6,2.0,,handball.net
454,SG Menden Sauerland Wölfe E.V.,KÜS Ruhrgebiet SÜD,KÜS Ruhrgebiet SÜD,8,Bezirksoberliga / Kreisoberliga / Regionsoberliga,KÜS Bezirksliga Südwestfalen,13090,1,3,3,0,0,90,70,20,6,2.0,,handball.net
455,Burgstädter HC,HR Südwestsachsen,HR Südwestsachsen,8,Bezirksoberliga / Kreisoberliga / Regionsoberliga,ROL Frauen · HR Südwestsachsen,13095,2,3,3,0,0,77,57,20,6,2.0,,handball.net
456,OHC Bernstadt,HR Ostsachsen,HR Ostsachsen,8,Bezirksoberliga / Kreisoberliga / Regionsoberliga,ROL Frauen · HR Ostsachsen,13109,3,2,2,0,0,56,43,13,4,2.0,,handball.net
457,Preetzer TSV II,Handball-Erwachsene DER Kreishandballverbände IN Schleswig-Holstein,Handball-Erwachsene DER Kreishandballverbände IN Schleswig-Holstein,8,Bezirksoberliga / Kreisoberliga / Regionsoberliga,Kreisoberliga Frauen Ost,12966,4,2,2,0,0,55,42,13,4,2.0,,handball.net
458,HSG Landau/Land,Handballverband Rheinhessen-Pfalz,Handballverband Rheinhessen-Pfalz,8,Bezirksoberliga / Kreisoberliga / Regionsoberliga,F-BOL 2,12485,2,3,3,0,0,93,74,19,6,2.0,,handball.net
459,TV Palmersheim,HK Bonn-Euskirchen-Sieg,HK Bonn-Euskirchen-Sieg,8,Bezirksoberliga / Kreisoberliga / Regionsoberliga,Kreisoberliga Frauen,12900,2,1,1,0,0,33,27,6,2,2.0,,handball.net
460,HSG Kastellaun-Simmern II,Mosel/Eifel-Nahe/Hunsrück,Mosel/Eifel-Nahe/Hunsrück,8,Bezirksoberliga / Kreisoberliga / Regionsoberliga,Bezirksoberliga Frauen Mosel/Eifel-Nahe/Hunsrück,14549,4,2,2,0,0,63,51,12,4,2.0,,handball.net
461,Königsborner SV Handball E.V. II,Handballkreis Hellweg,Handballkreis Hellweg,8,Bezirksoberliga / Kreisoberliga / Regionsoberliga,Frauen Bezirksliga HKH,12681,2,2,2,0,0,56,44,12,4,2.0,,handball.net
462,Turnverein Biefang IV,HK Rhein-Ruhr,HK Rhein-Ruhr,8,Bezirksoberliga / Kreisoberliga / Regionsoberliga,REGIONSOBERLIGA FRAUEN,16210,5,1,1,0,0,27,21,6,2,2.0,,handball.net
463,TSV Ellerbek III,Hamburger Handballverband,Hamburger Handballverband,8,Bezirksoberliga / Kreisoberliga / Regionsoberliga,Bezirksoberliga Frauen Gruppe 1 (231),13429,4,1,1,0,0,23,17,6,2,2.0,,handball.net
464,Selbecker Turnerschaft 1896 E.V.,KÜS Ruhrgebiet SÜD,KÜS Ruhrgebiet SÜD,8,Bezirksoberliga / Kreisoberliga / Regionsoberliga,KÜS Bezirksliga Industrie,13091,2,3,3,0,0,79,63,16,6,2.0,,handball.net
465,HSG Störtal Hummeln,Handball-Erwachsene DER Kreishandballverbände IN Schleswig-Holstein,Handball-Erwachsene DER Kreishandballverbände IN Schleswig-Holstein,8,Bezirksoberliga / Kreisoberliga / Regionsoberliga,Kreisoberliga Frauen West,12967,3,2,2,0,0,63,53,10,4,2.0,,handball.net
466,HSG Römerwall,Rhein/Westerwald,Rhein/Westerwald,8,Bezirksoberliga / Kreisoberliga / Regionsoberliga,Bezirksoberliga Frauen,14411,1,2,2,0,0,56,46,10,4,2.0,,handball.net
467,SC Bottrop II,HK Rhein-Ruhr,HK Rhein-Ruhr,8,Bezirksoberliga / Kreisoberliga / Regionsoberliga,REGIONSOBERLIGA FRAUEN,16210,3,2,2,0,0,56,46,10,4,2.0,,handball.net
468,TH Eilbeck III,Hamburger Handballverband,Hamburger Handballverband,8,Bezirksoberliga / Kreisoberliga / Regionsoberliga,Bezirksoberliga Frauen Gruppe 2 (232),13430,2,3,3,0,0,82,67,15,6,2.0,,handball.net
469,HSG Rade/Herbeck,HK Essen,HK Essen,8,Bezirksoberliga / Kreisoberliga / Regionsoberliga,Staffel Süd - BEZIRKSOBERLIGA / KREISOBERLIGA / REGIONSOBERLIGA Frauen ( HK Essen),16923,2,2,2,0,0,51,42,9,4,2.0,,handball.net
470,HSV Solingen-Gräfrath 76 e.V. III,HK Essen,HK Essen,8,Bezirksoberliga / Kreisoberliga / Regionsoberliga,Staffel Süd - BEZIRKSOBERLIGA / KREISOBERLIGA / REGIONSOBERLIGA Frauen ( HK Essen),16923,3,1,1,0,0,33,29,4,2,2.0,,handball.net
471,Rellinger TV II,Hamburger Handballverband,Hamburger Handballverband,8,Bezirksoberliga / Kreisoberliga / Regionsoberliga,Bezirksoberliga Frauen Gruppe 1 (231),13429,2,2,2,0,0,52,44,8,4,2.0,,handball.net
472,MSV Dresden III,HR Sachsen-Mitte,HR Sachsen-Mitte,8,Bezirksoberliga / Kreisoberliga / Regionsoberliga,ROL Frauen · HR Sachsen-Mitte,13102,2,3,3,0,0,74,62,12,6,2.0,,handball.net
473,HSG 24109,Handball-Erwachsene DER Kreishandballverbände IN Schleswig-Holstein,Handball-Erwachsene DER Kreishandballverbände IN Schleswig-Holstein,8,Bezirksoberliga / Kreisoberliga / Regionsoberliga,Kreisoberliga Frauen Ost,12966,5,2,2,0,0,48,40,8,4,2.0,,handball.net
474,Kieler MTV,Handball-Erwachsene DER Kreishandballverbände IN Schleswig-Holstein,Handball-Erwachsene DER Kreishandballverbände IN Schleswig-Holstein,8,Bezirksoberliga / Kreisoberliga / Regionsoberliga,Kreisoberliga Frauen Ost,12966,1,3,3,0,0,80,70,10,6,2.0,,handball.net
475,Victoria Naunhof,HR Leipzig,HR Leipzig,8,Bezirksoberliga / Kreisoberliga / Regionsoberliga,ROL Frauen,16607,2,3,3,0,0,98,89,9,6,2.0,,handball.net
476,TuS Rheindorf (F),HK Köln-Rheinberg,HK Köln-Rheinberg,8,Bezirksoberliga / Kreisoberliga / Regionsoberliga,Regionsoberliga Frauen,12888,2,2,2,0,0,58,52,6,4,2.0,,handball.net
477,Hammer SC 2008 E.V.,Handballkreis Hellweg,Handballkreis Hellweg,8,Bezirksoberliga / Kreisoberliga / Regionsoberliga,Frauen Bezirksliga HKH,12681,5,1,1,0,0,24,21,3,2,2.0,,handball.net
478,TUS Recke,Handballkreis Münsterland,Handballkreis Münsterland,8,Bezirksoberliga / Kreisoberliga / Regionsoberliga,Bezirksliga Münsterland Frauen,13225,6,1,1,0,0,24,21,3,2,2.0,,handball.net
479,HSG Mertesdorf-Ruwertal II,Mosel/Eifel-Nahe/Hunsrück,Mosel/Eifel-Nahe/Hunsrück,8,Bezirksoberliga / Kreisoberliga / Regionsoberliga,Bezirksoberliga Frauen Mosel/Eifel-Nahe/Hunsrück,14549,5,1,1,0,0,23,20,3,2,2.0,,handball.net
480,HSG Nordau,Handball-Erwachsene DER Kreishandballverbände IN Schleswig-Holstein,Handball-Erwachsene DER Kreishandballverbände IN Schleswig-Holstein,8,Bezirksoberliga / Kreisoberliga / Regionsoberliga,Kreisoberliga Frauen Nord,12965,3,2,2,0,0,58,53,5,4,2.0,,handball.net
481,HSG Szoww II,Handball-Erwachsene DER Kreishandballverbände IN Schleswig-Holstein,Handball-Erwachsene DER Kreishandballverbände IN Schleswig-Holstein,8,Bezirksoberliga / Kreisoberliga / Regionsoberliga,Kreisoberliga Frauen Nord,12965,7,1,1,0,0,21,19,2,2,2.0,,handball.net
482,SC 28 Nordwalde,Handballkreis Münsterland,Handballkreis Münsterland,8,Bezirksoberliga / Kreisoberliga / Regionsoberliga,Bezirksliga Münsterland Frauen,13225,8,1,1,0,0,31,30,1,2,2.0,,handball.net
483,HSG Herzhorn/Kollmar/Neuendorf II,Handball-Erwachsene DER Kreishandballverbände IN Schleswig-Holstein,Handball-Erwachsene DER Kreishandballverbände IN Schleswig-Holstein,8,Bezirksoberliga / Kreisoberliga / Regionsoberliga,Kreisoberliga Frauen West,12967,4,2,2,0,0,57,55,2,4,2.0,,handball.net
484,Turnerschaft Lürrip 1901 e.V,HK Krefeld-Grenzland,HK Krefeld-Grenzland,8,Bezirksoberliga / Kreisoberliga / Regionsoberliga,BOL Frauen,13399,5,1,1,0,0,27,26,1,2,2.0,,handball.net
485,Welfia M'gladbach,HK Krefeld-Grenzland,HK Krefeld-Grenzland,8,Bezirksoberliga / Kreisoberliga / Regionsoberliga,BOL Frauen,13399,1,2,2,0,0,48,46,2,4,2.0,,handball.net
486,HSG AM Hallo Essen,HK Essen,HK Essen,8,Bezirksoberliga / Kreisoberliga / Regionsoberliga,#0 - Freundschatfsspiel Senioren Frauen,17263,1,1,1,0,0,21,20,1,2,2.0,,handball.net
487,HBD Löwen Oberberg II,HK Oberberg,HK Oberberg,8,Bezirksoberliga / Kreisoberliga / Regionsoberliga,Regionsoberliga Frauen Gr. A,12958,2,1,1,0,0,0,0,0,2,2.0,,handball.net
488,ATV Hückeswagen,HK Essen,HK Essen,8,Bezirksoberliga / Kreisoberliga / Regionsoberliga,Staffel Süd - BEZIRKSOBERLIGA / KREISOBERLIGA / REGIONSOBERLIGA Frauen ( HK Essen),16923,1,3,2,1,0,65,56,9,5,1.67,,handball.net
489,Moorreger SV,Hamburger Handballverband,Hamburger Handballverband,8,Bezirksoberliga / Kreisoberliga / Regionsoberliga,Bezirksoberliga Frauen Gruppe 1 (231),13429,3,2,1,1,0,54,43,11,3,1.5,,handball.net
490,HSG Kalkberg 06,Handball-Erwachsene DER Kreishandballverbände IN Schleswig-Holstein,Handball-Erwachsene DER Kreishandballverbände IN Schleswig-Holstein,8,Bezirksoberliga / Kreisoberliga / Regionsoberliga,Kreisoberliga Frauen Süd,12968,3,4,3,0,1,106,86,20,6,1.5,,handball.net
491,HC Treia/Jübek II,Handball-Erwachsene DER Kreishandballverbände IN Schleswig-Holstein,Handball-Erwachsene DER Kreishandballverbände IN Schleswig-Holstein,8,Bezirksoberliga / Kreisoberliga / Regionsoberliga,Kreisoberliga Frauen Nord,12965,1,4,3,0,1,114,106,8,6,1.5,,handball.net
492,HSV/Hamm 02 III,Hamburger Handballverband,Hamburger Handballverband,8,Bezirksoberliga / Kreisoberliga / Regionsoberliga,Bezirksoberliga Frauen Gruppe 3 (233),13432,1,4,3,0,1,103,103,0,6,1.5,,handball.net
493,TH Eilbeck IV,Hamburger Handballverband,Hamburger Handballverband,8,Bezirksoberliga / Kreisoberliga / Regionsoberliga,Bezirksoberliga Frauen Gruppe 3 (233),13432,2,3,2,0,1,97,58,39,4,1.33,,handball.net
494,TSC Wellingsbüttel,Hamburger Handballverband,Hamburger Handballverband,8,Bezirksoberliga / Kreisoberliga / Regionsoberliga,Bezirksoberliga Frauen Gruppe 3 (233),13432,3,3,2,0,1,87,59,28,4,1.33,,handball.net
495,HSG Holsteinische Schweiz II,Handball-Erwachsene DER Kreishandballverbände IN Schleswig-Holstein,Handball-Erwachsene DER Kreishandballverbände IN Schleswig-Holstein,8,Bezirksoberliga / Kreisoberliga / Regionsoberliga,Kreisoberliga Frauen Süd,12968,4,3,2,0,1,98,77,21,4,1.33,,handball.net
496,THW KIEL,Handball-Erwachsene DER Kreishandballverbände IN Schleswig-Holstein,Handball-Erwachsene DER Kreishandballverbände IN Schleswig-Holstein,8,Bezirksoberliga / Kreisoberliga / Regionsoberliga,Kreisoberliga Frauen Ost,12966,3,3,2,0,1,95,74,21,4,1.33,,handball.net
497,TG Voerde 1. Damen,KÜS Ruhrgebiet SÜD,KÜS Ruhrgebiet SÜD,8,Bezirksoberliga / Kreisoberliga / Regionsoberliga,KÜS Bezirksliga Industrie,13091,4,3,2,0,1,80,59,21,4,1.33,,handball.net
498,SSV Heidenau II,HR Sachsen-Mitte,HR Sachsen-Mitte,8,Bezirksoberliga / Kreisoberliga / Regionsoberliga,ROL Frauen · HR Sachsen-Mitte,13102,3,3,2,0,1,89,71,18,4,1.33,,handball.net
499,DHG Ammeloe/Ellewick,Handballkreis Münsterland,Handballkreis Münsterland,8,Bezirksoberliga / Kreisoberliga / Regionsoberliga,Bezirksliga Münsterland Frauen,13225,2,3,2,0,1,84,66,18,4,1.33,,handball.net
500,TV Germania 1876 Kaiserau E.V.,Handballkreis Hellweg,Handballkreis Hellweg,8,Bezirksoberliga / Kreisoberliga / Regionsoberliga,Frauen Bezirksliga HKH,12681,1,3,2,0,1,75,57,18,4,1.33,,handball.net
501,FSG Kaiserslautern/Dansenberg 2,Handballverband Rheinhessen-Pfalz,Handballverband Rheinhessen-Pfalz,8,Bezirksoberliga / Kreisoberliga / Regionsoberliga,F-BOL 2,12485,3,3,2,0,1,87,70,17,4,1.33,,handball.net
502,HSG Hunsrück III,Mosel/Eifel-Nahe/Hunsrück,Mosel/Eifel-Nahe/Hunsrück,8,Bezirksoberliga / Kreisoberliga / Regionsoberliga,Bezirksoberliga Frauen Mosel/Eifel-Nahe/Hunsrück,14549,3,3,2,0,1,81,67,14,4,1.33,,handball.net
503,TBSV Neugersdorf,HR Ostsachsen,HR Ostsachsen,8,Bezirksoberliga / Kreisoberliga / Regionsoberliga,ROL Frauen · HR Ostsachsen,13109,4,3,2,0,1,88,77,11,4,1.33,,handball.net
504,HSG Dudenhofen/Schifferstadt 2,Handballverband Rheinhessen-Pfalz,Handballverband Rheinhessen-Pfalz,8,Bezirksoberliga / Kreisoberliga / Regionsoberliga,F-BOL 2,12485,4,3,2,0,1,91,81,10,4,1.33,,handball.net
505,TS Rodalben F1,Handballverband Rheinhessen-Pfalz,Handballverband Rheinhessen-Pfalz,8,Bezirksoberliga / Kreisoberliga / Regionsoberliga,F-BOL 2,12485,5,3,2,0,1,90,80,10,4,1.33,,handball.net
506,Warendorfer SU,Handballkreis Münsterland,Handballkreis Münsterland,8,Bezirksoberliga / Kreisoberliga / Regionsoberliga,Bezirksliga Münsterland Frauen,13225,5,3,2,0,1,90,82,8,4,1.33,,handball.net
507,Ahlener SG 93 E.V.,Handballkreis Hellweg,Handballkreis Hellweg,8,Bezirksoberliga / Kreisoberliga / Regionsoberliga,Frauen Bezirksliga HKH,12681,3,3,2,0,1,75,67,8,4,1.33,,handball.net
508,HVH Kamenz,HR Ostsachsen,HR Ostsachsen,8,Bezirksoberliga / Kreisoberliga / Regionsoberliga,ROL Frauen · HR Ostsachsen,13109,5,3,2,0,1,80,73,7,4,1.33,,handball.net
509,TV Fischbek II,Hamburger Handballverband,Hamburger Handballverband,8,Bezirksoberliga / Kreisoberliga / Regionsoberliga,Bezirksoberliga Frauen Gruppe 2 (232),13430,3,3,2,0,1,62,55,7,4,1.33,,handball.net
510,WSG Rheinauen,Handballverband Rheinhessen-Pfalz,Handballverband Rheinhessen-Pfalz,8,Bezirksoberliga / Kreisoberliga / Regionsoberliga,F-BOL 2,12485,6,3,2,0,1,93,89,4,4,1.33,,handball.net
511,SC Teutonia 10,Hamburger Handballverband,Hamburger Handballverband,8,Bezirksoberliga / Kreisoberliga / Regionsoberliga,Bezirksoberliga Frauen Gruppe 2 (232),13430,4,3,2,0,1,68,64,4,4,1.33,,handball.net
512,HSG Neudorf/Döbeln II,HR Leipzig,HR Leipzig,8,Bezirksoberliga / Kreisoberliga / Regionsoberliga,ROL Frauen,16607,4,3,2,0,1,101,100,1,4,1.33,,handball.net
513,TUS Lübeck VON 1893 II,Handball-Erwachsene DER Kreishandballverbände IN Schleswig-Holstein,Handball-Erwachsene DER Kreishandballverbände IN Schleswig-Holstein,8,Bezirksoberliga / Kreisoberliga / Regionsoberliga,Kreisoberliga Frauen Süd,12968,5,3,2,0,1,61,60,1,4,1.33,,handball.net
514,HG Owschlag-Kropp-Tetenhusen,Handball-Erwachsene DER Kreishandballverbände IN Schleswig-Holstein,Handball-Erwachsene DER Kreishandballverbände IN Schleswig-Holstein,8,Bezirksoberliga / Kreisoberliga / Regionsoberliga,Kreisoberliga Frauen Nord,12965,4,3,2,0,1,74,79,-5,4,1.33,,handball.net
515,HC Glauchau/Meerane II,HR Südwestsachsen,HR Südwestsachsen,8,Bezirksoberliga / Kreisoberliga / Regionsoberliga,ROL Frauen · HR Südwestsachsen,13095,3,4,2,1,1,92,94,-2,5,1.25,,handball.net
516,Suchsdorfer SV II,Handball-Erwachsene DER Kreishandballverbände IN Schleswig-Holstein,Handball-Erwachsene DER Kreishandballverbände IN Schleswig-Holstein,8,Bezirksoberliga / Kreisoberliga / Regionsoberliga,Kreisoberliga Frauen Ost,12966,2,5,3,0,2,118,117,1,6,1.2,,handball.net
517,TUS Lintfort III,HK Wesel,HK Wesel,8,Bezirksoberliga / Kreisoberliga / Regionsoberliga,Regionsoberliga Frauen · HK Wesel,13064,3,2,1,0,1,54,40,14,2,1.0,,handball.net
518,HSG Lennestadt-Würdinghausen1,KÜS Ruhrgebiet SÜD,KÜS Ruhrgebiet SÜD,8,Bezirksoberliga / Kreisoberliga / Regionsoberliga,KÜS Bezirksliga Südwestfalen,13090,2,2,1,0,1,57,44,13,2,1.0,,handball.net
519,VFL Bochum 1848 Handball E.V.,KÜS Ruhrgebiet SÜD,KÜS Ruhrgebiet SÜD,8,Bezirksoberliga / Kreisoberliga / Regionsoberliga,KÜS Bezirksliga Industrie,13091,5,2,1,0,1,46,33,13,2,1.0,,handball.net
520,TSV Ellerau II,Handball-Erwachsene DER Kreishandballverbände IN Schleswig-Holstein,Handball-Erwachsene DER Kreishandballverbände IN Schleswig-Holstein,8,Bezirksoberliga / Kreisoberliga / Regionsoberliga,Kreisoberliga Frauen West,12967,6,2,1,0,1,65,55,10,2,1.0,,handball.net
521,HSG Weisseritztal,HR Sachsen-Mitte,HR Sachsen-Mitte,8,Bezirksoberliga / Kreisoberliga / Regionsoberliga,ROL Frauen · HR Sachsen-Mitte,13102,6,2,1,0,1,62,56,6,2,1.0,,handball.net
522,TSG Mz-Bretzenheim 4,Handballverband Rheinhessen-Pfalz,Handballverband Rheinhessen-Pfalz,8,Bezirksoberliga / Kreisoberliga / Regionsoberliga,F-BOL 1,12484,3,2,1,0,1,52,46,6,2,1.0,,handball.net
523,SC Kieler Förde,Handball-Erwachsene DER Kreishandballverbände IN Schleswig-Holstein,Handball-Erwachsene DER Kreishandballverbände IN Schleswig-Holstein,8,Bezirksoberliga / Kreisoberliga / Regionsoberliga,Kreisoberliga Frauen Ost,12966,7,2,1,0,1,59,54,5,2,1.0,,handball.net
524,Südpfalz Tiger 2,Handballverband Rheinhessen-Pfalz,Handballverband Rheinhessen-Pfalz,8,Bezirksoberliga / Kreisoberliga / Regionsoberliga,F-BOL 2,12485,7,2,1,0,1,58,53,5,2,1.0,,handball.net
525,SHV Oschatz,HR Sachsen-Mitte,HR Sachsen-Mitte,8,Bezirksoberliga / Kreisoberliga / Regionsoberliga,ROL Frauen · HR Sachsen-Mitte,13102,4,4,2,0,2,115,105,10,4,1.0,,handball.net
526,HSG Fockbek/Nübbel/Alt Duvenstedt II,Handball-Erwachsene DER Kreishandballverbände IN Schleswig-Holstein,Handball-Erwachsene DER Kreishandballverbände IN Schleswig-Holstein,8,Bezirksoberliga / Kreisoberliga / Regionsoberliga,Kreisoberliga Frauen West,12967,7,2,1,0,1,52,47,5,2,1.0,,handball.net
527,TUS Plettenberg 91/55 E.V.,KÜS Ruhrgebiet SÜD,KÜS Ruhrgebiet SÜD,8,Bezirksoberliga / Kreisoberliga / Regionsoberliga,KÜS Bezirksliga Südwestfalen,13090,4,2,1,0,1,46,41,5,2,1.0,,handball.net
528,TV Nieder-Olm Damen,Handballverband Rheinhessen-Pfalz,Handballverband Rheinhessen-Pfalz,8,Bezirksoberliga / Kreisoberliga / Regionsoberliga,F-BOL 1,12484,4,2,1,0,1,44,39,5,2,1.0,,handball.net
529,TSV Mildstedt,Handball-Erwachsene DER Kreishandballverbände IN Schleswig-Holstein,Handball-Erwachsene DER Kreishandballverbände IN Schleswig-Holstein,8,Bezirksoberliga / Kreisoberliga / Regionsoberliga,Kreisoberliga Frauen Nord,12965,5,3,1,1,1,74,67,7,3,1.0,,handball.net
530,Bramstedter TS,Handball-Erwachsene DER Kreishandballverbände IN Schleswig-Holstein,Handball-Erwachsene DER Kreishandballverbände IN Schleswig-Holstein,8,Bezirksoberliga / Kreisoberliga / Regionsoberliga,Kreisoberliga Frauen West,12967,8,2,1,0,1,70,66,4,2,1.0,,handball.net
531,SG Handball Kamen,Handballkreis Hellweg,Handballkreis Hellweg,8,Bezirksoberliga / Kreisoberliga / Regionsoberliga,Frauen Bezirksliga HKH,12681,4,2,1,0,1,59,55,4,2,1.0,,handball.net
532,HSG Sachsenring,HR Südwestsachsen,HR Südwestsachsen,8,Bezirksoberliga / Kreisoberliga / Regionsoberliga,ROL Frauen · HR Südwestsachsen,13095,6,2,1,0,1,47,43,4,2,1.0,,handball.net
533,TV Wickede-Ruhr 1890 E.V.,KÜS Ruhrgebiet SÜD,KÜS Ruhrgebiet SÜD,8,Bezirksoberliga / Kreisoberliga / Regionsoberliga,KÜS Bezirksliga Mitte,13089,4,2,1,0,1,44,40,4,2,1.0,,handball.net
534,SG Glinde/Reinbek,Handball-Erwachsene DER Kreishandballverbände IN Schleswig-Holstein,Handball-Erwachsene DER Kreishandballverbände IN Schleswig-Holstein,8,Bezirksoberliga / Kreisoberliga / Regionsoberliga,Kreisoberliga Frauen Süd,12968,7,3,1,1,1,82,77,5,3,1.0,,handball.net
535,HSG Siebengebirge-Thomasberg,HK Bonn-Euskirchen-Sieg,HK Bonn-Euskirchen-Sieg,8,Bezirksoberliga / Kreisoberliga / Regionsoberliga,Kreisoberliga Frauen,12900,3,2,1,0,1,62,59,3,2,1.0,,handball.net
536,HSG Tarp/Wanderup II,Handball-Erwachsene DER Kreishandballverbände IN Schleswig-Holstein,Handball-Erwachsene DER Kreishandballverbände IN Schleswig-Holstein,8,Bezirksoberliga / Kreisoberliga / Regionsoberliga,Kreisoberliga Frauen Nord,12965,2,4,2,0,2,112,106,6,4,1.0,,handball.net
537,SG Oeversee-Jarplund-Weding,Handball-Erwachsene DER Kreishandballverbände IN Schleswig-Holstein,Handball-Erwachsene DER Kreishandballverbände IN Schleswig-Holstein,8,Bezirksoberliga / Kreisoberliga / Regionsoberliga,Kreisoberliga Frauen Nord,12965,6,2,1,0,1,54,51,3,2,1.0,,handball.net
538,HSV Wegberg II,HK Krefeld-Grenzland,HK Krefeld-Grenzland,8,Bezirksoberliga / Kreisoberliga / Regionsoberliga,BOL Frauen,13399,4,2,1,0,1,50,47,3,2,1.0,,handball.net
539,HSG Lennestadt-Würdinghausen II,HK Oberberg,HK Oberberg,8,Bezirksoberliga / Kreisoberliga / Regionsoberliga,Regionsoberliga Frauen Gr. B,12959,2,2,1,0,1,53,51,2,2,1.0,,handball.net
540,TSV Bigge-Olsberg 06/08 E.V.,KÜS Ruhrgebiet SÜD,KÜS Ruhrgebiet SÜD,8,Bezirksoberliga / Kreisoberliga / Regionsoberliga,KÜS Bezirksliga Südwestfalen,13090,5,2,1,0,1,51,49,2,2,1.0,,handball.net
541,HSV Sobernheim 2,Handballverband Rheinhessen-Pfalz,Handballverband Rheinhessen-Pfalz,8,Bezirksoberliga / Kreisoberliga / Regionsoberliga,F-BOL 1,12484,5,2,1,0,1,43,41,2,2,1.0,,handball.net
542,WSG Voreifel,HK Bonn-Euskirchen-Sieg,HK Bonn-Euskirchen-Sieg,8,Bezirksoberliga / Kreisoberliga / Regionsoberliga,Kreisoberliga Frauen,12900,4,2,1,0,1,58,57,1,2,1.0,,handball.net
543,Longericher SC,HK Köln-Rheinberg,HK Köln-Rheinberg,8,Bezirksoberliga / Kreisoberliga / Regionsoberliga,Regionsoberliga Frauen,12888,5,2,1,0,1,54,53,1,2,1.0,,handball.net
544,TUS Bommern II,KÜS Ruhrgebiet SÜD,KÜS Ruhrgebiet SÜD,8,Bezirksoberliga / Kreisoberliga / Regionsoberliga,KÜS Bezirksliga Industrie,13091,7,2,1,0,1,52,51,1,2,1.0,,handball.net
545,Sparta Münster,Handballkreis Münsterland,Handballkreis Münsterland,8,Bezirksoberliga / Kreisoberliga / Regionsoberliga,Bezirksliga Münsterland Frauen,13225,7,2,1,0,1,51,50,1,2,1.0,,handball.net
546,TV Bodenheim,Handballverband Rheinhessen-Pfalz,Handballverband Rheinhessen-Pfalz,8,Bezirksoberliga / Kreisoberliga / Regionsoberliga,F-BOL 1,12484,6,2,1,0,1,47,46,1,2,1.0,,handball.net
547,TV Roetgen,HK Aachen-Düren,HK Aachen-Düren,8,Bezirksoberliga / Kreisoberliga / Regionsoberliga,Regionsoberliga (w),14651,4,2,1,0,1,55,55,0,2,1.0,,handball.net
548,TV Aldekerk III,HK Krefeld-Grenzland,HK Krefeld-Grenzland,8,Bezirksoberliga / Kreisoberliga / Regionsoberliga,BOL Frauen,13399,6,2,1,0,1,49,49,0,2,1.0,,handball.net
549,MTV Lübeck,Handball-Erwachsene DER Kreishandballverbände IN Schleswig-Holstein,Handball-Erwachsene DER Kreishandballverbände IN Schleswig-Holstein,8,Bezirksoberliga / Kreisoberliga / Regionsoberliga,Kreisoberliga Frauen Süd,12968,6,4,1,2,1,107,108,-1,4,1.0,,handball.net
550,TV Einigkeit Netphen 1900 E.V. II,HK Oberberg,HK Oberberg,8,Bezirksoberliga / Kreisoberliga / Regionsoberliga,Regionsoberliga Frauen Gr. B,12959,3,2,1,0,1,52,53,-1,2,1.0,,handball.net
551,SG Kierspe-Meinerzhagen,KÜS Ruhrgebiet SÜD,KÜS Ruhrgebiet SÜD,8,Bezirksoberliga / Kreisoberliga / Regionsoberliga,KÜS Bezirksliga Südwestfalen,13090,6,2,1,0,1,49,50,-1,2,1.0,,handball.net
552,HCE Bergkamen 2.D,Handballkreis Hellweg,Handballkreis Hellweg,8,Bezirksoberliga / Kreisoberliga / Regionsoberliga,Frauen Bezirksliga HKH,12681,6,2,1,0,1,38,39,-1,2,1.0,,handball.net
553,SG Klotzsche II,HR Sachsen-Mitte,HR Sachsen-Mitte,8,Bezirksoberliga / Kreisoberliga / Regionsoberliga,ROL Frauen · HR Sachsen-Mitte,13102,5,4,2,0,2,116,119,-3,4,1.0,,handball.net
554,HSG Holstein Kiel/Kronshagen III,Handball-Erwachsene DER Kreishandballverbände IN Schleswig-Holstein,Handball-Erwachsene DER Kreishandballverbände IN Schleswig-Holstein,8,Bezirksoberliga / Kreisoberliga / Regionsoberliga,Kreisoberliga Frauen Ost,12966,6,4,2,0,2,105,108,-3,4,1.0,,handball.net
555,Leipziger SV Südwest II,HR Leipzig,HR Leipzig,8,Bezirksoberliga / Kreisoberliga / Regionsoberliga,ROL Frauen,16607,7,2,1,0,1,66,68,-2,2,1.0,,handball.net
556,HC Cologne Kangaroos II,HK Köln-Rheinberg,HK Köln-Rheinberg,8,Bezirksoberliga / Kreisoberliga / Regionsoberliga,Regionsoberliga Frauen,12888,6,2,1,0,1,47,49,-2,2,1.0,,handball.net
557,HSG 91 Nortorf,Handball-Erwachsene DER Kreishandballverbände IN Schleswig-Holstein,Handball-Erwachsene DER Kreishandballverbände IN Schleswig-Holstein,8,Bezirksoberliga / Kreisoberliga / Regionsoberliga,Kreisoberliga Frauen West,12967,9,2,1,0,1,45,47,-2,2,1.0,,handball.net
558,HSG Jörl-Doppeleiche Viöl,Handball-Erwachsene DER Kreishandballverbände IN Schleswig-Holstein,Handball-Erwachsene DER Kreishandballverbände IN Schleswig-Holstein,8,Bezirksoberliga / Kreisoberliga / Regionsoberliga,Kreisoberliga Frauen Nord,12965,9,2,1,0,1,51,55,-4,2,1.0,,handball.net
559,ETV Hamburg IV,Hamburger Handballverband,Hamburger Handballverband,8,Bezirksoberliga / Kreisoberliga / Regionsoberliga,Bezirksoberliga Frauen Gruppe 1 (231),13429,5,2,1,0,1,41,45,-4,2,1.0,,handball.net
560,TURA Meldorf,Handball-Erwachsene DER Kreishandballverbände IN Schleswig-Holstein,Handball-Erwachsene DER Kreishandballverbände IN Schleswig-Holstein,8,Bezirksoberliga / Kreisoberliga / Regionsoberliga,Kreisoberliga Frauen West,12967,5,4,2,0,2,117,126,-9,4,1.0,,handball.net
561,Allgemeiner Sportverein Hamm-Westfalen e.V. II,Handballkreis Hellweg,Handballkreis Hellweg,8,Bezirksoberliga / Kreisoberliga / Regionsoberliga,Frauen Bezirksliga HKH,12681,8,2,1,0,1,50,55,-5,2,1.0,,handball.net
562,VFB Eilenburg,HR Leipzig,HR Leipzig,8,Bezirksoberliga / Kreisoberliga / Regionsoberliga,ROL Frauen,16607,5,4,2,0,2,121,133,-12,4,1.0,,handball.net
563,Polizei SV KÖLN III,HK Köln-Rheinberg,HK Köln-Rheinberg,8,Bezirksoberliga / Kreisoberliga / Regionsoberliga,Regionsoberliga Frauen,12888,7,2,1,0,1,23,29,-6,2,1.0,,handball.net
564,HSG Merkstein / Bardenberg III,HK Aachen-Düren,HK Aachen-Düren,8,Bezirksoberliga / Kreisoberliga / Regionsoberliga,Regionsoberliga (w),14651,5,2,1,0,1,54,61,-7,2,1.0,,handball.net
565,SV Schermbeck,HK Wesel,HK Wesel,8,Bezirksoberliga / Kreisoberliga / Regionsoberliga,Regionsoberliga Frauen · HK Wesel,13064,5,2,1,0,1,54,62,-8,2,1.0,,handball.net
566,SSV Nümbrecht Handball II,HK Oberberg,HK Oberberg,8,Bezirksoberliga / Kreisoberliga / Regionsoberliga,Regionsoberliga Frauen Gr. B,12959,4,2,1,0,1,45,53,-8,2,1.0,,handball.net
567,ETSV Witten 1923 E.V.,KÜS Ruhrgebiet SÜD,KÜS Ruhrgebiet SÜD,8,Bezirksoberliga / Kreisoberliga / Regionsoberliga,KÜS Bezirksliga Mitte,13089,5,2,1,0,1,40,50,-10,2,1.0,,handball.net
568,Niederbergischer HC,HK Essen,HK Essen,8,Bezirksoberliga / Kreisoberliga / Regionsoberliga,Staffel Nord - BEZIRKSOBERLIGA / KREISOBERLIGA / REGIONSOBERLIGA Frauen ( HK Essen),16074,5,2,1,0,1,36,47,-11,2,1.0,,handball.net
569,Stahl Rietschen,HR Ostsachsen,HR Ostsachsen,8,Bezirksoberliga / Kreisoberliga / Regionsoberliga,ROL Frauen · HR Ostsachsen,13109,7,2,1,0,1,45,57,-12,2,1.0,,handball.net
570,Brühler TV,HK Köln-Rheinberg,HK Köln-Rheinberg,8,Bezirksoberliga / Kreisoberliga / Regionsoberliga,Regionsoberliga Frauen,12888,8,2,1,0,1,40,53,-13,2,1.0,,handball.net
571,HTV Hemer E.V. II,KÜS Ruhrgebiet SÜD,KÜS Ruhrgebiet SÜD,8,Bezirksoberliga / Kreisoberliga / Regionsoberliga,KÜS Bezirksliga Südwestfalen,13090,7,2,1,0,1,41,59,-18,2,1.0,,handball.net
572,TSG 1861 Taucha,HR Leipzig,HR Leipzig,8,Bezirksoberliga / Kreisoberliga / Regionsoberliga,ROL Frauen,16607,6,3,1,0,2,88,78,10,2,0.67,,handball.net
573,MTV Dänischenhagen II,Handball-Erwachsene DER Kreishandballverbände IN Schleswig-Holstein,Handball-Erwachsene DER Kreishandballverbände IN Schleswig-Holstein,8,Bezirksoberliga / Kreisoberliga / Regionsoberliga,Kreisoberliga Frauen Ost,12966,8,3,1,0,2,84,82,2,2,0.67,,handball.net
574,HSG DJK Rauxel-Schwerin E.V.,KÜS Ruhrgebiet SÜD,KÜS Ruhrgebiet SÜD,8,Bezirksoberliga / Kreisoberliga / Regionsoberliga,KÜS Bezirksliga Industrie,13091,6,3,1,0,2,63,62,1,2,0.67,,handball.net
575,HSG JAHN 05/Sc WEST 1f,HK Essen,HK Essen,8,Bezirksoberliga / Kreisoberliga / Regionsoberliga,Staffel Nord - BEZIRKSOBERLIGA / KREISOBERLIGA / REGIONSOBERLIGA Frauen ( HK Essen),16074,4,3,1,0,2,70,72,-2,2,0.67,,handball.net
576,HFF Munkbrarup,Handball-Erwachsene DER Kreishandballverbände IN Schleswig-Holstein,Handball-Erwachsene DER Kreishandballverbände IN Schleswig-Holstein,8,Bezirksoberliga / Kreisoberliga / Regionsoberliga,Kreisoberliga Frauen Nord,12965,8,3,1,0,2,89,92,-3,2,0.67,,handball.net
577,Soester TV VON 1862 E.V. II,Handballkreis Hellweg,Handballkreis Hellweg,8,Bezirksoberliga / Kreisoberliga / Regionsoberliga,Frauen Bezirksliga HKH,12681,7,3,1,0,2,81,84,-3,2,0.67,,handball.net
578,SuS Stadtlohn,Handballkreis Münsterland,Handballkreis Münsterland,8,Bezirksoberliga / Kreisoberliga / Regionsoberliga,Bezirksliga Münsterland Frauen,13225,9,3,1,0,2,76,82,-6,2,0.67,,handball.net
579,ESV Dresden II,HR Sachsen-Mitte,HR Sachsen-Mitte,8,Bezirksoberliga / Kreisoberliga / Regionsoberliga,ROL Frauen · HR Sachsen-Mitte,13102,7,3,1,0,2,76,83,-7,2,0.67,,handball.net
580,USV TU Dresden,HR Sachsen-Mitte,HR Sachsen-Mitte,8,Bezirksoberliga / Kreisoberliga / Regionsoberliga,ROL Frauen · HR Sachsen-Mitte,13102,8,3,1,0,2,81,89,-8,2,0.67,,handball.net
581,HCS Neustadt-S.,HR Sachsen-Mitte,HR Sachsen-Mitte,8,Bezirksoberliga / Kreisoberliga / Regionsoberliga,ROL Frauen · HR Sachsen-Mitte,13102,9,3,1,0,2,67,75,-8,2,0.67,,handball.net
582,SV Preussen Reinfeld,Handball-Erwachsene DER Kreishandballverbände IN Schleswig-Holstein,Handball-Erwachsene DER Kreishandballverbände IN Schleswig-Holstein,8,Bezirksoberliga / Kreisoberliga / Regionsoberliga,Kreisoberliga Frauen Süd,12968,8,3,1,0,2,67,76,-9,2,0.67,,handball.net
583,SV Gerolstein,Mosel/Eifel-Nahe/Hunsrück,Mosel/Eifel-Nahe/Hunsrück,8,Bezirksoberliga / Kreisoberliga / Regionsoberliga,Bezirksoberliga Frauen Mosel/Eifel-Nahe/Hunsrück,14549,6,3,1,0,2,74,87,-13,2,0.67,,handball.net
584,VfL Aplerbeckermark 1. Damen,KÜS Ruhrgebiet SÜD,KÜS Ruhrgebiet SÜD,8,Bezirksoberliga / Kreisoberliga / Regionsoberliga,KÜS Bezirksliga Mitte,13089,6,3,1,0,2,62,77,-15,2,0.67,,handball.net
585,HSG Pinnau II,Hamburger Handballverband,Hamburger Handballverband,8,Bezirksoberliga / Kreisoberliga / Regionsoberliga,Bezirksoberliga Frauen Gruppe 1 (231),13429,6,3,1,0,2,61,77,-16,2,0.67,,handball.net
586,RSV Altenbögge-Bönen 1951 e.V. 1. Damen,Handballkreis Hellweg,Handballkreis Hellweg,8,Bezirksoberliga / Kreisoberliga / Regionsoberliga,Frauen Bezirksliga HKH,12681,9,3,1,0,2,53,72,-19,2,0.67,,handball.net
587,SSG Wuppertal/Hsv Wuppertal II,HK Essen,HK Essen,8,Bezirksoberliga / Kreisoberliga / Regionsoberliga,Staffel Nord - BEZIRKSOBERLIGA / KREISOBERLIGA / REGIONSOBERLIGA Frauen ( HK Essen),16074,6,3,1,0,2,61,81,-20,2,0.67,,handball.net
588,Slesvig IF,Handball-Erwachsene DER Kreishandballverbände IN Schleswig-Holstein,Handball-Erwachsene DER Kreishandballverbände IN Schleswig-Holstein,8,Bezirksoberliga / Kreisoberliga / Regionsoberliga,Kreisoberliga Frauen Nord,12965,10,2,0,1,1,44,46,-2,1,0.5,,handball.net
589,Roter Stern Leipzig,HR Leipzig,HR Leipzig,8,Bezirksoberliga / Kreisoberliga / Regionsoberliga,ROL Frauen,16607,8,4,1,0,3,107,116,-9,2,0.5,,handball.net
590,Königswarthaer SV,HR Ostsachsen,HR Ostsachsen,8,Bezirksoberliga / Kreisoberliga / Regionsoberliga,ROL Frauen · HR Ostsachsen,13109,6,4,1,0,3,102,111,-9,2,0.5,,handball.net
591,Wermelskirchener TV II,HK Essen,HK Essen,8,Bezirksoberliga / Kreisoberliga / Regionsoberliga,Staffel Süd - BEZIRKSOBERLIGA / KREISOBERLIGA / REGIONSOBERLIGA Frauen ( HK Essen),16923,4,2,0,1,1,37,43,-6,1,0.5,,handball.net
592,TSV Stellingen 88,Hamburger Handballverband,Hamburger Handballverband,8,Bezirksoberliga / Kreisoberliga / Regionsoberliga,Bezirksoberliga Frauen Gruppe 2 (232),13430,6,4,1,0,3,89,112,-23,2,0.5,,handball.net
593,HC Grossenhain,HR Sachsen-Mitte,HR Sachsen-Mitte,8,Bezirksoberliga / Kreisoberliga / Regionsoberliga,ROL Frauen · HR Sachsen-Mitte,13102,10,4,1,0,3,91,122,-31,2,0.5,,handball.net
594,TSV Uetersen II,Hamburger Handballverband,Hamburger Handballverband,8,Bezirksoberliga / Kreisoberliga / Regionsoberliga,Bezirksoberliga Frauen Gruppe 1 (231),13429,7,3,0,1,2,79,84,-5,1,0.33,,handball.net
595,HSG Beste Trave,Handball-Erwachsene DER Kreishandballverbände IN Schleswig-Holstein,Handball-Erwachsene DER Kreishandballverbände IN Schleswig-Holstein,8,Bezirksoberliga / Kreisoberliga / Regionsoberliga,Kreisoberliga Frauen Süd,12968,9,3,0,1,2,78,96,-18,1,0.33,,handball.net
596,VfB Blau-Gelb 21 Flöha,HR Südwestsachsen,HR Südwestsachsen,8,Bezirksoberliga / Kreisoberliga / Regionsoberliga,ROL Frauen · HR Südwestsachsen,13095,7,3,0,1,2,64,82,-18,1,0.33,,handball.net
597,ASC 09 Dortmund SC Aplerbeck 09 E.V.,KÜS Ruhrgebiet SÜD,KÜS Ruhrgebiet SÜD,8,Bezirksoberliga / Kreisoberliga / Regionsoberliga,KÜS BL Mitte Frauen (nicht nutzen),16942,1,0,0,0,0,0,0,0,0,0.0,,handball.net
598,ASC 09 Dortmund SC Aplerbeck 09 E.V.2,KÜS Ruhrgebiet SÜD,KÜS Ruhrgebiet SÜD,8,Bezirksoberliga / Kreisoberliga / Regionsoberliga,KÜS Bezirksliga Mitte,13089,7,0,0,0,0,0,0,0,0,0.0,,handball.net
599,DJK Oespel-Kley Frauen 2,KÜS Ruhrgebiet SÜD,KÜS Ruhrgebiet SÜD,8,Bezirksoberliga / Kreisoberliga / Regionsoberliga,KÜS BL Mitte Frauen (nicht nutzen),16942,2,0,0,0,0,0,0,0,0,0.0,,handball.net
600,Djk-Saxonia Dortmund E.V.,KÜS Ruhrgebiet SÜD,KÜS Ruhrgebiet SÜD,8,Bezirksoberliga / Kreisoberliga / Regionsoberliga,KÜS BL Mitte Frauen (nicht nutzen),16942,3,0,0,0,0,0,0,0,0,0.0,,handball.net
601,ETSV Witten 1923 E.V.,KÜS Ruhrgebiet SÜD,KÜS Ruhrgebiet SÜD,8,Bezirksoberliga / Kreisoberliga / Regionsoberliga,KÜS BL Mitte Frauen (nicht nutzen),16942,4,0,0,0,0,0,0,0,0,0.0,,handball.net
602,FSG Gonsenheim/Schott 2,Handballverband Rheinhessen-Pfalz,Handballverband Rheinhessen-Pfalz,8,Bezirksoberliga / Kreisoberliga / Regionsoberliga,F-BOL 1,12484,7,0,0,0,0,0,0,0,0,0.0,,handball.net
603,HC TV Rhede II,HK Wesel,HK Wesel,8,Bezirksoberliga / Kreisoberliga / Regionsoberliga,Regionsoberliga Frauen · HK Wesel,13064,6,0,0,0,0,0,0,0,0,0.0,,handball.net
604,HSG Freiberg,HR Südwestsachsen,HR Südwestsachsen,8,Bezirksoberliga / Kreisoberliga / Regionsoberliga,ROL Frauen · HR Südwestsachsen,13095,8,0,0,0,0,0,0,0,0,0.0,,handball.net
605,HSG Marienheide/Müllenbach,HK Oberberg,HK Oberberg,8,Bezirksoberliga / Kreisoberliga / Regionsoberliga,Regionsoberliga Frauen Gr. A,12958,3,0,0,0,0,0,0,0,0,0.0,,handball.net
606,HSG Rhein-Nahe Bingen,Handballverband Rheinhessen-Pfalz,Handballverband Rheinhessen-Pfalz,8,Bezirksoberliga / Kreisoberliga / Regionsoberliga,F-BOL 1,12484,8,0,0,0,0,0,0,0,0,0.0,,handball.net
607,HVE Villigst-Ergste,KÜS Ruhrgebiet SÜD,KÜS Ruhrgebiet SÜD,8,Bezirksoberliga / Kreisoberliga / Regionsoberliga,KÜS BL Mitte Frauen (nicht nutzen),16942,5,0,0,0,0,0,0,0,0,0.0,,handball.net
608,Hildener Wölfe 1f,HK Essen,HK Essen,8,Bezirksoberliga / Kreisoberliga / Regionsoberliga,Staffel Süd - BEZIRKSOBERLIGA / KREISOBERLIGA / REGIONSOBERLIGA Frauen ( HK Essen),16923,5,0,0,0,0,0,0,0,0,0.0,,handball.net
609,RSVE Siegen Handball E.V. II,HK Oberberg,HK Oberberg,8,Bezirksoberliga / Kreisoberliga / Regionsoberliga,Regionsoberliga Frauen Gr. B,12959,5,0,0,0,0,0,0,0,0,0.0,,handball.net
610,SC 1885 Huckarde-Rahm e.V.,KÜS Ruhrgebiet SÜD,KÜS Ruhrgebiet SÜD,8,Bezirksoberliga / Kreisoberliga / Regionsoberliga,KÜS BL Mitte Frauen (nicht nutzen),16942,6,0,0,0,0,0,0,0,0,0.0,,handball.net
611,SSV Overath,HK Oberberg,HK Oberberg,8,Bezirksoberliga / Kreisoberliga / Regionsoberliga,Regionsoberliga Frauen Gr. A,12958,4,1,0,0,1,0,0,0,0,0.0,,handball.net
612,SV Straelen II,HK Krefeld-Grenzland,HK Krefeld-Grenzland,8,Bezirksoberliga / Kreisoberliga / Regionsoberliga,BOL Frauen,13399,7,0,0,0,0,0,0,0,0,0.0,,handball.net
613,TSG 1868 Dortmund-Schüren E.V.,KÜS Ruhrgebiet SÜD,KÜS Ruhrgebiet SÜD,8,Bezirksoberliga / Kreisoberliga / Regionsoberliga,KÜS BL Mitte Frauen (nicht nutzen),16942,7,0,0,0,0,0,0,0,0,0.0,,handball.net
614,TUS Grünenbaum 1895 E.V.,HK Oberberg,HK Oberberg,8,Bezirksoberliga / Kreisoberliga / Regionsoberliga,Regionsoberliga Frauen Gr. A,12958,5,0,0,0,0,0,0,0,0,0.0,,handball.net
615,TUS Westfalia Hombruch,KÜS Ruhrgebiet SÜD,KÜS Ruhrgebiet SÜD,8,Bezirksoberliga / Kreisoberliga / Regionsoberliga,KÜS BL Mitte Frauen (nicht nutzen),16942,8,0,0,0,0,0,0,0,0,0.0,,handball.net
616,TUS Westfalia Hombruch,KÜS Ruhrgebiet SÜD,KÜS Ruhrgebiet SÜD,8,Bezirksoberliga / Kreisoberliga / Regionsoberliga,KÜS Bezirksliga Mitte,13089,8,0,0,0,0,0,0,0,0,0.0,,handball.net
617,TV BECKRATH II zurückgezogen am 14.09.2026,HK Krefeld-Grenzland,HK Krefeld-Grenzland,8,Bezirksoberliga / Kreisoberliga / Regionsoberliga,BOL Frauen,13399,8,0,0,0,0,0,0,0,0,0.0,,handball.net
618,TV Wahlscheid II,HK Oberberg,HK Oberberg,8,Bezirksoberliga / Kreisoberliga / Regionsoberliga,Regionsoberliga Frauen Gr. B,12959,6,0,0,0,0,0,0,0,0,0.0,,handball.net
619,TV Wickede-Ruhr,KÜS Ruhrgebiet SÜD,KÜS Ruhrgebiet SÜD,8,Bezirksoberliga / Kreisoberliga / Regionsoberliga,KÜS BL Mitte Frauen (nicht nutzen),16942,9,0,0,0,0,0,0,0,0,0.0,,handball.net
620,Tschft. St. Tönis III,HK Krefeld-Grenzland,HK Krefeld-Grenzland,8,Bezirksoberliga / Kreisoberliga / Regionsoberliga,BOL Frauen,13399,9,0,0,0,0,0,0,0,0,0.0,,handball.net
621,VFL Aplerbeckermark 1889 E.V.,KÜS Ruhrgebiet SÜD,KÜS Ruhrgebiet SÜD,8,Bezirksoberliga / Kreisoberliga / Regionsoberliga,KÜS BL Mitte Frauen (nicht nutzen),16942,10,0,0,0,0,0,0,0,0,0.0,,handball.net
622,VFL Eintracht Hagen E.V.,KÜS Ruhrgebiet SÜD,KÜS Ruhrgebiet SÜD,8,Bezirksoberliga / Kreisoberliga / Regionsoberliga,KÜS BL Mitte Frauen (nicht nutzen),16942,11,0,0,0,0,0,0,0,0,0.0,,handball.net
623,CVJM Waldbröl,HK Oberberg,HK Oberberg,8,Bezirksoberliga / Kreisoberliga / Regionsoberliga,Regionsoberliga Frauen Gr. B,12959,7,1,0,0,1,26,27,-1,0,0.0,,handball.net
624,HSC IGEL,Mosel/Eifel-Nahe/Hunsrück,Mosel/Eifel-Nahe/Hunsrück,8,Bezirksoberliga / Kreisoberliga / Regionsoberliga,Bezirksoberliga Frauen Mosel/Eifel-Nahe/Hunsrück,14549,7,1,0,0,1,26,27,-1,0,0.0,,handball.net
625,TV Anrath,HK Krefeld-Grenzland,HK Krefeld-Grenzland,8,Bezirksoberliga / Kreisoberliga / Regionsoberliga,BOL Frauen,13399,10,1,0,0,1,26,27,-1,0,0.0,,handball.net
626,TV 1890 Mengede E.V.,HK Essen,HK Essen,8,Bezirksoberliga / Kreisoberliga / Regionsoberliga,#0 - Freundschatfsspiel Senioren Frauen,17263,2,1,0,0,1,20,21,-1,0,0.0,,handball.net
627,TuS Gaarden,Handball-Erwachsene DER Kreishandballverbände IN Schleswig-Holstein,Handball-Erwachsene DER Kreishandballverbände IN Schleswig-Holstein,8,Bezirksoberliga / Kreisoberliga / Regionsoberliga,Kreisoberliga Frauen Ost,12966,9,1,0,0,1,20,21,-1,0,0.0,,handball.net
628,HSV Frechen II,HK Köln-Rheinberg,HK Köln-Rheinberg,8,Bezirksoberliga / Kreisoberliga / Regionsoberliga,Regionsoberliga Frauen,12888,10,2,0,0,2,21,24,-3,0,0.0,,handball.net
629,Bochumer HC,KÜS Ruhrgebiet SÜD,KÜS Ruhrgebiet SÜD,8,Bezirksoberliga / Kreisoberliga / Regionsoberliga,KÜS Bezirksliga Industrie,13091,8,1,0,0,1,27,29,-2,0,0.0,,handball.net
630,HSG Refrath/Hand II,HK Köln-Rheinberg,HK Köln-Rheinberg,8,Bezirksoberliga / Kreisoberliga / Regionsoberliga,Regionsoberliga Frauen,12888,9,1,0,0,1,23,26,-3,0,0.0,,handball.net
631,TV Beyeröhde II,HK Essen,HK Essen,8,Bezirksoberliga / Kreisoberliga / Regionsoberliga,Staffel Süd - BEZIRKSOBERLIGA / KREISOBERLIGA / REGIONSOBERLIGA Frauen ( HK Essen),16923,6,1,0,0,1,20,23,-3,0,0.0,,handball.net
632,Handewitter SV,Handball-Erwachsene DER Kreishandballverbände IN Schleswig-Holstein,Handball-Erwachsene DER Kreishandballverbände IN Schleswig-Holstein,8,Bezirksoberliga / Kreisoberliga / Regionsoberliga,Kreisoberliga Frauen Nord,12965,12,3,0,0,3,74,84,-10,0,0.0,,handball.net
633,Lüttringhauser TV II,HK Essen,HK Essen,8,Bezirksoberliga / Kreisoberliga / Regionsoberliga,Staffel Süd - BEZIRKSOBERLIGA / KREISOBERLIGA / REGIONSOBERLIGA Frauen ( HK Essen),16923,7,1,0,0,1,29,33,-4,0,0.0,,handball.net
634,Luchse Düsseldorf II,HK Essen,HK Essen,8,Bezirksoberliga / Kreisoberliga / Regionsoberliga,Staffel Süd - BEZIRKSOBERLIGA / KREISOBERLIGA / REGIONSOBERLIGA Frauen ( HK Essen),16923,8,1,0,0,1,19,23,-4,0,0.0,,handball.net
635,TV Welling II,Rhein/Westerwald,Rhein/Westerwald,8,Bezirksoberliga / Kreisoberliga / Regionsoberliga,Bezirksoberliga Frauen,14411,3,1,0,0,1,16,20,-4,0,0.0,,handball.net
636,TV Lobberich,HK Krefeld-Grenzland,HK Krefeld-Grenzland,8,Bezirksoberliga / Kreisoberliga / Regionsoberliga,BOL Frauen,13399,11,2,0,0,2,43,52,-9,0,0.0,,handball.net
637,FC St. Pauli IV,Hamburger Handballverband,Hamburger Handballverband,8,Bezirksoberliga / Kreisoberliga / Regionsoberliga,Bezirksoberliga Frauen Gruppe 2 (232),13430,7,2,0,0,2,36,45,-9,0,0.0,,handball.net
638,HSG Kremperheide/Münsterdorf II,Handball-Erwachsene DER Kreishandballverbände IN Schleswig-Holstein,Handball-Erwachsene DER Kreishandballverbände IN Schleswig-Holstein,8,Bezirksoberliga / Kreisoberliga / Regionsoberliga,Kreisoberliga Frauen West,12967,10,3,0,0,3,78,93,-15,0,0.0,,handball.net
639,VFB Schleiden,HK Bonn-Euskirchen-Sieg,HK Bonn-Euskirchen-Sieg,8,Bezirksoberliga / Kreisoberliga / Regionsoberliga,Kreisoberliga Frauen,12900,5,1,0,0,1,24,29,-5,0,0.0,,handball.net
640,HC Sterkrade 75,HK Rhein-Ruhr,HK Rhein-Ruhr,8,Bezirksoberliga / Kreisoberliga / Regionsoberliga,REGIONSOBERLIGA FRAUEN,16210,9,2,0,0,2,44,54,-10,0,0.0,,handball.net
641,TEAM Cdg/Dav Wuppertal,HK Essen,HK Essen,8,Bezirksoberliga / Kreisoberliga / Regionsoberliga,Staffel Süd - BEZIRKSOBERLIGA / KREISOBERLIGA / REGIONSOBERLIGA Frauen ( HK Essen),16923,9,1,0,0,1,22,27,-5,0,0.0,,handball.net
642,TV Bitburg,Mosel/Eifel-Nahe/Hunsrück,Mosel/Eifel-Nahe/Hunsrück,8,Bezirksoberliga / Kreisoberliga / Regionsoberliga,Bezirksoberliga Frauen Mosel/Eifel-Nahe/Hunsrück,14549,8,2,0,0,2,40,50,-10,0,0.0,,handball.net
643,HSG Preussen/Bor. Münster,Handballkreis Münsterland,Handballkreis Münsterland,8,Bezirksoberliga / Kreisoberliga / Regionsoberliga,Bezirksliga Münsterland Frauen,13225,10,3,0,0,3,77,93,-16,0,0.0,,handball.net
644,MTV KÖLN 1850 III,HK Köln-Rheinberg,HK Köln-Rheinberg,8,Bezirksoberliga / Kreisoberliga / Regionsoberliga,Regionsoberliga Frauen,12888,12,2,0,0,2,49,60,-11,0,0.0,,handball.net
645,TSV Lichtentanne,HR Südwestsachsen,HR Südwestsachsen,8,Bezirksoberliga / Kreisoberliga / Regionsoberliga,ROL Frauen · HR Südwestsachsen,13095,9,4,0,0,4,77,99,-22,0,0.0,,handball.net
646,Rheydter TV 1847 II,HK Krefeld-Grenzland,HK Krefeld-Grenzland,8,Bezirksoberliga / Kreisoberliga / Regionsoberliga,BOL Frauen,13399,12,2,0,0,2,38,49,-11,0,0.0,,handball.net
647,SC Alstertal-Langenhorn,Hamburger Handballverband,Hamburger Handballverband,8,Bezirksoberliga / Kreisoberliga / Regionsoberliga,Bezirksoberliga Frauen Gruppe 2 (232),13430,8,2,0,0,2,36,47,-11,0,0.0,,handball.net
648,VfL Brambauer 1925 e.V.,Handballkreis Hellweg,Handballkreis Hellweg,8,Bezirksoberliga / Kreisoberliga / Regionsoberliga,Frauen Bezirksliga HKH,12681,10,3,0,0,3,73,90,-17,0,0.0,,handball.net
649,TV Bassenheim,Rhein/Westerwald,Rhein/Westerwald,8,Bezirksoberliga / Kreisoberliga / Regionsoberliga,Bezirksoberliga Frauen,14411,4,1,0,0,1,30,36,-6,0,0.0,,handball.net
650,DJK Saxonia Dortmund,KÜS Ruhrgebiet SÜD,KÜS Ruhrgebiet SÜD,8,Bezirksoberliga / Kreisoberliga / Regionsoberliga,KÜS Bezirksliga Mitte,13089,9,1,0,0,1,29,35,-6,0,0.0,,handball.net
651,TV Voerde,HK Wesel,HK Wesel,8,Bezirksoberliga / Kreisoberliga / Regionsoberliga,Regionsoberliga Frauen · HK Wesel,13064,7,1,0,0,1,28,34,-6,0,0.0,,handball.net
652,TV Wörth 2,Handballverband Rheinhessen-Pfalz,Handballverband Rheinhessen-Pfalz,8,Bezirksoberliga / Kreisoberliga / Regionsoberliga,F-BOL 2,12485,8,4,0,0,4,100,124,-24,0,0.0,,handball.net
653,HSG Mönkeberg-Schönkirchen II,Handball-Erwachsene DER Kreishandballverbände IN Schleswig-Holstein,Handball-Erwachsene DER Kreishandballverbände IN Schleswig-Holstein,8,Bezirksoberliga / Kreisoberliga / Regionsoberliga,Kreisoberliga Frauen Ost,12966,10,4,0,0,4,96,120,-24,0,0.0,,handball.net
654,DJK Adler 07 Bottrop,HK Rhein-Ruhr,HK Rhein-Ruhr,8,Bezirksoberliga / Kreisoberliga / Regionsoberliga,REGIONSOBERLIGA FRAUEN,16210,6,1,0,0,1,21,27,-6,0,0.0,,handball.net
655,Turnverein Ratingen 2f,HK Essen,HK Essen,8,Bezirksoberliga / Kreisoberliga / Regionsoberliga,Staffel Nord - BEZIRKSOBERLIGA / KREISOBERLIGA / REGIONSOBERLIGA Frauen ( HK Essen),16074,7,2,0,0,2,39,51,-12,0,0.0,,handball.net
656,SG Handball Neumünster II,Handball-Erwachsene DER Kreishandballverbände IN Schleswig-Holstein,Handball-Erwachsene DER Kreishandballverbände IN Schleswig-Holstein,8,Bezirksoberliga / Kreisoberliga / Regionsoberliga,Kreisoberliga Frauen West,12967,11,3,0,0,3,71,90,-19,0,0.0,,handball.net
657,LOK Schleife,HR Ostsachsen,HR Ostsachsen,8,Bezirksoberliga / Kreisoberliga / Regionsoberliga,ROL Frauen · HR Ostsachsen,13109,8,2,0,0,2,46,59,-13,0,0.0,,handball.net
658,HSG Lüdenscheid e.V.,KÜS Ruhrgebiet SÜD,KÜS Ruhrgebiet SÜD,8,Bezirksoberliga / Kreisoberliga / Regionsoberliga,KÜS Bezirksliga Südwestfalen,13090,10,2,0,0,2,43,56,-13,0,0.0,,handball.net
659,TSG Schkeuditz,HR Leipzig,HR Leipzig,8,Bezirksoberliga / Kreisoberliga / Regionsoberliga,ROL Frauen,16607,9,3,0,0,3,86,107,-21,0,0.0,,handball.net
660,Turnerkreis Nippes 2. Damen,HK Köln-Rheinberg,HK Köln-Rheinberg,8,Bezirksoberliga / Kreisoberliga / Regionsoberliga,Regionsoberliga Frauen,12888,11,1,0,0,1,25,32,-7,0,0.0,,handball.net
661,HSG Erfde-Pahlhude-Tellingstedt,Handball-Erwachsene DER Kreishandballverbände IN Schleswig-Holstein,Handball-Erwachsene DER Kreishandballverbände IN Schleswig-Holstein,8,Bezirksoberliga / Kreisoberliga / Regionsoberliga,Kreisoberliga Frauen Nord,12965,11,1,0,0,1,24,31,-7,0,0.0,,handball.net
662,TSG Kirchhellen,HK Rhein-Ruhr,HK Rhein-Ruhr,8,Bezirksoberliga / Kreisoberliga / Regionsoberliga,REGIONSOBERLIGA FRAUEN,16210,7,1,0,0,1,23,30,-7,0,0.0,,handball.net
663,TSV Dresden-Bühlau,HR Sachsen-Mitte,HR Sachsen-Mitte,8,Bezirksoberliga / Kreisoberliga / Regionsoberliga,ROL Frauen · HR Sachsen-Mitte,13102,11,3,0,0,3,79,101,-22,0,0.0,,handball.net
664,Niendorfer TSV,Hamburger Handballverband,Hamburger Handballverband,8,Bezirksoberliga / Kreisoberliga / Regionsoberliga,Bezirksoberliga Frauen Gruppe 2 (232),13430,9,3,0,0,3,67,89,-22,0,0.0,,handball.net
665,HSG Wagrien,Handball-Erwachsene DER Kreishandballverbände IN Schleswig-Holstein,Handball-Erwachsene DER Kreishandballverbände IN Schleswig-Holstein,8,Bezirksoberliga / Kreisoberliga / Regionsoberliga,Kreisoberliga Frauen Süd,12968,10,2,0,0,2,48,63,-15,0,0.0,,handball.net
666,MSV Duisburg Handball,HK Rhein-Ruhr,HK Rhein-Ruhr,8,Bezirksoberliga / Kreisoberliga / Regionsoberliga,REGIONSOBERLIGA FRAUEN,16210,11,2,0,0,2,48,63,-15,0,0.0,,handball.net
667,Koweg Görlitz,HR Ostsachsen,HR Ostsachsen,8,Bezirksoberliga / Kreisoberliga / Regionsoberliga,ROL Frauen · HR Ostsachsen,13109,9,2,0,0,2,46,61,-15,0,0.0,,handball.net
668,TUS Esingen II,Hamburger Handballverband,Hamburger Handballverband,8,Bezirksoberliga / Kreisoberliga / Regionsoberliga,Bezirksoberliga Frauen Gruppe 1 (231),13429,8,3,0,0,3,66,89,-23,0,0.0,,handball.net
669,TV Neheim 1884 E.V.,KÜS Ruhrgebiet SÜD,KÜS Ruhrgebiet SÜD,8,Bezirksoberliga / Kreisoberliga / Regionsoberliga,KÜS Bezirksliga Südwestfalen,13090,8,1,0,0,1,26,34,-8,0,0.0,,handball.net
670,HV Schwarz Weiss Sohland,HR Ostsachsen,HR Ostsachsen,8,Bezirksoberliga / Kreisoberliga / Regionsoberliga,ROL Frauen · HR Ostsachsen,13109,11,3,0,0,3,71,95,-24,0,0.0,,handball.net
671,TG Osthofen 2,Handballverband Rheinhessen-Pfalz,Handballverband Rheinhessen-Pfalz,8,Bezirksoberliga / Kreisoberliga / Regionsoberliga,F-BOL 1,12484,9,4,0,0,4,85,117,-32,0,0.0,,handball.net
672,GSG Duisburg II,HK Rhein-Ruhr,HK Rhein-Ruhr,8,Bezirksoberliga / Kreisoberliga / Regionsoberliga,REGIONSOBERLIGA FRAUEN,16210,8,1,0,0,1,21,29,-8,0,0.0,,handball.net
673,OSV Zittau,HR Ostsachsen,HR Ostsachsen,8,Bezirksoberliga / Kreisoberliga / Regionsoberliga,ROL Frauen · HR Ostsachsen,13109,10,2,0,0,2,58,75,-17,0,0.0,,handball.net
674,DJK/MJC Trier II,Mosel/Eifel-Nahe/Hunsrück,Mosel/Eifel-Nahe/Hunsrück,8,Bezirksoberliga / Kreisoberliga / Regionsoberliga,Bezirksoberliga Frauen Mosel/Eifel-Nahe/Hunsrück,14549,9,2,0,0,2,32,49,-17,0,0.0,,handball.net
675,SC 1885 Huckarde-Rahm e.V.,KÜS Ruhrgebiet SÜD,KÜS Ruhrgebiet SÜD,8,Bezirksoberliga / Kreisoberliga / Regionsoberliga,KÜS Bezirksliga Mitte,13089,10,3,0,0,3,64,90,-26,0,0.0,,handball.net
676,SG Dithmarschen SÜD II,Handball-Erwachsene DER Kreishandballverbände IN Schleswig-Holstein,Handball-Erwachsene DER Kreishandballverbände IN Schleswig-Holstein,8,Bezirksoberliga / Kreisoberliga / Regionsoberliga,Kreisoberliga Frauen West,12967,12,4,0,0,4,89,124,-35,0,0.0,,handball.net
677,HV Erftstadt,HK Bonn-Euskirchen-Sieg,HK Bonn-Euskirchen-Sieg,8,Bezirksoberliga / Kreisoberliga / Regionsoberliga,Kreisoberliga Frauen,12900,6,1,0,0,1,26,35,-9,0,0.0,,handball.net
678,SG Mogono Leipzig II,HR Leipzig,HR Leipzig,8,Bezirksoberliga / Kreisoberliga / Regionsoberliga,ROL Frauen,16607,10,3,0,0,3,78,105,-27,0,0.0,,handball.net
679,HSG Hald/Mehrh/Isselb II,HK Wesel,HK Wesel,8,Bezirksoberliga / Kreisoberliga / Regionsoberliga,Regionsoberliga Frauen · HK Wesel,13064,8,1,0,0,1,16,25,-9,0,0.0,,handball.net
680,AMTV Hamburg III,Hamburger Handballverband,Hamburger Handballverband,8,Bezirksoberliga / Kreisoberliga / Regionsoberliga,Bezirksoberliga Frauen Gruppe 3 (233),13432,7,4,0,0,4,86,123,-37,0,0.0,,handball.net
681,PSV E.V. Recklinghausen III,KÜS Ruhrgebiet SÜD,KÜS Ruhrgebiet SÜD,8,Bezirksoberliga / Kreisoberliga / Regionsoberliga,KÜS Bezirksliga Industrie,13091,9,2,0,0,2,40,59,-19,0,0.0,,handball.net
682,TUS Heiligenstein,Handballverband Rheinhessen-Pfalz,Handballverband Rheinhessen-Pfalz,8,Bezirksoberliga / Kreisoberliga / Regionsoberliga,F-BOL 2,12485,10,5,0,0,5,121,169,-48,0,0.0,,handball.net
683,SG Handball Steinfurt,Handballkreis Münsterland,Handballkreis Münsterland,8,Bezirksoberliga / Kreisoberliga / Regionsoberliga,Bezirksliga Münsterland Frauen,13225,11,3,0,0,3,70,99,-29,0,0.0,,handball.net
684,TUS Felde,Handball-Erwachsene DER Kreishandballverbände IN Schleswig-Holstein,Handball-Erwachsene DER Kreishandballverbände IN Schleswig-Holstein,8,Bezirksoberliga / Kreisoberliga / Regionsoberliga,Kreisoberliga Frauen Ost,12966,11,3,0,0,3,53,85,-32,0,0.0,,handball.net
685,DJK Styrum 06,HK Rhein-Ruhr,HK Rhein-Ruhr,8,Bezirksoberliga / Kreisoberliga / Regionsoberliga,REGIONSOBERLIGA FRAUEN,16210,10,1,0,0,1,26,37,-11,0,0.0,,handball.net
686,HSG Wittlich III,Mosel/Eifel-Nahe/Hunsrück,Mosel/Eifel-Nahe/Hunsrück,8,Bezirksoberliga / Kreisoberliga / Regionsoberliga,Bezirksoberliga Frauen Mosel/Eifel-Nahe/Hunsrück,14549,10,3,0,0,3,64,97,-33,0,0.0,,handball.net
687,TUS 09 Drolshagen,KÜS Ruhrgebiet SÜD,KÜS Ruhrgebiet SÜD,8,Bezirksoberliga / Kreisoberliga / Regionsoberliga,KÜS Bezirksliga Südwestfalen,13090,9,1,0,0,1,20,31,-11,0,0.0,,handball.net
688,Lübecker TS,Handball-Erwachsene DER Kreishandballverbände IN Schleswig-Holstein,Handball-Erwachsene DER Kreishandballverbände IN Schleswig-Holstein,8,Bezirksoberliga / Kreisoberliga / Regionsoberliga,Kreisoberliga Frauen Süd,12968,12,4,0,0,4,73,117,-44,0,0.0,,handball.net
689,SV Frielingsdorf,HK Oberberg,HK Oberberg,8,Bezirksoberliga / Kreisoberliga / Regionsoberliga,Regionsoberliga Frauen Gr. A,12958,6,1,0,0,1,17,28,-11,0,0.0,,handball.net
690,SG Handball Ibbenbüren II,Handballkreis Münsterland,Handballkreis Münsterland,8,Bezirksoberliga / Kreisoberliga / Regionsoberliga,Bezirksliga Münsterland Frauen,13225,12,3,0,0,3,72,108,-36,0,0.0,,handball.net
691,HSG Hiesfeld/Aldenrade III,HK Wesel,HK Wesel,8,Bezirksoberliga / Kreisoberliga / Regionsoberliga,Regionsoberliga Frauen · HK Wesel,13064,9,1,0,0,1,18,30,-12,0,0.0,,handball.net
692,VFL Eintracht Hagen 1. Damen,KÜS Ruhrgebiet SÜD,KÜS Ruhrgebiet SÜD,8,Bezirksoberliga / Kreisoberliga / Regionsoberliga,KÜS Bezirksliga Mitte,13089,11,3,0,0,3,57,94,-37,0,0.0,,handball.net
693,MAINZER TV v. 1817,Handballverband Rheinhessen-Pfalz,Handballverband Rheinhessen-Pfalz,8,Bezirksoberliga / Kreisoberliga / Regionsoberliga,F-BOL 1,12484,10,3,0,0,3,55,93,-38,0,0.0,,handball.net
694,Eschweiler SG,HK Aachen-Düren,HK Aachen-Düren,8,Bezirksoberliga / Kreisoberliga / Regionsoberliga,Regionsoberliga (w),14651,6,2,0,0,2,41,67,-26,0,0.0,,handball.net
695,HSV-Troisdorf Damen 2,HK Bonn-Euskirchen-Sieg,HK Bonn-Euskirchen-Sieg,8,Bezirksoberliga / Kreisoberliga / Regionsoberliga,Kreisoberliga Frauen,12900,7,1,0,0,1,18,31,-13,0,0.0,,handball.net
696,HSG Merkstein / Bardenberg IV,HK Aachen-Düren,HK Aachen-Düren,8,Bezirksoberliga / Kreisoberliga / Regionsoberliga,Regionsoberliga (w),14651,7,2,0,0,2,47,75,-28,0,0.0,,handball.net
697,Walddörfer SV,Hamburger Handballverband,Hamburger Handballverband,8,Bezirksoberliga / Kreisoberliga / Regionsoberliga,Bezirksoberliga Frauen Gruppe 3 (233),13432,6,2,0,0,2,37,65,-28,0,0.0,,handball.net
698,SV Teutonia Riemke 3.Damen,KÜS Ruhrgebiet SÜD,KÜS Ruhrgebiet SÜD,8,Bezirksoberliga / Kreisoberliga / Regionsoberliga,KÜS Bezirksliga Industrie,13091,10,2,0,0,2,35,63,-28,0,0.0,,handball.net
699,Rossweiner SV,HR Südwestsachsen,HR Südwestsachsen,8,Bezirksoberliga / Kreisoberliga / Regionsoberliga,ROL Frauen · HR Südwestsachsen,13095,10,4,0,0,4,76,137,-61,0,0.0,,handball.net
700,TV 01 Wattenscheid,KÜS Ruhrgebiet SÜD,KÜS Ruhrgebiet SÜD,8,Bezirksoberliga / Kreisoberliga / Regionsoberliga,KÜS Bezirksliga Industrie,13091,11,3,0,0,3,39,85,-46,0,0.0,,handball.net
701,VFR Übach-Palenberg Handball E.V. I,HK Aachen-Düren,HK Aachen-Düren,8,Bezirksoberliga / Kreisoberliga / Regionsoberliga,Regionsoberliga (w),14651,8,2,0,0,2,42,73,-31,0,0.0,,handball.net
702,TUS Horchheim,Rhein/Westerwald,Rhein/Westerwald,8,Bezirksoberliga / Kreisoberliga / Regionsoberliga,Bezirksoberliga Frauen,14411,5,1,0,0,1,14,30,-16,0,0.0,,handball.net
703,TV DAHN Damen,Handballverband Rheinhessen-Pfalz,Handballverband Rheinhessen-Pfalz,8,Bezirksoberliga / Kreisoberliga / Regionsoberliga,F-BOL 2,12485,9,2,0,0,2,32,66,-34,0,0.0,,handball.net
704,HSG Ostsee Neustadt/Grömitz,Handball-Erwachsene DER Kreishandballverbände IN Schleswig-Holstein,Handball-Erwachsene DER Kreishandballverbände IN Schleswig-Holstein,8,Bezirksoberliga / Kreisoberliga / Regionsoberliga,Kreisoberliga Frauen Süd,12968,11,2,0,0,2,36,74,-38,0,0.0,,handball.net
705,TV Borken III,HK Wesel,HK Wesel,8,Bezirksoberliga / Kreisoberliga / Regionsoberliga,Regionsoberliga Frauen · HK Wesel,13064,10,2,0,0,2,31,69,-38,0,0.0,,handball.net
706,HSV ÜBERRUHR 4.Frauen,HK Essen,HK Essen,8,Bezirksoberliga / Kreisoberliga / Regionsoberliga,Staffel Nord - BEZIRKSOBERLIGA / KREISOBERLIGA / REGIONSOBERLIGA Frauen ( HK Essen),16074,8,2,0,0,2,24,69,-45,0,0.0,,handball.net
707,SG Wilhelmsburg III,Hamburger Handballverband,Hamburger Handballverband,8,Bezirksoberliga / Kreisoberliga / Regionsoberliga,Bezirksoberliga Frauen Gruppe 3 (233),13432,8,2,0,0,2,32,81,-49,0,0.0,,handball.net
708,SV LOK LEIPZIG-Mitte Frauen,HR Leipzig,HR Leipzig,9,Bezirksliga / Kreisliga / Regionsliga,RL Frauen,13117,1,4,4,0,0,157,65,92,8,2.0,,handball.net
709,SG Zweibrücken 2,Handballverband SAAR,Handballverband SAAR,9,Bezirksliga / Kreisliga / Regionsliga,Bezirksliga Frauen,13032,6,1,1,0,0,31,9,22,2,2.0,,handball.net
710,HSG Eider Harde III,Handball-Erwachsene DER Kreishandballverbände IN Schleswig-Holstein,Handball-Erwachsene DER Kreishandballverbände IN Schleswig-Holstein,9,Bezirksliga / Kreisliga / Regionsliga,Kreisliga Frauen - Staffel B,12977,5,1,1,0,0,39,18,21,2,2.0,,handball.net
711,SV Friedrichsfeld,HK Wesel,HK Wesel,9,Bezirksliga / Kreisliga / Regionsliga,Regionsliga Frauen · HK Wesel,13066,2,1,1,0,0,31,10,21,2,2.0,,handball.net
712,HSG Wesel,HK Wesel,HK Wesel,9,Bezirksliga / Kreisliga / Regionsliga,Regionsliga Frauen · HK Wesel,13066,3,1,1,0,0,32,13,19,2,2.0,,handball.net
713,SG Harburg,Hamburger Handballverband,Hamburger Handballverband,9,Bezirksliga / Kreisliga / Regionsliga,Kreisliga Frauen (241),13444,1,2,2,0,0,66,29,37,4,2.0,,handball.net
714,SSV 95 Wissen,Rhein/Westerwald,Rhein/Westerwald,9,Bezirksliga / Kreisliga / Regionsliga,Bezirksliga Frauen · Rhein/Westerwald,14412,1,1,1,0,0,33,15,18,2,2.0,,handball.net
715,Rotation Weissenborn II,HR Südwestsachsen,HR Südwestsachsen,9,Bezirksliga / Kreisliga / Regionsliga,RL Frauen Ost,13097,1,4,4,0,0,130,66,64,8,2.0,,handball.net
716,HSG Ottweiler/Steinbach,Handballverband SAAR,Handballverband SAAR,9,Bezirksliga / Kreisliga / Regionsliga,Bezirksliga Frauen,13032,1,3,3,0,0,89,44,45,6,2.0,,handball.net
717,TV Werne 03 e.V. II,Handballkreis Hellweg,Handballkreis Hellweg,9,Bezirksliga / Kreisliga / Regionsliga,Frauen Kreisliga HKH,12713,3,1,1,0,0,29,14,15,2,2.0,,handball.net
718,SSV Heidenau III,HR Sachsen-Mitte,HR Sachsen-Mitte,9,Bezirksliga / Kreisliga / Regionsliga,RL Frauen St. 2,13105,1,3,3,0,0,102,59,43,6,2.0,,handball.net
719,DIE HAIE I HSG Horst/Kiebitzreihe II,Handball-Erwachsene DER Kreishandballverbände IN Schleswig-Holstein,Handball-Erwachsene DER Kreishandballverbände IN Schleswig-Holstein,9,Bezirksliga / Kreisliga / Regionsliga,Kreisliga Frauen - Staffel E,12980,2,2,2,0,0,58,30,28,4,2.0,,handball.net
720,Poppelsdorfer HV II,HK Bonn-Euskirchen-Sieg,HK Bonn-Euskirchen-Sieg,9,Bezirksliga / Kreisliga / Regionsliga,Kreisliga Frauen,12901,1,1,1,0,0,21,7,14,2,2.0,,handball.net
721,TS Rodalben 2,Handballverband Rheinhessen-Pfalz,Handballverband Rheinhessen-Pfalz,9,Bezirksliga / Kreisliga / Regionsliga,F-BZL 2,12585,2,2,2,0,0,67,40,27,4,2.0,,handball.net
722,TUS V. 1989 Leopoldshöhe,Handballkreis Bielefeld-Herford,Handballkreis Bielefeld-Herford,9,Bezirksliga / Kreisliga / Regionsliga,Frauen Kreisliga,13296,1,2,2,0,0,74,48,26,4,2.0,,handball.net
723,LIT TRIBE 1912 Nordhemmern-Mindenerwald-Holzhausen II III,Handballkreis Minden-Lübbecke,Handballkreis Minden-Lübbecke,9,Bezirksliga / Kreisliga / Regionsliga,HBKML Frauen Kreisliga Minden-Lübbecke,13020,1,2,2,0,0,62,36,26,4,2.0,,handball.net
724,SG Handball Detmold 4,Handballkreis Lippe,Handballkreis Lippe,9,Bezirksliga / Kreisliga / Regionsliga,HBKLIP Kreisliga Frauen,14946,4,1,1,0,0,29,16,13,2,2.0,,handball.net
725,HSG Obergurig-Cunewalde,HR Ostsachsen,HR Ostsachsen,9,Bezirksliga / Kreisliga / Regionsliga,RL Frauen Staffel B,13112,1,2,2,0,0,54,28,26,4,2.0,,handball.net
726,HSG VeRuKa II,HK Rhein-Ruhr,HK Rhein-Ruhr,9,Bezirksliga / Kreisliga / Regionsliga,REGIONSLIGA FRAUEN,13015,3,1,1,0,0,21,8,13,2,2.0,,handball.net
727,TSV Kandel 2,Handballverband Rheinhessen-Pfalz,Handballverband Rheinhessen-Pfalz,9,Bezirksliga / Kreisliga / Regionsliga,F-BZL 2,12585,1,4,4,0,0,119,68,51,8,2.0,,handball.net
728,TUS Leipzig-Mockau III,HR Leipzig,HR Leipzig,9,Bezirksliga / Kreisliga / Regionsliga,RL Frauen,13117,2,4,4,0,0,149,100,49,8,2.0,,handball.net
729,DJK Adler 07 Bottrop II,HK Rhein-Ruhr,HK Rhein-Ruhr,9,Bezirksliga / Kreisliga / Regionsliga,REGIONSLIGA FRAUEN,13015,4,1,1,0,0,30,18,12,2,2.0,,handball.net
730,HSV 1923 Pulsnitz II,HR Ostsachsen,HR Ostsachsen,9,Bezirksliga / Kreisliga / Regionsliga,RL Frauen Staffel A,13111,1,1,1,0,0,17,5,12,2,2.0,,handball.net
731,TV Beckum 1. DAMEN,Handballkreis Hellweg,Handballkreis Hellweg,9,Bezirksliga / Kreisliga / Regionsliga,Frauen Kreisliga HKH,12713,2,2,2,0,0,53,30,23,4,2.0,,handball.net
732,SGH Unna Massen 2,Handballkreis Hellweg,Handballkreis Hellweg,9,Bezirksliga / Kreisliga / Regionsliga,Frauen Kreisliga HKH,12713,1,3,3,0,0,76,42,34,6,2.0,,handball.net
733,SG Heißen-Altendorf,HK Rhein-Ruhr,HK Rhein-Ruhr,9,Bezirksliga / Kreisliga / Regionsliga,REGIONSLIGA FRAUEN,13015,5,1,1,0,0,32,21,11,2,2.0,,handball.net
734,TUS Hartum,Handballkreis Minden-Lübbecke,Handballkreis Minden-Lübbecke,9,Bezirksliga / Kreisliga / Regionsliga,HBKML Frauen Kreisliga Minden-Lübbecke,13020,3,1,1,0,0,30,19,11,2,2.0,,handball.net
735,HSG Sieg D1,HK Bonn-Euskirchen-Sieg,HK Bonn-Euskirchen-Sieg,9,Bezirksliga / Kreisliga / Regionsliga,Kreisliga Frauen,12901,2,1,1,0,0,28,17,11,2,2.0,,handball.net
736,TV Flittard,HK Köln-Rheinberg,HK Köln-Rheinberg,9,Bezirksliga / Kreisliga / Regionsliga,Regionsliga Frauen,14029,1,2,2,0,0,47,26,21,4,2.0,,handball.net
737,Preetzer TSV III,Handball-Erwachsene DER Kreishandballverbände IN Schleswig-Holstein,Handball-Erwachsene DER Kreishandballverbände IN Schleswig-Holstein,9,Bezirksliga / Kreisliga / Regionsliga,Kreisliga Frauen - Staffel D,12979,2,1,1,0,0,36,26,10,2,2.0,,handball.net
738,TUS Eintracht Oberlübbe 2,Handballkreis Minden-Lübbecke,Handballkreis Minden-Lübbecke,9,Bezirksliga / Kreisliga / Regionsliga,HBKML Frauen Kreisliga Minden-Lübbecke,13020,4,1,1,0,0,35,25,10,2,2.0,,handball.net
739,ASC Quierschied 2,Handballverband SAAR,Handballverband SAAR,9,Bezirksliga / Kreisliga / Regionsliga,Bezirksliga Frauen,13032,2,3,3,0,0,92,62,30,6,2.0,,handball.net
740,TSV Travemünde II,Handball-Erwachsene DER Kreishandballverbände IN Schleswig-Holstein,Handball-Erwachsene DER Kreishandballverbände IN Schleswig-Holstein,9,Bezirksliga / Kreisliga / Regionsliga,Kreisliga Frauen - Staffel F,12981,1,3,3,0,0,83,53,30,6,2.0,,handball.net
741,Königsborner SV Handball e.V. III,Handballkreis Hellweg,Handballkreis Hellweg,9,Bezirksliga / Kreisliga / Regionsliga,Frauen Kreisliga HKH,12713,4,1,1,0,0,26,16,10,2,2.0,,handball.net
742,Germania Zwenkau,HR Leipzig,HR Leipzig,9,Bezirksliga / Kreisliga / Regionsliga,RL Frauen,13117,3,4,4,0,0,106,69,37,8,2.0,,handball.net
743,DJK SG Bösperde III,Handballkreis Iserlohn-Arnsberg,Handballkreis Iserlohn-Arnsberg,9,Bezirksliga / Kreisliga / Regionsliga,HKISAR Kreisliga WEST Frauen,13153,1,1,1,0,0,35,26,9,2,2.0,,handball.net
744,TSV Speyer,Handballverband Rheinhessen-Pfalz,Handballverband Rheinhessen-Pfalz,9,Bezirksliga / Kreisliga / Regionsliga,F-BZL 2,12585,3,2,2,0,0,65,47,18,4,2.0,,handball.net
745,HSG Fockbek/Nübbel/Alt Duvenstedt IV,Handball-Erwachsene DER Kreishandballverbände IN Schleswig-Holstein,Handball-Erwachsene DER Kreishandballverbände IN Schleswig-Holstein,9,Bezirksliga / Kreisliga / Regionsliga,Kreisliga Frauen - Staffel B,12977,1,3,3,0,0,92,65,27,6,2.0,,handball.net
746,Moskitos 4,Handballverband SAAR,Handballverband SAAR,9,Bezirksliga / Kreisliga / Regionsliga,Bezirksliga Frauen,13032,4,2,2,0,0,54,36,18,4,2.0,,handball.net
747,SG Hamburg-Nord III,Hamburger Handballverband,Hamburger Handballverband,9,Bezirksliga / Kreisliga / Regionsliga,Kreisliga Frauen (241),13444,2,2,2,0,0,45,27,18,4,2.0,,handball.net
748,HSG Bliesgau,Handballverband SAAR,Handballverband SAAR,9,Bezirksliga / Kreisliga / Regionsliga,Bezirksliga Frauen,13032,3,3,3,0,0,82,56,26,6,2.0,,handball.net
749,SG Handball Steinfurt II,Handballkreis Münsterland,Handballkreis Münsterland,9,Bezirksliga / Kreisliga / Regionsliga,Kreisliga Münsterland Frauen,13228,1,3,3,0,0,95,70,25,6,2.0,,handball.net
750,SG Menden Sauerland Wölfe E.V. II,Handballkreis Iserlohn-Arnsberg,Handballkreis Iserlohn-Arnsberg,9,Bezirksliga / Kreisliga / Regionsliga,HKISAR Kreisliga WEST Frauen,13153,2,1,1,0,0,35,27,8,2,2.0,,handball.net
751,SG Heißen-Altendorf II,HK Rhein-Ruhr,HK Rhein-Ruhr,9,Bezirksliga / Kreisliga / Regionsliga,REGIONSLIGA FRAUEN,13015,1,2,2,0,0,54,38,16,4,2.0,,handball.net
752,Schwarz -Rot Aachen 3,HK Aachen-Düren,HK Aachen-Düren,9,Bezirksliga / Kreisliga / Regionsliga,Regionsliga (w),14648,1,1,1,0,0,27,19,8,2,2.0,,handball.net
753,HV Sundern 1975 E.V.,Handballkreis Iserlohn-Arnsberg,Handballkreis Iserlohn-Arnsberg,9,Bezirksliga / Kreisliga / Regionsliga,HKISAR Kreisliga OST Frauen,13154,1,1,1,0,0,24,16,8,2,2.0,,handball.net
754,ASV Süchteln 2F,HK Krefeld-Grenzland,HK Krefeld-Grenzland,9,Bezirksliga / Kreisliga / Regionsliga,BL Frauen,15408,1,2,2,0,0,61,46,15,4,2.0,,handball.net
755,TSV Schwarz-Rot Schülp,Handball-Erwachsene DER Kreishandballverbände IN Schleswig-Holstein,Handball-Erwachsene DER Kreishandballverbände IN Schleswig-Holstein,9,Bezirksliga / Kreisliga / Regionsliga,Kreisliga Frauen - Staffel B,12977,4,2,2,0,0,58,43,15,4,2.0,,handball.net
756,TSV Schlutup,Handball-Erwachsene DER Kreishandballverbände IN Schleswig-Holstein,Handball-Erwachsene DER Kreishandballverbände IN Schleswig-Holstein,9,Bezirksliga / Kreisliga / Regionsliga,Kreisliga Frauen - Staffel F,12981,3,2,2,0,0,58,44,14,4,2.0,,handball.net
757,SV Warmsen,Handballkreis Minden-Lübbecke,Handballkreis Minden-Lübbecke,9,Bezirksliga / Kreisliga / Regionsliga,HBKML Frauen Kreisliga Minden-Lübbecke,13020,5,1,1,0,0,27,20,7,2,2.0,,handball.net
758,BC 1918 Eslohe E.V.,Handballkreis Iserlohn-Arnsberg,Handballkreis Iserlohn-Arnsberg,9,Bezirksliga / Kreisliga / Regionsliga,HKISAR Kreisliga OST Frauen,13154,2,1,1,0,0,24,17,7,2,2.0,,handball.net
759,HSG am Hallo 2.F,HK Essen,HK Essen,9,Bezirksliga / Kreisliga / Regionsliga,Regionsliga Frauen Gruppe Nord,16922,2,1,1,0,0,21,14,7,2,2.0,,handball.net
760,TSC Wellingsbüttel II,Hamburger Handballverband,Hamburger Handballverband,9,Bezirksliga / Kreisliga / Regionsliga,Kreisliga Frauen (241),13444,3,1,1,0,0,21,14,7,2,2.0,,handball.net
761,HC TV Rhede III,HK Wesel,HK Wesel,9,Bezirksliga / Kreisliga / Regionsliga,Regionsliga Frauen · HK Wesel,13066,1,2,2,0,0,60,47,13,4,2.0,,handball.net
762,SC Riesa II,HR Sachsen-Mitte,HR Sachsen-Mitte,9,Bezirksliga / Kreisliga / Regionsliga,RL Frauen St. 1,13104,2,2,2,0,0,58,45,13,4,2.0,,handball.net
763,HSV Weinböhla III,HR Sachsen-Mitte,HR Sachsen-Mitte,9,Bezirksliga / Kreisliga / Regionsliga,RL Frauen St. 2,13105,2,2,2,0,0,54,41,13,4,2.0,,handball.net
764,SG Ahrbach/Bannberscheid,Rhein/Westerwald,Rhein/Westerwald,9,Bezirksliga / Kreisliga / Regionsliga,Bezirksliga Frauen · Rhein/Westerwald,14412,3,1,1,0,0,32,26,6,2,2.0,,handball.net
765,VFL Schlangen,KÜS Ostwestfalenlippe,KÜS Ostwestfalenlippe,9,Bezirksliga / Kreisliga / Regionsliga,OWL Frauen Bezirksliga Staffel 2,12674,3,1,1,0,0,26,20,6,2,2.0,,handball.net
766,SSK Kerpen II,HK Köln-Rheinberg,HK Köln-Rheinberg,9,Bezirksliga / Kreisliga / Regionsliga,Regionsliga Frauen,14029,2,2,2,0,0,55,44,11,4,2.0,,handball.net
767,HV Oederan,HR Südwestsachsen,HR Südwestsachsen,9,Bezirksliga / Kreisliga / Regionsliga,RL Frauen Ost,13097,2,4,4,0,0,90,68,22,8,2.0,,handball.net
768,Seifhennersdorfer SV,HR Ostsachsen,HR Ostsachsen,9,Bezirksliga / Kreisliga / Regionsliga,RL Frauen Staffel B,13112,2,2,2,0,0,38,27,11,4,2.0,,handball.net
769,S.V. Borussia Darup,Handballkreis Münsterland,Handballkreis Münsterland,9,Bezirksliga / Kreisliga / Regionsliga,Kreisliga Münsterland Frauen,13228,2,2,2,0,0,65,55,10,4,2.0,,handball.net
770,SC Babenhausen II,Handballkreis Bielefeld-Herford,Handballkreis Bielefeld-Herford,9,Bezirksliga / Kreisliga / Regionsliga,Frauen Kreisliga,13296,2,2,2,0,0,59,49,10,4,2.0,,handball.net
771,IF Stjernen Flensborg II,Handball-Erwachsene DER Kreishandballverbände IN Schleswig-Holstein,Handball-Erwachsene DER Kreishandballverbände IN Schleswig-Holstein,9,Bezirksliga / Kreisliga / Regionsliga,Kreisliga Frauen - Staffel A,12976,4,2,2,0,0,49,39,10,4,2.0,,handball.net
772,MTV Ahrensbök,Handball-Erwachsene DER Kreishandballverbände IN Schleswig-Holstein,Handball-Erwachsene DER Kreishandballverbände IN Schleswig-Holstein,9,Bezirksliga / Kreisliga / Regionsliga,Kreisliga Frauen - Staffel D,12979,3,1,1,0,0,19,14,5,2,2.0,,handball.net
773,Solinger TB 2. Damen,HK Essen,HK Essen,9,Bezirksliga / Kreisliga / Regionsliga,Regionsliga Frauen Gruppe Süd (HKEssen),15829,1,3,3,0,0,74,60,14,6,2.0,,handball.net
774,SG Handball Neumünster III,Handball-Erwachsene DER Kreishandballverbände IN Schleswig-Holstein,Handball-Erwachsene DER Kreishandballverbände IN Schleswig-Holstein,9,Bezirksliga / Kreisliga / Regionsliga,Kreisliga Frauen - Staffel C,12978,2,2,2,0,0,60,51,9,4,2.0,,handball.net
775,Selbecker Turnerschaft 1896 E.V. II,KÜS Ruhrgebiet SÜD,KÜS Ruhrgebiet SÜD,9,Bezirksliga / Kreisliga / Regionsliga,KL (DO+HA) - Frauen,12790,1,2,2,0,0,58,49,9,4,2.0,,handball.net
776,SUS 1927 E.V. Olfen,Handballkreis Industrie,Handballkreis Industrie,9,Bezirksliga / Kreisliga / Regionsliga,HKI-W-Kreisliga,13043,1,3,3,0,0,58,45,13,6,2.0,,handball.net
777,VfL Hamm,Rhein/Westerwald,Rhein/Westerwald,9,Bezirksliga / Kreisliga / Regionsliga,Bezirksliga Frauen · Rhein/Westerwald,14412,4,1,1,0,0,29,25,4,2,2.0,,handball.net
778,Ohligser TV 2,HK Essen,HK Essen,9,Bezirksliga / Kreisliga / Regionsliga,Regionsliga Frauen Gruppe Süd (HKEssen),15829,2,2,2,0,0,53,45,8,4,2.0,,handball.net
779,SV Untermosel,Rhein/Westerwald,Rhein/Westerwald,9,Bezirksliga / Kreisliga / Regionsliga,Bezirksliga Frauen · Rhein/Westerwald,14412,5,1,1,0,0,26,22,4,2,2.0,,handball.net
780,Spvg. Hesselteich II,Handballkreis Gütersloh,Handballkreis Gütersloh,9,Bezirksliga / Kreisliga / Regionsliga,HBKGT Frauen Kreisliga,12687,5,1,1,0,0,26,22,4,2,2.0,,handball.net
781,TUS VON 1859 HAMM E.V.,Handballkreis Hellweg,Handballkreis Hellweg,9,Bezirksliga / Kreisliga / Regionsliga,Frauen Kreisliga HKH,12713,5,1,1,0,0,26,22,4,2,2.0,,handball.net
782,TD Lank 3. Damen,HK Krefeld-Grenzland,HK Krefeld-Grenzland,9,Bezirksliga / Kreisliga / Regionsliga,BL Frauen,15408,3,1,1,0,0,25,21,4,2,2.0,,handball.net
783,HSG Hattingen-Sprockhövel,Handballkreis Industrie,Handballkreis Industrie,9,Bezirksliga / Kreisliga / Regionsliga,HKI-W-Kreisliga,13043,3,1,1,0,0,23,19,4,2,2.0,,handball.net
784,HSG Petershagen/Lahde II,KÜS Ostwestfalenlippe,KÜS Ostwestfalenlippe,9,Bezirksliga / Kreisliga / Regionsliga,OWL Frauen Bezirksliga Staffel 1,12673,7,1,1,0,0,23,19,4,2,2.0,,handball.net
785,SG Ruhrtal D2,Handballkreis Iserlohn-Arnsberg,Handballkreis Iserlohn-Arnsberg,9,Bezirksliga / Kreisliga / Regionsliga,HKISAR Kreisliga OST Frauen,13154,3,1,1,0,0,18,14,4,2,2.0,,handball.net
786,HSG Tecklenburger LAND II,Handballkreis Münsterland,Handballkreis Münsterland,9,Bezirksliga / Kreisliga / Regionsliga,Kreisliga Münsterland Frauen,13228,4,1,1,0,0,34,31,3,2,2.0,,handball.net
787,Stolberger SV,HK Aachen-Düren,HK Aachen-Düren,9,Bezirksliga / Kreisliga / Regionsliga,Regionsliga (w),14648,2,1,1,0,0,29,26,3,2,2.0,,handball.net
788,TSV Kaldenkirchen 2F,HK Krefeld-Grenzland,HK Krefeld-Grenzland,9,Bezirksliga / Kreisliga / Regionsliga,BL Frauen,15408,4,1,1,0,0,29,26,3,2,2.0,,handball.net
789,TSG Harsewinkel,KÜS Ostwestfalenlippe,KÜS Ostwestfalenlippe,9,Bezirksliga / Kreisliga / Regionsliga,OWL Frauen Bezirksliga Staffel 2,12674,1,2,2,0,0,52,46,6,4,2.0,,handball.net
790,Berliner SC/SH,Handball-Erwachsene DER Kreishandballverbände IN Schleswig-Holstein,Handball-Erwachsene DER Kreishandballverbände IN Schleswig-Holstein,9,Bezirksliga / Kreisliga / Regionsliga,Kreisliga Frauen - Staffel D,12979,4,1,1,0,0,21,18,3,2,2.0,,handball.net
791,Borussia M'gladbach II,HK Krefeld-Grenzland,HK Krefeld-Grenzland,9,Bezirksliga / Kreisliga / Regionsliga,BL Frauen,15408,5,1,1,0,0,21,18,3,2,2.0,,handball.net
792,HSV Frechen III,HK Köln-Rheinberg,HK Köln-Rheinberg,9,Bezirksliga / Kreisliga / Regionsliga,Regionsliga Frauen,14029,4,1,1,0,0,21,18,3,2,2.0,,handball.net
793,Radeberger SV III,HR Ostsachsen,HR Ostsachsen,9,Bezirksliga / Kreisliga / Regionsliga,RL Frauen Staffel A,13111,2,1,1,0,0,14,11,3,2,2.0,,handball.net
794,TUS Brockhagen II,KÜS Ostwestfalenlippe,KÜS Ostwestfalenlippe,9,Bezirksliga / Kreisliga / Regionsliga,OWL Frauen Bezirksliga Staffel 2,12674,5,1,1,0,0,29,27,2,2,2.0,,handball.net
795,HSG Kalkberg 06 II,Handball-Erwachsene DER Kreishandballverbände IN Schleswig-Holstein,Handball-Erwachsene DER Kreishandballverbände IN Schleswig-Holstein,9,Bezirksliga / Kreisliga / Regionsliga,Kreisliga Frauen - Staffel G,12982,2,1,1,0,0,28,26,2,2,2.0,,handball.net
796,TUS Do-Wellinghofen,KÜS Ruhrgebiet SÜD,KÜS Ruhrgebiet SÜD,9,Bezirksliga / Kreisliga / Regionsliga,KL (DO+HA) - Frauen,12790,3,1,1,0,0,25,23,2,2,2.0,,handball.net
797,TV JAHN Köln-Wahn,HK Köln-Rheinberg,HK Köln-Rheinberg,9,Bezirksliga / Kreisliga / Regionsliga,Regionsliga Frauen,14029,5,1,1,0,0,25,23,2,2,2.0,,handball.net
798,TB Beckhausen,Handballkreis Industrie,Handballkreis Industrie,9,Bezirksliga / Kreisliga / Regionsliga,HKI-W-Kreisliga,13043,4,1,1,0,0,23,21,2,2,2.0,,handball.net
799,TUS St. Hubert,HK Krefeld-Grenzland,HK Krefeld-Grenzland,9,Bezirksliga / Kreisliga / Regionsliga,BL Frauen,15408,6,1,1,0,0,10,8,2,2,2.0,,handball.net
800,HSG EGB Bielefeld,Handballkreis Bielefeld-Herford,Handballkreis Bielefeld-Herford,9,Bezirksliga / Kreisliga / Regionsliga,Frauen Kreisliga,13296,3,2,2,0,0,52,49,3,4,2.0,,handball.net
801,SC Hörstel,Handballkreis Münsterland,Handballkreis Münsterland,9,Bezirksliga / Kreisliga / Regionsliga,Kreisliga Münsterland Frauen,13228,5,1,1,0,0,26,25,1,2,2.0,,handball.net
802,SG Handball Paderborn,KÜS Ostwestfalenlippe,KÜS Ostwestfalenlippe,9,Bezirksliga / Kreisliga / Regionsliga,OWL Frauen Bezirksliga Staffel 2,12674,7,1,1,0,0,25,24,1,2,2.0,,handball.net
803,Eschweiler SG II,HK Aachen-Düren,HK Aachen-Düren,9,Bezirksliga / Kreisliga / Regionsliga,Regionsliga (w),14648,3,1,1,0,0,18,17,1,2,2.0,,handball.net
804,MTV Gelting 08,Handball-Erwachsene DER Kreishandballverbände IN Schleswig-Holstein,Handball-Erwachsene DER Kreishandballverbände IN Schleswig-Holstein,9,Bezirksliga / Kreisliga / Regionsliga,Kreisliga Frauen - Staffel A,12976,1,4,3,1,0,119,103,16,7,1.75,,handball.net
805,"SV ""tanne"" Thalheim",HR Südwestsachsen,HR Südwestsachsen,9,Bezirksliga / Kreisliga / Regionsliga,RL Frauen West,13098,1,4,3,1,0,105,90,15,7,1.75,,handball.net
806,HSG Weisseritztal II,HR Sachsen-Mitte,HR Sachsen-Mitte,9,Bezirksliga / Kreisliga / Regionsliga,RL Frauen St. 1,13104,1,4,3,1,0,90,77,13,7,1.75,,handball.net
807,TSV Altenholz,Handball-Erwachsene DER Kreishandballverbände IN Schleswig-Holstein,Handball-Erwachsene DER Kreishandballverbände IN Schleswig-Holstein,9,Bezirksliga / Kreisliga / Regionsliga,Kreisliga Frauen - Staffel C,12978,1,3,2,1,0,98,68,30,5,1.67,,handball.net
808,TSV Hahlen II,KÜS Ostwestfalenlippe,KÜS Ostwestfalenlippe,9,Bezirksliga / Kreisliga / Regionsliga,OWL Frauen Bezirksliga Staffel 1,12673,1,3,2,1,0,95,66,29,5,1.67,,handball.net
809,TuS Hartenholm,Handball-Erwachsene DER Kreishandballverbände IN Schleswig-Holstein,Handball-Erwachsene DER Kreishandballverbände IN Schleswig-Holstein,9,Bezirksliga / Kreisliga / Regionsliga,Kreisliga Frauen - Staffel E,12980,1,3,2,1,0,84,63,21,5,1.67,,handball.net
810,TSV Hillentrup,Handballkreis Lippe,Handballkreis Lippe,9,Bezirksliga / Kreisliga / Regionsliga,HBKLIP Kreisliga Frauen,14946,1,3,2,1,0,81,69,12,5,1.67,,handball.net
811,HSV Mölkau - DIE HAIE II,HR Leipzig,HR Leipzig,9,Bezirksliga / Kreisliga / Regionsliga,RL Frauen,13117,4,4,3,0,1,115,73,42,6,1.5,,handball.net
812,HCE BAD Oeynhausen,KÜS Ostwestfalenlippe,KÜS Ostwestfalenlippe,9,Bezirksliga / Kreisliga / Regionsliga,OWL Frauen Bezirksliga Staffel 1,12673,6,2,1,1,0,62,42,20,3,1.5,,handball.net
813,Bredstedter TSV II,Handball-Erwachsene DER Kreishandballverbände IN Schleswig-Holstein,Handball-Erwachsene DER Kreishandballverbände IN Schleswig-Holstein,9,Bezirksliga / Kreisliga / Regionsliga,Kreisliga Frauen - Staffel A,12976,2,4,3,0,1,113,94,19,6,1.5,,handball.net
814,SG Husum/Schobüll/Nordstrand,Handball-Erwachsene DER Kreishandballverbände IN Schleswig-Holstein,Handball-Erwachsene DER Kreishandballverbände IN Schleswig-Holstein,9,Bezirksliga / Kreisliga / Regionsliga,Kreisliga Frauen - Staffel A,12976,3,4,3,0,1,115,100,15,6,1.5,,handball.net
815,HV Grüna II,HR Südwestsachsen,HR Südwestsachsen,9,Bezirksliga / Kreisliga / Regionsliga,RL Frauen West,13098,3,2,1,1,0,57,54,3,3,1.5,,handball.net
816,SC Babenhausen,KÜS Ostwestfalenlippe,KÜS Ostwestfalenlippe,9,Bezirksliga / Kreisliga / Regionsliga,OWL Frauen Bezirksliga Staffel 2,12674,2,2,1,1,0,56,54,2,3,1.5,,handball.net
817,HSG Werther/Borgholzhausen II,Handballkreis Gütersloh,Handballkreis Gütersloh,9,Bezirksliga / Kreisliga / Regionsliga,HBKGT Frauen Kreisliga,12687,1,2,1,1,0,39,37,2,3,1.5,,handball.net
818,DJK Styrum 06 II,HK Rhein-Ruhr,HK Rhein-Ruhr,9,Bezirksliga / Kreisliga / Regionsliga,REGIONSLIGA FRAUEN,13015,2,2,1,1,0,37,36,1,3,1.5,,handball.net
819,HSG Schülp/Westerrönfeld/Rendsburg III,Handball-Erwachsene DER Kreishandballverbände IN Schleswig-Holstein,Handball-Erwachsene DER Kreishandballverbände IN Schleswig-Holstein,9,Bezirksliga / Kreisliga / Regionsliga,Kreisliga Frauen - Staffel B,12977,2,3,2,0,1,96,68,28,4,1.33,,handball.net
820,TSV Weddingstedt II,Handball-Erwachsene DER Kreishandballverbände IN Schleswig-Holstein,Handball-Erwachsene DER Kreishandballverbände IN Schleswig-Holstein,9,Bezirksliga / Kreisliga / Regionsliga,Kreisliga Frauen - Staffel B,12977,3,3,2,0,1,99,73,26,4,1.33,,handball.net
821,TUS 09 MÖLLBERGEN e.V. 2,KÜS Ostwestfalenlippe,KÜS Ostwestfalenlippe,9,Bezirksliga / Kreisliga / Regionsliga,OWL Frauen Bezirksliga Staffel 1,12673,2,3,2,0,1,79,57,22,4,1.33,,handball.net
822,ATSV Stockelsdorf IV,Handball-Erwachsene DER Kreishandballverbände IN Schleswig-Holstein,Handball-Erwachsene DER Kreishandballverbände IN Schleswig-Holstein,9,Bezirksliga / Kreisliga / Regionsliga,Kreisliga Frauen - Staffel D,12979,1,3,2,0,1,74,54,20,4,1.33,,handball.net
823,HSG Blomberg-Lippe 3,KÜS Ostwestfalenlippe,KÜS Ostwestfalenlippe,9,Bezirksliga / Kreisliga / Regionsliga,OWL Frauen Bezirksliga Staffel 1,12673,3,3,2,0,1,78,63,15,4,1.33,,handball.net
824,HSV Weinböhla II,HR Sachsen-Mitte,HR Sachsen-Mitte,9,Bezirksliga / Kreisliga / Regionsliga,RL Frauen St. 1,13104,3,3,2,0,1,68,58,10,4,1.33,,handball.net
825,SG Cappel/Grossenmarpe/E.,Handballkreis Lippe,Handballkreis Lippe,9,Bezirksliga / Kreisliga / Regionsliga,HBKLIP Kreisliga Frauen,14946,2,3,1,2,0,75,67,8,4,1.33,,handball.net
826,SG Handball Oberland,HR Südwestsachsen,HR Südwestsachsen,9,Bezirksliga / Kreisliga / Regionsliga,RL Frauen West,13098,2,3,2,0,1,100,93,7,4,1.33,,handball.net
827,HSG Altenbeken/Buke,Handballkreis Lippe,Handballkreis Lippe,9,Bezirksliga / Kreisliga / Regionsliga,HBKLIP Kreisliga Frauen,14946,3,3,2,0,1,88,82,6,4,1.33,,handball.net
828,TSG Altenhagen-Heepen,KÜS Ostwestfalenlippe,KÜS Ostwestfalenlippe,9,Bezirksliga / Kreisliga / Regionsliga,OWL Frauen Bezirksliga Staffel 1,12673,4,3,2,0,1,80,74,6,4,1.33,,handball.net
829,TUS Lübeck VON 1893 III,Handball-Erwachsene DER Kreishandballverbände IN Schleswig-Holstein,Handball-Erwachsene DER Kreishandballverbände IN Schleswig-Holstein,9,Bezirksliga / Kreisliga / Regionsliga,Kreisliga Frauen - Staffel F,12981,4,3,1,2,0,63,57,6,4,1.33,,handball.net
830,TSV Hürup II,Handball-Erwachsene DER Kreishandballverbände IN Schleswig-Holstein,Handball-Erwachsene DER Kreishandballverbände IN Schleswig-Holstein,9,Bezirksliga / Kreisliga / Regionsliga,Kreisliga Frauen - Staffel A,12976,5,3,2,0,1,80,76,4,4,1.33,,handball.net
831,TV Brechten,KÜS Ruhrgebiet SÜD,KÜS Ruhrgebiet SÜD,9,Bezirksliga / Kreisliga / Regionsliga,KL (DO+HA) - Frauen,12790,2,3,2,0,1,61,57,4,4,1.33,,handball.net
832,HSV Minden-Nord,KÜS Ostwestfalenlippe,KÜS Ostwestfalenlippe,9,Bezirksliga / Kreisliga / Regionsliga,OWL Frauen Bezirksliga Staffel 1,12673,5,3,2,0,1,79,76,3,4,1.33,,handball.net
833,SG Bordesholm/Brügge II,Handball-Erwachsene DER Kreishandballverbände IN Schleswig-Holstein,Handball-Erwachsene DER Kreishandballverbände IN Schleswig-Holstein,9,Bezirksliga / Kreisliga / Regionsliga,Kreisliga Frauen - Staffel C,12978,3,3,2,0,1,66,83,-17,4,1.33,,handball.net
834,TSV Travemünde,Handball-Erwachsene DER Kreishandballverbände IN Schleswig-Holstein,Handball-Erwachsene DER Kreishandballverbände IN Schleswig-Holstein,9,Bezirksliga / Kreisliga / Regionsliga,Kreisliga Frauen - Staffel F,12981,2,4,2,1,1,112,92,20,5,1.25,,handball.net
835,TSV Aufderhöhe,HK Essen,HK Essen,9,Bezirksliga / Kreisliga / Regionsliga,Regionsliga Frauen Gruppe Nord,16922,1,2,1,0,1,64,45,19,2,1.0,,handball.net
836,SuS Neuenkirchen 09 II,Handballkreis Münsterland,Handballkreis Münsterland,9,Bezirksliga / Kreisliga / Regionsliga,Kreisliga Münsterland Frauen,13228,3,2,1,0,1,55,43,12,2,1.0,,handball.net
837,HSG Westerwald,Rhein/Westerwald,Rhein/Westerwald,9,Bezirksliga / Kreisliga / Regionsliga,Bezirksliga Frauen · Rhein/Westerwald,14412,2,2,1,0,1,64,53,11,2,1.0,,handball.net
838,Medizin Bad Gottleuba,HR Sachsen-Mitte,HR Sachsen-Mitte,9,Bezirksliga / Kreisliga / Regionsliga,RL Frauen St. 2,13105,3,2,1,0,1,50,39,11,2,1.0,,handball.net
839,HSG Hüllhorst 2,Handballkreis Minden-Lübbecke,Handballkreis Minden-Lübbecke,9,Bezirksliga / Kreisliga / Regionsliga,HBKML Frauen Kreisliga Minden-Lübbecke,13020,2,2,1,0,1,49,38,11,2,1.0,,handball.net
840,HSG Ohlau,Handball-Erwachsene DER Kreishandballverbände IN Schleswig-Holstein,Handball-Erwachsene DER Kreishandballverbände IN Schleswig-Holstein,9,Bezirksliga / Kreisliga / Regionsliga,Kreisliga Frauen - Staffel E,12980,3,2,1,0,1,42,32,10,2,1.0,,handball.net
841,SC NAHE 08,Handball-Erwachsene DER Kreishandballverbände IN Schleswig-Holstein,Handball-Erwachsene DER Kreishandballverbände IN Schleswig-Holstein,9,Bezirksliga / Kreisliga / Regionsliga,Kreisliga Frauen - Staffel G,12982,1,2,1,0,1,55,47,8,2,1.0,,handball.net
842,TUS Ehrenfeld 65 II,HK Köln-Rheinberg,HK Köln-Rheinberg,9,Bezirksliga / Kreisliga / Regionsliga,Regionsliga Frauen,14029,3,2,1,0,1,51,44,7,2,1.0,,handball.net
843,HSG Südtondern,Handball-Erwachsene DER Kreishandballverbände IN Schleswig-Holstein,Handball-Erwachsene DER Kreishandballverbände IN Schleswig-Holstein,9,Bezirksliga / Kreisliga / Regionsliga,Kreisliga Frauen - Staffel A,12976,6,2,1,0,1,49,42,7,2,1.0,,handball.net
844,TUS Ickern 1912 E.V.,Handballkreis Industrie,Handballkreis Industrie,9,Bezirksliga / Kreisliga / Regionsliga,HKI-W-Kreisliga,13043,2,2,1,0,1,44,37,7,2,1.0,,handball.net
845,Roter Stern Leipzig II,HR Leipzig,HR Leipzig,9,Bezirksliga / Kreisliga / Regionsliga,RL Frauen,13117,5,4,2,0,2,111,99,12,4,1.0,,handball.net
846,Bornaer HV 09,HR Leipzig,HR Leipzig,9,Bezirksliga / Kreisliga / Regionsliga,RL Frauen,13117,6,4,2,0,2,89,78,11,4,1.0,,handball.net
847,Suchsdorfer SV III,Handball-Erwachsene DER Kreishandballverbände IN Schleswig-Holstein,Handball-Erwachsene DER Kreishandballverbände IN Schleswig-Holstein,9,Bezirksliga / Kreisliga / Regionsliga,Kreisliga Frauen - Staffel C,12978,4,2,1,0,1,52,47,5,2,1.0,,handball.net
848,Spfr. Loxten II,Handballkreis Gütersloh,Handballkreis Gütersloh,9,Bezirksliga / Kreisliga / Regionsliga,HBKGT Frauen Kreisliga,12687,2,2,1,0,1,51,46,5,2,1.0,,handball.net
849,SPVG Steinhagen III,Handballkreis Gütersloh,Handballkreis Gütersloh,9,Bezirksliga / Kreisliga / Regionsliga,HBKGT Frauen Kreisliga,12687,3,2,1,0,1,49,44,5,2,1.0,,handball.net
850,TV Issum II,HK Wesel,HK Wesel,9,Bezirksliga / Kreisliga / Regionsliga,Regionsliga Frauen · HK Wesel,13066,4,2,1,0,1,45,40,5,2,1.0,,handball.net
851,HSV Alzey 2,Handballverband Rheinhessen-Pfalz,Handballverband Rheinhessen-Pfalz,9,Bezirksliga / Kreisliga / Regionsliga,F-BZL 1,12584,1,2,1,0,1,28,23,5,2,1.0,,handball.net
852,HSG Landau/Land 2,Handballverband Rheinhessen-Pfalz,Handballverband Rheinhessen-Pfalz,9,Bezirksliga / Kreisliga / Regionsliga,F-BZL 2,12585,4,2,1,0,1,59,55,4,2,1.0,,handball.net
853,TV BOISHEIM 1. Damen,HK Krefeld-Grenzland,HK Krefeld-Grenzland,9,Bezirksliga / Kreisliga / Regionsliga,BL Frauen,15408,2,2,1,0,1,53,49,4,2,1.0,,handball.net
854,VFB Torgau,HR Leipzig,HR Leipzig,9,Bezirksliga / Kreisliga / Regionsliga,RL Frauen,13117,7,4,2,0,2,102,94,8,4,1.0,,handball.net
855,TUS Brockhagen III,Handballkreis Gütersloh,Handballkreis Gütersloh,9,Bezirksliga / Kreisliga / Regionsliga,HBKGT Frauen Kreisliga,12687,4,2,1,0,1,47,43,4,2,1.0,,handball.net
856,SG Altona III,Hamburger Handballverband,Hamburger Handballverband,9,Bezirksliga / Kreisliga / Regionsliga,Kreisliga Frauen (241),13444,4,2,1,0,1,44,40,4,2,1.0,,handball.net
857,Fortschritt Mittweida,HR Südwestsachsen,HR Südwestsachsen,9,Bezirksliga / Kreisliga / Regionsliga,RL Frauen Ost,13097,4,2,1,0,1,37,33,4,2,1.0,,handball.net
858,TSV Bocholt II,HK Wesel,HK Wesel,9,Bezirksliga / Kreisliga / Regionsliga,Regionsliga Frauen · HK Wesel,13066,5,2,1,0,1,49,47,2,2,1.0,,handball.net
859,Wald-Merscheider TV II,HK Essen,HK Essen,9,Bezirksliga / Kreisliga / Regionsliga,Regionsliga Frauen Gruppe Süd (HKEssen),15829,3,2,1,0,1,49,47,2,2,1.0,,handball.net
860,HT Sportfreunde Senne,KÜS Ostwestfalenlippe,KÜS Ostwestfalenlippe,9,Bezirksliga / Kreisliga / Regionsliga,OWL Frauen Bezirksliga Staffel 2,12674,4,2,1,0,1,47,45,2,2,1.0,,handball.net
861,DJK Westfalia Hörde,KÜS Ruhrgebiet SÜD,KÜS Ruhrgebiet SÜD,9,Bezirksliga / Kreisliga / Regionsliga,KL (DO+HA) - Frauen,12790,4,2,1,0,1,54,53,1,2,1.0,,handball.net
862,SV Wipperfürth,HK Essen,HK Essen,9,Bezirksliga / Kreisliga / Regionsliga,Regionsliga Frauen Gruppe Süd (HKEssen),15829,4,2,1,0,1,50,49,1,2,1.0,,handball.net
863,SG HSC Chemnitz,HR Südwestsachsen,HR Südwestsachsen,9,Bezirksliga / Kreisliga / Regionsliga,RL Frauen Ost,13097,3,4,2,0,2,80,78,2,4,1.0,,handball.net
864,BORUSSIA M'GLADBACH  Damen,HK Krefeld-Grenzland,HK Krefeld-Grenzland,9,Bezirksliga / Kreisliga / Regionsliga,BL Frauen,15408,7,2,1,0,1,33,32,1,2,1.0,,handball.net
865,Eckernförder MTV,Handball-Erwachsene DER Kreishandballverbände IN Schleswig-Holstein,Handball-Erwachsene DER Kreishandballverbände IN Schleswig-Holstein,9,Bezirksliga / Kreisliga / Regionsliga,Kreisliga Frauen - Staffel C,12978,6,1,0,1,0,31,31,0,1,1.0,,handball.net
866,HSG Handball Lemgo,Handballkreis Lippe,Handballkreis Lippe,9,Bezirksliga / Kreisliga / Regionsliga,HBKLIP Kreisliga Frauen,14946,5,2,1,0,1,59,59,0,2,1.0,,handball.net
867,HSG Südtondern II,Handball-Erwachsene DER Kreishandballverbände IN Schleswig-Holstein,Handball-Erwachsene DER Kreishandballverbände IN Schleswig-Holstein,9,Bezirksliga / Kreisliga / Regionsliga,Kreisliga Frauen - Staffel A,12976,7,2,1,0,1,52,52,0,2,1.0,,handball.net
868,FC Greffen,Handballkreis Gütersloh,Handballkreis Gütersloh,9,Bezirksliga / Kreisliga / Regionsliga,HBKGT Frauen Kreisliga,12687,6,1,0,1,0,23,23,0,1,1.0,,handball.net
869,HSG Kremperheide/Münsterdorf III,Handball-Erwachsene DER Kreishandballverbände IN Schleswig-Holstein,Handball-Erwachsene DER Kreishandballverbände IN Schleswig-Holstein,9,Bezirksliga / Kreisliga / Regionsliga,Kreisliga Frauen - Staffel E,12980,6,1,0,1,0,23,23,0,1,1.0,,handball.net
870,HSG Eiderstedt,Handball-Erwachsene DER Kreishandballverbände IN Schleswig-Holstein,Handball-Erwachsene DER Kreishandballverbände IN Schleswig-Holstein,9,Bezirksliga / Kreisliga / Regionsliga,Kreisliga Frauen - Staffel B,12977,6,2,1,0,1,45,45,0,2,1.0,,handball.net
871,Neusser HV 1f,HK Essen,HK Essen,9,Bezirksliga / Kreisliga / Regionsliga,Regionsliga Frauen Gruppe Nord,16922,3,2,1,0,1,44,44,0,2,1.0,,handball.net
872,HSG FC Schwarzerden - TV Kusel,Handballverband SAAR,Handballverband SAAR,9,Bezirksliga / Kreisliga / Regionsliga,Bezirksliga Frauen,13032,5,4,2,0,2,86,86,0,4,1.0,,handball.net
873,HSG Büchen/Siebeneichen,Handball-Erwachsene DER Kreishandballverbände IN Schleswig-Holstein,Handball-Erwachsene DER Kreishandballverbände IN Schleswig-Holstein,9,Bezirksliga / Kreisliga / Regionsliga,Kreisliga Frauen - Staffel G,12982,4,1,0,1,0,0,0,0,1,1.0,,handball.net
874,SV DJK Grün-Weiß Nottuln,Handballkreis Münsterland,Handballkreis Münsterland,9,Bezirksliga / Kreisliga / Regionsliga,Kreisliga Münsterland Frauen,13228,6,2,1,0,1,55,56,-1,2,1.0,,handball.net
875,SG Raschau-Beierfeld,HR Südwestsachsen,HR Südwestsachsen,9,Bezirksliga / Kreisliga / Regionsliga,RL Frauen West,13098,5,2,1,0,1,54,55,-1,2,1.0,,handball.net
876,HSG Tills Löwen 08 II,Handball-Erwachsene DER Kreishandballverbände IN Schleswig-Holstein,Handball-Erwachsene DER Kreishandballverbände IN Schleswig-Holstein,9,Bezirksliga / Kreisliga / Regionsliga,Kreisliga Frauen - Staffel G,12982,3,2,1,0,1,52,53,-1,2,1.0,,handball.net
877,TV Neheim 1884 e.V. II,Handballkreis Iserlohn-Arnsberg,Handballkreis Iserlohn-Arnsberg,9,Bezirksliga / Kreisliga / Regionsliga,HKISAR Kreisliga OST Frauen,13154,4,2,1,0,1,47,48,-1,2,1.0,,handball.net
878,Wald-Merscheider TV III,HK Essen,HK Essen,9,Bezirksliga / Kreisliga / Regionsliga,Regionsliga Frauen Gruppe Süd (HKEssen),15829,5,2,1,0,1,44,45,-1,2,1.0,,handball.net
879,TSV Wacken,Handball-Erwachsene DER Kreishandballverbände IN Schleswig-Holstein,Handball-Erwachsene DER Kreishandballverbände IN Schleswig-Holstein,9,Bezirksliga / Kreisliga / Regionsliga,Kreisliga Frauen - Staffel E,12980,4,2,1,0,1,49,51,-2,2,1.0,,handball.net
880,TV 1848 Mönchengladbach 1F,HK Krefeld-Grenzland,HK Krefeld-Grenzland,9,Bezirksliga / Kreisliga / Regionsliga,BL Frauen,15408,8,2,1,0,1,37,39,-2,2,1.0,,handball.net
881,VSK Niederfeld,Handballverband Rheinhessen-Pfalz,Handballverband Rheinhessen-Pfalz,9,Bezirksliga / Kreisliga / Regionsliga,F-BZL 1,12584,2,2,1,0,1,18,20,-2,2,1.0,,handball.net
882,HV Böhlen,HR Leipzig,HR Leipzig,9,Bezirksliga / Kreisliga / Regionsliga,RL Frauen,13117,8,4,2,0,2,97,103,-6,4,1.0,,handball.net
883,SC Kieler Förde II,Handball-Erwachsene DER Kreishandballverbände IN Schleswig-Holstein,Handball-Erwachsene DER Kreishandballverbände IN Schleswig-Holstein,9,Bezirksliga / Kreisliga / Regionsliga,Kreisliga Frauen - Staffel C,12978,5,2,1,0,1,46,49,-3,2,1.0,,handball.net
884,FSG Selz-Wiesbach 2,Handballverband Rheinhessen-Pfalz,Handballverband Rheinhessen-Pfalz,9,Bezirksliga / Kreisliga / Regionsliga,F-BZL 1,12584,3,2,1,0,1,42,45,-3,2,1.0,,handball.net
885,DJK Unitas HAAN E.V. III,HK Essen,HK Essen,9,Bezirksliga / Kreisliga / Regionsliga,Regionsliga Frauen Gruppe Süd (HKEssen),15829,6,2,1,0,1,40,43,-3,2,1.0,,handball.net
886,SGS Augustdorf-Hövelhof,Handballkreis Lippe,Handballkreis Lippe,9,Bezirksliga / Kreisliga / Regionsliga,HBKLIP Kreisliga Frauen,14946,6,2,1,0,1,57,61,-4,2,1.0,,handball.net
887,SC Buntekuh Lübeck,Handball-Erwachsene DER Kreishandballverbände IN Schleswig-Holstein,Handball-Erwachsene DER Kreishandballverbände IN Schleswig-Holstein,9,Bezirksliga / Kreisliga / Regionsliga,Kreisliga Frauen - Staffel F,12981,6,2,1,0,1,49,53,-4,2,1.0,,handball.net
888,DJK Oespel-Kley Frauen 3,KÜS Ruhrgebiet SÜD,KÜS Ruhrgebiet SÜD,9,Bezirksliga / Kreisliga / Regionsliga,KL (DO+HA) - Frauen,12790,6,2,1,0,1,44,48,-4,2,1.0,,handball.net
889,TV Witzhelden III,HK Essen,HK Essen,9,Bezirksliga / Kreisliga / Regionsliga,Regionsliga Frauen Gruppe Süd (HKEssen),15829,7,2,1,0,1,44,48,-4,2,1.0,,handball.net
890,HSV Herbede,Handballkreis Industrie,Handballkreis Industrie,9,Bezirksliga / Kreisliga / Regionsliga,HKI-W-Kreisliga,13043,5,2,1,0,1,36,40,-4,2,1.0,,handball.net
891,HSG Löhne-Obernbeck,Handballkreis Bielefeld-Herford,Handballkreis Bielefeld-Herford,9,Bezirksliga / Kreisliga / Regionsliga,Frauen Kreisliga,13296,4,2,1,0,1,56,62,-6,2,1.0,,handball.net
892,TUS Westfalia Vlotho-Uffeln,Handballkreis Minden-Lübbecke,Handballkreis Minden-Lübbecke,9,Bezirksliga / Kreisliga / Regionsliga,HBKML Frauen Kreisliga Minden-Lübbecke,13020,6,2,1,0,1,43,49,-6,2,1.0,,handball.net
893,HSG Lübecker Bucht,Handball-Erwachsene DER Kreishandballverbände IN Schleswig-Holstein,Handball-Erwachsene DER Kreishandballverbände IN Schleswig-Holstein,9,Bezirksliga / Kreisliga / Regionsliga,Kreisliga Frauen - Staffel F,12981,5,4,1,2,1,90,106,-16,4,1.0,,handball.net
894,TS Schenefeld,Handball-Erwachsene DER Kreishandballverbände IN Schleswig-Holstein,Handball-Erwachsene DER Kreishandballverbände IN Schleswig-Holstein,9,Bezirksliga / Kreisliga / Regionsliga,Kreisliga Frauen - Staffel E,12980,5,2,1,0,1,39,47,-8,2,1.0,,handball.net
895,TSG Altenhagen-Heepen II,Handballkreis Bielefeld-Herford,Handballkreis Bielefeld-Herford,9,Bezirksliga / Kreisliga / Regionsliga,Frauen Kreisliga,13296,5,2,1,0,1,44,53,-9,2,1.0,,handball.net
896,HSG EURO 2,Handballkreis Minden-Lübbecke,Handballkreis Minden-Lübbecke,9,Bezirksliga / Kreisliga / Regionsliga,HBKML Frauen Kreisliga Minden-Lübbecke,13020,7,2,1,0,1,41,50,-9,2,1.0,,handball.net
897,HSG Porta 1,Handballkreis Minden-Lübbecke,Handballkreis Minden-Lübbecke,9,Bezirksliga / Kreisliga / Regionsliga,HBKML Frauen Kreisliga Minden-Lübbecke,13020,8,2,1,0,1,42,52,-10,2,1.0,,handball.net
898,BSV Roxel II,Handballkreis Münsterland,Handballkreis Münsterland,9,Bezirksliga / Kreisliga / Regionsliga,Kreisliga Münsterland Frauen,13228,7,2,1,0,1,41,51,-10,2,1.0,,handball.net
899,Altona 93,Hamburger Handballverband,Hamburger Handballverband,9,Bezirksliga / Kreisliga / Regionsliga,Kreisliga Frauen (241),13444,6,2,1,0,1,40,54,-14,2,1.0,,handball.net
900,BSV Limbach-O. II,HR Südwestsachsen,HR Südwestsachsen,9,Bezirksliga / Kreisliga / Regionsliga,RL Frauen West,13098,4,3,1,0,2,75,72,3,2,0.67,,handball.net
901,LOK Wurzen II,HR Südwestsachsen,HR Südwestsachsen,9,Bezirksliga / Kreisliga / Regionsliga,RL Frauen Ost,13097,5,3,1,0,2,74,72,2,2,0.67,,handball.net
902,Spfr. Loxten,KÜS Ostwestfalenlippe,KÜS Ostwestfalenlippe,9,Bezirksliga / Kreisliga / Regionsliga,OWL Frauen Bezirksliga Staffel 2,12674,6,3,1,0,2,78,77,1,2,0.67,,handball.net
903,DJK Ewaldi Aplerbeck F,KÜS Ruhrgebiet SÜD,KÜS Ruhrgebiet SÜD,9,Bezirksliga / Kreisliga / Regionsliga,KL (DO+HA) - Frauen,12790,5,3,1,0,2,70,73,-3,2,0.67,,handball.net
904,TSV Penig,HR Südwestsachsen,HR Südwestsachsen,9,Bezirksliga / Kreisliga / Regionsliga,RL Frauen Ost,13097,6,3,1,0,2,63,66,-3,2,0.67,,handball.net
905,VFL BAD Schwartau II,Handball-Erwachsene DER Kreishandballverbände IN Schleswig-Holstein,Handball-Erwachsene DER Kreishandballverbände IN Schleswig-Holstein,9,Bezirksliga / Kreisliga / Regionsliga,Kreisliga Frauen - Staffel F,12981,7,3,1,0,2,76,86,-10,2,0.67,,handball.net
906,VFL Gladbeck 1921 E.V. II,Handballkreis Industrie,Handballkreis Industrie,9,Bezirksliga / Kreisliga / Regionsliga,HKI-W-Kreisliga,13043,6,3,1,0,2,59,69,-10,2,0.67,,handball.net
907,HVE Villigst-Ergste III,Handballkreis Iserlohn-Arnsberg,Handballkreis Iserlohn-Arnsberg,9,Bezirksliga / Kreisliga / Regionsliga,HKISAR Kreisliga WEST Frauen,13153,3,3,1,0,2,82,94,-12,2,0.67,,handball.net
908,Niendorfer TSV,Hamburger Handballverband,Hamburger Handballverband,9,Bezirksliga / Kreisliga / Regionsliga,Kreisliga Frauen (241),13444,5,3,1,0,2,48,61,-13,2,0.67,,handball.net
909,TUSPO Meißen,KÜS Ostwestfalenlippe,KÜS Ostwestfalenlippe,9,Bezirksliga / Kreisliga / Regionsliga,OWL Frauen Bezirksliga Staffel 1,12673,8,3,1,0,2,72,96,-24,2,0.67,,handball.net
910,HG Itzenplitz,Handballverband SAAR,Handballverband SAAR,9,Bezirksliga / Kreisliga / Regionsliga,Bezirksliga Frauen,13032,8,3,1,0,2,50,82,-32,2,0.67,,handball.net
911,TuS Aumühle-Wohltorf II,Handball-Erwachsene DER Kreishandballverbände IN Schleswig-Holstein,Handball-Erwachsene DER Kreishandballverbände IN Schleswig-Holstein,9,Bezirksliga / Kreisliga / Regionsliga,Kreisliga Frauen - Staffel G,12982,5,2,0,1,1,23,24,-1,1,0.5,,handball.net
912,TV Horn-Bad Meinberg,Handballkreis Lippe,Handballkreis Lippe,9,Bezirksliga / Kreisliga / Regionsliga,HBKLIP Kreisliga Frauen,14946,7,2,0,1,1,46,50,-4,1,0.5,,handball.net
913,DHK Flensborg II,Handball-Erwachsene DER Kreishandballverbände IN Schleswig-Holstein,Handball-Erwachsene DER Kreishandballverbände IN Schleswig-Holstein,9,Bezirksliga / Kreisliga / Regionsliga,Kreisliga Frauen - Staffel A,12976,9,2,0,1,1,43,47,-4,1,0.5,,handball.net
914,Radebeuler HV II,HR Sachsen-Mitte,HR Sachsen-Mitte,9,Bezirksliga / Kreisliga / Regionsliga,RL Frauen St. 1,13104,4,2,0,1,1,41,45,-4,1,0.5,,handball.net
915,Falken (f),Handballverband SAAR,Handballverband SAAR,9,Bezirksliga / Kreisliga / Regionsliga,Bezirksliga Frauen,13032,7,4,0,2,2,68,80,-12,2,0.5,,handball.net
916,Burgstädter HC II,HR Südwestsachsen,HR Südwestsachsen,9,Bezirksliga / Kreisliga / Regionsliga,RL Frauen Ost,13097,7,4,1,0,3,81,96,-15,2,0.5,,handball.net
917,TG Hörste II,Handballkreis Gütersloh,Handballkreis Gütersloh,9,Bezirksliga / Kreisliga / Regionsliga,HBKGT Frauen Kreisliga,12687,7,2,0,1,1,34,43,-9,1,0.5,,handball.net
918,HFF Munkbrarup II,Handball-Erwachsene DER Kreishandballverbände IN Schleswig-Holstein,Handball-Erwachsene DER Kreishandballverbände IN Schleswig-Holstein,9,Bezirksliga / Kreisliga / Regionsliga,Kreisliga Frauen - Staffel A,12976,8,4,1,0,3,108,129,-21,2,0.5,,handball.net
919,DJK TURA 05 Dümpten III,HK Rhein-Ruhr,HK Rhein-Ruhr,9,Bezirksliga / Kreisliga / Regionsliga,REGIONSLIGA FRAUEN,13015,6,2,0,1,1,41,54,-13,1,0.5,,handball.net
920,VfL Waldheim 54 e.V.,HR Leipzig,HR Leipzig,9,Bezirksliga / Kreisliga / Regionsliga,RL Frauen,13117,9,4,1,0,3,90,127,-37,2,0.5,,handball.net
921,HSG Rietberg-Mastholte,KÜS Ostwestfalenlippe,KÜS Ostwestfalenlippe,9,Bezirksliga / Kreisliga / Regionsliga,OWL Frauen Bezirksliga Staffel 2,12674,8,3,0,1,2,68,80,-12,1,0.33,,handball.net
922,HSG Tva/Atsv Saarbrücken 3,Handballverband SAAR,Handballverband SAAR,9,Bezirksliga / Kreisliga / Regionsliga,Bezirksliga Frauen,13032,9,3,0,1,2,64,83,-19,1,0.33,,handball.net
923,HSG TV Birkenfeld/Nohfelden-Tus Schwarzenbach 2,Handballverband SAAR,Handballverband SAAR,9,Bezirksliga / Kreisliga / Regionsliga,Bezirksliga Frauen,13032,10,3,0,1,2,56,82,-26,1,0.33,,handball.net
924,1. HC Quickborn,Hamburger Handballverband,Hamburger Handballverband,9,Bezirksliga / Kreisliga / Regionsliga,Kreisliga Frauen (241),13444,7,0,0,0,0,0,0,0,0,0.0,,handball.net
925,Damen 2,HK Bonn-Euskirchen-Sieg,HK Bonn-Euskirchen-Sieg,9,Bezirksliga / Kreisliga / Regionsliga,Kreisliga Frauen,12901,3,0,0,0,0,0,0,0,0,0.0,,handball.net
926,Ellerbeker TV,Handball-Erwachsene DER Kreishandballverbände IN Schleswig-Holstein,Handball-Erwachsene DER Kreishandballverbände IN Schleswig-Holstein,9,Bezirksliga / Kreisliga / Regionsliga,Kreisliga Frauen - Staffel D,12979,5,0,0,0,0,0,0,0,0,0.0,,handball.net
927,Fortuna Düsseldorf 1895 E.V. 3f,HK Essen,HK Essen,9,Bezirksliga / Kreisliga / Regionsliga,Regionsliga Frauen Gruppe Nord,16922,4,0,0,0,0,0,0,0,0,0.0,,handball.net
928,Godesberger TV,HK Bonn-Euskirchen-Sieg,HK Bonn-Euskirchen-Sieg,9,Bezirksliga / Kreisliga / Regionsliga,Kreisliga Frauen,12901,4,0,0,0,0,0,0,0,0,0.0,,handball.net
929,HR Göllheim/Eisenberg/Asselheim/Kindenheim,Handballverband Rheinhessen-Pfalz,Handballverband Rheinhessen-Pfalz,9,Bezirksliga / Kreisliga / Regionsliga,F-BZL 1,12584,4,0,0,0,0,0,0,0,0,0.0,,handball.net
930,HSG Büchen/Siebeneichen II,Handball-Erwachsene DER Kreishandballverbände IN Schleswig-Holstein,Handball-Erwachsene DER Kreishandballverbände IN Schleswig-Holstein,9,Bezirksliga / Kreisliga / Regionsliga,Kreisliga Frauen - Staffel G,12982,6,0,0,0,0,0,0,0,0,0.0,,handball.net
931,HSG Eckbachtal 2,Handballverband Rheinhessen-Pfalz,Handballverband Rheinhessen-Pfalz,9,Bezirksliga / Kreisliga / Regionsliga,F-BZL 1,12584,5,0,0,0,0,0,0,0,0,0.0,,handball.net
932,HSG Geislar-Oberkassel II,HK Bonn-Euskirchen-Sieg,HK Bonn-Euskirchen-Sieg,9,Bezirksliga / Kreisliga / Regionsliga,Kreisliga Frauen,12901,5,0,0,0,0,0,0,0,0,0.0,,handball.net
933,HSG Nahe-Glan 2,Handballverband Rheinhessen-Pfalz,Handballverband Rheinhessen-Pfalz,9,Bezirksliga / Kreisliga / Regionsliga,F-BZL 1,12584,6,0,0,0,0,0,0,0,0,0.0,,handball.net
934,HSG Schwerte Westhofen 2.D,Handballkreis Iserlohn-Arnsberg,Handballkreis Iserlohn-Arnsberg,9,Bezirksliga / Kreisliga / Regionsliga,HKISAR Kreisliga WEST Frauen,13153,4,0,0,0,0,0,0,0,0,0.0,,handball.net
935,HSG Wesel II,HK Wesel,HK Wesel,9,Bezirksliga / Kreisliga / Regionsliga,Regionsliga Frauen · HK Wesel,13066,6,0,0,0,0,0,0,0,0,0.0,,handball.net
936,HSV Rhein-Nette,Rhein/Westerwald,Rhein/Westerwald,9,Bezirksliga / Kreisliga / Regionsliga,Bezirksliga Frauen · Rhein/Westerwald,14412,6,0,0,0,0,0,0,0,0,0.0,,handball.net
937,Hammer SC 2008 E.V. II,Handballkreis Hellweg,Handballkreis Hellweg,9,Bezirksliga / Kreisliga / Regionsliga,Frauen Kreisliga HKH,12713,6,0,0,0,0,0,0,0,0,0.0,,handball.net
938,Herzebrocker SV,KÜS Ostwestfalenlippe,KÜS Ostwestfalenlippe,9,Bezirksliga / Kreisliga / Regionsliga,OWL Frauen Bezirksliga Staffel 2,12674,9,0,0,0,0,0,0,0,0,0.0,,handball.net
939,Lüner SV Handball 3,KÜS Ruhrgebiet SÜD,KÜS Ruhrgebiet SÜD,9,Bezirksliga / Kreisliga / Regionsliga,KL (DO+HA) - Frauen,12790,7,0,0,0,0,0,0,0,0,0.0,,handball.net
940,Meerbuscher HV 1f,HK Essen,HK Essen,9,Bezirksliga / Kreisliga / Regionsliga,Regionsliga Frauen Gruppe Nord,16922,5,0,0,0,0,0,0,0,0,0.0,,handball.net
941,SG Evingsen-Ihmert,Handballkreis Iserlohn-Arnsberg,Handballkreis Iserlohn-Arnsberg,9,Bezirksliga / Kreisliga / Regionsliga,HKISAR Kreisliga WEST Frauen,13153,5,0,0,0,0,0,0,0,0,0.0,,handball.net
942,SG Unterrath 1f,HK Essen,HK Essen,9,Bezirksliga / Kreisliga / Regionsliga,Regionsliga Frauen Gruppe Nord,16922,6,0,0,0,0,0,0,0,0,0.0,,handball.net
943,SV BLAU Weiss Dingden II,HK Wesel,HK Wesel,9,Bezirksliga / Kreisliga / Regionsliga,Regionsliga Frauen · HK Wesel,13066,7,0,0,0,0,0,0,0,0,0.0,,handball.net
944,SV Eilendorf II,HK Aachen-Düren,HK Aachen-Düren,9,Bezirksliga / Kreisliga / Regionsliga,Regionsliga (w),14648,4,0,0,0,0,0,0,0,0,0.0,,handball.net
945,TSG Hohenhausen,Handballkreis Lippe,Handballkreis Lippe,9,Bezirksliga / Kreisliga / Regionsliga,HBKLIP Kreisliga Frauen,14946,8,0,0,0,0,0,0,0,0,0.0,,handball.net
946,TSV NORF 1f,HK Essen,HK Essen,9,Bezirksliga / Kreisliga / Regionsliga,Regionsliga Frauen Gruppe Nord,16922,7,0,0,0,0,0,0,0,0,0.0,,handball.net
947,TSV Schloss Neuhaus,Handballkreis Lippe,Handballkreis Lippe,9,Bezirksliga / Kreisliga / Regionsliga,HBKLIP Kreisliga Frauen,14946,9,0,0,0,0,0,0,0,0,0.0,,handball.net
948,TSV Schwarzenbek II,Handball-Erwachsene DER Kreishandballverbände IN Schleswig-Holstein,Handball-Erwachsene DER Kreishandballverbände IN Schleswig-Holstein,9,Bezirksliga / Kreisliga / Regionsliga,Kreisliga Frauen - Staffel G,12982,7,0,0,0,0,0,0,0,0,0.0,,handball.net
949,TUS 06 Westf. Eiche Anröchte E.V.,Handballkreis Hellweg,Handballkreis Hellweg,9,Bezirksliga / Kreisliga / Regionsliga,Frauen Kreisliga HKH,12713,7,0,0,0,0,0,0,0,0,0.0,,handball.net
950,TUS Xanten,HK Wesel,HK Wesel,9,Bezirksliga / Kreisliga / Regionsliga,Regionsliga Frauen · HK Wesel,13066,8,0,0,0,0,0,0,0,0,0.0,,handball.net
951,TV Alzey,Handballverband Rheinhessen-Pfalz,Handballverband Rheinhessen-Pfalz,9,Bezirksliga / Kreisliga / Regionsliga,F-BZL 1,12584,7,0,0,0,0,0,0,0,0,0.0,,handball.net
952,TV Westfalia Halingen E.V.,Handballkreis Iserlohn-Arnsberg,Handballkreis Iserlohn-Arnsberg,9,Bezirksliga / Kreisliga / Regionsliga,HKISAR Kreisliga WEST Frauen,13153,6,0,0,0,0,0,0,0,0,0.0,,handball.net
953,Uedemer TUS,HK Wesel,HK Wesel,9,Bezirksliga / Kreisliga / Regionsliga,Regionsliga Frauen · HK Wesel,13066,9,0,0,0,0,0,0,0,0,0.0,,handball.net
954,VFB Lübeck,Handball-Erwachsene DER Kreishandballverbände IN Schleswig-Holstein,Handball-Erwachsene DER Kreishandballverbände IN Schleswig-Holstein,9,Bezirksliga / Kreisliga / Regionsliga,Kreisliga Frauen - Staffel F,12981,8,0,0,0,0,0,0,0,0,0.0,,handball.net
955,VFL Geesthacht II,Handball-Erwachsene DER Kreishandballverbände IN Schleswig-Holstein,Handball-Erwachsene DER Kreishandballverbände IN Schleswig-Holstein,9,Bezirksliga / Kreisliga / Regionsliga,Kreisliga Frauen - Staffel G,12982,8,0,0,0,0,0,0,0,0,0.0,,handball.net
956,Wiedenbrücker TV II,Handballkreis Gütersloh,Handballkreis Gütersloh,9,Bezirksliga / Kreisliga / Regionsliga,HBKGT Frauen Kreisliga,12687,8,0,0,0,0,0,0,0,0,0.0,,handball.net
957,SPVG Steinhagen II,KÜS Ostwestfalenlippe,KÜS Ostwestfalenlippe,9,Bezirksliga / Kreisliga / Regionsliga,OWL Frauen Bezirksliga Staffel 2,12674,10,1,0,0,1,29,30,-1,0,0.0,,handball.net
958,HSG Hüllhorst,KÜS Ostwestfalenlippe,KÜS Ostwestfalenlippe,9,Bezirksliga / Kreisliga / Regionsliga,OWL Frauen Bezirksliga Staffel 1,12673,9,1,0,0,1,25,26,-1,0,0.0,,handball.net
959,MTV Dänischenhagen III,Handball-Erwachsene DER Kreishandballverbände IN Schleswig-Holstein,Handball-Erwachsene DER Kreishandballverbände IN Schleswig-Holstein,9,Bezirksliga / Kreisliga / Regionsliga,Kreisliga Frauen - Staffel C,12978,7,1,0,0,1,23,24,-1,0,0.0,,handball.net
960,ATV Dorstfeld 2,KÜS Ruhrgebiet SÜD,KÜS Ruhrgebiet SÜD,9,Bezirksliga / Kreisliga / Regionsliga,KL (DO+HA) - Frauen,12790,8,1,0,0,1,17,18,-1,0,0.0,,handball.net
961,ETUS Wedau,HK Rhein-Ruhr,HK Rhein-Ruhr,9,Bezirksliga / Kreisliga / Regionsliga,REGIONSLIGA FRAUEN,13015,7,1,0,0,1,16,17,-1,0,0.0,,handball.net
962,SG Neuenkirchen/Varensell,KÜS Ostwestfalenlippe,KÜS Ostwestfalenlippe,9,Bezirksliga / Kreisliga / Regionsliga,OWL Frauen Bezirksliga Staffel 2,12674,11,1,0,0,1,27,29,-2,0,0.0,,handball.net
963,TuS 97 Bielefeld/Jöllenbeck III,Handballkreis Bielefeld-Herford,Handballkreis Bielefeld-Herford,9,Bezirksliga / Kreisliga / Regionsliga,Frauen Kreisliga,13296,6,2,0,0,2,47,51,-4,0,0.0,,handball.net
964,BTB Aachen III,HK Aachen-Düren,HK Aachen-Düren,9,Bezirksliga / Kreisliga / Regionsliga,Regionsliga (w),14648,5,2,0,0,2,43,47,-4,0,0.0,,handball.net
965,SG QU ISS,Handballkreis Gütersloh,Handballkreis Gütersloh,9,Bezirksliga / Kreisliga / Regionsliga,HBKGT Frauen Kreisliga,12687,9,1,0,0,1,21,23,-2,0,0.0,,handball.net
966,Bochumer HC II,Handballkreis Industrie,Handballkreis Industrie,9,Bezirksliga / Kreisliga / Regionsliga,HKI-W-Kreisliga,13043,8,3,0,0,3,58,65,-7,0,0.0,,handball.net
967,VFL Herford II,Handballkreis Bielefeld-Herford,Handballkreis Bielefeld-Herford,9,Bezirksliga / Kreisliga / Regionsliga,Frauen Kreisliga,13296,7,2,0,0,2,48,53,-5,0,0.0,,handball.net
968,TUS SW WEHE 2,Handballkreis Minden-Lübbecke,Handballkreis Minden-Lübbecke,9,Bezirksliga / Kreisliga / Regionsliga,HBKML Frauen Kreisliga Minden-Lübbecke,13020,9,2,0,0,2,42,47,-5,0,0.0,,handball.net
969,SG Handball Detmold 3,Handballkreis Lippe,Handballkreis Lippe,9,Bezirksliga / Kreisliga / Regionsliga,HBKLIP Kreisliga Frauen,14946,10,1,0,0,1,27,30,-3,0,0.0,,handball.net
970,TG RE Schwelm,KÜS Ruhrgebiet SÜD,KÜS Ruhrgebiet SÜD,9,Bezirksliga / Kreisliga / Regionsliga,KL (DO+HA) - Frauen,12790,9,1,0,0,1,24,27,-3,0,0.0,,handball.net
971,FC Vorwärts Wettringen III,Handballkreis Münsterland,Handballkreis Münsterland,9,Bezirksliga / Kreisliga / Regionsliga,Kreisliga Münsterland Frauen,13228,8,2,0,0,2,45,51,-6,0,0.0,,handball.net
972,Remscheider TV,HK Essen,HK Essen,9,Bezirksliga / Kreisliga / Regionsliga,Regionsliga Frauen Gruppe Süd (HKEssen),15829,9,3,0,0,3,65,74,-9,0,0.0,,handball.net
973,Blau-Weiss Gröditz,HR Sachsen-Mitte,HR Sachsen-Mitte,9,Bezirksliga / Kreisliga / Regionsliga,RL Frauen St. 1,13104,5,2,0,0,2,38,44,-6,0,0.0,,handball.net
974,RSV Rath-Heumar,HK Köln-Rheinberg,HK Köln-Rheinberg,9,Bezirksliga / Kreisliga / Regionsliga,Regionsliga Frauen,14029,6,1,0,0,1,18,21,-3,0,0.0,,handball.net
975,Raisdorfer TSV,Handball-Erwachsene DER Kreishandballverbände IN Schleswig-Holstein,Handball-Erwachsene DER Kreishandballverbände IN Schleswig-Holstein,9,Bezirksliga / Kreisliga / Regionsliga,Kreisliga Frauen - Staffel D,12979,6,1,0,0,1,18,21,-3,0,0.0,,handball.net
976,Spfr. Hamborn 07,HK Rhein-Ruhr,HK Rhein-Ruhr,9,Bezirksliga / Kreisliga / Regionsliga,REGIONSLIGA FRAUEN,13015,8,1,0,0,1,17,20,-3,0,0.0,,handball.net
977,HG KAARST / BÜTTGEN II.  Damen,HK Krefeld-Grenzland,HK Krefeld-Grenzland,9,Bezirksliga / Kreisliga / Regionsliga,BL Frauen,15408,9,2,0,0,2,35,42,-7,0,0.0,,handball.net
978,HV Schwarz Weiss Sohland II,HR Ostsachsen,HR Ostsachsen,9,Bezirksliga / Kreisliga / Regionsliga,RL Frauen Staffel B,13112,3,2,0,0,2,27,34,-7,0,0.0,,handball.net
979,SC DJK Everswinkel e.V.,Handballkreis Münsterland,Handballkreis Münsterland,9,Bezirksliga / Kreisliga / Regionsliga,Kreisliga Münsterland Frauen,13228,10,2,0,0,2,56,64,-8,0,0.0,,handball.net
980,ATSV Stockelsdorf III,Handball-Erwachsene DER Kreishandballverbände IN Schleswig-Holstein,Handball-Erwachsene DER Kreishandballverbände IN Schleswig-Holstein,9,Bezirksliga / Kreisliga / Regionsliga,Kreisliga Frauen - Staffel F,12981,9,2,0,0,2,38,46,-8,0,0.0,,handball.net
981,Wermelskirchener TV III,HK Essen,HK Essen,9,Bezirksliga / Kreisliga / Regionsliga,Regionsliga Frauen Gruppe Süd (HKEssen),15829,8,2,0,0,2,37,45,-8,0,0.0,,handball.net
982,VFS 59 Warstein E.V.,Handballkreis Iserlohn-Arnsberg,Handballkreis Iserlohn-Arnsberg,9,Bezirksliga / Kreisliga / Regionsliga,HKISAR Kreisliga OST Frauen,13154,5,1,0,0,1,14,18,-4,0,0.0,,handball.net
983,FT Adler KIEL,Handball-Erwachsene DER Kreishandballverbände IN Schleswig-Holstein,Handball-Erwachsene DER Kreishandballverbände IN Schleswig-Holstein,9,Bezirksliga / Kreisliga / Regionsliga,Kreisliga Frauen - Staffel C,12978,10,2,0,0,2,42,51,-9,0,0.0,,handball.net
984,Lübecker TS II,Handball-Erwachsene DER Kreishandballverbände IN Schleswig-Holstein,Handball-Erwachsene DER Kreishandballverbände IN Schleswig-Holstein,9,Bezirksliga / Kreisliga / Regionsliga,Kreisliga Frauen - Staffel F,12981,10,2,0,0,2,51,61,-10,0,0.0,,handball.net
985,SG Iserlohn-Sümmern,Handballkreis Iserlohn-Arnsberg,Handballkreis Iserlohn-Arnsberg,9,Bezirksliga / Kreisliga / Regionsliga,HKISAR Kreisliga WEST Frauen,13153,7,1,0,0,1,24,29,-5,0,0.0,,handball.net
986,Wiedenbrücker TV,KÜS Ostwestfalenlippe,KÜS Ostwestfalenlippe,9,Bezirksliga / Kreisliga / Regionsliga,OWL Frauen Bezirksliga Staffel 2,12674,12,1,0,0,1,17,22,-5,0,0.0,,handball.net
987,Elmar Herne 22 E.V.,Handballkreis Industrie,Handballkreis Industrie,9,Bezirksliga / Kreisliga / Regionsliga,HKI-W-Kreisliga,13043,7,1,0,0,1,16,21,-5,0,0.0,,handball.net
988,TUS Scharnhorst 1895/1926 E.V.,KÜS Ruhrgebiet SÜD,KÜS Ruhrgebiet SÜD,9,Bezirksliga / Kreisliga / Regionsliga,KL (DO+HA) - Frauen,12790,10,1,0,0,1,15,20,-5,0,0.0,,handball.net
989,TV Korschenbroich 1. Damen,HK Krefeld-Grenzland,HK Krefeld-Grenzland,9,Bezirksliga / Kreisliga / Regionsliga,BL Frauen,15408,10,2,0,0,2,50,61,-11,0,0.0,,handball.net
990,HC Annaberg-B.,HR Südwestsachsen,HR Südwestsachsen,9,Bezirksliga / Kreisliga / Regionsliga,RL Frauen West,13098,7,3,0,0,3,80,98,-18,0,0.0,,handball.net
991,HSG Gettorf/Osdorf II,Handball-Erwachsene DER Kreishandballverbände IN Schleswig-Holstein,Handball-Erwachsene DER Kreishandballverbände IN Schleswig-Holstein,9,Bezirksliga / Kreisliga / Regionsliga,Kreisliga Frauen - Staffel C,12978,8,1,0,0,1,25,31,-6,0,0.0,,handball.net
992,HSG Trifels 2,Handballverband Rheinhessen-Pfalz,Handballverband Rheinhessen-Pfalz,9,Bezirksliga / Kreisliga / Regionsliga,F-BZL 2,12585,6,3,0,0,3,75,93,-18,0,0.0,,handball.net
993,TuS Müssen-Billinghausen,KÜS Ostwestfalenlippe,KÜS Ostwestfalenlippe,9,Bezirksliga / Kreisliga / Regionsliga,OWL Frauen Bezirksliga Staffel 1,12673,10,2,0,0,2,42,54,-12,0,0.0,,handball.net
994,1.FSV Köln 1899 II,HK Köln-Rheinberg,HK Köln-Rheinberg,9,Bezirksliga / Kreisliga / Regionsliga,Regionsliga Frauen,14029,7,1,0,0,1,19,25,-6,0,0.0,,handball.net
995,TUS Ehrenfeld 65 III,HK Köln-Rheinberg,HK Köln-Rheinberg,9,Bezirksliga / Kreisliga / Regionsliga,Regionsliga Frauen,14029,9,2,0,0,2,37,49,-12,0,0.0,,handball.net
996,HANDBALL OPPUM  1. Damen,HK Krefeld-Grenzland,HK Krefeld-Grenzland,9,Bezirksliga / Kreisliga / Regionsliga,BL Frauen,15408,11,2,0,0,2,32,44,-12,0,0.0,,handball.net
997,DHK Flensborg III,Handball-Erwachsene DER Kreishandballverbände IN Schleswig-Holstein,Handball-Erwachsene DER Kreishandballverbände IN Schleswig-Holstein,9,Bezirksliga / Kreisliga / Regionsliga,Kreisliga Frauen - Staffel A,12976,10,3,0,0,3,67,86,-19,0,0.0,,handball.net
998,HSG Jörl-Doppeleiche Viöl II,Handball-Erwachsene DER Kreishandballverbände IN Schleswig-Holstein,Handball-Erwachsene DER Kreishandballverbände IN Schleswig-Holstein,9,Bezirksliga / Kreisliga / Regionsliga,Kreisliga Frauen - Staffel A,12976,11,4,0,0,4,95,122,-27,0,0.0,,handball.net
999,Sparta Münster II,Handballkreis Münsterland,Handballkreis Münsterland,9,Bezirksliga / Kreisliga / Regionsliga,Kreisliga Münsterland Frauen,13228,9,1,0,0,1,25,32,-7,0,0.0,,handball.net
1000,TV Arnsberg D2,Handballkreis Iserlohn-Arnsberg,Handballkreis Iserlohn-Arnsberg,9,Bezirksliga / Kreisliga / Regionsliga,HKISAR Kreisliga OST Frauen,13154,6,1,0,0,1,24,31,-7,0,0.0,,handball.net
1001,DJK SG Bösperde II,Handballkreis Iserlohn-Arnsberg,Handballkreis Iserlohn-Arnsberg,9,Bezirksliga / Kreisliga / Regionsliga,HKISAR Kreisliga OST Frauen,13154,7,1,0,0,1,17,24,-7,0,0.0,,handball.net
1002,TSV Bösingfeld,Handballkreis Lippe,Handballkreis Lippe,9,Bezirksliga / Kreisliga / Regionsliga,HBKLIP Kreisliga Frauen,14946,12,2,0,0,2,50,65,-15,0,0.0,,handball.net
1003,VFL Handball Mennighüffen,Handballkreis Bielefeld-Herford,Handballkreis Bielefeld-Herford,9,Bezirksliga / Kreisliga / Regionsliga,Frauen Kreisliga,13296,8,2,0,0,2,44,59,-15,0,0.0,,handball.net
1004,SV LOK Königsbrück,HR Ostsachsen,HR Ostsachsen,9,Bezirksliga / Kreisliga / Regionsliga,RL Frauen Staffel A,13111,3,2,0,0,2,16,31,-15,0,0.0,,handball.net
1005,HCE Bergkamen 3.D,Handballkreis Hellweg,Handballkreis Hellweg,9,Bezirksliga / Kreisliga / Regionsliga,Frauen Kreisliga HKH,12713,8,2,0,0,2,40,56,-16,0,0.0,,handball.net
1006,TV Birkesdorf II,HK Aachen-Düren,HK Aachen-Düren,9,Bezirksliga / Kreisliga / Regionsliga,Regionsliga (w),14648,6,1,0,0,1,19,27,-8,0,0.0,,handball.net
1007,SG Handball Eidertal,Handball-Erwachsene DER Kreishandballverbände IN Schleswig-Holstein,Handball-Erwachsene DER Kreishandballverbände IN Schleswig-Holstein,9,Bezirksliga / Kreisliga / Regionsliga,Kreisliga Frauen - Staffel C,12978,9,1,0,0,1,18,26,-8,0,0.0,,handball.net
1008,Turnerkreis Nippes 3.Damen,HK Köln-Rheinberg,HK Köln-Rheinberg,9,Bezirksliga / Kreisliga / Regionsliga,Regionsliga Frauen,14029,8,1,0,0,1,17,25,-8,0,0.0,,handball.net
1009,SG Dresdner BANK,HR Sachsen-Mitte,HR Sachsen-Mitte,9,Bezirksliga / Kreisliga / Regionsliga,RL Frauen St. 2,13105,5,2,0,0,2,45,62,-17,0,0.0,,handball.net
1010,SG Klotzsche III,HR Sachsen-Mitte,HR Sachsen-Mitte,9,Bezirksliga / Kreisliga / Regionsliga,RL Frauen St. 1,13104,7,2,0,0,2,44,61,-17,0,0.0,,handball.net
1011,TSV Vineta Audorf,Handball-Erwachsene DER Kreishandballverbände IN Schleswig-Holstein,Handball-Erwachsene DER Kreishandballverbände IN Schleswig-Holstein,9,Bezirksliga / Kreisliga / Regionsliga,Kreisliga Frauen - Staffel B,12977,8,2,0,0,2,34,51,-17,0,0.0,,handball.net
1012,FSG DJK Oberthal/Tus Hirstein 3,Handballverband SAAR,Handballverband SAAR,9,Bezirksliga / Kreisliga / Regionsliga,Bezirksliga Frauen,13032,11,2,0,0,2,32,49,-17,0,0.0,,handball.net
1013,Zwönitzer HSV II,HR Südwestsachsen,HR Südwestsachsen,9,Bezirksliga / Kreisliga / Regionsliga,RL Frauen West,13098,6,1,0,0,1,26,35,-9,0,0.0,,handball.net
1014,TSV 1862 Radeburg,HR Sachsen-Mitte,HR Sachsen-Mitte,9,Bezirksliga / Kreisliga / Regionsliga,RL Frauen St. 1,13104,6,1,0,0,1,21,30,-9,0,0.0,,handball.net
1015,TURA Meldorf II,Handball-Erwachsene DER Kreishandballverbände IN Schleswig-Holstein,Handball-Erwachsene DER Kreishandballverbände IN Schleswig-Holstein,9,Bezirksliga / Kreisliga / Regionsliga,Kreisliga Frauen - Staffel E,12980,7,1,0,0,1,21,30,-9,0,0.0,,handball.net
1016,HCE Bergkamen 4.D,Handballkreis Hellweg,Handballkreis Hellweg,9,Bezirksliga / Kreisliga / Regionsliga,Frauen Kreisliga HKH,12713,9,2,0,0,2,13,31,-18,0,0.0,,handball.net
1017,SC Westfalia Kinderhaus II,Handballkreis Münsterland,Handballkreis Münsterland,9,Bezirksliga / Kreisliga / Regionsliga,Kreisliga Münsterland Frauen,13228,11,2,0,0,2,42,61,-19,0,0.0,,handball.net
1018,FC St. Pauli V,Hamburger Handballverband,Hamburger Handballverband,9,Bezirksliga / Kreisliga / Regionsliga,Kreisliga Frauen (241),13444,8,4,0,0,4,63,102,-39,0,0.0,,handball.net
1019,HSG Dudenhofen/Schifferstadt 3,Handballverband Rheinhessen-Pfalz,Handballverband Rheinhessen-Pfalz,9,Bezirksliga / Kreisliga / Regionsliga,F-BZL 2,12585,5,1,0,0,1,29,39,-10,0,0.0,,handball.net
1020,TV VERL III,Handballkreis Gütersloh,Handballkreis Gütersloh,9,Bezirksliga / Kreisliga / Regionsliga,HBKGT Frauen Kreisliga,12687,10,1,0,0,1,25,35,-10,0,0.0,,handball.net
1021,SV Friedrichsfeld II,HK Wesel,HK Wesel,9,Bezirksliga / Kreisliga / Regionsliga,Regionsliga Frauen · HK Wesel,13066,10,1,0,0,1,21,31,-10,0,0.0,,handball.net
1022,Boizenburger HV,Handball-Erwachsene DER Kreishandballverbände IN Schleswig-Holstein,Handball-Erwachsene DER Kreishandballverbände IN Schleswig-Holstein,9,Bezirksliga / Kreisliga / Regionsliga,Kreisliga Frauen - Staffel G,12982,9,1,0,0,1,19,29,-10,0,0.0,,handball.net
1023,SF Puderbach 09,Rhein/Westerwald,Rhein/Westerwald,9,Bezirksliga / Kreisliga / Regionsliga,Bezirksliga Frauen · Rhein/Westerwald,14412,7,2,0,0,2,50,71,-21,0,0.0,,handball.net
1024,DJK VFR Mülheim Saarn,HK Rhein-Ruhr,HK Rhein-Ruhr,9,Bezirksliga / Kreisliga / Regionsliga,REGIONSLIGA FRAUEN,13015,9,1,0,0,1,21,32,-11,0,0.0,,handball.net
1025,SG Häver-Lübbecke 2,Handballkreis Minden-Lübbecke,Handballkreis Minden-Lübbecke,9,Bezirksliga / Kreisliga / Regionsliga,HBKML Frauen Kreisliga Minden-Lübbecke,13020,11,2,0,0,2,40,62,-22,0,0.0,,handball.net
1026,HSG Sinzig/Remagen/Ahrweiler,Rhein/Westerwald,Rhein/Westerwald,9,Bezirksliga / Kreisliga / Regionsliga,Bezirksliga Frauen · Rhein/Westerwald,14412,8,2,0,0,2,37,59,-22,0,0.0,,handball.net
1027,TVE BAD Münstereifel,HK Bonn-Euskirchen-Sieg,HK Bonn-Euskirchen-Sieg,9,Bezirksliga / Kreisliga / Regionsliga,Kreisliga Frauen,12901,6,1,0,0,1,17,28,-11,0,0.0,,handball.net
1028,HF Untere SAAR 4,Handballverband SAAR,Handballverband SAAR,9,Bezirksliga / Kreisliga / Regionsliga,Bezirksliga Frauen,13032,12,3,0,0,3,49,84,-35,0,0.0,,handball.net
1029,SV Leisnig 90,HR Leipzig,HR Leipzig,9,Bezirksliga / Kreisliga / Regionsliga,RL Frauen,13117,10,4,0,0,4,79,126,-47,0,0.0,,handball.net
1030,HSG Herzhorn/Kollmar/Neuendorf III,Handball-Erwachsene DER Kreishandballverbände IN Schleswig-Holstein,Handball-Erwachsene DER Kreishandballverbände IN Schleswig-Holstein,9,Bezirksliga / Kreisliga / Regionsliga,Kreisliga Frauen - Staffel E,12980,9,2,0,0,2,36,60,-24,0,0.0,,handball.net
1031,TV Ennigerloh 1. Damen,Handballkreis Hellweg,Handballkreis Hellweg,9,Bezirksliga / Kreisliga / Regionsliga,Frauen Kreisliga HKH,12713,10,2,0,0,2,30,55,-25,0,0.0,,handball.net
1032,HSC Osterfeld,HK Rhein-Ruhr,HK Rhein-Ruhr,9,Bezirksliga / Kreisliga / Regionsliga,REGIONSLIGA FRAUEN,13015,10,2,0,0,2,26,51,-25,0,0.0,,handball.net
1033,Lübecker SV GUT HEIL V. 1876 II,Handball-Erwachsene DER Kreishandballverbände IN Schleswig-Holstein,Handball-Erwachsene DER Kreishandballverbände IN Schleswig-Holstein,9,Bezirksliga / Kreisliga / Regionsliga,Kreisliga Frauen - Staffel F,12981,11,3,0,0,3,54,92,-38,0,0.0,,handball.net
1034,HSG WABO 2011,Handball-Erwachsene DER Kreishandballverbände IN Schleswig-Holstein,Handball-Erwachsene DER Kreishandballverbände IN Schleswig-Holstein,9,Bezirksliga / Kreisliga / Regionsliga,Kreisliga Frauen - Staffel D,12979,8,2,0,0,2,39,65,-26,0,0.0,,handball.net
1035,TV Sachsenross Hille 2,Handballkreis Minden-Lübbecke,Handballkreis Minden-Lübbecke,9,Bezirksliga / Kreisliga / Regionsliga,HBKML Frauen Kreisliga Minden-Lübbecke,13020,10,1,0,0,1,19,32,-13,0,0.0,,handball.net
1036,Motor Dippoldiswalde,HR Sachsen-Mitte,HR Sachsen-Mitte,9,Bezirksliga / Kreisliga / Regionsliga,RL Frauen St. 2,13105,4,1,0,0,1,17,30,-13,0,0.0,,handball.net
1037,SG Handball Paderborn 2,Handballkreis Lippe,Handballkreis Lippe,9,Bezirksliga / Kreisliga / Regionsliga,HBKLIP Kreisliga Frauen,14946,11,1,0,0,1,16,29,-13,0,0.0,,handball.net
1038,HSG Erfde-Pahlhude-Tellingstedt II,Handball-Erwachsene DER Kreishandballverbände IN Schleswig-Holstein,Handball-Erwachsene DER Kreishandballverbände IN Schleswig-Holstein,9,Bezirksliga / Kreisliga / Regionsliga,Kreisliga Frauen - Staffel B,12977,7,1,0,0,1,15,28,-13,0,0.0,,handball.net
1039,SV Fehmarn,Handball-Erwachsene DER Kreishandballverbände IN Schleswig-Holstein,Handball-Erwachsene DER Kreishandballverbände IN Schleswig-Holstein,9,Bezirksliga / Kreisliga / Regionsliga,Kreisliga Frauen - Staffel D,12979,7,1,0,0,1,13,26,-13,0,0.0,,handball.net
1040,SG Handball Kamen II,Handballkreis Hellweg,Handballkreis Hellweg,9,Bezirksliga / Kreisliga / Regionsliga,Frauen Kreisliga HKH,12713,11,2,0,0,2,41,68,-27,0,0.0,,handball.net
1041,Handball BAD Salzuflen 2,KÜS Ostwestfalenlippe,KÜS Ostwestfalenlippe,9,Bezirksliga / Kreisliga / Regionsliga,OWL Frauen Bezirksliga Staffel 1,12673,11,1,0,0,1,22,36,-14,0,0.0,,handball.net
1042,Kaller SC 1922,HK Bonn-Euskirchen-Sieg,HK Bonn-Euskirchen-Sieg,9,Bezirksliga / Kreisliga / Regionsliga,Kreisliga Frauen,12901,7,1,0,0,1,7,21,-14,0,0.0,,handball.net
1043,TV Schwafheim,HK Wesel,HK Wesel,9,Bezirksliga / Kreisliga / Regionsliga,Regionsliga Frauen · HK Wesel,13066,12,2,0,0,2,30,59,-29,0,0.0,,handball.net
1044,HV Eibau,HR Ostsachsen,HR Ostsachsen,9,Bezirksliga / Kreisliga / Regionsliga,RL Frauen Staffel B,13112,4,2,0,0,2,28,58,-30,0,0.0,,handball.net
1045,SC Janus KÖLN,HK Köln-Rheinberg,HK Köln-Rheinberg,9,Bezirksliga / Kreisliga / Regionsliga,Regionsliga Frauen,14029,10,1,0,0,1,7,22,-15,0,0.0,,handball.net
1046,SG Handball Detmold 2,KÜS Ostwestfalenlippe,KÜS Ostwestfalenlippe,9,Bezirksliga / Kreisliga / Regionsliga,OWL Frauen Bezirksliga Staffel 1,12673,12,3,0,0,3,62,110,-48,0,0.0,,handball.net
1047,HG Owschlag-Kropp-Tetenhusen III,Handball-Erwachsene DER Kreishandballverbände IN Schleswig-Holstein,Handball-Erwachsene DER Kreishandballverbände IN Schleswig-Holstein,9,Bezirksliga / Kreisliga / Regionsliga,Kreisliga Frauen - Staffel B,12977,10,3,0,0,3,61,109,-48,0,0.0,,handball.net
1048,WSG Rheinauen 2,Handballverband Rheinhessen-Pfalz,Handballverband Rheinhessen-Pfalz,9,Bezirksliga / Kreisliga / Regionsliga,F-BZL 2,12585,7,2,0,0,2,33,65,-32,0,0.0,,handball.net
1049,SG Dithmarschen Süd III,Handball-Erwachsene DER Kreishandballverbände IN Schleswig-Holstein,Handball-Erwachsene DER Kreishandballverbände IN Schleswig-Holstein,9,Bezirksliga / Kreisliga / Regionsliga,Kreisliga Frauen - Staffel E,12980,8,1,0,0,1,8,24,-16,0,0.0,,handball.net
1050,SF 01 Dresden III,HR Sachsen-Mitte,HR Sachsen-Mitte,9,Bezirksliga / Kreisliga / Regionsliga,RL Frauen St. 2,13105,6,1,0,0,1,12,30,-18,0,0.0,,handball.net
1051,SG Ruppendorf,HR Sachsen-Mitte,HR Sachsen-Mitte,9,Bezirksliga / Kreisliga / Regionsliga,RL Frauen St. 2,13105,7,1,0,0,1,18,37,-19,0,0.0,,handball.net
1052,Geringswalder HV,HR Südwestsachsen,HR Südwestsachsen,9,Bezirksliga / Kreisliga / Regionsliga,RL Frauen Ost,13097,8,4,0,0,4,60,136,-76,0,0.0,,handball.net
1053,TSG 1861 Taucha II,HR Leipzig,HR Leipzig,9,Bezirksliga / Kreisliga / Regionsliga,RL Frauen,13117,11,4,0,0,4,53,129,-76,0,0.0,,handball.net
1054,HSG Fockbek/Nübbel/Alt Duvenstedt III,Handball-Erwachsene DER Kreishandballverbände IN Schleswig-Holstein,Handball-Erwachsene DER Kreishandballverbände IN Schleswig-Holstein,9,Bezirksliga / Kreisliga / Regionsliga,Kreisliga Frauen - Staffel B,12977,9,2,0,0,2,43,82,-39,0,0.0,,handball.net
1055,HSG Lingenfeld/Schwegenheim 2,Handballverband Rheinhessen-Pfalz,Handballverband Rheinhessen-Pfalz,9,Bezirksliga / Kreisliga / Regionsliga,F-BZL 2,12585,8,2,0,0,2,27,67,-40,0,0.0,,handball.net
1056,HSG Hiesfeld/Aldenrade IV,HK Wesel,HK Wesel,9,Bezirksliga / Kreisliga / Regionsliga,Regionsliga Frauen · HK Wesel,13066,11,1,0,0,1,10,31,-21,0,0.0,,handball.net
1057,lok wurzen,HR Leipzig,HR Leipzig,9,Bezirksliga / Kreisliga / Regionsliga,RL Frauen,13117,12,4,0,0,4,52,137,-85,0,0.0,,handball.net
1058,Hildener Wölfe 2f,HK Essen,HK Essen,9,Bezirksliga / Kreisliga / Regionsliga,Regionsliga Frauen Gruppe Nord,16922,8,1,0,0,1,15,41,-26,0,0.0,,handball.net
1059,TSV Sieverstedt,Handball-Erwachsene DER Kreishandballverbände IN Schleswig-Holstein,Handball-Erwachsene DER Kreishandballverbände IN Schleswig-Holstein,10,Bezirksklasse / Kreisklasse / Regionsklasse,Kreisklasse Frauen Nord B,12992,2,2,2,0,0,68,32,36,4,2.0,,handball.net
1060,Heikendorfer SV,Handball-Erwachsene DER Kreishandballverbände IN Schleswig-Holstein,Handball-Erwachsene DER Kreishandballverbände IN Schleswig-Holstein,10,Bezirksklasse / Kreisklasse / Regionsklasse,Kreisklasse Frauen Mitte,12993,3,1,1,0,0,32,15,17,2,2.0,,handball.net
1061,TSG Harsewinkel II,Handballkreis Gütersloh,Handballkreis Gütersloh,10,Bezirksklasse / Kreisklasse / Regionsklasse,HBKGT Frauen 1. Kreisklasse,12688,1,3,3,0,0,89,39,50,6,2.0,,handball.net
1062,TSV Hahlen 1945 e.V. III,Handballkreis Minden-Lübbecke,Handballkreis Minden-Lübbecke,10,Bezirksklasse / Kreisklasse / Regionsklasse,HBKML Frauen Kreisklasse,13022,1,3,3,0,0,99,52,47,6,2.0,,handball.net
1063,SG TURA Halden-Herbeck,KÜS Ruhrgebiet SÜD,KÜS Ruhrgebiet SÜD,10,Bezirksklasse / Kreisklasse / Regionsklasse,KK (DO+HA) - Frauen,12791,1,3,3,0,0,97,52,45,6,2.0,,handball.net
1064,HC St. Johann,Handballverband SAAR,Handballverband SAAR,10,Bezirksklasse / Kreisklasse / Regionsklasse,A-Liga Frauen Staffel West,13033,1,2,2,0,0,64,35,29,4,2.0,,handball.net
1065,TV Wanne 1885 E.V.,Handballkreis Industrie,Handballkreis Industrie,10,Bezirksklasse / Kreisklasse / Regionsklasse,HKI-W-Kreisklasse,14350,1,2,2,0,0,56,27,29,4,2.0,,handball.net
1066,SG Oeversee-Jarplund-Weding II,Handball-Erwachsene DER Kreishandballverbände IN Schleswig-Holstein,Handball-Erwachsene DER Kreishandballverbände IN Schleswig-Holstein,10,Bezirksklasse / Kreisklasse / Regionsklasse,Kreisklasse Frauen Nord B,12992,1,3,3,0,0,102,60,42,6,2.0,,handball.net
1067,Leezener SC,Handball-Erwachsene DER Kreishandballverbände IN Schleswig-Holstein,Handball-Erwachsene DER Kreishandballverbände IN Schleswig-Holstein,10,Bezirksklasse / Kreisklasse / Regionsklasse,Kreisklasse Frauen Mitte,12993,2,2,2,0,0,76,50,26,4,2.0,,handball.net
1068,HSG Rietberg-Mastholte II,Handballkreis Gütersloh,Handballkreis Gütersloh,10,Bezirksklasse / Kreisklasse / Regionsklasse,HBKGT Frauen 1. Kreisklasse,12688,5,1,1,0,0,29,16,13,2,2.0,,handball.net
1069,TG Voerde 2. Damen,KÜS Ruhrgebiet SÜD,KÜS Ruhrgebiet SÜD,10,Bezirksklasse / Kreisklasse / Regionsklasse,KK (DO+HA) - Frauen,12791,2,3,3,0,0,79,40,39,6,2.0,,handball.net
1070,ETV Hamburg V,Hamburger Handballverband,Hamburger Handballverband,10,Bezirksklasse / Kreisklasse / Regionsklasse,Kreisklasse Frauen (251),13447,3,2,2,0,0,54,29,25,4,2.0,,handball.net
1071,TV Schiefbahn,HK Krefeld-Grenzland,HK Krefeld-Grenzland,10,Bezirksklasse / Kreisklasse / Regionsklasse,BK Frauen,15423,2,1,1,0,0,30,19,11,2,2.0,,handball.net
1072,SG Handball Neumünster IV,Handball-Erwachsene DER Kreishandballverbände IN Schleswig-Holstein,Handball-Erwachsene DER Kreishandballverbände IN Schleswig-Holstein,10,Bezirksklasse / Kreisklasse / Regionsklasse,Kreisklasse Frauen Mitte,12993,4,1,1,0,0,20,9,11,2,2.0,,handball.net
1073,HSG Ascheberg/Drensteinf.,Handballkreis Münsterland,Handballkreis Münsterland,10,Bezirksklasse / Kreisklasse / Regionsklasse,Kreisklasse 1 Münsterland Frauen,13230,4,1,1,0,0,35,25,10,2,2.0,,handball.net
1074,S.V. Schwarz-Weiss Havixbeck,Handballkreis Münsterland,Handballkreis Münsterland,10,Bezirksklasse / Kreisklasse / Regionsklasse,Kreisklasse 1 Münsterland Frauen,13230,5,1,1,0,0,27,17,10,2,2.0,,handball.net
1075,TUS Brake II,Handballkreis Bielefeld-Herford,Handballkreis Bielefeld-Herford,10,Bezirksklasse / Kreisklasse / Regionsklasse,Frauen Kreisklasse,13294,3,1,1,0,0,22,13,9,2,2.0,,handball.net
1076,TV Kirkel 2,Handballverband SAAR,Handballverband SAAR,10,Bezirksklasse / Kreisklasse / Regionsklasse,A-Liga Frauen Staffel Ost,13550,1,2,2,0,0,49,32,17,4,2.0,,handball.net
1077,SV Straelen III,HK Krefeld-Grenzland,HK Krefeld-Grenzland,10,Bezirksklasse / Kreisklasse / Regionsklasse,BK Frauen,15423,3,1,1,0,0,30,22,8,2,2.0,,handball.net
1078,TSV Glücksburg 09,Handball-Erwachsene DER Kreishandballverbände IN Schleswig-Holstein,Handball-Erwachsene DER Kreishandballverbände IN Schleswig-Holstein,10,Bezirksklasse / Kreisklasse / Regionsklasse,Kreisklasse Frauen Nord A,12991,3,1,1,0,0,29,21,8,2,2.0,,handball.net
1079,Hsv/Hamm 02 IV,Hamburger Handballverband,Hamburger Handballverband,10,Bezirksklasse / Kreisklasse / Regionsklasse,Kreisklasse Frauen (251),13447,1,3,3,0,0,78,57,21,6,2.0,,handball.net
1080,HCE BAD Oeynhausen E.V. II,Handballkreis Minden-Lübbecke,Handballkreis Minden-Lübbecke,10,Bezirksklasse / Kreisklasse / Regionsklasse,HBKML Frauen Kreisklasse,13022,2,3,3,0,0,69,48,21,6,2.0,,handball.net
1081,HG Saarlouis 3,Handballverband SAAR,Handballverband SAAR,10,Bezirksklasse / Kreisklasse / Regionsklasse,A-Liga Frauen Staffel West,13033,2,1,1,0,0,20,13,7,2,2.0,,handball.net
1082,TV Asseln,KÜS Ruhrgebiet SÜD,KÜS Ruhrgebiet SÜD,10,Bezirksklasse / Kreisklasse / Regionsklasse,KK (DO+HA) - Frauen,12791,3,3,3,0,0,58,37,21,6,2.0,,handball.net
1083,HSG Südtondern III,Handball-Erwachsene DER Kreishandballverbände IN Schleswig-Holstein,Handball-Erwachsene DER Kreishandballverbände IN Schleswig-Holstein,10,Bezirksklasse / Kreisklasse / Regionsklasse,Kreisklasse Frauen Nord A,12991,1,3,3,0,0,69,50,19,6,2.0,,handball.net
1084,TV Lenzinghausen,Handballkreis Bielefeld-Herford,Handballkreis Bielefeld-Herford,10,Bezirksklasse / Kreisklasse / Regionsklasse,Frauen Kreisklasse,13294,2,2,2,0,0,66,54,12,4,2.0,,handball.net
1085,TV Erkelenz 1860,HK Krefeld-Grenzland,HK Krefeld-Grenzland,10,Bezirksklasse / Kreisklasse / Regionsklasse,BK Frauen,15423,5,1,1,0,0,26,20,6,2,2.0,,handball.net
1086,HSG Holsteinische Schweiz III,Handball-Erwachsene DER Kreishandballverbände IN Schleswig-Holstein,Handball-Erwachsene DER Kreishandballverbände IN Schleswig-Holstein,10,Bezirksklasse / Kreisklasse / Regionsklasse,Kreisklasse Frauen Süd,12994,3,2,2,0,0,40,28,12,4,2.0,,handball.net
1087,HSG 24109 II,Handball-Erwachsene DER Kreishandballverbände IN Schleswig-Holstein,Handball-Erwachsene DER Kreishandballverbände IN Schleswig-Holstein,10,Bezirksklasse / Kreisklasse / Regionsklasse,Kreisklasse Frauen Mitte,12993,1,3,3,0,0,74,57,17,6,2.0,,handball.net
1088,HSG Beste Trave II,Handball-Erwachsene DER Kreishandballverbände IN Schleswig-Holstein,Handball-Erwachsene DER Kreishandballverbände IN Schleswig-Holstein,10,Bezirksklasse / Kreisklasse / Regionsklasse,Kreisklasse Frauen Süd,12994,4,2,2,0,0,60,49,11,4,2.0,,handball.net
1089,TV Anrath II,HK Krefeld-Grenzland,HK Krefeld-Grenzland,10,Bezirksklasse / Kreisklasse / Regionsklasse,BK Frauen,15423,1,2,2,0,0,51,40,11,4,2.0,,handball.net
1090,HSC Haltern-Sythen,Handballkreis Industrie,Handballkreis Industrie,10,Bezirksklasse / Kreisklasse / Regionsklasse,HKI-W-Kreisklasse,14350,2,1,1,0,0,25,20,5,2,2.0,,handball.net
1091,HSG Bergedorf/Vm III,Hamburger Handballverband,Hamburger Handballverband,10,Bezirksklasse / Kreisklasse / Regionsklasse,Kreisklasse Frauen (251),13447,6,1,1,0,0,22,17,5,2,2.0,,handball.net
1092,TV Friesen Telgte,Handballkreis Münsterland,Handballkreis Münsterland,10,Bezirksklasse / Kreisklasse / Regionsklasse,Kreisklasse 1 Münsterland Frauen,13230,1,2,2,0,0,52,44,8,4,2.0,,handball.net
1093,PSV E.V. Recklinghausen IV,Handballkreis Industrie,Handballkreis Industrie,10,Bezirksklasse / Kreisklasse / Regionsklasse,HKI-W-Kreisklasse,14350,3,1,1,0,0,21,17,4,2,2.0,,handball.net
1094,TG Herford II,Handballkreis Bielefeld-Herford,Handballkreis Bielefeld-Herford,10,Bezirksklasse / Kreisklasse / Regionsklasse,Frauen Kreisklasse,13294,1,3,3,0,0,62,50,12,6,2.0,,handball.net
1095,SG Neuenkirchen/Varensell II,Handballkreis Gütersloh,Handballkreis Gütersloh,10,Bezirksklasse / Kreisklasse / Regionsklasse,HBKGT Frauen 1. Kreisklasse,12688,2,3,2,1,0,70,50,20,5,1.67,,handball.net
1096,HSG Tarp/Wanderup III,Handball-Erwachsene DER Kreishandballverbände IN Schleswig-Holstein,Handball-Erwachsene DER Kreishandballverbände IN Schleswig-Holstein,10,Bezirksklasse / Kreisklasse / Regionsklasse,Kreisklasse Frauen Nord A,12991,2,3,2,1,0,57,51,6,5,1.67,,handball.net
1097,TUS Finkenwerder II,Hamburger Handballverband,Hamburger Handballverband,10,Bezirksklasse / Kreisklasse / Regionsklasse,Kreisklasse Frauen (251),13447,5,2,1,1,0,58,51,7,3,1.5,,handball.net
1098,HSG Nordau II,Handball-Erwachsene DER Kreishandballverbände IN Schleswig-Holstein,Handball-Erwachsene DER Kreishandballverbände IN Schleswig-Holstein,10,Bezirksklasse / Kreisklasse / Regionsklasse,Kreisklasse Frauen Nord B,12992,3,3,2,0,1,60,40,20,4,1.33,,handball.net
1099,TSV Gross Grönau,Handball-Erwachsene DER Kreishandballverbände IN Schleswig-Holstein,Handball-Erwachsene DER Kreishandballverbände IN Schleswig-Holstein,10,Bezirksklasse / Kreisklasse / Regionsklasse,Kreisklasse Frauen Süd,12994,2,3,2,0,1,87,68,19,4,1.33,,handball.net
1100,HSG Szoww III,Handball-Erwachsene DER Kreishandballverbände IN Schleswig-Holstein,Handball-Erwachsene DER Kreishandballverbände IN Schleswig-Holstein,10,Bezirksklasse / Kreisklasse / Regionsklasse,Kreisklasse Frauen Nord B,12992,4,3,2,0,1,79,64,15,4,1.33,,handball.net
1101,TUS Eintracht Oberlübbe E.V. III,Handballkreis Minden-Lübbecke,Handballkreis Minden-Lübbecke,10,Bezirksklasse / Kreisklasse / Regionsklasse,HBKML Frauen Kreisklasse,13022,3,3,2,0,1,70,60,10,4,1.33,,handball.net
1102,TSG Schüren 2,KÜS Ruhrgebiet SÜD,KÜS Ruhrgebiet SÜD,10,Bezirksklasse / Kreisklasse / Regionsklasse,KK (DO+HA) - Frauen,12791,4,3,2,0,1,76,68,8,4,1.33,,handball.net
1103,SC Lippstadt,Handballkreis Gütersloh,Handballkreis Gütersloh,10,Bezirksklasse / Kreisklasse / Regionsklasse,HBKGT Frauen 1. Kreisklasse,12688,3,3,2,0,1,55,48,7,4,1.33,,handball.net
1104,TVE Husen-Kurl,KÜS Ruhrgebiet SÜD,KÜS Ruhrgebiet SÜD,10,Bezirksklasse / Kreisklasse / Regionsklasse,KK (DO+HA) - Frauen,12791,5,3,2,0,1,68,63,5,4,1.33,,handball.net
1105,TUS Brockhagen IV,Handballkreis Gütersloh,Handballkreis Gütersloh,10,Bezirksklasse / Kreisklasse / Regionsklasse,HBKGT Frauen 1. Kreisklasse,12688,4,3,1,2,0,61,57,4,4,1.33,,handball.net
1106,SG Altona IV,Hamburger Handballverband,Hamburger Handballverband,10,Bezirksklasse / Kreisklasse / Regionsklasse,Kreisklasse Frauen (251),13447,2,4,2,1,1,109,113,-4,5,1.25,,handball.net
1107,SG Sendenhorst,Handballkreis Münsterland,Handballkreis Münsterland,10,Bezirksklasse / Kreisklasse / Regionsklasse,Kreisklasse 1 Münsterland Frauen,13230,3,2,1,0,1,59,48,11,2,1.0,,handball.net
1108,Lübecker SV GUT HEIL V. 1876 III,Handball-Erwachsene DER Kreishandballverbände IN Schleswig-Holstein,Handball-Erwachsene DER Kreishandballverbände IN Schleswig-Holstein,10,Bezirksklasse / Kreisklasse / Regionsklasse,Kreisklasse Frauen Süd,12994,1,4,2,0,2,109,90,19,4,1.0,,handball.net
1109,Ht16 Hamburg,Hamburger Handballverband,Hamburger Handballverband,10,Bezirksklasse / Kreisklasse / Regionsklasse,Kreisklasse Frauen (251),13447,4,4,2,0,2,91,73,18,4,1.0,,handball.net
1110,HSG Wagrien II,Handball-Erwachsene DER Kreishandballverbände IN Schleswig-Holstein,Handball-Erwachsene DER Kreishandballverbände IN Schleswig-Holstein,10,Bezirksklasse / Kreisklasse / Regionsklasse,Kreisklasse Frauen Süd,12994,5,2,1,0,1,55,48,7,2,1.0,,handball.net
1111,HSG Petershagen/Lahde III,Handballkreis Minden-Lübbecke,Handballkreis Minden-Lübbecke,10,Bezirksklasse / Kreisklasse / Regionsklasse,HBKML Frauen Kreisklasse,13022,5,2,1,0,1,50,43,7,2,1.0,,handball.net
1112,Adler Königshof 3F,HK Krefeld-Grenzland,HK Krefeld-Grenzland,10,Bezirksklasse / Kreisklasse / Regionsklasse,BK Frauen,15423,4,2,1,0,1,56,50,6,2,1.0,,handball.net
1113,Sparta Münster III,Handballkreis Münsterland,Handballkreis Münsterland,10,Bezirksklasse / Kreisklasse / Regionsklasse,Kreisklasse 1 Münsterland Frauen,13230,2,3,1,1,1,73,67,6,3,1.0,,handball.net
1114,VfL Aplerbeckermark 2. Damen,KÜS Ruhrgebiet SÜD,KÜS Ruhrgebiet SÜD,10,Bezirksklasse / Kreisklasse / Regionsklasse,KK (DO+HA) - Frauen,12791,6,3,1,1,1,51,47,4,3,1.0,,handball.net
1115,HSG Ostsee Neustadt/Grömitz II,Handball-Erwachsene DER Kreishandballverbände IN Schleswig-Holstein,Handball-Erwachsene DER Kreishandballverbände IN Schleswig-Holstein,10,Bezirksklasse / Kreisklasse / Regionsklasse,Kreisklasse Frauen Süd,12994,6,2,1,0,1,47,45,2,2,1.0,,handball.net
1116,SC Fortuna Wellsee,Handball-Erwachsene DER Kreishandballverbände IN Schleswig-Holstein,Handball-Erwachsene DER Kreishandballverbände IN Schleswig-Holstein,10,Bezirksklasse / Kreisklasse / Regionsklasse,Kreisklasse Frauen Mitte,12993,5,2,1,0,1,34,32,2,2,1.0,,handball.net
1117,HSG Tecklenburger LAND III,Handballkreis Münsterland,Handballkreis Münsterland,10,Bezirksklasse / Kreisklasse / Regionsklasse,Kreisklasse 1 Münsterland Frauen,13230,7,1,0,1,0,19,19,0,1,1.0,,handball.net
1118,Spvg. Hesselteich III,Handballkreis Gütersloh,Handballkreis Gütersloh,10,Bezirksklasse / Kreisklasse / Regionsklasse,HBKGT Frauen 1. Kreisklasse,12688,7,1,0,1,0,18,18,0,1,1.0,,handball.net
1119,TVC Enger,Handballkreis Bielefeld-Herford,Handballkreis Bielefeld-Herford,10,Bezirksklasse / Kreisklasse / Regionsklasse,Frauen Kreisklasse,13294,4,2,1,0,1,35,36,-1,2,1.0,,handball.net
1120,CVJM Rödinghausen,Handballkreis Bielefeld-Herford,Handballkreis Bielefeld-Herford,10,Bezirksklasse / Kreisklasse / Regionsklasse,Frauen Kreisklasse,13294,5,2,1,0,1,53,55,-2,2,1.0,,handball.net
1121,HSG Gremmendorf/Angelmodde,Handballkreis Münsterland,Handballkreis Münsterland,10,Bezirksklasse / Kreisklasse / Regionsklasse,Kreisklasse 1 Münsterland Frauen,13230,6,2,1,0,1,36,38,-2,2,1.0,,handball.net
1122,Lübecker SC 99,Handball-Erwachsene DER Kreishandballverbände IN Schleswig-Holstein,Handball-Erwachsene DER Kreishandballverbände IN Schleswig-Holstein,10,Bezirksklasse / Kreisklasse / Regionsklasse,Kreisklasse Frauen Süd,12994,7,2,1,0,1,47,50,-3,2,1.0,,handball.net
1123,TSV Nord Harrislee III,Handball-Erwachsene DER Kreishandballverbände IN Schleswig-Holstein,Handball-Erwachsene DER Kreishandballverbände IN Schleswig-Holstein,10,Bezirksklasse / Kreisklasse / Regionsklasse,Kreisklasse Frauen Nord B,12992,5,2,1,0,1,42,47,-5,2,1.0,,handball.net
1124,IF Stjernen Flensborg III,Handball-Erwachsene DER Kreishandballverbände IN Schleswig-Holstein,Handball-Erwachsene DER Kreishandballverbände IN Schleswig-Holstein,10,Bezirksklasse / Kreisklasse / Regionsklasse,Kreisklasse Frauen Nord B,12992,6,2,1,0,1,41,47,-6,2,1.0,,handball.net
1125,DJK Saxonia Dortmund,KÜS Ruhrgebiet SÜD,KÜS Ruhrgebiet SÜD,10,Bezirksklasse / Kreisklasse / Regionsklasse,KK (DO+HA) - Frauen,12791,8,2,1,0,1,43,50,-7,2,1.0,,handball.net
1126,HSG Espelkamp-Fabbenstedt,Handballkreis Minden-Lübbecke,Handballkreis Minden-Lübbecke,10,Bezirksklasse / Kreisklasse / Regionsklasse,HBKML Frauen Kreisklasse,13022,6,2,1,0,1,33,44,-11,2,1.0,,handball.net
1127,SC Kieler Förde III,Handball-Erwachsene DER Kreishandballverbände IN Schleswig-Holstein,Handball-Erwachsene DER Kreishandballverbände IN Schleswig-Holstein,10,Bezirksklasse / Kreisklasse / Regionsklasse,Kreisklasse Frauen Mitte,12993,6,2,1,0,1,34,49,-15,2,1.0,,handball.net
1128,HSG Hüllhorst III,Handballkreis Minden-Lübbecke,Handballkreis Minden-Lübbecke,10,Bezirksklasse / Kreisklasse / Regionsklasse,HBKML Frauen Kreisklasse,13022,4,3,1,0,2,63,55,8,2,0.67,,handball.net
1129,HSG Spradow,Handballkreis Bielefeld-Herford,Handballkreis Bielefeld-Herford,10,Bezirksklasse / Kreisklasse / Regionsklasse,Frauen Kreisklasse,13294,6,3,1,0,2,62,65,-3,2,0.67,,handball.net
1130,TuS Bor. HÖCHSTEN,KÜS Ruhrgebiet SÜD,KÜS Ruhrgebiet SÜD,10,Bezirksklasse / Kreisklasse / Regionsklasse,KK (DO+HA) - Frauen,12791,7,3,1,0,2,52,55,-3,2,0.67,,handball.net
1131,DHG Sandesneben,Handball-Erwachsene DER Kreishandballverbände IN Schleswig-Holstein,Handball-Erwachsene DER Kreishandballverbände IN Schleswig-Holstein,10,Bezirksklasse / Kreisklasse / Regionsklasse,Kreisklasse Frauen Süd,12994,8,3,1,0,2,67,72,-5,2,0.67,,handball.net
1132,HL Buchholz08-Rosengarten IV,Hamburger Handballverband,Hamburger Handballverband,10,Bezirksklasse / Kreisklasse / Regionsklasse,Kreisklasse Frauen (251),13447,7,3,1,0,2,67,74,-7,2,0.67,,handball.net
1133,HSG Werther/Borgholzhausen III,Handballkreis Gütersloh,Handballkreis Gütersloh,10,Bezirksklasse / Kreisklasse / Regionsklasse,HBKGT Frauen 1. Kreisklasse,12688,6,3,1,0,2,36,55,-19,2,0.67,,handball.net
1134,HSG Erfde-Pahlhude-Tellingstedt III,Handball-Erwachsene DER Kreishandballverbände IN Schleswig-Holstein,Handball-Erwachsene DER Kreishandballverbände IN Schleswig-Holstein,10,Bezirksklasse / Kreisklasse / Regionsklasse,Kreisklasse Frauen Nord B,12992,7,3,1,0,2,56,92,-36,2,0.67,,handball.net
1135,Bredstedter TSV III,Handball-Erwachsene DER Kreishandballverbände IN Schleswig-Holstein,Handball-Erwachsene DER Kreishandballverbände IN Schleswig-Holstein,10,Bezirksklasse / Kreisklasse / Regionsklasse,Kreisklasse Frauen Nord A,12991,4,2,0,1,1,46,50,-4,1,0.5,,handball.net
1136,TSV Mildstedt II,Handball-Erwachsene DER Kreishandballverbände IN Schleswig-Holstein,Handball-Erwachsene DER Kreishandballverbände IN Schleswig-Holstein,10,Bezirksklasse / Kreisklasse / Regionsklasse,Kreisklasse Frauen Nord A,12991,5,2,0,1,1,43,50,-7,1,0.5,,handball.net
1137,HC Treia/Jübek III,Handball-Erwachsene DER Kreishandballverbände IN Schleswig-Holstein,Handball-Erwachsene DER Kreishandballverbände IN Schleswig-Holstein,10,Bezirksklasse / Kreisklasse / Regionsklasse,Kreisklasse Frauen Nord A,12991,6,2,0,1,1,43,52,-9,1,0.5,,handball.net
1138,Spfr. Loxten III,Handballkreis Gütersloh,Handballkreis Gütersloh,10,Bezirksklasse / Kreisklasse / Regionsklasse,HBKGT Frauen 1. Kreisklasse,12688,8,2,0,1,1,34,46,-12,1,0.5,,handball.net
1139,VFL Herford III,Handballkreis Bielefeld-Herford,Handballkreis Bielefeld-Herford,10,Bezirksklasse / Kreisklasse / Regionsklasse,Frauen Kreisklasse,13294,7,3,0,1,2,53,61,-8,1,0.33,,handball.net
1140,DJK Normannia Dortmund,KÜS Ruhrgebiet SÜD,KÜS Ruhrgebiet SÜD,10,Bezirksklasse / Kreisklasse / Regionsklasse,KK (DO+HA) - Frauen,12791,9,3,0,1,2,53,64,-11,1,0.33,,handball.net
1141,HSG EGB Bielefeld II,Handballkreis Bielefeld-Herford,Handballkreis Bielefeld-Herford,10,Bezirksklasse / Kreisklasse / Regionsklasse,Frauen Kreisklasse,13294,8,3,0,1,2,51,65,-14,1,0.33,,handball.net
1142,Herzebrocker SV II,Handballkreis Gütersloh,Handballkreis Gütersloh,10,Bezirksklasse / Kreisklasse / Regionsklasse,HBKGT Frauen 1. Kreisklasse,12688,9,3,0,1,2,53,88,-35,1,0.33,,handball.net
1143,HSG Ottweiler/Steinbach 2,Handballverband SAAR,Handballverband SAAR,10,Bezirksklasse / Kreisklasse / Regionsklasse,A-Liga Frauen Staffel Ost,13550,2,0,0,0,0,0,0,0,0,0.0,,handball.net
1144,RW Schaumberg 2,Handballverband SAAR,Handballverband SAAR,10,Bezirksklasse / Kreisklasse / Regionsklasse,A-Liga Frauen Staffel Ost,13550,3,0,0,0,0,0,0,0,0,0.0,,handball.net
1145,SG QU ISS II (zurückgezogen),Handballkreis Gütersloh,Handballkreis Gütersloh,10,Bezirksklasse / Kreisklasse / Regionsklasse,HBKGT Frauen 1. Kreisklasse,12688,10,0,0,0,0,0,0,0,0,0.0,,handball.net
1146,TV Emsdetten 1898 II,Handballkreis Münsterland,Handballkreis Münsterland,10,Bezirksklasse / Kreisklasse / Regionsklasse,Kreisklasse 1 Münsterland Frauen,13230,8,0,0,0,0,0,0,0,0,0.0,,handball.net
1147,TV Sulzbach,Handballverband SAAR,Handballverband SAAR,10,Bezirksklasse / Kreisklasse / Regionsklasse,A-Liga Frauen Staffel Ost,13550,4,0,0,0,0,0,0,0,0,0.0,,handball.net
1148,DHK Flensborg IV,Handball-Erwachsene DER Kreishandballverbände IN Schleswig-Holstein,Handball-Erwachsene DER Kreishandballverbände IN Schleswig-Holstein,10,Bezirksklasse / Kreisklasse / Regionsklasse,Kreisklasse Frauen Nord B,12992,8,2,0,0,2,43,47,-4,0,0.0,,handball.net
1149,TSV Westerland,Handball-Erwachsene DER Kreishandballverbände IN Schleswig-Holstein,Handball-Erwachsene DER Kreishandballverbände IN Schleswig-Holstein,10,Bezirksklasse / Kreisklasse / Regionsklasse,Kreisklasse Frauen Nord A,12991,7,1,0,0,1,0,2,-2,0,0.0,,handball.net
1150,TUS Nettelstedt E.V. II,Handballkreis Minden-Lübbecke,Handballkreis Minden-Lübbecke,10,Bezirksklasse / Kreisklasse / Regionsklasse,HBKML Frauen Kreisklasse,13022,7,1,0,0,1,21,24,-3,0,0.0,,handball.net
1151,HSG Schleswig,Handball-Erwachsene DER Kreishandballverbände IN Schleswig-Holstein,Handball-Erwachsene DER Kreishandballverbände IN Schleswig-Holstein,10,Bezirksklasse / Kreisklasse / Regionsklasse,Kreisklasse Frauen Nord A,12991,8,1,0,0,1,17,20,-3,0,0.0,,handball.net
1152,FC Schalke 04,Handballkreis Industrie,Handballkreis Industrie,10,Bezirksklasse / Kreisklasse / Regionsklasse,HKI-W-Kreisklasse,14350,4,1,0,0,1,17,21,-4,0,0.0,,handball.net
1153,HSG TV Birkenfeld/Nohfelden-Tus Schwarzenbach III,Handballverband SAAR,Handballverband SAAR,10,Bezirksklasse / Kreisklasse / Regionsklasse,A-Liga Frauen Staffel Ost,13550,5,1,0,0,1,16,20,-4,0,0.0,,handball.net
1154,ETG Recklinghausen 1912/32 E.V. II,Handballkreis Industrie,Handballkreis Industrie,10,Bezirksklasse / Kreisklasse / Regionsklasse,HKI-W-Kreisklasse,14350,5,1,0,0,1,20,25,-5,0,0.0,,handball.net
1155,TSV Oerlinghausen II,Handballkreis Bielefeld-Herford,Handballkreis Bielefeld-Herford,10,Bezirksklasse / Kreisklasse / Regionsklasse,Frauen Kreisklasse,13294,9,1,0,0,1,18,23,-5,0,0.0,,handball.net
1156,Tschft. Grefrath II,HK Krefeld-Grenzland,HK Krefeld-Grenzland,10,Bezirksklasse / Kreisklasse / Regionsklasse,BK Frauen,15423,7,2,0,0,2,39,50,-11,0,0.0,,handball.net
1157,TV Aldekerk IV,HK Krefeld-Grenzland,HK Krefeld-Grenzland,10,Bezirksklasse / Kreisklasse / Regionsklasse,BK Frauen,15423,6,1,0,0,1,20,26,-6,0,0.0,,handball.net
1158,TG Hörste III,Handballkreis Gütersloh,Handballkreis Gütersloh,10,Bezirksklasse / Kreisklasse / Regionsklasse,HBKGT Frauen 1. Kreisklasse,12688,12,3,0,0,3,38,56,-18,0,0.0,,handball.net
1159,HSG Kalkberg 06 III,Handball-Erwachsene DER Kreishandballverbände IN Schleswig-Holstein,Handball-Erwachsene DER Kreishandballverbände IN Schleswig-Holstein,10,Bezirksklasse / Kreisklasse / Regionsklasse,Kreisklasse Frauen Mitte,12993,8,2,0,0,2,52,66,-14,0,0.0,,handball.net
1160,Wellingdorfer TV II,Handball-Erwachsene DER Kreishandballverbände IN Schleswig-Holstein,Handball-Erwachsene DER Kreishandballverbände IN Schleswig-Holstein,10,Bezirksklasse / Kreisklasse / Regionsklasse,Kreisklasse Frauen Mitte,12993,7,1,0,0,1,19,26,-7,0,0.0,,handball.net
1161,TUS Westfalia Hombruch II,KÜS Ruhrgebiet SÜD,KÜS Ruhrgebiet SÜD,10,Bezirksklasse / Kreisklasse / Regionsklasse,KK (DO+HA) - Frauen,12791,10,2,0,0,2,30,44,-14,0,0.0,,handball.net
1162,SV BOUS,Handballverband SAAR,Handballverband SAAR,10,Bezirksklasse / Kreisklasse / Regionsklasse,A-Liga Frauen Staffel West,13033,3,1,0,0,1,13,20,-7,0,0.0,,handball.net
1163,TV Trappenkamp,Handball-Erwachsene DER Kreishandballverbände IN Schleswig-Holstein,Handball-Erwachsene DER Kreishandballverbände IN Schleswig-Holstein,10,Bezirksklasse / Kreisklasse / Regionsklasse,Kreisklasse Frauen Mitte,12993,9,2,0,0,2,21,35,-14,0,0.0,,handball.net
1164,TSV Hohenhorst,Hamburger Handballverband,Hamburger Handballverband,10,Bezirksklasse / Kreisklasse / Regionsklasse,Kreisklasse Frauen (251),13447,8,3,0,0,3,52,74,-22,0,0.0,,handball.net
1165,SG Husum/Schobüll/Nordstrand II,Handball-Erwachsene DER Kreishandballverbände IN Schleswig-Holstein,Handball-Erwachsene DER Kreishandballverbände IN Schleswig-Holstein,10,Bezirksklasse / Kreisklasse / Regionsklasse,Kreisklasse Frauen Nord A,12991,9,1,0,0,1,21,29,-8,0,0.0,,handball.net
1166,SF Rilchingen-Hanweiler,Handballverband SAAR,Handballverband SAAR,10,Bezirksklasse / Kreisklasse / Regionsklasse,A-Liga Frauen Staffel West,13033,4,1,0,0,1,23,32,-9,0,0.0,,handball.net
1167,HSC Welper 1970 e.V. II,Handballkreis Industrie,Handballkreis Industrie,10,Bezirksklasse / Kreisklasse / Regionsklasse,HKI-W-Kreisklasse,14350,6,1,0,0,1,10,20,-10,0,0.0,,handball.net
1168,SPVG Steinhagen IV,Handballkreis Gütersloh,Handballkreis Gütersloh,10,Bezirksklasse / Kreisklasse / Regionsklasse,HBKGT Frauen 1. Kreisklasse,12688,11,1,0,0,1,9,19,-10,0,0.0,,handball.net
1169,SuS Neuenkirchen 09 III,Handballkreis Münsterland,Handballkreis Münsterland,10,Bezirksklasse / Kreisklasse / Regionsklasse,Kreisklasse 1 Münsterland Frauen,13230,10,3,0,0,3,56,88,-32,0,0.0,,handball.net
1170,HSG Elbvororte II,Hamburger Handballverband,Hamburger Handballverband,10,Bezirksklasse / Kreisklasse / Regionsklasse,Kreisklasse Frauen (251),13447,9,4,0,0,4,73,116,-43,0,0.0,,handball.net
1171,SC Greven 09 II,Handballkreis Münsterland,Handballkreis Münsterland,10,Bezirksklasse / Kreisklasse / Regionsklasse,Kreisklasse 1 Münsterland Frauen,13230,9,1,0,0,1,24,35,-11,0,0.0,,handball.net
1172,HSG ECD Hagen Damen,KÜS Ruhrgebiet SÜD,KÜS Ruhrgebiet SÜD,10,Bezirksklasse / Kreisklasse / Regionsklasse,KK (DO+HA) - Frauen,12791,11,3,0,0,3,48,82,-34,0,0.0,,handball.net
1173,HSG Gettorf/Osdorf III,Handball-Erwachsene DER Kreishandballverbände IN Schleswig-Holstein,Handball-Erwachsene DER Kreishandballverbände IN Schleswig-Holstein,10,Bezirksklasse / Kreisklasse / Regionsklasse,Kreisklasse Frauen Mitte,12993,10,2,0,0,2,26,49,-23,0,0.0,,handball.net
1174,HSV Wegberg III,HK Krefeld-Grenzland,HK Krefeld-Grenzland,10,Bezirksklasse / Kreisklasse / Regionsklasse,BK Frauen,15423,8,2,0,0,2,38,63,-25,0,0.0,,handball.net
1175,TSV Bargteheide III,Handball-Erwachsene DER Kreishandballverbände IN Schleswig-Holstein,Handball-Erwachsene DER Kreishandballverbände IN Schleswig-Holstein,10,Bezirksklasse / Kreisklasse / Regionsklasse,Kreisklasse Frauen Süd,12994,9,2,0,0,2,29,54,-25,0,0.0,,handball.net
1176,SG Mittelangeln,Handball-Erwachsene DER Kreishandballverbände IN Schleswig-Holstein,Handball-Erwachsene DER Kreishandballverbände IN Schleswig-Holstein,10,Bezirksklasse / Kreisklasse / Regionsklasse,Kreisklasse Frauen Nord B,12992,9,2,0,0,2,24,49,-25,0,0.0,,handball.net
1177,TUS Gehlenbeck E.V.,Handballkreis Minden-Lübbecke,Handballkreis Minden-Lübbecke,10,Bezirksklasse / Kreisklasse / Regionsklasse,HBKML Frauen Kreisklasse,13022,10,3,0,0,3,49,88,-39,0,0.0,,handball.net
1178,HSG Bliesgau 2,Handballverband SAAR,Handballverband SAAR,10,Bezirksklasse / Kreisklasse / Regionsklasse,A-Liga Frauen Staffel Ost,13550,6,1,0,0,1,16,29,-13,0,0.0,,handball.net
1179,TSG Schüren 3,KÜS Ruhrgebiet SÜD,KÜS Ruhrgebiet SÜD,10,Bezirksklasse / Kreisklasse / Regionsklasse,KK (DO+HA) - Frauen,12791,12,3,0,0,3,34,87,-53,0,0.0,,handball.net
1180,TSV Travemünde III,Handball-Erwachsene DER Kreishandballverbände IN Schleswig-Holstein,Handball-Erwachsene DER Kreishandballverbände IN Schleswig-Holstein,10,Bezirksklasse / Kreisklasse / Regionsklasse,Kreisklasse Frauen Süd,12994,10,2,0,0,2,24,61,-37,0,0.0,,handball.net
1181,HSG Szoww IV,Handball-Erwachsene DER Kreishandballverbände IN Schleswig-Holstein,Handball-Erwachsene DER Kreishandballverbände IN Schleswig-Holstein,10,Bezirksklasse / Kreisklasse / Regionsklasse,Kreisklasse Frauen Nord B,12992,10,2,0,0,2,18,55,-37,0,0.0,,handball.net
1182,VfL Bochum 1848 Handball e.V. II,Handballkreis Industrie,Handballkreis Industrie,10,Bezirksklasse / Kreisklasse / Regionsklasse,HKI-W-Kreisklasse,14350,7,1,0,0,1,17,36,-19,0,0.0,,handball.net
1183,TuS Westfalia Vlotho-Uffeln e.V. II,Handballkreis Minden-Lübbecke,Handballkreis Minden-Lübbecke,10,Bezirksklasse / Kreisklasse / Regionsklasse,HBKML Frauen Kreisklasse,13022,8,1,0,0,1,20,40,-20,0,0.0,,handball.net
1184,HSG Porta Fr. 2,Handballkreis Minden-Lübbecke,Handballkreis Minden-Lübbecke,10,Bezirksklasse / Kreisklasse / Regionsklasse,HBKML Frauen Kreisklasse,13022,9,1,0,0,1,13,33,-20,0,0.0,,handball.net
1185,HSG Tva/Atsv Saarbrücken 4,Handballverband SAAR,Handballverband SAAR,10,Bezirksklasse / Kreisklasse / Regionsklasse,A-Liga Frauen Staffel West,13033,5,1,0,0,1,12,32,-20,0,0.0,,handball.net
1186,Rheydter TV 1847 III,HK Krefeld-Grenzland,HK Krefeld-Grenzland,11,2. Bezirksklasse / 2. Kreisklasse / 2. Regionsklasse,2. BK Frauen,15932,1,1,1,0,0,40,8,32,2,2.0,,handball.net
1187,Tschft. Grefrath III,HK Krefeld-Grenzland,HK Krefeld-Grenzland,11,2. Bezirksklasse / 2. Kreisklasse / 2. Regionsklasse,2. BK Frauen,15932,2,1,1,0,0,35,17,18,2,2.0,,handball.net
1188,DJK Eintracht Coesfeld II,Handballkreis Münsterland,Handballkreis Münsterland,11,2. Bezirksklasse / 2. Kreisklasse / 2. Regionsklasse,Kreisklasse 2 Münsterland Frauen Staffel 1,13234,1,3,3,0,0,95,49,46,6,2.0,,handball.net
1189,TUS Recke II,Handballkreis Münsterland,Handballkreis Münsterland,11,2. Bezirksklasse / 2. Kreisklasse / 2. Regionsklasse,Kreisklasse 2 Münsterland Frauen Staffel 2,13235,2,1,1,0,0,27,14,13,2,2.0,,handball.net
1190,SC Hörstel 2,Handballkreis Münsterland,Handballkreis Münsterland,11,2. Bezirksklasse / 2. Kreisklasse / 2. Regionsklasse,Kreisklasse 2 Münsterland Frauen Staffel 2,13235,1,2,2,0,0,61,44,17,4,2.0,,handball.net
1191,DHG Ammeloe/Ellewick II,Handballkreis Münsterland,Handballkreis Münsterland,11,2. Bezirksklasse / 2. Kreisklasse / 2. Regionsklasse,Kreisklasse 2 Münsterland Frauen Staffel 1,13234,3,2,2,0,0,53,43,10,4,2.0,,handball.net
1192,Sparta Münster IV,Handballkreis Münsterland,Handballkreis Münsterland,11,2. Bezirksklasse / 2. Kreisklasse / 2. Regionsklasse,Kreisklasse 2 Münsterland Frauen Staffel 2,13235,3,1,1,0,0,26,23,3,2,2.0,,handball.net
1193,FC Vorwärts Wettringen IV,Handballkreis Münsterland,Handballkreis Münsterland,11,2. Bezirksklasse / 2. Kreisklasse / 2. Regionsklasse,Kreisklasse 2 Münsterland Frauen Staffel 1,13234,4,2,1,1,0,40,39,1,3,1.5,,handball.net
1194,SUS Stadtlohn II,Handballkreis Münsterland,Handballkreis Münsterland,11,2. Bezirksklasse / 2. Kreisklasse / 2. Regionsklasse,Kreisklasse 2 Münsterland Frauen Staffel 1,13234,2,3,2,0,1,75,54,21,4,1.33,,handball.net
1195,SC Hörstel 3,Handballkreis Münsterland,Handballkreis Münsterland,11,2. Bezirksklasse / 2. Kreisklasse / 2. Regionsklasse,Kreisklasse 2 Münsterland Frauen Staffel 2,13235,4,2,1,0,1,42,41,1,2,1.0,,handball.net
1196,VFL Eintracht Mettingen II,Handballkreis Münsterland,Handballkreis Münsterland,11,2. Bezirksklasse / 2. Kreisklasse / 2. Regionsklasse,Kreisklasse 2 Münsterland Frauen Staffel 2,13235,5,2,1,0,1,36,38,-2,2,1.0,,handball.net
1197,SUS Neuenkirchen 09 IV,Handballkreis Münsterland,Handballkreis Münsterland,11,2. Bezirksklasse / 2. Kreisklasse / 2. Regionsklasse,Kreisklasse 2 Münsterland Frauen Staffel 1,13234,5,2,1,0,1,33,35,-2,2,1.0,,handball.net
1198,SG Handball Steinfurt III,Handballkreis Münsterland,Handballkreis Münsterland,11,2. Bezirksklasse / 2. Kreisklasse / 2. Regionsklasse,Kreisklasse 2 Münsterland Frauen Staffel 2,13235,6,2,1,0,1,53,58,-5,2,1.0,,handball.net
1199,S.V. Borussia Darup II,Handballkreis Münsterland,Handballkreis Münsterland,11,2. Bezirksklasse / 2. Kreisklasse / 2. Regionsklasse,Kreisklasse 2 Münsterland Frauen Staffel 1,13234,6,2,0,1,1,33,43,-10,1,0.5,,handball.net
1200,HÜLSER SV ZURÜCKGEZOGEN am 27.07.2026,HK Krefeld-Grenzland,HK Krefeld-Grenzland,11,2. Bezirksklasse / 2. Kreisklasse / 2. Regionsklasse,2. BK Frauen,15932,3,0,0,0,0,0,0,0,0,0.0,,handball.net
1201,Olympia Fischeln II,HK Krefeld-Grenzland,HK Krefeld-Grenzland,11,2. Bezirksklasse / 2. Kreisklasse / 2. Regionsklasse,2. BK Frauen,15932,4,0,0,0,0,0,0,0,0,0.0,,handball.net
1202,SC Greven 09 III,Handballkreis Münsterland,Handballkreis Münsterland,11,2. Bezirksklasse / 2. Kreisklasse / 2. Regionsklasse,Kreisklasse 2 Münsterland Frauen Staffel 2,13235,7,0,0,0,0,0,0,0,0,0.0,,handball.net
1203,SV Adler Münster,Handballkreis Münsterland,Handballkreis Münsterland,11,2. Bezirksklasse / 2. Kreisklasse / 2. Regionsklasse,Kreisklasse 2 Münsterland Frauen Staffel 2,13235,8,0,0,0,0,0,0,0,0,0.0,,handball.net
1204,TV BECKRATH III ZURÜCKGEZOGEN am 14.09.2026,HK Krefeld-Grenzland,HK Krefeld-Grenzland,11,2. Bezirksklasse / 2. Kreisklasse / 2. Regionsklasse,2. BK Frauen,15932,5,0,0,0,0,0,0,0,0,0.0,,handball.net
1205,SV Vorwärts Gronau 09,Handballkreis Münsterland,Handballkreis Münsterland,11,2. Bezirksklasse / 2. Kreisklasse / 2. Regionsklasse,Kreisklasse 2 Münsterland Frauen Staffel 1,13234,7,1,0,0,1,17,18,-1,0,0.0,,handball.net
1206,HSG Preussen/Bor. Münster II,Handballkreis Münsterland,Handballkreis Münsterland,11,2. Bezirksklasse / 2. Kreisklasse / 2. Regionsklasse,Kreisklasse 2 Münsterland Frauen Staffel 2,13235,9,2,0,0,2,45,57,-12,0,0.0,,handball.net
1207,VFL Sassenberg II,Handballkreis Münsterland,Handballkreis Münsterland,11,2. Bezirksklasse / 2. Kreisklasse / 2. Regionsklasse,Kreisklasse 2 Münsterland Frauen Staffel 2,13235,10,2,0,0,2,33,48,-15,0,0.0,,handball.net
1208,FC Vorwärts Wettringen V,Handballkreis Münsterland,Handballkreis Münsterland,11,2. Bezirksklasse / 2. Kreisklasse / 2. Regionsklasse,Kreisklasse 2 Münsterland Frauen Staffel 1,13234,8,1,0,0,1,14,24,-10,0,0.0,,handball.net
1209,DHG Ammeloe/Ellewick III,Handballkreis Münsterland,Handballkreis Münsterland,11,2. Bezirksklasse / 2. Kreisklasse / 2. Regionsklasse,Kreisklasse 2 Münsterland Frauen Staffel 1,13234,11,2,0,0,2,40,61,-21,0,0.0,,handball.net
1210,SC Arminia Ochtrup,Handballkreis Münsterland,Handballkreis Münsterland,11,2. Bezirksklasse / 2. Kreisklasse / 2. Regionsklasse,Kreisklasse 2 Münsterland Frauen Staffel 1,13234,9,1,0,0,1,19,34,-15,0,0.0,,handball.net
1211,ASV Rurtal Hückelhoven II,HK Krefeld-Grenzland,HK Krefeld-Grenzland,11,2. Bezirksklasse / 2. Kreisklasse / 2. Regionsklasse,2. BK Frauen,15932,6,1,0,0,1,17,35,-18,0,0.0,,handball.net
1212,SUS Legden,Handballkreis Münsterland,Handballkreis Münsterland,11,2. Bezirksklasse / 2. Kreisklasse / 2. Regionsklasse,Kreisklasse 2 Münsterland Frauen Staffel 1,13234,10,1,0,0,1,11,30,-19,0,0.0,,handball.net
1213,Adler Königshof 4F,HK Krefeld-Grenzland,HK Krefeld-Grenzland,11,2. Bezirksklasse / 2. Kreisklasse / 2. Regionsklasse,2. BK Frauen,15932,7,1,0,0,1,8,40,-32,0,0.0,,handball.net
